#
#model:
#
#<?xml version="1.0" encoding="UTF-8" standalone="no"?><input id="posterior" spec="beast.base.inference.CompoundDistribution">
#    <distribution id="prior" spec="beast.base.inference.CompoundDistribution">
#        <distribution id="birthDeath" originIsRootEdge="true" spec="bdsky.evolution.speciation.BirthDeathSkylineModel">
#            <parameter dimension="5" id="intervalTimes" name="intervalTimes" spec="beast.base.inference.parameter.RealParameter">0.0 0.01 0.02 0.03 0.04</parameter>
#            <parameter id="origin" lower="0.05" name="origin" spec="beast.base.inference.parameter.RealParameter">0.5</parameter>
#            <parameter dimension="5" id="birthRate" lower="0.0" name="birthRate" spec="beast.base.inference.parameter.RealParameter">1.0 1.2 0.9 1.4 1.1</parameter>
#            <deathRate expression="birthRate deathRate *" id="death" spec="beast.base.inference.util.RPNcalculator">
#                <parameter idref="birthRate"/>
#                <parameter dimension="5" id="deathRate" lower="0.0" spec="beast.base.inference.parameter.RealParameter">0.5 0.45 0.55 0.4 0.6</parameter>
#            </deathRate>
#            <parameter dimension="5" id="samplingRate" lower="0.0" name="samplingRate" spec="beast.base.inference.parameter.RealParameter">0.25 0.25 0.25 0.25 0.25</parameter>
#            <tree IsLabelledNewick="true" adjustTipHeights="false" id="tree" newick="(((AF271852i_2685:0.13485022388767737,((AF271861i_3452:0.044938442268639876,(AF271885i_3289:0.009877310064721364,AF271838i_1803:0.009877310064721364):0.035061132203918516):0.04776379381323232,(((AF271874i_1359:0.0019230507078066622,AF271872i_4053:0.0019230507078066622):0.018078054544105073,((AF271873i_4055:0.010326640464516356,AF271835i_1767:0.010326640464516356):6.691823246665844E-4,(AF271884i_2659:7.271618491540825E-4,AF271854i_2856:7.271618491540825E-4):0.010268660940028857):0.009005282462728796):0.020364894203838493,((AF271882i_2153:0.003395986997383218,AF271866i_3465:0.003395986997383218):0.00658253443199398,AF271850i_2673:0.009978521429377198):0.03038747802637303):0.05233623662612197):0.04214798780580517):0.6375851514450108,((((((AF271836i_1796:0.05169983777759623,AF271843i_2147:0.05169983777759623):0.010272424497478873,((AF271887i_3405:0.04428061140044273,AF271839i_1997:0.04428061140044273):0.0046896880119626505,(AF271864i_3461:0.030147846840854635,(AF271831i_1164:0.02398309208276277,(AF271858i_3318:1.1512805904653285E-4,AF271862i_3458:1.1512805904653285E-4):0.023867964023716236):0.006164754758091865):0.018822452571550748):0.01300196286266972):0.12554138328517472,(((AF271880i_2115:0.019908338762199898,(AF271869i_4020:0.01573751002502666,AF271833i_1240:0.01573751002502666):0.004170828737173237):0.14266649854497382,(AF271829i_0923:0.0024642750872121456,AF271844i_2150:0.0024642750872121456):0.16011056221996156):0.016719352192174075,((AF271865i_3463:0.029262576178137382,AF271868i_3471:0.029262576178137382):0.07723382671065279,((AF271877i_1999:0.02514285819343654,AF271840i_2130:0.02514285819343654):0.014025532540322197,(AF271826i_0873:0.008795393863556829,(AF271846i_2429:0.00394942233304547,(AF271842i_2141:0.002140370181304716,AF271860i_3400:0.002140370181304716):0.0018090521517407539):0.004845971530511359):0.03037299687020191):0.06732801215503142):0.07279778661055761):0.008219456060902047):0.28533717561845773,(AF271878i_2000:0.3170022267994642,((((AF271875i_1380:0.0039599228619936295,AF271849i_2663:0.0039599228619936295):0.0021383652632776173,AF271876i_1797:0.006098288125271247):0.11194589205128644,((AF271886i_3319:0.03465192004670318,AF271855i_2862:0.03465192004670318):0.010552573079621111,(AF271834i_1339:0.010986413514016384,AF271828i_0922:0.010986413514016384):0.034218079612307904):0.07283968705023339):0.06864812465966152,((AF271837i_1801:0.04712983622462497,AF271857i_2957:0.04712983622462497):0.007189059218821459,AF271859i_3393:0.05431889544344643):0.13237340939277278):0.130309921963245):0.15584859437924337):0.022208720320151254,((AF271867i_3468:0.07566245220714256,(AF271827i_0883:0.025458135177596992,AF271847i_2438:0.025458135177596992):0.050204317029545566):0.29888329225148275,((AF271845i_2386:0.015002295400564077,AF271825i_0800:0.015002295400564077):0.34641892239624983,AF271848i_2446:0.3614212177968139):0.013124526661811409):0.12051379704023352):0.06682508054287822,(((((AF271863i_3460:0.019900613777813016,AF271871i_4036:0.019900613777813016):0.024365219137367815,(AF271856i_2926:6.312249097633727E-4,AF271841i_2134:6.312249097633727E-4):0.043634608005417456):0.003277450733616294,(AF271870i_4033:0.023509431187541514,AF271851i_2681:0.023509431187541514):0.02403385246125561):0.11390559951975099,((AF271881i_2116:0.023528010586812566,AF271830i_1150:0.023528010586812566):0.13306123321732607,AF271853i_2852:0.15658924380413863):0.004859639364409474):0.25181956742347134,AF271832i_1226:0.41326845059201944):0.14861617144971762):0.2105507532909512):0.8836734942709736,(AF271883i_2432:0.0793735467473457,AF271879i_2113:0.0793735467473457):1.5767353228563161);" spec="beast.base.evolution.tree.TreeParser">
#                <taxonset id="TaxonSet" spec="beast.base.evolution.alignment.TaxonSet">
#                    <taxon id="AF271852i_2685" spec="beast.base.evolution.alignment.Taxon"/>
#                    <taxon id="AF271861i_3452" spec="beast.base.evolution.alignment.Taxon"/>
#                    <taxon id="AF271885i_3289" spec="beast.base.evolution.alignment.Taxon"/>
#                    <taxon id="AF271838i_1803" spec="beast.base.evolution.alignment.Taxon"/>
#                    <taxon id="AF271874i_1359" spec="beast.base.evolution.alignment.Taxon"/>
#                    <taxon id="AF271872i_4053" spec="beast.base.evolution.alignment.Taxon"/>
#                    <taxon id="AF271873i_4055" spec="beast.base.evolution.alignment.Taxon"/>
#                    <taxon id="AF271835i_1767" spec="beast.base.evolution.alignment.Taxon"/>
#                    <taxon id="AF271884i_2659" spec="beast.base.evolution.alignment.Taxon"/>
#                    <taxon id="AF271854i_2856" spec="beast.base.evolution.alignment.Taxon"/>
#                    <taxon id="AF271882i_2153" spec="beast.base.evolution.alignment.Taxon"/>
#                    <taxon id="AF271866i_3465" spec="beast.base.evolution.alignment.Taxon"/>
#                    <taxon id="AF271850i_2673" spec="beast.base.evolution.alignment.Taxon"/>
#                    <taxon id="AF271836i_1796" spec="beast.base.evolution.alignment.Taxon"/>
#                    <taxon id="AF271843i_2147" spec="beast.base.evolution.alignment.Taxon"/>
#                    <taxon id="AF271887i_3405" spec="beast.base.evolution.alignment.Taxon"/>
#                    <taxon id="AF271839i_1997" spec="beast.base.evolution.alignment.Taxon"/>
#                    <taxon id="AF271864i_3461" spec="beast.base.evolution.alignment.Taxon"/>
#                    <taxon id="AF271831i_1164" spec="beast.base.evolution.alignment.Taxon"/>
#                    <taxon id="AF271858i_3318" spec="beast.base.evolution.alignment.Taxon"/>
#                    <taxon id="AF271862i_3458" spec="beast.base.evolution.alignment.Taxon"/>
#                    <taxon id="AF271880i_2115" spec="beast.base.evolution.alignment.Taxon"/>
#                    <taxon id="AF271869i_4020" spec="beast.base.evolution.alignment.Taxon"/>
#                    <taxon id="AF271833i_1240" spec="beast.base.evolution.alignment.Taxon"/>
#                    <taxon id="AF271829i_0923" spec="beast.base.evolution.alignment.Taxon"/>
#                    <taxon id="AF271844i_2150" spec="beast.base.evolution.alignment.Taxon"/>
#                    <taxon id="AF271865i_3463" spec="beast.base.evolution.alignment.Taxon"/>
#                    <taxon id="AF271868i_3471" spec="beast.base.evolution.alignment.Taxon"/>
#                    <taxon id="AF271877i_1999" spec="beast.base.evolution.alignment.Taxon"/>
#                    <taxon id="AF271840i_2130" spec="beast.base.evolution.alignment.Taxon"/>
#                    <taxon id="AF271826i_0873" spec="beast.base.evolution.alignment.Taxon"/>
#                    <taxon id="AF271846i_2429" spec="beast.base.evolution.alignment.Taxon"/>
#                    <taxon id="AF271842i_2141" spec="beast.base.evolution.alignment.Taxon"/>
#                    <taxon id="AF271860i_3400" spec="beast.base.evolution.alignment.Taxon"/>
#                    <taxon id="AF271878i_2000" spec="beast.base.evolution.alignment.Taxon"/>
#                    <taxon id="AF271875i_1380" spec="beast.base.evolution.alignment.Taxon"/>
#                    <taxon id="AF271849i_2663" spec="beast.base.evolution.alignment.Taxon"/>
#                    <taxon id="AF271876i_1797" spec="beast.base.evolution.alignment.Taxon"/>
#                    <taxon id="AF271886i_3319" spec="beast.base.evolution.alignment.Taxon"/>
#                    <taxon id="AF271855i_2862" spec="beast.base.evolution.alignment.Taxon"/>
#                    <taxon id="AF271834i_1339" spec="beast.base.evolution.alignment.Taxon"/>
#                    <taxon id="AF271828i_0922" spec="beast.base.evolution.alignment.Taxon"/>
#                    <taxon id="AF271837i_1801" spec="beast.base.evolution.alignment.Taxon"/>
#                    <taxon id="AF271857i_2957" spec="beast.base.evolution.alignment.Taxon"/>
#                    <taxon id="AF271859i_3393" spec="beast.base.evolution.alignment.Taxon"/>
#                    <taxon id="AF271867i_3468" spec="beast.base.evolution.alignment.Taxon"/>
#                    <taxon id="AF271827i_0883" spec="beast.base.evolution.alignment.Taxon"/>
#                    <taxon id="AF271847i_2438" spec="beast.base.evolution.alignment.Taxon"/>
#                    <taxon id="AF271845i_2386" spec="beast.base.evolution.alignment.Taxon"/>
#                    <taxon id="AF271825i_0800" spec="beast.base.evolution.alignment.Taxon"/>
#                    <taxon id="AF271848i_2446" spec="beast.base.evolution.alignment.Taxon"/>
#                    <taxon id="AF271863i_3460" spec="beast.base.evolution.alignment.Taxon"/>
#                    <taxon id="AF271871i_4036" spec="beast.base.evolution.alignment.Taxon"/>
#                    <taxon id="AF271856i_2926" spec="beast.base.evolution.alignment.Taxon"/>
#                    <taxon id="AF271841i_2134" spec="beast.base.evolution.alignment.Taxon"/>
#                    <taxon id="AF271870i_4033" spec="beast.base.evolution.alignment.Taxon"/>
#                    <taxon id="AF271851i_2681" spec="beast.base.evolution.alignment.Taxon"/>
#                    <taxon id="AF271881i_2116" spec="beast.base.evolution.alignment.Taxon"/>
#                    <taxon id="AF271830i_1150" spec="beast.base.evolution.alignment.Taxon"/>
#                    <taxon id="AF271853i_2852" spec="beast.base.evolution.alignment.Taxon"/>
#                    <taxon id="AF271832i_1226" spec="beast.base.evolution.alignment.Taxon"/>
#                    <taxon id="AF271883i_2432" spec="beast.base.evolution.alignment.Taxon"/>
#                    <taxon id="AF271879i_2113" spec="beast.base.evolution.alignment.Taxon"/>
#                </taxonset>
#            </tree>
#        </distribution>
#    </distribution>
#    <distribution id="likelihood" spec="beast.base.evolution.likelihood.TreeLikelihood" tree="@tree">
#        <siteModel id="siteModel" spec="beast.base.evolution.sitemodel.SiteModel">
#            <substModel id="jc" spec="beast.base.evolution.substitutionmodel.JukesCantor"/>
#        </siteModel>
#        <branchRateModel id="strictClock" spec="beast.base.evolution.branchratemodel.StrictClockModel">
#            <parameter id="clockRate" name="clock.rate" spec="beast.base.inference.parameter.RealParameter">1.0</parameter>
#        </branchRateModel>
#    </distribution>
#</input>
#
Sample	birthDeath	likelihood	birthRate0	birthRate1	birthRate2	birthRate3	birthRate4	deathRate0	deathRate1	deathRate2	deathRate3	deathRate4	origin
0	-81.24624450880262	-14854.706507453719	1.0	1.2	0.9	1.4	1.1	0.5	0.45	0.55	0.4	0.6	0.5
1	-81.24624450880262	-14854.706507453719	1.0	1.2	0.9	1.4	1.1	0.5	0.45	0.55	0.4	0.6	0.5
2	-81.24624450880262	-14854.529779078559	1.0	1.2	0.9	1.4	1.1	0.5	0.45	0.55	0.4	0.6	0.5
3	-81.2363040003939	-14736.846861213713	1.0	1.2	0.9	1.4	1.1	0.5	0.45	0.55	0.4	0.6	0.5
4	-81.01299911460033	-14696.895054994757	1.0	1.2	0.9	1.4	1.1	0.5	0.45	0.55	0.4	0.6	0.5
5	-81.01299911460033	-14696.895054994757	1.0	1.2	0.9	1.4	1.1	0.5	0.45	0.55	0.4	0.6	0.5
6	-80.99730220452268	-14672.67008280727	1.0	1.2	0.9	1.4	1.1	0.5	0.45	0.55	0.4	0.6	0.5
7	-80.97904505464476	-14525.017521009131	1.0	1.2	0.9	1.4	1.1	0.5	0.45	0.55	0.4	0.6	0.5
8	-80.97904505464476	-14525.017521009131	1.0	1.2	0.9	1.4	1.1	0.5	0.45	0.55	0.4	0.6	0.5
9	-80.97904505464476	-14525.425371429255	1.0	1.2	0.9	1.4	1.1	0.5	0.45	0.55	0.4	0.6	0.5
10	-80.97655041323333	-14525.666908567693	1.0	1.2	0.9	1.4	1.1	0.5	0.45	0.55	0.4	0.6	0.5
11	-80.97655041323333	-14524.4765841377	1.0	1.2	0.9	1.4	1.1	0.5	0.45	0.55	0.4	0.6	0.5
12	-80.97655041323333	-14524.439837252967	1.0	1.2	0.9	1.4	1.1	0.5	0.45	0.55	0.4	0.6	0.5
13	-80.97655041323333	-14524.439837252967	1.0	1.2	0.9	1.4	1.1	0.5	0.45	0.55	0.4	0.6	0.5
14	-80.97655041323333	-14516.131729689252	1.0	1.2	0.9	1.4	1.1	0.5	0.45	0.55	0.4	0.6	0.5
15	-80.97648078339358	-14503.031254941978	1.0	1.2	0.9	1.4	1.1	0.5	0.45	0.55	0.4	0.6	0.5
16	-80.97648078339358	-14503.031254941978	1.0	1.2	0.9	1.4	1.1	0.5	0.45	0.55	0.4	0.6	0.5
17	-80.98151500616096	-14470.903114154791	1.0	1.2	0.9	1.4	1.1	0.5	0.45	0.55	0.4	0.6	0.5
18	-81.01103121645819	-14408.100073015175	1.0	1.2	0.9	1.4	1.1	0.5	0.45	0.55	0.4	0.6	0.5
19	-81.02297165191456	-14380.752471140288	1.0	1.2	0.9	1.4	1.1	0.5	0.45	0.55	0.4	0.6	0.5
20	-81.02640725029357	-14369.600992634225	1.0	1.2	0.9	1.4	1.1	0.5	0.45	0.55	0.4	0.6	0.5
21	-81.02640725029357	-14369.600992634225	1.0	1.2	0.9	1.4	1.1	0.5	0.45	0.55	0.4	0.6	0.5
22	-81.02640725029357	-14281.550746026274	1.0	1.2	0.9	1.4	1.1	0.5	0.45	0.55	0.4	0.6	0.5
23	-81.02640725029357	-14281.550746026274	1.0	1.2	0.9	1.4	1.1	0.5	0.45	0.55	0.4	0.6	0.5
24	-81.02640725029357	-14281.550746026274	1.0	1.2	0.9	1.4	1.1	0.5	0.45	0.55	0.4	0.6	0.5
25	-81.02640725029357	-14281.502596181712	1.0	1.2	0.9	1.4	1.1	0.5	0.45	0.55	0.4	0.6	0.5
26	-81.02640725029357	-14281.502596181712	1.0	1.2	0.9	1.4	1.1	0.5	0.45	0.55	0.4	0.6	0.5
27	-81.02640725029357	-14281.502596181712	1.0	1.2	0.9	1.4	1.1	0.5	0.45	0.55	0.4	0.6	0.5
28	-81.02640725029357	-14281.502596181712	1.0	1.2	0.9	1.4	1.1	0.5	0.45	0.55	0.4	0.6	0.5
29	-81.02640725029357	-14281.502596181712	1.0	1.2	0.9	1.4	1.1	0.5	0.45	0.55	0.4	0.6	0.5
30	-81.02640725029357	-14281.502596181712	1.0	1.2	0.9	1.4	1.1	0.5	0.45	0.55	0.4	0.6	0.5
31	-81.02640725029357	-14281.502596181712	1.0	1.2	0.9	1.4	1.1	0.5	0.45	0.55	0.4	0.6	0.5
32	-71.48726902930066	-14281.502596181712	1.07104481697023	1.0388690631783206	1.0317128644300615	1.6916073978387685	1.2777512157883508	0.5	0.45	0.55	0.4	0.6	0.5
33	-71.48726902930066	-14281.113560845879	1.07104481697023	1.0388690631783206	1.0317128644300615	1.6916073978387685	1.2777512157883508	0.5	0.45	0.55	0.4	0.6	0.5
34	-71.48726902930066	-14281.113560845879	1.07104481697023	1.0388690631783206	1.0317128644300615	1.6916073978387685	1.2777512157883508	0.5	0.45	0.55	0.4	0.6	0.5
35	-71.48726902930066	-14281.113560845879	1.07104481697023	1.0388690631783206	1.0317128644300615	1.6916073978387685	1.2777512157883508	0.5	0.45	0.55	0.4	0.6	0.5
36	-71.48726902930066	-14281.113560845879	1.07104481697023	1.0388690631783206	1.0317128644300615	1.6916073978387685	1.2777512157883508	0.5	0.45	0.55	0.4	0.6	0.5
37	-71.48850675991757	-14281.8872132421	1.07104481697023	1.0388690631783206	1.0317128644300615	1.6916073978387685	1.2777512157883508	0.5	0.45	0.55	0.4	0.6	0.5
38	-71.48850675991757	-14281.8872132421	1.07104481697023	1.0388690631783206	1.0317128644300615	1.6916073978387685	1.2777512157883508	0.5	0.45	0.55	0.4	0.6	0.5
39	-71.48850675991757	-14281.8872132421	1.07104481697023	1.0388690631783206	1.0317128644300615	1.6916073978387685	1.2777512157883508	0.5	0.45	0.55	0.4	0.6	0.5
40	-71.48850675991757	-14281.8872132421	1.07104481697023	1.0388690631783206	1.0317128644300615	1.6916073978387685	1.2777512157883508	0.5	0.45	0.55	0.4	0.6	0.5
41	-71.48850675991757	-14281.8872132421	1.07104481697023	1.0388690631783206	1.0317128644300615	1.6916073978387685	1.2777512157883508	0.5	0.45	0.55	0.4	0.6	0.5
42	-71.48850675991757	-14280.739030573013	1.07104481697023	1.0388690631783206	1.0317128644300615	1.6916073978387685	1.2777512157883508	0.5	0.45	0.55	0.4	0.6	0.5
43	-71.48850675991757	-14280.739030573013	1.07104481697023	1.0388690631783206	1.0317128644300615	1.6916073978387685	1.2777512157883508	0.5	0.45	0.55	0.4	0.6	0.5
44	-71.48850675991757	-14280.739030573013	1.07104481697023	1.0388690631783206	1.0317128644300615	1.6916073978387685	1.2777512157883508	0.5	0.45	0.55	0.4	0.6	0.5
45	-71.46007125607599	-14274.492264027915	1.07104481697023	1.0388690631783206	1.0317128644300615	1.6916073978387685	1.2777512157883508	0.5	0.45	0.55	0.4	0.6	0.5
46	-71.46007125607599	-13866.634373214678	1.07104481697023	1.0388690631783206	1.0317128644300615	1.6916073978387685	1.2777512157883508	0.5	0.45	0.55	0.4	0.6	0.5
47	-71.46007125607599	-13866.634373214678	1.07104481697023	1.0388690631783206	1.0317128644300615	1.6916073978387685	1.2777512157883508	0.5	0.45	0.55	0.4	0.6	0.5
48	-71.46776839053973	-13829.511535369385	1.07104481697023	1.0388690631783206	1.0317128644300615	1.6916073978387685	1.2777512157883508	0.5	0.45	0.55	0.4	0.6	0.5
49	-71.46776839053973	-13829.511535369385	1.07104481697023	1.0388690631783206	1.0317128644300615	1.6916073978387685	1.2777512157883508	0.5	0.45	0.55	0.4	0.6	0.5
50	-71.46698421519905	-13821.198096233578	1.07104481697023	1.0388690631783206	1.0317128644300615	1.6916073978387685	1.2777512157883508	0.5	0.45	0.55	0.4	0.6	0.5
51	-71.46698421519905	-13821.198096233578	1.07104481697023	1.0388690631783206	1.0317128644300615	1.6916073978387685	1.2777512157883508	0.5	0.45	0.55	0.4	0.6	0.5
52	-71.46698421519905	-13821.198096233578	1.07104481697023	1.0388690631783206	1.0317128644300615	1.6916073978387685	1.2777512157883508	0.5	0.45	0.55	0.4	0.6	0.5
53	-71.47106744384328	-13809.592067038277	1.07104481697023	1.0388690631783206	1.0317128644300615	1.6916073978387685	1.2777512157883508	0.5	0.45	0.55	0.4	0.6	0.5
54	-71.47106744384328	-13809.592067038277	1.07104481697023	1.0388690631783206	1.0317128644300615	1.6916073978387685	1.2777512157883508	0.5	0.45	0.55	0.4	0.6	0.5
55	-71.47106744384328	-13809.592067038277	1.07104481697023	1.0388690631783206	1.0317128644300615	1.6916073978387685	1.2777512157883508	0.5	0.45	0.55	0.4	0.6	0.5
56	-71.49502281105393	-13809.592067038277	1.07104481697023	1.0388690631783206	1.0317128644300615	1.6916073978387685	1.2777512157883508	0.5	0.45	0.55	0.4	0.6	0.5211965599218624
57	-71.49502281105393	-13809.380158999444	1.07104481697023	1.0388690631783206	1.0317128644300615	1.6916073978387685	1.2777512157883508	0.5	0.45	0.55	0.4	0.6	0.5211965599218624
58	-71.61349747831716	-13809.380158999444	1.07104481697023	1.0388690631783206	1.0317128644300615	1.6916073978387685	1.2777512157883508	0.4361416270219999	0.386754086436784	0.6425504916748258	0.42130365668748093	0.6128687937883045	0.5211965599218624
59	-71.61349747831716	-13804.178157008197	1.07104481697023	1.0388690631783206	1.0317128644300615	1.6916073978387685	1.2777512157883508	0.4361416270219999	0.386754086436784	0.6425504916748258	0.42130365668748093	0.6128687937883045	0.5211965599218624
60	-71.61349747831716	-13804.178157008197	1.07104481697023	1.0388690631783206	1.0317128644300615	1.6916073978387685	1.2777512157883508	0.4361416270219999	0.386754086436784	0.6425504916748258	0.42130365668748093	0.6128687937883045	0.5211965599218624
61	-71.62672476203886	-13768.084500517609	1.07104481697023	1.0388690631783206	1.0317128644300615	1.6916073978387685	1.2777512157883508	0.4361416270219999	0.386754086436784	0.6425504916748258	0.42130365668748093	0.6128687937883045	0.5211965599218624
62	-71.24941349247963	-13745.690489960629	1.07104481697023	1.0388690631783206	1.0317128644300615	1.6916073978387685	1.2777512157883508	0.4361416270219999	0.386754086436784	0.6425504916748258	0.42130365668748093	0.6128687937883045	0.5211965599218624
63	-71.24941349247963	-13745.690489960629	1.07104481697023	1.0388690631783206	1.0317128644300615	1.6916073978387685	1.2777512157883508	0.4361416270219999	0.386754086436784	0.6425504916748258	0.42130365668748093	0.6128687937883045	0.5211965599218624
64	-71.24941349247963	-13745.690489960629	1.07104481697023	1.0388690631783206	1.0317128644300615	1.6916073978387685	1.2777512157883508	0.4361416270219999	0.386754086436784	0.6425504916748258	0.42130365668748093	0.6128687937883045	0.5211965599218624
65	-71.25569930457286	-13743.129404613359	1.07104481697023	1.0388690631783206	1.0317128644300615	1.6916073978387685	1.2777512157883508	0.4361416270219999	0.386754086436784	0.6425504916748258	0.42130365668748093	0.6128687937883045	0.5211965599218624
66	-71.25569930457286	-13743.129404613359	1.07104481697023	1.0388690631783206	1.0317128644300615	1.6916073978387685	1.2777512157883508	0.4361416270219999	0.386754086436784	0.6425504916748258	0.42130365668748093	0.6128687937883045	0.5211965599218624
67	-71.25569930457286	-13743.129404613359	1.07104481697023	1.0388690631783206	1.0317128644300615	1.6916073978387685	1.2777512157883508	0.4361416270219999	0.386754086436784	0.6425504916748258	0.42130365668748093	0.6128687937883045	0.5211965599218624
68	-71.25569930457286	-13743.129404613359	1.07104481697023	1.0388690631783206	1.0317128644300615	1.6916073978387685	1.2777512157883508	0.4361416270219999	0.386754086436784	0.6425504916748258	0.42130365668748093	0.6128687937883045	0.5211965599218624
69	-71.23974640274231	-13741.903902521648	1.07104481697023	1.0388690631783206	1.0317128644300615	1.6916073978387685	1.2777512157883508	0.4361416270219999	0.386754086436784	0.6425504916748258	0.42130365668748093	0.6128687937883045	0.5211965599218624
70	-71.23470026472063	-13713.914408991068	1.07104481697023	1.0388690631783206	1.0317128644300615	1.6916073978387685	1.2777512157883508	0.4361416270219999	0.386754086436784	0.6425504916748258	0.42130365668748093	0.6128687937883045	0.5211965599218624
71	-71.23470026472063	-13654.344184022952	1.07104481697023	1.0388690631783206	1.0317128644300615	1.6916073978387685	1.2777512157883508	0.4361416270219999	0.386754086436784	0.6425504916748258	0.42130365668748093	0.6128687937883045	0.5211965599218624
72	-71.23470026472063	-13652.889693489215	1.07104481697023	1.0388690631783206	1.0317128644300615	1.6916073978387685	1.2777512157883508	0.4361416270219999	0.386754086436784	0.6425504916748258	0.42130365668748093	0.6128687937883045	0.5211965599218624
73	-71.23470026472063	-13643.711570074282	1.07104481697023	1.0388690631783206	1.0317128644300615	1.6916073978387685	1.2777512157883508	0.4361416270219999	0.386754086436784	0.6425504916748258	0.42130365668748093	0.6128687937883045	0.5211965599218624
74	-71.23470026472063	-13643.711570074282	1.07104481697023	1.0388690631783206	1.0317128644300615	1.6916073978387685	1.2777512157883508	0.4361416270219999	0.386754086436784	0.6425504916748258	0.42130365668748093	0.6128687937883045	0.5211965599218624
75	-71.23470026472063	-13632.853971402667	1.07104481697023	1.0388690631783206	1.0317128644300615	1.6916073978387685	1.2777512157883508	0.4361416270219999	0.386754086436784	0.6425504916748258	0.42130365668748093	0.6128687937883045	0.5211965599218624
76	-71.23470026472063	-13632.853971402667	1.07104481697023	1.0388690631783206	1.0317128644300615	1.6916073978387685	1.2777512157883508	0.4361416270219999	0.386754086436784	0.6425504916748258	0.42130365668748093	0.6128687937883045	0.5211965599218624
77	-71.23470026472063	-13632.853971402667	1.07104481697023	1.0388690631783206	1.0317128644300615	1.6916073978387685	1.2777512157883508	0.4361416270219999	0.386754086436784	0.6425504916748258	0.42130365668748093	0.6128687937883045	0.5211965599218624
78	-71.23470026472063	-13632.853971402667	1.07104481697023	1.0388690631783206	1.0317128644300615	1.6916073978387685	1.2777512157883508	0.4361416270219999	0.386754086436784	0.6425504916748258	0.42130365668748093	0.6128687937883045	0.5211965599218624
79	-71.23470026472063	-13632.853971402667	1.07104481697023	1.0388690631783206	1.0317128644300615	1.6916073978387685	1.2777512157883508	0.4361416270219999	0.386754086436784	0.6425504916748258	0.42130365668748093	0.6128687937883045	0.5211965599218624
80	-71.21417777838903	-13631.27927044721	1.07104481697023	1.0388690631783206	1.0317128644300615	1.6916073978387685	1.2777512157883508	0.4361416270219999	0.386754086436784	0.6425504916748258	0.42130365668748093	0.6128687937883045	0.5211965599218624
81	-71.2052995970511	-13625.451731781408	1.07104481697023	1.0388690631783206	1.0317128644300615	1.6916073978387685	1.2777512157883508	0.4361416270219999	0.386754086436784	0.6425504916748258	0.42130365668748093	0.6128687937883045	0.5211965599218624
82	-71.19574475686419	-13605.683481714981	1.07104481697023	1.0388690631783206	1.0317128644300615	1.6916073978387685	1.2777512157883508	0.4361416270219999	0.386754086436784	0.6425504916748258	0.42130365668748093	0.6128687937883045	0.5211965599218624
83	-53.00720319562826	-13605.683481714981	0.8764024844247923	1.1600829777199553	1.1775080798838018	2.1921814618679796	1.6980979305888055	0.4361416270219999	0.386754086436784	0.6425504916748258	0.42130365668748093	0.6128687937883045	0.5211965599218624
84	-52.97446518505401	-13604.797330227635	0.8764024844247923	1.1600829777199553	1.1775080798838018	2.1921814618679796	1.6980979305888055	0.4361416270219999	0.386754086436784	0.6425504916748258	0.42130365668748093	0.6128687937883045	0.5211965599218624
85	-52.358902177357706	-13604.797330227635	0.8764024844247923	1.1600829777199553	1.1775080798838018	2.1921814618679796	1.6980979305888055	0.3760596525451472	0.34994499055430395	0.5185715262450225	0.5384031095899605	0.5546447566330879	0.5211965599218624
86	-52.358902177357706	-13604.797330227635	0.8764024844247923	1.1600829777199553	1.1775080798838018	2.1921814618679796	1.6980979305888055	0.3760596525451472	0.34994499055430395	0.5185715262450225	0.5384031095899605	0.5546447566330879	0.5211965599218624
87	-52.35988910783563	-13605.315685580656	0.8764024844247923	1.1600829777199553	1.1775080798838018	2.1921814618679796	1.6980979305888055	0.3760596525451472	0.34994499055430395	0.5185715262450225	0.5384031095899605	0.5546447566330879	0.5211965599218624
88	-52.35111579784322	-13538.08730852467	0.8764024844247923	1.1600829777199553	1.1775080798838018	2.1921814618679796	1.6980979305888055	0.3760596525451472	0.34994499055430395	0.5185715262450225	0.5384031095899605	0.5546447566330879	0.5211965599218624
89	-52.35111579784322	-13532.288789464372	0.8764024844247923	1.1600829777199553	1.1775080798838018	2.1921814618679796	1.6980979305888055	0.3760596525451472	0.34994499055430395	0.5185715262450225	0.5384031095899605	0.5546447566330879	0.5211965599218624
90	-52.35111579784322	-13532.288789464372	0.8764024844247923	1.1600829777199553	1.1775080798838018	2.1921814618679796	1.6980979305888055	0.3760596525451472	0.34994499055430395	0.5185715262450225	0.5384031095899605	0.5546447566330879	0.5211965599218624
91	-52.35111579784322	-13532.288789464372	0.8764024844247923	1.1600829777199553	1.1775080798838018	2.1921814618679796	1.6980979305888055	0.3760596525451472	0.34994499055430395	0.5185715262450225	0.5384031095899605	0.5546447566330879	0.5211965599218624
92	-52.35111579784322	-13532.288789464372	0.8764024844247923	1.1600829777199553	1.1775080798838018	2.1921814618679796	1.6980979305888055	0.3760596525451472	0.34994499055430395	0.5185715262450225	0.5384031095899605	0.5546447566330879	0.5211965599218624
93	-52.35111579784322	-13532.476211005549	0.8764024844247923	1.1600829777199553	1.1775080798838018	2.1921814618679796	1.6980979305888055	0.3760596525451472	0.34994499055430395	0.5185715262450225	0.5384031095899605	0.5546447566330879	0.5211965599218624
94	-52.34927990653317	-13514.341767602127	0.8764024844247923	1.1600829777199553	1.1775080798838018	2.1921814618679796	1.6980979305888055	0.3760596525451472	0.34994499055430395	0.5185715262450225	0.5384031095899605	0.5546447566330879	0.5211965599218624
95	-52.34927990653317	-13514.341767602127	0.8764024844247923	1.1600829777199553	1.1775080798838018	2.1921814618679796	1.6980979305888055	0.3760596525451472	0.34994499055430395	0.5185715262450225	0.5384031095899605	0.5546447566330879	0.5211965599218624
96	-52.34927990653317	-13514.341767602127	0.8764024844247923	1.1600829777199553	1.1775080798838018	2.1921814618679796	1.6980979305888055	0.3760596525451472	0.34994499055430395	0.5185715262450225	0.5384031095899605	0.5546447566330879	0.5211965599218624
97	-52.34927990653317	-13514.341767602127	0.8764024844247923	1.1600829777199553	1.1775080798838018	2.1921814618679796	1.6980979305888055	0.3760596525451472	0.34994499055430395	0.5185715262450225	0.5384031095899605	0.5546447566330879	0.5211965599218624
98	-52.34927990653317	-13514.341767602127	0.8764024844247923	1.1600829777199553	1.1775080798838018	2.1921814618679796	1.6980979305888055	0.3760596525451472	0.34994499055430395	0.5185715262450225	0.5384031095899605	0.5546447566330879	0.5211965599218624
99	-52.12253025243462	-13494.574284797505	0.8764024844247923	1.1600829777199553	1.1775080798838018	2.1921814618679796	1.6980979305888055	0.3760596525451472	0.34994499055430395	0.5185715262450225	0.5384031095899605	0.5546447566330879	0.5211965599218624
100	-52.115549355005676	-13495.160061781182	0.8764024844247923	1.1600829777199553	1.1775080798838018	2.1921814618679796	1.6980979305888055	0.3760596525451472	0.34994499055430395	0.5185715262450225	0.5384031095899605	0.5546447566330879	0.5211965599218624
101	-52.115549355005676	-13494.209621200713	0.8764024844247923	1.1600829777199553	1.1775080798838018	2.1921814618679796	1.6980979305888055	0.3760596525451472	0.34994499055430395	0.5185715262450225	0.5384031095899605	0.5546447566330879	0.5211965599218624
102	-52.115549355005676	-13494.209621200713	0.8764024844247923	1.1600829777199553	1.1775080798838018	2.1921814618679796	1.6980979305888055	0.3760596525451472	0.34994499055430395	0.5185715262450225	0.5384031095899605	0.5546447566330879	0.5211965599218624
103	-52.115549355005676	-13484.443184692262	0.8764024844247923	1.1600829777199553	1.1775080798838018	2.1921814618679796	1.6980979305888055	0.3760596525451472	0.34994499055430395	0.5185715262450225	0.5384031095899605	0.5546447566330879	0.5211965599218624
104	-52.115549355005676	-13480.97727534918	0.8764024844247923	1.1600829777199553	1.1775080798838018	2.1921814618679796	1.6980979305888055	0.3760596525451472	0.34994499055430395	0.5185715262450225	0.5384031095899605	0.5546447566330879	0.5211965599218624
105	-52.21153566011905	-13480.97727534918	0.8764024844247923	1.1600829777199553	1.1775080798838018	2.1921814618679796	1.6980979305888055	0.3760596525451472	0.34994499055430395	0.5185715262450225	0.5384031095899605	0.5546447566330879	0.5945803462128137
106	-52.21153566011905	-13477.381113425103	0.8764024844247923	1.1600829777199553	1.1775080798838018	2.1921814618679796	1.6980979305888055	0.3760596525451472	0.34994499055430395	0.5185715262450225	0.5384031095899605	0.5546447566330879	0.5945803462128137
107	-52.21153566011905	-13477.381113425103	0.8764024844247923	1.1600829777199553	1.1775080798838018	2.1921814618679796	1.6980979305888055	0.3760596525451472	0.34994499055430395	0.5185715262450225	0.5384031095899605	0.5546447566330879	0.5945803462128137
108	-52.21153566011905	-13475.277275502936	0.8764024844247923	1.1600829777199553	1.1775080798838018	2.1921814618679796	1.6980979305888055	0.3760596525451472	0.34994499055430395	0.5185715262450225	0.5384031095899605	0.5546447566330879	0.5945803462128137
109	-52.21601970794294	-13471.673718933522	0.8764024844247923	1.1600829777199553	1.1775080798838018	2.1921814618679796	1.6980979305888055	0.3760596525451472	0.34994499055430395	0.5185715262450225	0.5384031095899605	0.5546447566330879	0.5945803462128137
110	-52.21601970794294	-13471.673718933522	0.8764024844247923	1.1600829777199553	1.1775080798838018	2.1921814618679796	1.6980979305888055	0.3760596525451472	0.34994499055430395	0.5185715262450225	0.5384031095899605	0.5546447566330879	0.5945803462128137
111	-52.21601970794294	-13471.673718933522	0.8764024844247923	1.1600829777199553	1.1775080798838018	2.1921814618679796	1.6980979305888055	0.3760596525451472	0.34994499055430395	0.5185715262450225	0.5384031095899605	0.5546447566330879	0.5945803462128137
112	-52.21601970794294	-13471.673718933522	0.8764024844247923	1.1600829777199553	1.1775080798838018	2.1921814618679796	1.6980979305888055	0.3760596525451472	0.34994499055430395	0.5185715262450225	0.5384031095899605	0.5546447566330879	0.5945803462128137
113	-52.210051316818756	-13288.00937196165	0.8764024844247923	1.1600829777199553	1.1775080798838018	2.1921814618679796	1.6980979305888055	0.3760596525451472	0.34994499055430395	0.5185715262450225	0.5384031095899605	0.5546447566330879	0.5945803462128137
114	-52.210051316818756	-13288.00937196165	0.8764024844247923	1.1600829777199553	1.1775080798838018	2.1921814618679796	1.6980979305888055	0.3760596525451472	0.34994499055430395	0.5185715262450225	0.5384031095899605	0.5546447566330879	0.5945803462128137
115	-52.222781990244535	-13282.476219889835	0.8764024844247923	1.1600829777199553	1.1775080798838018	2.1921814618679796	1.6980979305888055	0.3760596525451472	0.34994499055430395	0.5185715262450225	0.5384031095899605	0.5546447566330879	0.5945803462128137
116	-52.222781990244535	-13282.476219889835	0.8764024844247923	1.1600829777199553	1.1775080798838018	2.1921814618679796	1.6980979305888055	0.3760596525451472	0.34994499055430395	0.5185715262450225	0.5384031095899605	0.5546447566330879	0.5945803462128137
117	-52.222781990244535	-13282.476219889835	0.8764024844247923	1.1600829777199553	1.1775080798838018	2.1921814618679796	1.6980979305888055	0.3760596525451472	0.34994499055430395	0.5185715262450225	0.5384031095899605	0.5546447566330879	0.5945803462128137
118	-52.222781990244535	-13282.750865005888	0.8764024844247923	1.1600829777199553	1.1775080798838018	2.1921814618679796	1.6980979305888055	0.3760596525451472	0.34994499055430395	0.5185715262450225	0.5384031095899605	0.5546447566330879	0.5945803462128137
119	-52.225459405881686	-13282.565030699689	0.8764024844247923	1.1600829777199553	1.1775080798838018	2.1921814618679796	1.6980979305888055	0.3760596525451472	0.34994499055430395	0.5185715262450225	0.5384031095899605	0.5546447566330879	0.5945803462128137
120	-52.21509831196534	-13186.92063492263	0.8764024844247923	1.1600829777199553	1.1775080798838018	2.1921814618679796	1.6980979305888055	0.3760596525451472	0.34994499055430395	0.5185715262450225	0.5384031095899605	0.5546447566330879	0.5945803462128137
121	-52.21509831196534	-13134.298867182291	0.8764024844247923	1.1600829777199553	1.1775080798838018	2.1921814618679796	1.6980979305888055	0.3760596525451472	0.34994499055430395	0.5185715262450225	0.5384031095899605	0.5546447566330879	0.5945803462128137
122	-52.21509831196534	-13134.298867182291	0.8764024844247923	1.1600829777199553	1.1775080798838018	2.1921814618679796	1.6980979305888055	0.3760596525451472	0.34994499055430395	0.5185715262450225	0.5384031095899605	0.5546447566330879	0.5945803462128137
123	-52.21509831196534	-13133.675025255963	0.8764024844247923	1.1600829777199553	1.1775080798838018	2.1921814618679796	1.6980979305888055	0.3760596525451472	0.34994499055430395	0.5185715262450225	0.5384031095899605	0.5546447566330879	0.5945803462128137
124	-52.20507753935039	-13124.162649677897	0.8764024844247923	1.1600829777199553	1.1775080798838018	2.1921814618679796	1.6980979305888055	0.3760596525451472	0.34994499055430395	0.5185715262450225	0.5384031095899605	0.5546447566330879	0.5945803462128137
125	-52.20507753935039	-13124.162649677897	0.8764024844247923	1.1600829777199553	1.1775080798838018	2.1921814618679796	1.6980979305888055	0.3760596525451472	0.34994499055430395	0.5185715262450225	0.5384031095899605	0.5546447566330879	0.5945803462128137
126	-52.22360612522841	-13121.856644833435	0.8764024844247923	1.1600829777199553	1.1775080798838018	2.1921814618679796	1.6980979305888055	0.3760596525451472	0.34994499055430395	0.5185715262450225	0.5384031095899605	0.5546447566330879	0.5945803462128137
127	-52.22360612522841	-13121.856644833435	0.8764024844247923	1.1600829777199553	1.1775080798838018	2.1921814618679796	1.6980979305888055	0.3760596525451472	0.34994499055430395	0.5185715262450225	0.5384031095899605	0.5546447566330879	0.5945803462128137
128	-52.21996354266613	-13119.822717024083	0.8764024844247923	1.1600829777199553	1.1775080798838018	2.1921814618679796	1.6980979305888055	0.3760596525451472	0.34994499055430395	0.5185715262450225	0.5384031095899605	0.5546447566330879	0.5945803462128137
129	-52.20038443573606	-13120.106557475	0.8764024844247923	1.1600829777199553	1.1775080798838018	2.1921814618679796	1.6980979305888055	0.3760596525451472	0.34994499055430395	0.5185715262450225	0.5384031095899605	0.5546447566330879	0.5945803462128137
130	-52.20038443573606	-13121.381058298039	0.8764024844247923	1.1600829777199553	1.1775080798838018	2.1921814618679796	1.6980979305888055	0.3760596525451472	0.34994499055430395	0.5185715262450225	0.5384031095899605	0.5546447566330879	0.5945803462128137
131	-52.20038443573606	-13121.381058298039	0.8764024844247923	1.1600829777199553	1.1775080798838018	2.1921814618679796	1.6980979305888055	0.3760596525451472	0.34994499055430395	0.5185715262450225	0.5384031095899605	0.5546447566330879	0.5945803462128137
132	-52.20038443573606	-13121.381058298039	0.8764024844247923	1.1600829777199553	1.1775080798838018	2.1921814618679796	1.6980979305888055	0.3760596525451472	0.34994499055430395	0.5185715262450225	0.5384031095899605	0.5546447566330879	0.5945803462128137
133	-52.20154801414471	-13121.279930866456	0.8764024844247923	1.1600829777199553	1.1775080798838018	2.1921814618679796	1.6980979305888055	0.3760596525451472	0.34994499055430395	0.5185715262450225	0.5384031095899605	0.5546447566330879	0.5945803462128137
134	-52.17451698190248	-13003.46569436544	0.8764024844247923	1.1600829777199553	1.1775080798838018	2.1921814618679796	1.6980979305888055	0.3760596525451472	0.34994499055430395	0.5185715262450225	0.5384031095899605	0.5546447566330879	0.5945803462128137
135	-52.234394033622415	-12929.574224892896	0.8764024844247923	1.1600829777199553	1.1775080798838018	2.1921814618679796	1.6980979305888055	0.3760596525451472	0.34994499055430395	0.5185715262450225	0.5384031095899605	0.5546447566330879	0.5945803462128137
136	-52.234394033622415	-12929.574224892896	0.8764024844247923	1.1600829777199553	1.1775080798838018	2.1921814618679796	1.6980979305888055	0.3760596525451472	0.34994499055430395	0.5185715262450225	0.5384031095899605	0.5546447566330879	0.5945803462128137
137	-51.9593266841913	-12929.574224892896	0.8764024844247923	1.1600829777199553	1.1775080798838018	2.1921814618679796	1.6980979305888055	0.4485783837972378	0.4237868123750138	0.43300339836542623	0.5944873543572892	0.5277664081331308	0.5945803462128137
138	-51.9593266841913	-12928.327362064478	0.8764024844247923	1.1600829777199553	1.1775080798838018	2.1921814618679796	1.6980979305888055	0.4485783837972378	0.4237868123750138	0.43300339836542623	0.5944873543572892	0.5277664081331308	0.5945803462128137
139	-51.9593266841913	-12928.327362064478	0.8764024844247923	1.1600829777199553	1.1775080798838018	2.1921814618679796	1.6980979305888055	0.4485783837972378	0.4237868123750138	0.43300339836542623	0.5944873543572892	0.5277664081331308	0.5945803462128137
140	-51.957355933752375	-12926.647511066305	0.8764024844247923	1.1600829777199553	1.1775080798838018	2.1921814618679796	1.6980979305888055	0.4485783837972378	0.4237868123750138	0.43300339836542623	0.5944873543572892	0.5277664081331308	0.5945803462128137
141	-51.957355933752375	-12926.647511066305	0.8764024844247923	1.1600829777199553	1.1775080798838018	2.1921814618679796	1.6980979305888055	0.4485783837972378	0.4237868123750138	0.43300339836542623	0.5944873543572892	0.5277664081331308	0.5945803462128137
142	-51.957355933752375	-12926.647511066305	0.8764024844247923	1.1600829777199553	1.1775080798838018	2.1921814618679796	1.6980979305888055	0.4485783837972378	0.4237868123750138	0.43300339836542623	0.5944873543572892	0.5277664081331308	0.5945803462128137
143	-51.93133422951441	-12810.81202724913	0.8764024844247923	1.1600829777199553	1.1775080798838018	2.1921814618679796	1.6980979305888055	0.4485783837972378	0.4237868123750138	0.43300339836542623	0.5944873543572892	0.5277664081331308	0.5945803462128137
144	-51.93133422951441	-12810.81202724913	0.8764024844247923	1.1600829777199553	1.1775080798838018	2.1921814618679796	1.6980979305888055	0.4485783837972378	0.4237868123750138	0.43300339836542623	0.5944873543572892	0.5277664081331308	0.5945803462128137
145	-51.93133422951441	-12810.81202724913	0.8764024844247923	1.1600829777199553	1.1775080798838018	2.1921814618679796	1.6980979305888055	0.4485783837972378	0.4237868123750138	0.43300339836542623	0.5944873543572892	0.5277664081331308	0.5945803462128137
146	-51.93133422951441	-12810.81202724913	0.8764024844247923	1.1600829777199553	1.1775080798838018	2.1921814618679796	1.6980979305888055	0.4485783837972378	0.4237868123750138	0.43300339836542623	0.5944873543572892	0.5277664081331308	0.5945803462128137
147	-51.96579305920935	-12802.84152025506	0.8764024844247923	1.1600829777199553	1.1775080798838018	2.1921814618679796	1.6980979305888055	0.4485783837972378	0.4237868123750138	0.43300339836542623	0.5944873543572892	0.5277664081331308	0.5945803462128137
148	-51.96470369189925	-12794.224786845798	0.8764024844247923	1.1600829777199553	1.1775080798838018	2.1921814618679796	1.6980979305888055	0.4485783837972378	0.4237868123750138	0.43300339836542623	0.5944873543572892	0.5277664081331308	0.5945803462128137
149	-51.96470369189925	-12794.224786845798	0.8764024844247923	1.1600829777199553	1.1775080798838018	2.1921814618679796	1.6980979305888055	0.4485783837972378	0.4237868123750138	0.43300339836542623	0.5944873543572892	0.5277664081331308	0.5945803462128137
150	-51.96470369189925	-12794.224786845798	0.8764024844247923	1.1600829777199553	1.1775080798838018	2.1921814618679796	1.6980979305888055	0.4485783837972378	0.4237868123750138	0.43300339836542623	0.5944873543572892	0.5277664081331308	0.5945803462128137
151	-51.96470369189925	-12794.224786845798	0.8764024844247923	1.1600829777199553	1.1775080798838018	2.1921814618679796	1.6980979305888055	0.4485783837972378	0.4237868123750138	0.43300339836542623	0.5944873543572892	0.5277664081331308	0.5945803462128137
152	-51.96470369189925	-12794.025487036037	0.8764024844247923	1.1600829777199553	1.1775080798838018	2.1921814618679796	1.6980979305888055	0.4485783837972378	0.4237868123750138	0.43300339836542623	0.5944873543572892	0.5277664081331308	0.5945803462128137
153	-51.96470369189925	-12768.795586992546	0.8764024844247923	1.1600829777199553	1.1775080798838018	2.1921814618679796	1.6980979305888055	0.4485783837972378	0.4237868123750138	0.43300339836542623	0.5944873543572892	0.5277664081331308	0.5945803462128137
154	-51.96470369189925	-12768.795586992546	0.8764024844247923	1.1600829777199553	1.1775080798838018	2.1921814618679796	1.6980979305888055	0.4485783837972378	0.4237868123750138	0.43300339836542623	0.5944873543572892	0.5277664081331308	0.5945803462128137
155	-51.978613699022894	-12757.926483663065	0.8764024844247923	1.1600829777199553	1.1775080798838018	2.1921814618679796	1.6980979305888055	0.4485783837972378	0.4237868123750138	0.43300339836542623	0.5944873543572892	0.5277664081331308	0.5945803462128137
156	-51.978613699022894	-12757.926483663065	0.8764024844247923	1.1600829777199553	1.1775080798838018	2.1921814618679796	1.6980979305888055	0.4485783837972378	0.4237868123750138	0.43300339836542623	0.5944873543572892	0.5277664081331308	0.5945803462128137
157	-51.978613699022894	-12757.459826209053	0.8764024844247923	1.1600829777199553	1.1775080798838018	2.1921814618679796	1.6980979305888055	0.4485783837972378	0.4237868123750138	0.43300339836542623	0.5944873543572892	0.5277664081331308	0.5945803462128137
158	-51.969706326172876	-12757.176728173985	0.8764024844247923	1.1600829777199553	1.1775080798838018	2.1921814618679796	1.6980979305888055	0.4485783837972378	0.4237868123750138	0.43300339836542623	0.5944873543572892	0.5277664081331308	0.5945803462128137
159	-51.969706326172876	-12757.176728173985	0.8764024844247923	1.1600829777199553	1.1775080798838018	2.1921814618679796	1.6980979305888055	0.4485783837972378	0.4237868123750138	0.43300339836542623	0.5944873543572892	0.5277664081331308	0.5945803462128137
160	-51.969706326172876	-12753.488798490134	0.8764024844247923	1.1600829777199553	1.1775080798838018	2.1921814618679796	1.6980979305888055	0.4485783837972378	0.4237868123750138	0.43300339836542623	0.5944873543572892	0.5277664081331308	0.5945803462128137
161	-51.969706326172876	-12753.488798490134	0.8764024844247923	1.1600829777199553	1.1775080798838018	2.1921814618679796	1.6980979305888055	0.4485783837972378	0.4237868123750138	0.43300339836542623	0.5944873543572892	0.5277664081331308	0.5945803462128137
162	-51.969706326172876	-12753.488798490134	0.8764024844247923	1.1600829777199553	1.1775080798838018	2.1921814618679796	1.6980979305888055	0.4485783837972378	0.4237868123750138	0.43300339836542623	0.5944873543572892	0.5277664081331308	0.5945803462128137
163	-51.969706326172876	-12753.488798490134	0.8764024844247923	1.1600829777199553	1.1775080798838018	2.1921814618679796	1.6980979305888055	0.4485783837972378	0.4237868123750138	0.43300339836542623	0.5944873543572892	0.5277664081331308	0.5945803462128137
164	-51.969706326172876	-12753.488798490134	0.8764024844247923	1.1600829777199553	1.1775080798838018	2.1921814618679796	1.6980979305888055	0.4485783837972378	0.4237868123750138	0.43300339836542623	0.5944873543572892	0.5277664081331308	0.5945803462128137
165	-51.969706326172876	-12753.488798490134	0.8764024844247923	1.1600829777199553	1.1775080798838018	2.1921814618679796	1.6980979305888055	0.4485783837972378	0.4237868123750138	0.43300339836542623	0.5944873543572892	0.5277664081331308	0.5945803462128137
166	-51.969706326172876	-12753.488798490134	0.8764024844247923	1.1600829777199553	1.1775080798838018	2.1921814618679796	1.6980979305888055	0.4485783837972378	0.4237868123750138	0.43300339836542623	0.5944873543572892	0.5277664081331308	0.5945803462128137
167	-51.969706326172876	-12753.488798490134	0.8764024844247923	1.1600829777199553	1.1775080798838018	2.1921814618679796	1.6980979305888055	0.4485783837972378	0.4237868123750138	0.43300339836542623	0.5944873543572892	0.5277664081331308	0.5945803462128137
168	-51.969706326172876	-12753.488798490134	0.8764024844247923	1.1600829777199553	1.1775080798838018	2.1921814618679796	1.6980979305888055	0.4485783837972378	0.4237868123750138	0.43300339836542623	0.5944873543572892	0.5277664081331308	0.5945803462128137
169	-51.9536630597969	-12729.2655526878	0.8764024844247923	1.1600829777199553	1.1775080798838018	2.1921814618679796	1.6980979305888055	0.4485783837972378	0.4237868123750138	0.43300339836542623	0.5944873543572892	0.5277664081331308	0.5945803462128137
170	-51.9536630597969	-12729.2655526878	0.8764024844247923	1.1600829777199553	1.1775080798838018	2.1921814618679796	1.6980979305888055	0.4485783837972378	0.4237868123750138	0.43300339836542623	0.5944873543572892	0.5277664081331308	0.5945803462128137
171	-51.9536630597969	-12729.2655526878	0.8764024844247923	1.1600829777199553	1.1775080798838018	2.1921814618679796	1.6980979305888055	0.4485783837972378	0.4237868123750138	0.43300339836542623	0.5944873543572892	0.5277664081331308	0.5945803462128137
172	-51.94074052692941	-12708.355904313377	0.8764024844247923	1.1600829777199553	1.1775080798838018	2.1921814618679796	1.6980979305888055	0.4485783837972378	0.4237868123750138	0.43300339836542623	0.5944873543572892	0.5277664081331308	0.5945803462128137
173	-51.94074052692941	-12700.059856527032	0.8764024844247923	1.1600829777199553	1.1775080798838018	2.1921814618679796	1.6980979305888055	0.4485783837972378	0.4237868123750138	0.43300339836542623	0.5944873543572892	0.5277664081331308	0.5945803462128137
174	-51.95067860788904	-12697.132616837804	0.8764024844247923	1.1600829777199553	1.1775080798838018	2.1921814618679796	1.6980979305888055	0.4485783837972378	0.4237868123750138	0.43300339836542623	0.5944873543572892	0.5277664081331308	0.5945803462128137
175	-51.95067860788904	-12697.132616837804	0.8764024844247923	1.1600829777199553	1.1775080798838018	2.1921814618679796	1.6980979305888055	0.4485783837972378	0.4237868123750138	0.43300339836542623	0.5944873543572892	0.5277664081331308	0.5945803462128137
176	-51.94803565168424	-12694.630182178757	0.8764024844247923	1.1600829777199553	1.1775080798838018	2.1921814618679796	1.6980979305888055	0.4485783837972378	0.4237868123750138	0.43300339836542623	0.5944873543572892	0.5277664081331308	0.5945803462128137
177	-51.94803565168424	-12694.630182178757	0.8764024844247923	1.1600829777199553	1.1775080798838018	2.1921814618679796	1.6980979305888055	0.4485783837972378	0.4237868123750138	0.43300339836542623	0.5944873543572892	0.5277664081331308	0.5945803462128137
178	-51.94803565168424	-12694.630182178757	0.8764024844247923	1.1600829777199553	1.1775080798838018	2.1921814618679796	1.6980979305888055	0.4485783837972378	0.4237868123750138	0.43300339836542623	0.5944873543572892	0.5277664081331308	0.5945803462128137
179	-45.1626932326153	-12694.630182178757	0.7429176141897547	1.1438357975897513	0.8990379748739888	1.9015063238844123	1.8841869409125032	0.4485783837972378	0.4237868123750138	0.43300339836542623	0.5944873543572892	0.5277664081331308	0.5945803462128137
180	-45.1626932326153	-12694.630182178757	0.7429176141897547	1.1438357975897513	0.8990379748739888	1.9015063238844123	1.8841869409125032	0.4485783837972378	0.4237868123750138	0.43300339836542623	0.5944873543572892	0.5277664081331308	0.5945803462128137
181	-45.1626932326153	-12694.630182178757	0.7429176141897547	1.1438357975897513	0.8990379748739888	1.9015063238844123	1.8841869409125032	0.4485783837972378	0.4237868123750138	0.43300339836542623	0.5944873543572892	0.5277664081331308	0.5945803462128137
182	-45.1626932326153	-12694.630182178757	0.7429176141897547	1.1438357975897513	0.8990379748739888	1.9015063238844123	1.8841869409125032	0.4485783837972378	0.4237868123750138	0.43300339836542623	0.5944873543572892	0.5277664081331308	0.5945803462128137
183	-45.1626932326153	-12694.630182178757	0.7429176141897547	1.1438357975897513	0.8990379748739888	1.9015063238844123	1.8841869409125032	0.4485783837972378	0.4237868123750138	0.43300339836542623	0.5944873543572892	0.5277664081331308	0.5945803462128137
184	-45.1626932326153	-12694.630182178757	0.7429176141897547	1.1438357975897513	0.8990379748739888	1.9015063238844123	1.8841869409125032	0.4485783837972378	0.4237868123750138	0.43300339836542623	0.5944873543572892	0.5277664081331308	0.5945803462128137
185	-45.1626932326153	-12694.630182178757	0.7429176141897547	1.1438357975897513	0.8990379748739888	1.9015063238844123	1.8841869409125032	0.4485783837972378	0.4237868123750138	0.43300339836542623	0.5944873543572892	0.5277664081331308	0.5945803462128137
186	-45.1626932326153	-12698.241373929215	0.7429176141897547	1.1438357975897513	0.8990379748739888	1.9015063238844123	1.8841869409125032	0.4485783837972378	0.4237868123750138	0.43300339836542623	0.5944873543572892	0.5277664081331308	0.5945803462128137
187	-45.1626932326153	-12698.241373929215	0.7429176141897547	1.1438357975897513	0.8990379748739888	1.9015063238844123	1.8841869409125032	0.4485783837972378	0.4237868123750138	0.43300339836542623	0.5944873543572892	0.5277664081331308	0.5945803462128137
188	-45.1626932326153	-12689.069427302402	0.7429176141897547	1.1438357975897513	0.8990379748739888	1.9015063238844123	1.8841869409125032	0.4485783837972378	0.4237868123750138	0.43300339836542623	0.5944873543572892	0.5277664081331308	0.5945803462128137
189	-45.1626932326153	-12689.069427302402	0.7429176141897547	1.1438357975897513	0.8990379748739888	1.9015063238844123	1.8841869409125032	0.4485783837972378	0.4237868123750138	0.43300339836542623	0.5944873543572892	0.5277664081331308	0.5945803462128137
190	-45.177278905398836	-12679.913060573595	0.7429176141897547	1.1438357975897513	0.8990379748739888	1.9015063238844123	1.8841869409125032	0.4485783837972378	0.4237868123750138	0.43300339836542623	0.5944873543572892	0.5277664081331308	0.5945803462128137
191	-45.177278905398836	-12679.913060573595	0.7429176141897547	1.1438357975897513	0.8990379748739888	1.9015063238844123	1.8841869409125032	0.4485783837972378	0.4237868123750138	0.43300339836542623	0.5944873543572892	0.5277664081331308	0.5945803462128137
192	-45.17894573061753	-12625.973261818395	0.7429176141897547	1.1438357975897513	0.8990379748739888	1.9015063238844123	1.8841869409125032	0.4485783837972378	0.4237868123750138	0.43300339836542623	0.5944873543572892	0.5277664081331308	0.5945803462128137
193	-45.17894573061753	-12625.973261818395	0.7429176141897547	1.1438357975897513	0.8990379748739888	1.9015063238844123	1.8841869409125032	0.4485783837972378	0.4237868123750138	0.43300339836542623	0.5944873543572892	0.5277664081331308	0.5945803462128137
194	-45.17894573061753	-12625.973261818395	0.7429176141897547	1.1438357975897513	0.8990379748739888	1.9015063238844123	1.8841869409125032	0.4485783837972378	0.4237868123750138	0.43300339836542623	0.5944873543572892	0.5277664081331308	0.5945803462128137
195	-45.17894573061753	-12625.973261818395	0.7429176141897547	1.1438357975897513	0.8990379748739888	1.9015063238844123	1.8841869409125032	0.4485783837972378	0.4237868123750138	0.43300339836542623	0.5944873543572892	0.5277664081331308	0.5945803462128137
196	-45.17894573061753	-12625.973261818395	0.7429176141897547	1.1438357975897513	0.8990379748739888	1.9015063238844123	1.8841869409125032	0.4485783837972378	0.4237868123750138	0.43300339836542623	0.5944873543572892	0.5277664081331308	0.5945803462128137
197	-45.16798638496449	-12599.82700605439	0.7429176141897547	1.1438357975897513	0.8990379748739888	1.9015063238844123	1.8841869409125032	0.4485783837972378	0.4237868123750138	0.43300339836542623	0.5944873543572892	0.5277664081331308	0.5945803462128137
198	-45.16798638496449	-12599.82700605439	0.7429176141897547	1.1438357975897513	0.8990379748739888	1.9015063238844123	1.8841869409125032	0.4485783837972378	0.4237868123750138	0.43300339836542623	0.5944873543572892	0.5277664081331308	0.5945803462128137
199	-45.16798638496449	-12599.82700605439	0.7429176141897547	1.1438357975897513	0.8990379748739888	1.9015063238844123	1.8841869409125032	0.4485783837972378	0.4237868123750138	0.43300339836542623	0.5944873543572892	0.5277664081331308	0.5945803462128137
200	-45.16798638496449	-12599.82700605439	0.7429176141897547	1.1438357975897513	0.8990379748739888	1.9015063238844123	1.8841869409125032	0.4485783837972378	0.4237868123750138	0.43300339836542623	0.5944873543572892	0.5277664081331308	0.5945803462128137
201	-45.16798638496449	-12599.82700605439	0.7429176141897547	1.1438357975897513	0.8990379748739888	1.9015063238844123	1.8841869409125032	0.4485783837972378	0.4237868123750138	0.43300339836542623	0.5944873543572892	0.5277664081331308	0.5945803462128137
202	-45.16798638496449	-12599.82700605439	0.7429176141897547	1.1438357975897513	0.8990379748739888	1.9015063238844123	1.8841869409125032	0.4485783837972378	0.4237868123750138	0.43300339836542623	0.5944873543572892	0.5277664081331308	0.5945803462128137
203	-45.16798638496449	-12599.82700605439	0.7429176141897547	1.1438357975897513	0.8990379748739888	1.9015063238844123	1.8841869409125032	0.4485783837972378	0.4237868123750138	0.43300339836542623	0.5944873543572892	0.5277664081331308	0.5945803462128137
204	-41.01117817139005	-12599.82700605439	0.9368184391161659	1.2933095050115424	0.8765732967752806	2.199966855521357	2.007877819450632	0.4485783837972378	0.4237868123750138	0.43300339836542623	0.5944873543572892	0.5277664081331308	0.5945803462128137
205	-41.01117817139005	-12599.82700605439	0.9368184391161659	1.2933095050115424	0.8765732967752806	2.199966855521357	2.007877819450632	0.4485783837972378	0.4237868123750138	0.43300339836542623	0.5944873543572892	0.5277664081331308	0.5945803462128137
206	-41.01117817139005	-12599.82700605439	0.9368184391161659	1.2933095050115424	0.8765732967752806	2.199966855521357	2.007877819450632	0.4485783837972378	0.4237868123750138	0.43300339836542623	0.5944873543572892	0.5277664081331308	0.5945803462128137
207	-41.45425367010112	-12599.82700605439	0.9368184391161659	1.2933095050115424	0.8765732967752806	2.199966855521357	2.007877819450632	0.34251108741167213	0.3632532281304987	0.35068447897910826	0.526337170202958	0.5653243893113695	0.5945803462128137
208	-41.43575190009722	-12565.146989681527	0.9368184391161659	1.2933095050115424	0.8765732967752806	2.199966855521357	2.007877819450632	0.34251108741167213	0.3632532281304987	0.35068447897910826	0.526337170202958	0.5653243893113695	0.5945803462128137
209	-41.44691413772623	-12566.701755374655	0.9368184391161659	1.2933095050115424	0.8765732967752806	2.199966855521357	2.007877819450632	0.34251108741167213	0.3632532281304987	0.35068447897910826	0.526337170202958	0.5653243893113695	0.5945803462128137
210	-41.44691413772623	-12561.719108891415	0.9368184391161659	1.2933095050115424	0.8765732967752806	2.199966855521357	2.007877819450632	0.34251108741167213	0.3632532281304987	0.35068447897910826	0.526337170202958	0.5653243893113695	0.5945803462128137
211	-41.44691413772623	-12561.719108891415	0.9368184391161659	1.2933095050115424	0.8765732967752806	2.199966855521357	2.007877819450632	0.34251108741167213	0.3632532281304987	0.35068447897910826	0.526337170202958	0.5653243893113695	0.5945803462128137
212	-41.44691413772623	-12560.767521826652	0.9368184391161659	1.2933095050115424	0.8765732967752806	2.199966855521357	2.007877819450632	0.34251108741167213	0.3632532281304987	0.35068447897910826	0.526337170202958	0.5653243893113695	0.5945803462128137
213	-41.44691413772623	-12560.767521826652	0.9368184391161659	1.2933095050115424	0.8765732967752806	2.199966855521357	2.007877819450632	0.34251108741167213	0.3632532281304987	0.35068447897910826	0.526337170202958	0.5653243893113695	0.5945803462128137
214	-41.44037032121043	-12394.059676519866	0.9368184391161659	1.2933095050115424	0.8765732967752806	2.199966855521357	2.007877819450632	0.34251108741167213	0.3632532281304987	0.35068447897910826	0.526337170202958	0.5653243893113695	0.5945803462128137
215	-25.866496408076284	-12394.059676519866	0.8679064861987237	1.3747697331080981	0.7047232472393534	2.0333610086457727	2.5473308655061966	0.34251108741167213	0.3632532281304987	0.35068447897910826	0.526337170202958	0.5653243893113695	0.5945803462128137
216	-25.866496408076284	-12394.059676519866	0.8679064861987237	1.3747697331080981	0.7047232472393534	2.0333610086457727	2.5473308655061966	0.34251108741167213	0.3632532281304987	0.35068447897910826	0.526337170202958	0.5653243893113695	0.5945803462128137
217	-25.866496408076284	-12394.059676519866	0.8679064861987237	1.3747697331080981	0.7047232472393534	2.0333610086457727	2.5473308655061966	0.34251108741167213	0.3632532281304987	0.35068447897910826	0.526337170202958	0.5653243893113695	0.5945803462128137
218	-25.863475381004104	-12390.259335315837	0.8679064861987237	1.3747697331080981	0.7047232472393534	2.0333610086457727	2.5473308655061966	0.34251108741167213	0.3632532281304987	0.35068447897910826	0.526337170202958	0.5653243893113695	0.5945803462128137
219	-25.863475381004104	-12390.259335315837	0.8679064861987237	1.3747697331080981	0.7047232472393534	2.0333610086457727	2.5473308655061966	0.34251108741167213	0.3632532281304987	0.35068447897910826	0.526337170202958	0.5653243893113695	0.5945803462128137
220	-25.863475381004104	-12390.259335315837	0.8679064861987237	1.3747697331080981	0.7047232472393534	2.0333610086457727	2.5473308655061966	0.34251108741167213	0.3632532281304987	0.35068447897910826	0.526337170202958	0.5653243893113695	0.5945803462128137
221	-25.863475381004104	-12390.259335315837	0.8679064861987237	1.3747697331080981	0.7047232472393534	2.0333610086457727	2.5473308655061966	0.34251108741167213	0.3632532281304987	0.35068447897910826	0.526337170202958	0.5653243893113695	0.5945803462128137
222	-25.87276736873522	-12375.147690518275	0.8679064861987237	1.3747697331080981	0.7047232472393534	2.0333610086457727	2.5473308655061966	0.34251108741167213	0.3632532281304987	0.35068447897910826	0.526337170202958	0.5653243893113695	0.5945803462128137
223	-25.87276736873522	-12375.147690518275	0.8679064861987237	1.3747697331080981	0.7047232472393534	2.0333610086457727	2.5473308655061966	0.34251108741167213	0.3632532281304987	0.35068447897910826	0.526337170202958	0.5653243893113695	0.5945803462128137
224	-25.87276736873522	-12374.54721498608	0.8679064861987237	1.3747697331080981	0.7047232472393534	2.0333610086457727	2.5473308655061966	0.34251108741167213	0.3632532281304987	0.35068447897910826	0.526337170202958	0.5653243893113695	0.5945803462128137
225	-25.92707093094401	-12255.421137749532	0.8679064861987237	1.3747697331080981	0.7047232472393534	2.0333610086457727	2.5473308655061966	0.34251108741167213	0.3632532281304987	0.35068447897910826	0.526337170202958	0.5653243893113695	0.5945803462128137
226	-25.92707093094401	-12255.421137749532	0.8679064861987237	1.3747697331080981	0.7047232472393534	2.0333610086457727	2.5473308655061966	0.34251108741167213	0.3632532281304987	0.35068447897910826	0.526337170202958	0.5653243893113695	0.5945803462128137
227	-25.92707093094401	-12255.421137749532	0.8679064861987237	1.3747697331080981	0.7047232472393534	2.0333610086457727	2.5473308655061966	0.34251108741167213	0.3632532281304987	0.35068447897910826	0.526337170202958	0.5653243893113695	0.5945803462128137
228	-25.92707093094401	-12255.421137749532	0.8679064861987237	1.3747697331080981	0.7047232472393534	2.0333610086457727	2.5473308655061966	0.34251108741167213	0.3632532281304987	0.35068447897910826	0.526337170202958	0.5653243893113695	0.5945803462128137
229	-25.92707093094401	-12255.421137749532	0.8679064861987237	1.3747697331080981	0.7047232472393534	2.0333610086457727	2.5473308655061966	0.34251108741167213	0.3632532281304987	0.35068447897910826	0.526337170202958	0.5653243893113695	0.5945803462128137
230	-25.92707093094401	-12250.420721374308	0.8679064861987237	1.3747697331080981	0.7047232472393534	2.0333610086457727	2.5473308655061966	0.34251108741167213	0.3632532281304987	0.35068447897910826	0.526337170202958	0.5653243893113695	0.5945803462128137
231	-25.881170477776973	-12241.631562670174	0.8679064861987237	1.3747697331080981	0.7047232472393534	2.0333610086457727	2.5473308655061966	0.34251108741167213	0.3632532281304987	0.35068447897910826	0.526337170202958	0.5653243893113695	0.5945803462128137
232	-25.881170477776973	-12241.631562670174	0.8679064861987237	1.3747697331080981	0.7047232472393534	2.0333610086457727	2.5473308655061966	0.34251108741167213	0.3632532281304987	0.35068447897910826	0.526337170202958	0.5653243893113695	0.5945803462128137
233	-25.881170477776973	-12241.631562670174	0.8679064861987237	1.3747697331080981	0.7047232472393534	2.0333610086457727	2.5473308655061966	0.34251108741167213	0.3632532281304987	0.35068447897910826	0.526337170202958	0.5653243893113695	0.5945803462128137
234	-25.881170477776973	-12233.20602966659	0.8679064861987237	1.3747697331080981	0.7047232472393534	2.0333610086457727	2.5473308655061966	0.34251108741167213	0.3632532281304987	0.35068447897910826	0.526337170202958	0.5653243893113695	0.5945803462128137
235	-25.881170477776973	-12232.44638227696	0.8679064861987237	1.3747697331080981	0.7047232472393534	2.0333610086457727	2.5473308655061966	0.34251108741167213	0.3632532281304987	0.35068447897910826	0.526337170202958	0.5653243893113695	0.5945803462128137
236	-25.88323445524483	-12230.260026219596	0.8679064861987237	1.3747697331080981	0.7047232472393534	2.0333610086457727	2.5473308655061966	0.34251108741167213	0.3632532281304987	0.35068447897910826	0.526337170202958	0.5653243893113695	0.5945803462128137
237	-25.88323445524483	-12230.406236298331	0.8679064861987237	1.3747697331080981	0.7047232472393534	2.0333610086457727	2.5473308655061966	0.34251108741167213	0.3632532281304987	0.35068447897910826	0.526337170202958	0.5653243893113695	0.5945803462128137
238	-25.88323445524483	-12230.406236298331	0.8679064861987237	1.3747697331080981	0.7047232472393534	2.0333610086457727	2.5473308655061966	0.34251108741167213	0.3632532281304987	0.35068447897910826	0.526337170202958	0.5653243893113695	0.5945803462128137
239	-25.88323445524483	-12230.406236298331	0.8679064861987237	1.3747697331080981	0.7047232472393534	2.0333610086457727	2.5473308655061966	0.34251108741167213	0.3632532281304987	0.35068447897910826	0.526337170202958	0.5653243893113695	0.5945803462128137
240	-25.88323445524483	-12230.406236298331	0.8679064861987237	1.3747697331080981	0.7047232472393534	2.0333610086457727	2.5473308655061966	0.34251108741167213	0.3632532281304987	0.35068447897910826	0.526337170202958	0.5653243893113695	0.5945803462128137
241	-25.88323445524483	-12180.477690345668	0.8679064861987237	1.3747697331080981	0.7047232472393534	2.0333610086457727	2.5473308655061966	0.34251108741167213	0.3632532281304987	0.35068447897910826	0.526337170202958	0.5653243893113695	0.5945803462128137
242	-25.879715084446655	-12181.065073478829	0.8679064861987237	1.3747697331080981	0.7047232472393534	2.0333610086457727	2.5473308655061966	0.34251108741167213	0.3632532281304987	0.35068447897910826	0.526337170202958	0.5653243893113695	0.5945803462128137
243	-25.879715084446655	-12181.065073478829	0.8679064861987237	1.3747697331080981	0.7047232472393534	2.0333610086457727	2.5473308655061966	0.34251108741167213	0.3632532281304987	0.35068447897910826	0.526337170202958	0.5653243893113695	0.5945803462128137
244	-25.879715084446655	-12181.065073478829	0.8679064861987237	1.3747697331080981	0.7047232472393534	2.0333610086457727	2.5473308655061966	0.34251108741167213	0.3632532281304987	0.35068447897910826	0.526337170202958	0.5653243893113695	0.5945803462128137
245	-25.86637219765151	-12161.299187797693	0.8679064861987237	1.3747697331080981	0.7047232472393534	2.0333610086457727	2.5473308655061966	0.34251108741167213	0.3632532281304987	0.35068447897910826	0.526337170202958	0.5653243893113695	0.5945803462128137
246	-25.86637219765151	-12157.393460551537	0.8679064861987237	1.3747697331080981	0.7047232472393534	2.0333610086457727	2.5473308655061966	0.34251108741167213	0.3632532281304987	0.35068447897910826	0.526337170202958	0.5653243893113695	0.5945803462128137
247	-25.86637219765151	-12157.393460551537	0.8679064861987237	1.3747697331080981	0.7047232472393534	2.0333610086457727	2.5473308655061966	0.34251108741167213	0.3632532281304987	0.35068447897910826	0.526337170202958	0.5653243893113695	0.5945803462128137
248	-25.857783466148074	-12127.046363899879	0.8679064861987237	1.3747697331080981	0.7047232472393534	2.0333610086457727	2.5473308655061966	0.34251108741167213	0.3632532281304987	0.35068447897910826	0.526337170202958	0.5653243893113695	0.5945803462128137
249	-25.857783466148074	-12127.046363899879	0.8679064861987237	1.3747697331080981	0.7047232472393534	2.0333610086457727	2.5473308655061966	0.34251108741167213	0.3632532281304987	0.35068447897910826	0.526337170202958	0.5653243893113695	0.5945803462128137
250	-25.857783466148074	-12127.046363899879	0.8679064861987237	1.3747697331080981	0.7047232472393534	2.0333610086457727	2.5473308655061966	0.34251108741167213	0.3632532281304987	0.35068447897910826	0.526337170202958	0.5653243893113695	0.5945803462128137
251	-25.857783466148074	-12126.852577241812	0.8679064861987237	1.3747697331080981	0.7047232472393534	2.0333610086457727	2.5473308655061966	0.34251108741167213	0.3632532281304987	0.35068447897910826	0.526337170202958	0.5653243893113695	0.5945803462128137
252	-25.857783466148074	-12126.852577241812	0.8679064861987237	1.3747697331080981	0.7047232472393534	2.0333610086457727	2.5473308655061966	0.34251108741167213	0.3632532281304987	0.35068447897910826	0.526337170202958	0.5653243893113695	0.5945803462128137
253	-25.857783466148074	-12126.852577241812	0.8679064861987237	1.3747697331080981	0.7047232472393534	2.0333610086457727	2.5473308655061966	0.34251108741167213	0.3632532281304987	0.35068447897910826	0.526337170202958	0.5653243893113695	0.5945803462128137
254	-25.857783466148074	-12126.852577241812	0.8679064861987237	1.3747697331080981	0.7047232472393534	2.0333610086457727	2.5473308655061966	0.34251108741167213	0.3632532281304987	0.35068447897910826	0.526337170202958	0.5653243893113695	0.5945803462128137
255	-25.857783466148074	-12126.852577241812	0.8679064861987237	1.3747697331080981	0.7047232472393534	2.0333610086457727	2.5473308655061966	0.34251108741167213	0.3632532281304987	0.35068447897910826	0.526337170202958	0.5653243893113695	0.5945803462128137
256	-25.857783466148074	-12126.852577241812	0.8679064861987237	1.3747697331080981	0.7047232472393534	2.0333610086457727	2.5473308655061966	0.34251108741167213	0.3632532281304987	0.35068447897910826	0.526337170202958	0.5653243893113695	0.5945803462128137
257	-25.880416475565536	-12119.142254419126	0.8679064861987237	1.3747697331080981	0.7047232472393534	2.0333610086457727	2.5473308655061966	0.34251108741167213	0.3632532281304987	0.35068447897910826	0.526337170202958	0.5653243893113695	0.5945803462128137
258	-25.880416475565536	-12119.142254419126	0.8679064861987237	1.3747697331080981	0.7047232472393534	2.0333610086457727	2.5473308655061966	0.34251108741167213	0.3632532281304987	0.35068447897910826	0.526337170202958	0.5653243893113695	0.5945803462128137
259	-25.880416475565536	-12119.142254419126	0.8679064861987237	1.3747697331080981	0.7047232472393534	2.0333610086457727	2.5473308655061966	0.34251108741167213	0.3632532281304987	0.35068447897910826	0.526337170202958	0.5653243893113695	0.5945803462128137
260	-25.880416475565536	-12118.175662535186	0.8679064861987237	1.3747697331080981	0.7047232472393534	2.0333610086457727	2.5473308655061966	0.34251108741167213	0.3632532281304987	0.35068447897910826	0.526337170202958	0.5653243893113695	0.5945803462128137
261	-25.880416475565536	-12117.442388657626	0.8679064861987237	1.3747697331080981	0.7047232472393534	2.0333610086457727	2.5473308655061966	0.34251108741167213	0.3632532281304987	0.35068447897910826	0.526337170202958	0.5653243893113695	0.5945803462128137
262	-25.880416475565536	-12117.442388657626	0.8679064861987237	1.3747697331080981	0.7047232472393534	2.0333610086457727	2.5473308655061966	0.34251108741167213	0.3632532281304987	0.35068447897910826	0.526337170202958	0.5653243893113695	0.5945803462128137
263	-25.880416475565536	-12118.187668112625	0.8679064861987237	1.3747697331080981	0.7047232472393534	2.0333610086457727	2.5473308655061966	0.34251108741167213	0.3632532281304987	0.35068447897910826	0.526337170202958	0.5653243893113695	0.5945803462128137
264	-25.880416475565536	-12118.187668112625	0.8679064861987237	1.3747697331080981	0.7047232472393534	2.0333610086457727	2.5473308655061966	0.34251108741167213	0.3632532281304987	0.35068447897910826	0.526337170202958	0.5653243893113695	0.5945803462128137
265	-25.880416475565536	-12118.187668112625	0.8679064861987237	1.3747697331080981	0.7047232472393534	2.0333610086457727	2.5473308655061966	0.34251108741167213	0.3632532281304987	0.35068447897910826	0.526337170202958	0.5653243893113695	0.5945803462128137
266	-25.880416475565536	-12104.213500298189	0.8679064861987237	1.3747697331080981	0.7047232472393534	2.0333610086457727	2.5473308655061966	0.34251108741167213	0.3632532281304987	0.35068447897910826	0.526337170202958	0.5653243893113695	0.5945803462128137
267	-25.880416475565536	-12104.213500298189	0.8679064861987237	1.3747697331080981	0.7047232472393534	2.0333610086457727	2.5473308655061966	0.34251108741167213	0.3632532281304987	0.35068447897910826	0.526337170202958	0.5653243893113695	0.5945803462128137
268	-25.880416475565536	-12104.213500298189	0.8679064861987237	1.3747697331080981	0.7047232472393534	2.0333610086457727	2.5473308655061966	0.34251108741167213	0.3632532281304987	0.35068447897910826	0.526337170202958	0.5653243893113695	0.5945803462128137
269	-25.880416475565536	-12104.213500298189	0.8679064861987237	1.3747697331080981	0.7047232472393534	2.0333610086457727	2.5473308655061966	0.34251108741167213	0.3632532281304987	0.35068447897910826	0.526337170202958	0.5653243893113695	0.5945803462128137
270	-25.880416475565536	-12104.213500298189	0.8679064861987237	1.3747697331080981	0.7047232472393534	2.0333610086457727	2.5473308655061966	0.34251108741167213	0.3632532281304987	0.35068447897910826	0.526337170202958	0.5653243893113695	0.5945803462128137
271	-26.019786562402054	-12104.213500298189	0.8679064861987237	1.3747697331080981	0.7047232472393534	2.0333610086457727	2.5473308655061966	0.34251108741167213	0.3632532281304987	0.35068447897910826	0.526337170202958	0.5653243893113695	0.6765562240866464
272	-26.019786562402054	-12103.149924174808	0.8679064861987237	1.3747697331080981	0.7047232472393534	2.0333610086457727	2.5473308655061966	0.34251108741167213	0.3632532281304987	0.35068447897910826	0.526337170202958	0.5653243893113695	0.6765562240866464
273	-26.014982316789336	-12081.634417694204	0.8679064861987237	1.3747697331080981	0.7047232472393534	2.0333610086457727	2.5473308655061966	0.34251108741167213	0.3632532281304987	0.35068447897910826	0.526337170202958	0.5653243893113695	0.6765562240866464
274	-26.014982316789336	-12081.634417694204	0.8679064861987237	1.3747697331080981	0.7047232472393534	2.0333610086457727	2.5473308655061966	0.34251108741167213	0.3632532281304987	0.35068447897910826	0.526337170202958	0.5653243893113695	0.6765562240866464
275	-26.014982316789336	-12070.722159368324	0.8679064861987237	1.3747697331080981	0.7047232472393534	2.0333610086457727	2.5473308655061966	0.34251108741167213	0.3632532281304987	0.35068447897910826	0.526337170202958	0.5653243893113695	0.6765562240866464
276	-25.958828474355947	-11741.697765217634	0.8679064861987237	1.3747697331080981	0.7047232472393534	2.0333610086457727	2.5473308655061966	0.34251108741167213	0.3632532281304987	0.35068447897910826	0.526337170202958	0.5653243893113695	0.6765562240866464
277	-25.958828474355947	-11741.697765217634	0.8679064861987237	1.3747697331080981	0.7047232472393534	2.0333610086457727	2.5473308655061966	0.34251108741167213	0.3632532281304987	0.35068447897910826	0.526337170202958	0.5653243893113695	0.6765562240866464
278	-25.958828474355947	-11741.697765217634	0.8679064861987237	1.3747697331080981	0.7047232472393534	2.0333610086457727	2.5473308655061966	0.34251108741167213	0.3632532281304987	0.35068447897910826	0.526337170202958	0.5653243893113695	0.6765562240866464
279	-25.960084699987668	-11740.983543746057	0.8679064861987237	1.3747697331080981	0.7047232472393534	2.0333610086457727	2.5473308655061966	0.34251108741167213	0.3632532281304987	0.35068447897910826	0.526337170202958	0.5653243893113695	0.6765562240866464
280	-25.960084699987668	-11740.983543746057	0.8679064861987237	1.3747697331080981	0.7047232472393534	2.0333610086457727	2.5473308655061966	0.34251108741167213	0.3632532281304987	0.35068447897910826	0.526337170202958	0.5653243893113695	0.6765562240866464
281	-25.960084699987668	-11740.983543746057	0.8679064861987237	1.3747697331080981	0.7047232472393534	2.0333610086457727	2.5473308655061966	0.34251108741167213	0.3632532281304987	0.35068447897910826	0.526337170202958	0.5653243893113695	0.6765562240866464
282	-25.960084699987668	-11740.983543746057	0.8679064861987237	1.3747697331080981	0.7047232472393534	2.0333610086457727	2.5473308655061966	0.34251108741167213	0.3632532281304987	0.35068447897910826	0.526337170202958	0.5653243893113695	0.6765562240866464
283	-25.960084699987668	-11740.983543746057	0.8679064861987237	1.3747697331080981	0.7047232472393534	2.0333610086457727	2.5473308655061966	0.34251108741167213	0.3632532281304987	0.35068447897910826	0.526337170202958	0.5653243893113695	0.6765562240866464
284	-25.960084699987668	-11740.983543746057	0.8679064861987237	1.3747697331080981	0.7047232472393534	2.0333610086457727	2.5473308655061966	0.34251108741167213	0.3632532281304987	0.35068447897910826	0.526337170202958	0.5653243893113695	0.6765562240866464
285	-25.960084699987668	-11740.983543746057	0.8679064861987237	1.3747697331080981	0.7047232472393534	2.0333610086457727	2.5473308655061966	0.34251108741167213	0.3632532281304987	0.35068447897910826	0.526337170202958	0.5653243893113695	0.6765562240866464
286	-25.960084699987668	-11740.983543746057	0.8679064861987237	1.3747697331080981	0.7047232472393534	2.0333610086457727	2.5473308655061966	0.34251108741167213	0.3632532281304987	0.35068447897910826	0.526337170202958	0.5653243893113695	0.6765562240866464
287	-25.960084699987668	-11740.655188334775	0.8679064861987237	1.3747697331080981	0.7047232472393534	2.0333610086457727	2.5473308655061966	0.34251108741167213	0.3632532281304987	0.35068447897910826	0.526337170202958	0.5653243893113695	0.6765562240866464
288	-25.960084699987668	-11740.655188334775	0.8679064861987237	1.3747697331080981	0.7047232472393534	2.0333610086457727	2.5473308655061966	0.34251108741167213	0.3632532281304987	0.35068447897910826	0.526337170202958	0.5653243893113695	0.6765562240866464
289	-25.955224579996987	-11739.042283977646	0.8679064861987237	1.3747697331080981	0.7047232472393534	2.0333610086457727	2.5473308655061966	0.34251108741167213	0.3632532281304987	0.35068447897910826	0.526337170202958	0.5653243893113695	0.6765562240866464
290	-25.955224579996987	-11739.042283977646	0.8679064861987237	1.3747697331080981	0.7047232472393534	2.0333610086457727	2.5473308655061966	0.34251108741167213	0.3632532281304987	0.35068447897910826	0.526337170202958	0.5653243893113695	0.6765562240866464
291	-23.460157799328798	-11739.042283977646	0.7772870711652903	1.3003872659080837	0.8494109405359715	2.5391185976397677	2.6459508282010296	0.34251108741167213	0.3632532281304987	0.35068447897910826	0.526337170202958	0.5653243893113695	0.6765562240866464
292	-23.460157799328798	-11739.042283977646	0.7772870711652903	1.3003872659080837	0.8494109405359715	2.5391185976397677	2.6459508282010296	0.34251108741167213	0.3632532281304987	0.35068447897910826	0.526337170202958	0.5653243893113695	0.6765562240866464
293	-23.460157799328798	-11739.236595405131	0.7772870711652903	1.3003872659080837	0.8494109405359715	2.5391185976397677	2.6459508282010296	0.34251108741167213	0.3632532281304987	0.35068447897910826	0.526337170202958	0.5653243893113695	0.6765562240866464
294	-23.460157799328798	-11739.236595405131	0.7772870711652903	1.3003872659080837	0.8494109405359715	2.5391185976397677	2.6459508282010296	0.34251108741167213	0.3632532281304987	0.35068447897910826	0.526337170202958	0.5653243893113695	0.6765562240866464
295	-23.432025462281985	-11584.541494765423	0.7772870711652903	1.3003872659080837	0.8494109405359715	2.5391185976397677	2.6459508282010296	0.34251108741167213	0.3632532281304987	0.35068447897910826	0.526337170202958	0.5653243893113695	0.6765562240866464
296	-23.432025462281985	-11584.869868324731	0.7772870711652903	1.3003872659080837	0.8494109405359715	2.5391185976397677	2.6459508282010296	0.34251108741167213	0.3632532281304987	0.35068447897910826	0.526337170202958	0.5653243893113695	0.6765562240866464
297	-23.432025462281985	-11584.869868324731	0.7772870711652903	1.3003872659080837	0.8494109405359715	2.5391185976397677	2.6459508282010296	0.34251108741167213	0.3632532281304987	0.35068447897910826	0.526337170202958	0.5653243893113695	0.6765562240866464
298	-23.432025462281985	-11584.869868324731	0.7772870711652903	1.3003872659080837	0.8494109405359715	2.5391185976397677	2.6459508282010296	0.34251108741167213	0.3632532281304987	0.35068447897910826	0.526337170202958	0.5653243893113695	0.6765562240866464
299	-23.429435751045332	-11576.006230357603	0.7772870711652903	1.3003872659080837	0.8494109405359715	2.5391185976397677	2.6459508282010296	0.34251108741167213	0.3632532281304987	0.35068447897910826	0.526337170202958	0.5653243893113695	0.6765562240866464
300	-23.428665072509453	-11567.220879828335	0.7772870711652903	1.3003872659080837	0.8494109405359715	2.5391185976397677	2.6459508282010296	0.34251108741167213	0.3632532281304987	0.35068447897910826	0.526337170202958	0.5653243893113695	0.6765562240866464
301	-23.428665072509453	-11567.220879828335	0.7772870711652903	1.3003872659080837	0.8494109405359715	2.5391185976397677	2.6459508282010296	0.34251108741167213	0.3632532281304987	0.35068447897910826	0.526337170202958	0.5653243893113695	0.6765562240866464
302	-23.428665072509453	-11567.220879828335	0.7772870711652903	1.3003872659080837	0.8494109405359715	2.5391185976397677	2.6459508282010296	0.34251108741167213	0.3632532281304987	0.35068447897910826	0.526337170202958	0.5653243893113695	0.6765562240866464
303	-23.428665072509453	-11567.220879828335	0.7772870711652903	1.3003872659080837	0.8494109405359715	2.5391185976397677	2.6459508282010296	0.34251108741167213	0.3632532281304987	0.35068447897910826	0.526337170202958	0.5653243893113695	0.6765562240866464
304	-23.428665072509453	-11567.220879828335	0.7772870711652903	1.3003872659080837	0.8494109405359715	2.5391185976397677	2.6459508282010296	0.34251108741167213	0.3632532281304987	0.35068447897910826	0.526337170202958	0.5653243893113695	0.6765562240866464
305	-23.428665072509453	-11567.220879828335	0.7772870711652903	1.3003872659080837	0.8494109405359715	2.5391185976397677	2.6459508282010296	0.34251108741167213	0.3632532281304987	0.35068447897910826	0.526337170202958	0.5653243893113695	0.6765562240866464
306	-23.428665072509453	-11567.220879828335	0.7772870711652903	1.3003872659080837	0.8494109405359715	2.5391185976397677	2.6459508282010296	0.34251108741167213	0.3632532281304987	0.35068447897910826	0.526337170202958	0.5653243893113695	0.6765562240866464
307	-23.428665072509453	-11568.800658867287	0.7772870711652903	1.3003872659080837	0.8494109405359715	2.5391185976397677	2.6459508282010296	0.34251108741167213	0.3632532281304987	0.35068447897910826	0.526337170202958	0.5653243893113695	0.6765562240866464
308	-23.428665072509453	-11568.800658867287	0.7772870711652903	1.3003872659080837	0.8494109405359715	2.5391185976397677	2.6459508282010296	0.34251108741167213	0.3632532281304987	0.35068447897910826	0.526337170202958	0.5653243893113695	0.6765562240866464
309	-23.428665072509453	-11568.800658867287	0.7772870711652903	1.3003872659080837	0.8494109405359715	2.5391185976397677	2.6459508282010296	0.34251108741167213	0.3632532281304987	0.35068447897910826	0.526337170202958	0.5653243893113695	0.6765562240866464
310	-23.48713782764638	-11568.800658867287	0.7772870711652903	1.3003872659080837	0.8494109405359715	2.5391185976397677	2.6459508282010296	0.34251108741167213	0.3632532281304987	0.35068447897910826	0.526337170202958	0.5653243893113695	0.7101475508497691
311	-23.699288945423557	-11568.800658867287	0.7772870711652903	1.3003872659080837	0.8494109405359715	2.5391185976397677	2.6459508282010296	0.34251108741167213	0.3632532281304987	0.35068447897910826	0.526337170202958	0.5653243893113695	0.8311199152537483
312	-23.696592602125147	-11561.360822739649	0.7772870711652903	1.3003872659080837	0.8494109405359715	2.5391185976397677	2.6459508282010296	0.34251108741167213	0.3632532281304987	0.35068447897910826	0.526337170202958	0.5653243893113695	0.8311199152537483
313	-23.696592602125147	-11561.360822739649	0.7772870711652903	1.3003872659080837	0.8494109405359715	2.5391185976397677	2.6459508282010296	0.34251108741167213	0.3632532281304987	0.35068447897910826	0.526337170202958	0.5653243893113695	0.8311199152537483
314	-23.696592602125147	-11365.771243527792	0.7772870711652903	1.3003872659080837	0.8494109405359715	2.5391185976397677	2.6459508282010296	0.34251108741167213	0.3632532281304987	0.35068447897910826	0.526337170202958	0.5653243893113695	0.8311199152537483
315	-23.6970283262937	-11365.68733637711	0.7772870711652903	1.3003872659080837	0.8494109405359715	2.5391185976397677	2.6459508282010296	0.34251108741167213	0.3632532281304987	0.35068447897910826	0.526337170202958	0.5653243893113695	0.8311199152537483
316	-23.6970283262937	-11365.68733637711	0.7772870711652903	1.3003872659080837	0.8494109405359715	2.5391185976397677	2.6459508282010296	0.34251108741167213	0.3632532281304987	0.35068447897910826	0.526337170202958	0.5653243893113695	0.8311199152537483
317	-23.6970283262937	-11365.68733637711	0.7772870711652903	1.3003872659080837	0.8494109405359715	2.5391185976397677	2.6459508282010296	0.34251108741167213	0.3632532281304987	0.35068447897910826	0.526337170202958	0.5653243893113695	0.8311199152537483
318	-23.6970283262937	-11365.68733637711	0.7772870711652903	1.3003872659080837	0.8494109405359715	2.5391185976397677	2.6459508282010296	0.34251108741167213	0.3632532281304987	0.35068447897910826	0.526337170202958	0.5653243893113695	0.8311199152537483
319	-23.705999807089167	-11362.195504538324	0.7772870711652903	1.3003872659080837	0.8494109405359715	2.5391185976397677	2.6459508282010296	0.34251108741167213	0.3632532281304987	0.35068447897910826	0.526337170202958	0.5653243893113695	0.8311199152537483
320	-23.705999807089167	-11362.195504538324	0.7772870711652903	1.3003872659080837	0.8494109405359715	2.5391185976397677	2.6459508282010296	0.34251108741167213	0.3632532281304987	0.35068447897910826	0.526337170202958	0.5653243893113695	0.8311199152537483
321	-23.705999807089167	-11362.195504538324	0.7772870711652903	1.3003872659080837	0.8494109405359715	2.5391185976397677	2.6459508282010296	0.34251108741167213	0.3632532281304987	0.35068447897910826	0.526337170202958	0.5653243893113695	0.8311199152537483
322	-23.705999807089167	-11362.195504538324	0.7772870711652903	1.3003872659080837	0.8494109405359715	2.5391185976397677	2.6459508282010296	0.34251108741167213	0.3632532281304987	0.35068447897910826	0.526337170202958	0.5653243893113695	0.8311199152537483
323	-23.705999807089167	-11362.195504538324	0.7772870711652903	1.3003872659080837	0.8494109405359715	2.5391185976397677	2.6459508282010296	0.34251108741167213	0.3632532281304987	0.35068447897910826	0.526337170202958	0.5653243893113695	0.8311199152537483
324	-24.04383648763757	-11362.195504538324	0.7772870711652903	1.3003872659080837	0.8494109405359715	2.5391185976397677	2.6459508282010296	0.34251108741167213	0.3632532281304987	0.35068447897910826	0.526337170202958	0.5653243893113695	1.0212826301407205
325	-24.043533457837093	-11361.982477929001	0.7772870711652903	1.3003872659080837	0.8494109405359715	2.5391185976397677	2.6459508282010296	0.34251108741167213	0.3632532281304987	0.35068447897910826	0.526337170202958	0.5653243893113695	1.0212826301407205
326	-24.043533457837093	-11361.999785604574	0.7772870711652903	1.3003872659080837	0.8494109405359715	2.5391185976397677	2.6459508282010296	0.34251108741167213	0.3632532281304987	0.35068447897910826	0.526337170202958	0.5653243893113695	1.0212826301407205
327	-24.043533457837093	-11361.74565237513	0.7772870711652903	1.3003872659080837	0.8494109405359715	2.5391185976397677	2.6459508282010296	0.34251108741167213	0.3632532281304987	0.35068447897910826	0.526337170202958	0.5653243893113695	1.0212826301407205
328	-24.04362971981056	-11350.254645445453	0.7772870711652903	1.3003872659080837	0.8494109405359715	2.5391185976397677	2.6459508282010296	0.34251108741167213	0.3632532281304987	0.35068447897910826	0.526337170202958	0.5653243893113695	1.0212826301407205
329	-24.04362971981056	-11350.254645445453	0.7772870711652903	1.3003872659080837	0.8494109405359715	2.5391185976397677	2.6459508282010296	0.34251108741167213	0.3632532281304987	0.35068447897910826	0.526337170202958	0.5653243893113695	1.0212826301407205
330	-24.04362971981056	-11350.254645445453	0.7772870711652903	1.3003872659080837	0.8494109405359715	2.5391185976397677	2.6459508282010296	0.34251108741167213	0.3632532281304987	0.35068447897910826	0.526337170202958	0.5653243893113695	1.0212826301407205
331	-24.04377310543041	-11350.272709349982	0.7772870711652903	1.3003872659080837	0.8494109405359715	2.5391185976397677	2.6459508282010296	0.34251108741167213	0.3632532281304987	0.35068447897910826	0.526337170202958	0.5653243893113695	1.0212826301407205
332	-24.05208196493157	-11350.977972447312	0.7772870711652903	1.3003872659080837	0.8494109405359715	2.5391185976397677	2.6459508282010296	0.34251108741167213	0.3632532281304987	0.35068447897910826	0.526337170202958	0.5653243893113695	1.0212826301407205
333	-24.048708674040295	-11350.674820097656	0.7772870711652903	1.3003872659080837	0.8494109405359715	2.5391185976397677	2.6459508282010296	0.34251108741167213	0.3632532281304987	0.35068447897910826	0.526337170202958	0.5653243893113695	1.0212826301407205
334	-24.048708674040295	-11350.674820097656	0.7772870711652903	1.3003872659080837	0.8494109405359715	2.5391185976397677	2.6459508282010296	0.34251108741167213	0.3632532281304987	0.35068447897910826	0.526337170202958	0.5653243893113695	1.0212826301407205
335	-24.048708674040295	-11350.674820097656	0.7772870711652903	1.3003872659080837	0.8494109405359715	2.5391185976397677	2.6459508282010296	0.34251108741167213	0.3632532281304987	0.35068447897910826	0.526337170202958	0.5653243893113695	1.0212826301407205
336	-24.050911784164253	-11350.868341746442	0.7772870711652903	1.3003872659080837	0.8494109405359715	2.5391185976397677	2.6459508282010296	0.34251108741167213	0.3632532281304987	0.35068447897910826	0.526337170202958	0.5653243893113695	1.0212826301407205
337	-24.050911784164253	-11350.868341746442	0.7772870711652903	1.3003872659080837	0.8494109405359715	2.5391185976397677	2.6459508282010296	0.34251108741167213	0.3632532281304987	0.35068447897910826	0.526337170202958	0.5653243893113695	1.0212826301407205
338	-23.941327101261134	-11314.06129190256	0.7772870711652903	1.3003872659080837	0.8494109405359715	2.5391185976397677	2.6459508282010296	0.34251108741167213	0.3632532281304987	0.35068447897910826	0.526337170202958	0.5653243893113695	1.0212826301407205
339	-23.938535977803607	-11313.538346587971	0.7772870711652903	1.3003872659080837	0.8494109405359715	2.5391185976397677	2.6459508282010296	0.34251108741167213	0.3632532281304987	0.35068447897910826	0.526337170202958	0.5653243893113695	1.0212826301407205
340	-23.938535977803607	-11313.538346587971	0.7772870711652903	1.3003872659080837	0.8494109405359715	2.5391185976397677	2.6459508282010296	0.34251108741167213	0.3632532281304987	0.35068447897910826	0.526337170202958	0.5653243893113695	1.0212826301407205
341	-23.938535977803607	-11312.946149211979	0.7772870711652903	1.3003872659080837	0.8494109405359715	2.5391185976397677	2.6459508282010296	0.34251108741167213	0.3632532281304987	0.35068447897910826	0.526337170202958	0.5653243893113695	1.0212826301407205
342	-23.938535977803607	-11312.946149211979	0.7772870711652903	1.3003872659080837	0.8494109405359715	2.5391185976397677	2.6459508282010296	0.34251108741167213	0.3632532281304987	0.35068447897910826	0.526337170202958	0.5653243893113695	1.0212826301407205
343	-23.938535977803607	-11311.175560472782	0.7772870711652903	1.3003872659080837	0.8494109405359715	2.5391185976397677	2.6459508282010296	0.34251108741167213	0.3632532281304987	0.35068447897910826	0.526337170202958	0.5653243893113695	1.0212826301407205
344	-23.938535977803607	-11309.512302924157	0.7772870711652903	1.3003872659080837	0.8494109405359715	2.5391185976397677	2.6459508282010296	0.34251108741167213	0.3632532281304987	0.35068447897910826	0.526337170202958	0.5653243893113695	1.0212826301407205
345	-23.938535977803607	-11303.284599486067	0.7772870711652903	1.3003872659080837	0.8494109405359715	2.5391185976397677	2.6459508282010296	0.34251108741167213	0.3632532281304987	0.35068447897910826	0.526337170202958	0.5653243893113695	1.0212826301407205
346	-23.938535977803607	-11303.284599486067	0.7772870711652903	1.3003872659080837	0.8494109405359715	2.5391185976397677	2.6459508282010296	0.34251108741167213	0.3632532281304987	0.35068447897910826	0.526337170202958	0.5653243893113695	1.0212826301407205
347	-23.938535977803607	-11298.116640888029	0.7772870711652903	1.3003872659080837	0.8494109405359715	2.5391185976397677	2.6459508282010296	0.34251108741167213	0.3632532281304987	0.35068447897910826	0.526337170202958	0.5653243893113695	1.0212826301407205
348	-23.938535977803607	-11298.116640888029	0.7772870711652903	1.3003872659080837	0.8494109405359715	2.5391185976397677	2.6459508282010296	0.34251108741167213	0.3632532281304987	0.35068447897910826	0.526337170202958	0.5653243893113695	1.0212826301407205
349	-23.938535977803607	-11297.774997473503	0.7772870711652903	1.3003872659080837	0.8494109405359715	2.5391185976397677	2.6459508282010296	0.34251108741167213	0.3632532281304987	0.35068447897910826	0.526337170202958	0.5653243893113695	1.0212826301407205
350	-23.938535977803607	-11297.774997473503	0.7772870711652903	1.3003872659080837	0.8494109405359715	2.5391185976397677	2.6459508282010296	0.34251108741167213	0.3632532281304987	0.35068447897910826	0.526337170202958	0.5653243893113695	1.0212826301407205
351	-23.938535977803607	-11297.774997473503	0.7772870711652903	1.3003872659080837	0.8494109405359715	2.5391185976397677	2.6459508282010296	0.34251108741167213	0.3632532281304987	0.35068447897910826	0.526337170202958	0.5653243893113695	1.0212826301407205
352	-23.938535977803607	-11297.774997473503	0.7772870711652903	1.3003872659080837	0.8494109405359715	2.5391185976397677	2.6459508282010296	0.34251108741167213	0.3632532281304987	0.35068447897910826	0.526337170202958	0.5653243893113695	1.0212826301407205
353	-23.938535977803607	-11297.774997473503	0.7772870711652903	1.3003872659080837	0.8494109405359715	2.5391185976397677	2.6459508282010296	0.34251108741167213	0.3632532281304987	0.35068447897910826	0.526337170202958	0.5653243893113695	1.0212826301407205
354	-23.938535977803607	-11297.774997473503	0.7772870711652903	1.3003872659080837	0.8494109405359715	2.5391185976397677	2.6459508282010296	0.34251108741167213	0.3632532281304987	0.35068447897910826	0.526337170202958	0.5653243893113695	1.0212826301407205
355	-23.938535977803607	-11297.774997473503	0.7772870711652903	1.3003872659080837	0.8494109405359715	2.5391185976397677	2.6459508282010296	0.34251108741167213	0.3632532281304987	0.35068447897910826	0.526337170202958	0.5653243893113695	1.0212826301407205
356	-23.938535977803607	-11297.774997473503	0.7772870711652903	1.3003872659080837	0.8494109405359715	2.5391185976397677	2.6459508282010296	0.34251108741167213	0.3632532281304987	0.35068447897910826	0.526337170202958	0.5653243893113695	1.0212826301407205
357	-23.938535977803607	-11297.774997473503	0.7772870711652903	1.3003872659080837	0.8494109405359715	2.5391185976397677	2.6459508282010296	0.34251108741167213	0.3632532281304987	0.35068447897910826	0.526337170202958	0.5653243893113695	1.0212826301407205
358	-23.938535977803607	-11297.774997473503	0.7772870711652903	1.3003872659080837	0.8494109405359715	2.5391185976397677	2.6459508282010296	0.34251108741167213	0.3632532281304987	0.35068447897910826	0.526337170202958	0.5653243893113695	1.0212826301407205
359	-23.938535977803607	-11297.774997473503	0.7772870711652903	1.3003872659080837	0.8494109405359715	2.5391185976397677	2.6459508282010296	0.34251108741167213	0.3632532281304987	0.35068447897910826	0.526337170202958	0.5653243893113695	1.0212826301407205
360	-23.857661631254114	-11274.471525080275	0.7772870711652903	1.3003872659080837	0.8494109405359715	2.5391185976397677	2.6459508282010296	0.34251108741167213	0.3632532281304987	0.35068447897910826	0.526337170202958	0.5653243893113695	1.0212826301407205
361	-23.857661631254114	-11274.471525080275	0.7772870711652903	1.3003872659080837	0.8494109405359715	2.5391185976397677	2.6459508282010296	0.34251108741167213	0.3632532281304987	0.35068447897910826	0.526337170202958	0.5653243893113695	1.0212826301407205
362	-23.857661631254114	-11274.471525080275	0.7772870711652903	1.3003872659080837	0.8494109405359715	2.5391185976397677	2.6459508282010296	0.34251108741167213	0.3632532281304987	0.35068447897910826	0.526337170202958	0.5653243893113695	1.0212826301407205
363	-23.857661631254114	-11274.471525080275	0.7772870711652903	1.3003872659080837	0.8494109405359715	2.5391185976397677	2.6459508282010296	0.34251108741167213	0.3632532281304987	0.35068447897910826	0.526337170202958	0.5653243893113695	1.0212826301407205
364	-23.857661631254114	-11274.471525080275	0.7772870711652903	1.3003872659080837	0.8494109405359715	2.5391185976397677	2.6459508282010296	0.34251108741167213	0.3632532281304987	0.35068447897910826	0.526337170202958	0.5653243893113695	1.0212826301407205
365	-23.855720275468013	-11204.341093494384	0.7772870711652903	1.3003872659080837	0.8494109405359715	2.5391185976397677	2.6459508282010296	0.34251108741167213	0.3632532281304987	0.35068447897910826	0.526337170202958	0.5653243893113695	1.0212826301407205
366	-23.855720275468013	-11204.341093494384	0.7772870711652903	1.3003872659080837	0.8494109405359715	2.5391185976397677	2.6459508282010296	0.34251108741167213	0.3632532281304987	0.35068447897910826	0.526337170202958	0.5653243893113695	1.0212826301407205
367	-23.85560554351765	-11204.186850952769	0.7772870711652903	1.3003872659080837	0.8494109405359715	2.5391185976397677	2.6459508282010296	0.34251108741167213	0.3632532281304987	0.35068447897910826	0.526337170202958	0.5653243893113695	1.0212826301407205
368	-23.85560554351765	-11204.186850952769	0.7772870711652903	1.3003872659080837	0.8494109405359715	2.5391185976397677	2.6459508282010296	0.34251108741167213	0.3632532281304987	0.35068447897910826	0.526337170202958	0.5653243893113695	1.0212826301407205
369	-23.850541174345732	-11196.951386048517	0.7772870711652903	1.3003872659080837	0.8494109405359715	2.5391185976397677	2.6459508282010296	0.34251108741167213	0.3632532281304987	0.35068447897910826	0.526337170202958	0.5653243893113695	1.0212826301407205
370	-23.850541174345732	-11196.685180150556	0.7772870711652903	1.3003872659080837	0.8494109405359715	2.5391185976397677	2.6459508282010296	0.34251108741167213	0.3632532281304987	0.35068447897910826	0.526337170202958	0.5653243893113695	1.0212826301407205
371	-23.850541174345732	-11196.685180150556	0.7772870711652903	1.3003872659080837	0.8494109405359715	2.5391185976397677	2.6459508282010296	0.34251108741167213	0.3632532281304987	0.35068447897910826	0.526337170202958	0.5653243893113695	1.0212826301407205
372	-23.850541174345732	-11196.685180150556	0.7772870711652903	1.3003872659080837	0.8494109405359715	2.5391185976397677	2.6459508282010296	0.34251108741167213	0.3632532281304987	0.35068447897910826	0.526337170202958	0.5653243893113695	1.0212826301407205
373	-23.850541174345732	-11196.685180150556	0.7772870711652903	1.3003872659080837	0.8494109405359715	2.5391185976397677	2.6459508282010296	0.34251108741167213	0.3632532281304987	0.35068447897910826	0.526337170202958	0.5653243893113695	1.0212826301407205
374	-23.850541174345732	-11196.685180150556	0.7772870711652903	1.3003872659080837	0.8494109405359715	2.5391185976397677	2.6459508282010296	0.34251108741167213	0.3632532281304987	0.35068447897910826	0.526337170202958	0.5653243893113695	1.0212826301407205
375	-23.850541174345732	-11196.685180150556	0.7772870711652903	1.3003872659080837	0.8494109405359715	2.5391185976397677	2.6459508282010296	0.34251108741167213	0.3632532281304987	0.35068447897910826	0.526337170202958	0.5653243893113695	1.0212826301407205
376	-23.850541174345732	-11196.685180150556	0.7772870711652903	1.3003872659080837	0.8494109405359715	2.5391185976397677	2.6459508282010296	0.34251108741167213	0.3632532281304987	0.35068447897910826	0.526337170202958	0.5653243893113695	1.0212826301407205
377	-23.850541174345732	-11196.685180150556	0.7772870711652903	1.3003872659080837	0.8494109405359715	2.5391185976397677	2.6459508282010296	0.34251108741167213	0.3632532281304987	0.35068447897910826	0.526337170202958	0.5653243893113695	1.0212826301407205
378	-23.845352359160824	-11194.503517557438	0.7772870711652903	1.3003872659080837	0.8494109405359715	2.5391185976397677	2.6459508282010296	0.34251108741167213	0.3632532281304987	0.35068447897910826	0.526337170202958	0.5653243893113695	1.0212826301407205
379	-23.62194158970264	-11173.225196868036	0.7772870711652903	1.3003872659080837	0.8494109405359715	2.5391185976397677	2.6459508282010296	0.34251108741167213	0.3632532281304987	0.35068447897910826	0.526337170202958	0.5653243893113695	1.0212826301407205
380	-23.62194158970264	-11173.225196868036	0.7772870711652903	1.3003872659080837	0.8494109405359715	2.5391185976397677	2.6459508282010296	0.34251108741167213	0.3632532281304987	0.35068447897910826	0.526337170202958	0.5653243893113695	1.0212826301407205
381	-23.62194158970264	-11173.495649322675	0.7772870711652903	1.3003872659080837	0.8494109405359715	2.5391185976397677	2.6459508282010296	0.34251108741167213	0.3632532281304987	0.35068447897910826	0.526337170202958	0.5653243893113695	1.0212826301407205
382	-23.62194158970264	-11173.495649322675	0.7772870711652903	1.3003872659080837	0.8494109405359715	2.5391185976397677	2.6459508282010296	0.34251108741167213	0.3632532281304987	0.35068447897910826	0.526337170202958	0.5653243893113695	1.0212826301407205
383	-23.62194158970264	-11173.495649322675	0.7772870711652903	1.3003872659080837	0.8494109405359715	2.5391185976397677	2.6459508282010296	0.34251108741167213	0.3632532281304987	0.35068447897910826	0.526337170202958	0.5653243893113695	1.0212826301407205
384	-23.62194158970264	-11173.86670261796	0.7772870711652903	1.3003872659080837	0.8494109405359715	2.5391185976397677	2.6459508282010296	0.34251108741167213	0.3632532281304987	0.35068447897910826	0.526337170202958	0.5653243893113695	1.0212826301407205
385	-23.62194158970264	-11173.86670261796	0.7772870711652903	1.3003872659080837	0.8494109405359715	2.5391185976397677	2.6459508282010296	0.34251108741167213	0.3632532281304987	0.35068447897910826	0.526337170202958	0.5653243893113695	1.0212826301407205
386	-23.62194158970264	-11173.86670261796	0.7772870711652903	1.3003872659080837	0.8494109405359715	2.5391185976397677	2.6459508282010296	0.34251108741167213	0.3632532281304987	0.35068447897910826	0.526337170202958	0.5653243893113695	1.0212826301407205
387	-23.62194158970264	-11173.86670261796	0.7772870711652903	1.3003872659080837	0.8494109405359715	2.5391185976397677	2.6459508282010296	0.34251108741167213	0.3632532281304987	0.35068447897910826	0.526337170202958	0.5653243893113695	1.0212826301407205
388	-23.62194158970264	-11173.86670261796	0.7772870711652903	1.3003872659080837	0.8494109405359715	2.5391185976397677	2.6459508282010296	0.34251108741167213	0.3632532281304987	0.35068447897910826	0.526337170202958	0.5653243893113695	1.0212826301407205
389	-23.62194158970264	-11173.934409722566	0.7772870711652903	1.3003872659080837	0.8494109405359715	2.5391185976397677	2.6459508282010296	0.34251108741167213	0.3632532281304987	0.35068447897910826	0.526337170202958	0.5653243893113695	1.0212826301407205
390	-23.62194158970264	-11173.858037275504	0.7772870711652903	1.3003872659080837	0.8494109405359715	2.5391185976397677	2.6459508282010296	0.34251108741167213	0.3632532281304987	0.35068447897910826	0.526337170202958	0.5653243893113695	1.0212826301407205
391	-23.633976432059765	-11166.504858630075	0.7772870711652903	1.3003872659080837	0.8494109405359715	2.5391185976397677	2.6459508282010296	0.34251108741167213	0.3632532281304987	0.35068447897910826	0.526337170202958	0.5653243893113695	1.0212826301407205
392	-23.633976432059765	-11166.504858630075	0.7772870711652903	1.3003872659080837	0.8494109405359715	2.5391185976397677	2.6459508282010296	0.34251108741167213	0.3632532281304987	0.35068447897910826	0.526337170202958	0.5653243893113695	1.0212826301407205
393	-23.633976432059765	-11166.504858630075	0.7772870711652903	1.3003872659080837	0.8494109405359715	2.5391185976397677	2.6459508282010296	0.34251108741167213	0.3632532281304987	0.35068447897910826	0.526337170202958	0.5653243893113695	1.0212826301407205
394	-23.633976432059765	-11166.693702827037	0.7772870711652903	1.3003872659080837	0.8494109405359715	2.5391185976397677	2.6459508282010296	0.34251108741167213	0.3632532281304987	0.35068447897910826	0.526337170202958	0.5653243893113695	1.0212826301407205
395	-23.633976432059765	-11166.693702827037	0.7772870711652903	1.3003872659080837	0.8494109405359715	2.5391185976397677	2.6459508282010296	0.34251108741167213	0.3632532281304987	0.35068447897910826	0.526337170202958	0.5653243893113695	1.0212826301407205
396	-23.633976432059765	-11166.693702827037	0.7772870711652903	1.3003872659080837	0.8494109405359715	2.5391185976397677	2.6459508282010296	0.34251108741167213	0.3632532281304987	0.35068447897910826	0.526337170202958	0.5653243893113695	1.0212826301407205
397	-23.633976432059765	-11166.693702827037	0.7772870711652903	1.3003872659080837	0.8494109405359715	2.5391185976397677	2.6459508282010296	0.34251108741167213	0.3632532281304987	0.35068447897910826	0.526337170202958	0.5653243893113695	1.0212826301407205
398	-23.633976432059765	-11164.77970701326	0.7772870711652903	1.3003872659080837	0.8494109405359715	2.5391185976397677	2.6459508282010296	0.34251108741167213	0.3632532281304987	0.35068447897910826	0.526337170202958	0.5653243893113695	1.0212826301407205
399	-23.633976432059765	-11164.77970701326	0.7772870711652903	1.3003872659080837	0.8494109405359715	2.5391185976397677	2.6459508282010296	0.34251108741167213	0.3632532281304987	0.35068447897910826	0.526337170202958	0.5653243893113695	1.0212826301407205
400	-23.633976432059765	-11164.77970701326	0.7772870711652903	1.3003872659080837	0.8494109405359715	2.5391185976397677	2.6459508282010296	0.34251108741167213	0.3632532281304987	0.35068447897910826	0.526337170202958	0.5653243893113695	1.0212826301407205
401	-23.633976432059765	-11164.77970701326	0.7772870711652903	1.3003872659080837	0.8494109405359715	2.5391185976397677	2.6459508282010296	0.34251108741167213	0.3632532281304987	0.35068447897910826	0.526337170202958	0.5653243893113695	1.0212826301407205
402	-23.633976432059765	-11164.77970701326	0.7772870711652903	1.3003872659080837	0.8494109405359715	2.5391185976397677	2.6459508282010296	0.34251108741167213	0.3632532281304987	0.35068447897910826	0.526337170202958	0.5653243893113695	1.0212826301407205
403	-23.560766747058832	-11082.271866627088	0.7772870711652903	1.3003872659080837	0.8494109405359715	2.5391185976397677	2.6459508282010296	0.34251108741167213	0.3632532281304987	0.35068447897910826	0.526337170202958	0.5653243893113695	1.0212826301407205
404	-23.560766747058832	-11082.271866627088	0.7772870711652903	1.3003872659080837	0.8494109405359715	2.5391185976397677	2.6459508282010296	0.34251108741167213	0.3632532281304987	0.35068447897910826	0.526337170202958	0.5653243893113695	1.0212826301407205
405	-23.56409514077421	-11083.188620244851	0.7772870711652903	1.3003872659080837	0.8494109405359715	2.5391185976397677	2.6459508282010296	0.34251108741167213	0.3632532281304987	0.35068447897910826	0.526337170202958	0.5653243893113695	1.0212826301407205
406	-23.56409514077421	-11082.499277536263	0.7772870711652903	1.3003872659080837	0.8494109405359715	2.5391185976397677	2.6459508282010296	0.34251108741167213	0.3632532281304987	0.35068447897910826	0.526337170202958	0.5653243893113695	1.0212826301407205
407	-23.56409514077421	-11082.499277536263	0.7772870711652903	1.3003872659080837	0.8494109405359715	2.5391185976397677	2.6459508282010296	0.34251108741167213	0.3632532281304987	0.35068447897910826	0.526337170202958	0.5653243893113695	1.0212826301407205
408	-23.56409514077421	-11082.499277536263	0.7772870711652903	1.3003872659080837	0.8494109405359715	2.5391185976397677	2.6459508282010296	0.34251108741167213	0.3632532281304987	0.35068447897910826	0.526337170202958	0.5653243893113695	1.0212826301407205
409	-23.56409514077421	-11082.499277536263	0.7772870711652903	1.3003872659080837	0.8494109405359715	2.5391185976397677	2.6459508282010296	0.34251108741167213	0.3632532281304987	0.35068447897910826	0.526337170202958	0.5653243893113695	1.0212826301407205
410	-23.56409514077421	-11082.499277536263	0.7772870711652903	1.3003872659080837	0.8494109405359715	2.5391185976397677	2.6459508282010296	0.34251108741167213	0.3632532281304987	0.35068447897910826	0.526337170202958	0.5653243893113695	1.0212826301407205
411	-23.56409514077421	-11082.499277536263	0.7772870711652903	1.3003872659080837	0.8494109405359715	2.5391185976397677	2.6459508282010296	0.34251108741167213	0.3632532281304987	0.35068447897910826	0.526337170202958	0.5653243893113695	1.0212826301407205
412	-23.56344185077553	-11082.310645334486	0.7772870711652903	1.3003872659080837	0.8494109405359715	2.5391185976397677	2.6459508282010296	0.34251108741167213	0.3632532281304987	0.35068447897910826	0.526337170202958	0.5653243893113695	1.0212826301407205
413	-23.56344185077553	-11082.310645334486	0.7772870711652903	1.3003872659080837	0.8494109405359715	2.5391185976397677	2.6459508282010296	0.34251108741167213	0.3632532281304987	0.35068447897910826	0.526337170202958	0.5653243893113695	1.0212826301407205
414	-23.56344185077553	-11082.310645334486	0.7772870711652903	1.3003872659080837	0.8494109405359715	2.5391185976397677	2.6459508282010296	0.34251108741167213	0.3632532281304987	0.35068447897910826	0.526337170202958	0.5653243893113695	1.0212826301407205
415	-23.56344185077553	-11082.310645334486	0.7772870711652903	1.3003872659080837	0.8494109405359715	2.5391185976397677	2.6459508282010296	0.34251108741167213	0.3632532281304987	0.35068447897910826	0.526337170202958	0.5653243893113695	1.0212826301407205
416	-23.56344185077553	-11082.310645334486	0.7772870711652903	1.3003872659080837	0.8494109405359715	2.5391185976397677	2.6459508282010296	0.34251108741167213	0.3632532281304987	0.35068447897910826	0.526337170202958	0.5653243893113695	1.0212826301407205
417	-23.56344185077553	-11082.310645334486	0.7772870711652903	1.3003872659080837	0.8494109405359715	2.5391185976397677	2.6459508282010296	0.34251108741167213	0.3632532281304987	0.35068447897910826	0.526337170202958	0.5653243893113695	1.0212826301407205
418	-23.56344185077553	-11082.310645334486	0.7772870711652903	1.3003872659080837	0.8494109405359715	2.5391185976397677	2.6459508282010296	0.34251108741167213	0.3632532281304987	0.35068447897910826	0.526337170202958	0.5653243893113695	1.0212826301407205
419	-23.56344185077553	-11082.310645334486	0.7772870711652903	1.3003872659080837	0.8494109405359715	2.5391185976397677	2.6459508282010296	0.34251108741167213	0.3632532281304987	0.35068447897910826	0.526337170202958	0.5653243893113695	1.0212826301407205
420	-23.56344185077553	-11081.107693008695	0.7772870711652903	1.3003872659080837	0.8494109405359715	2.5391185976397677	2.6459508282010296	0.34251108741167213	0.3632532281304987	0.35068447897910826	0.526337170202958	0.5653243893113695	1.0212826301407205
421	-23.56344185077553	-11081.107693008695	0.7772870711652903	1.3003872659080837	0.8494109405359715	2.5391185976397677	2.6459508282010296	0.34251108741167213	0.3632532281304987	0.35068447897910826	0.526337170202958	0.5653243893113695	1.0212826301407205
422	-23.56344185077553	-11081.107693008695	0.7772870711652903	1.3003872659080837	0.8494109405359715	2.5391185976397677	2.6459508282010296	0.34251108741167213	0.3632532281304987	0.35068447897910826	0.526337170202958	0.5653243893113695	1.0212826301407205
423	-23.56344185077553	-11081.107693008695	0.7772870711652903	1.3003872659080837	0.8494109405359715	2.5391185976397677	2.6459508282010296	0.34251108741167213	0.3632532281304987	0.35068447897910826	0.526337170202958	0.5653243893113695	1.0212826301407205
424	-23.56344185077553	-11070.401713276427	0.7772870711652903	1.3003872659080837	0.8494109405359715	2.5391185976397677	2.6459508282010296	0.34251108741167213	0.3632532281304987	0.35068447897910826	0.526337170202958	0.5653243893113695	1.0212826301407205
425	-24.83477115451977	-11070.401713276427	0.7772870711652903	1.3003872659080837	0.8494109405359715	2.5391185976397677	2.6459508282010296	0.3128716708922483	0.41271633636297184	0.30930879207949336	0.544609332223516	0.651587697171093	1.0212826301407205
426	-24.83477115451977	-11070.233369187026	0.7772870711652903	1.3003872659080837	0.8494109405359715	2.5391185976397677	2.6459508282010296	0.3128716708922483	0.41271633636297184	0.30930879207949336	0.544609332223516	0.651587697171093	1.0212826301407205
427	-24.83477115451977	-11070.233369187026	0.7772870711652903	1.3003872659080837	0.8494109405359715	2.5391185976397677	2.6459508282010296	0.3128716708922483	0.41271633636297184	0.30930879207949336	0.544609332223516	0.651587697171093	1.0212826301407205
428	-24.83477115451977	-11070.233369187026	0.7772870711652903	1.3003872659080837	0.8494109405359715	2.5391185976397677	2.6459508282010296	0.3128716708922483	0.41271633636297184	0.30930879207949336	0.544609332223516	0.651587697171093	1.0212826301407205
429	-24.83477115451977	-11070.233369187026	0.7772870711652903	1.3003872659080837	0.8494109405359715	2.5391185976397677	2.6459508282010296	0.3128716708922483	0.41271633636297184	0.30930879207949336	0.544609332223516	0.651587697171093	1.0212826301407205
430	-24.833770274770103	-11070.11590995856	0.7772870711652903	1.3003872659080837	0.8494109405359715	2.5391185976397677	2.6459508282010296	0.3128716708922483	0.41271633636297184	0.30930879207949336	0.544609332223516	0.651587697171093	1.0212826301407205
431	-24.833770274770103	-11070.11590995856	0.7772870711652903	1.3003872659080837	0.8494109405359715	2.5391185976397677	2.6459508282010296	0.3128716708922483	0.41271633636297184	0.30930879207949336	0.544609332223516	0.651587697171093	1.0212826301407205
432	-24.80162915859769	-11064.048268973223	0.7772870711652903	1.3003872659080837	0.8494109405359715	2.5391185976397677	2.6459508282010296	0.3128716708922483	0.41271633636297184	0.30930879207949336	0.544609332223516	0.651587697171093	1.0212826301407205
433	-24.80162915859769	-11064.048268973223	0.7772870711652903	1.3003872659080837	0.8494109405359715	2.5391185976397677	2.6459508282010296	0.3128716708922483	0.41271633636297184	0.30930879207949336	0.544609332223516	0.651587697171093	1.0212826301407205
434	-24.80162915859769	-11064.048268973223	0.7772870711652903	1.3003872659080837	0.8494109405359715	2.5391185976397677	2.6459508282010296	0.3128716708922483	0.41271633636297184	0.30930879207949336	0.544609332223516	0.651587697171093	1.0212826301407205
435	-24.80162915859769	-11064.969598289988	0.7772870711652903	1.3003872659080837	0.8494109405359715	2.5391185976397677	2.6459508282010296	0.3128716708922483	0.41271633636297184	0.30930879207949336	0.544609332223516	0.651587697171093	1.0212826301407205
436	-24.80162915859769	-11064.969598289988	0.7772870711652903	1.3003872659080837	0.8494109405359715	2.5391185976397677	2.6459508282010296	0.3128716708922483	0.41271633636297184	0.30930879207949336	0.544609332223516	0.651587697171093	1.0212826301407205
437	-24.501641095950184	-11064.969598289988	0.7772870711652903	1.3003872659080837	0.8494109405359715	2.5391185976397677	2.6459508282010296	0.3128716708922483	0.41271633636297184	0.30930879207949336	0.544609332223516	0.651587697171093	0.8439006066807737
438	-24.501641095950184	-11064.969598289988	0.7772870711652903	1.3003872659080837	0.8494109405359715	2.5391185976397677	2.6459508282010296	0.3128716708922483	0.41271633636297184	0.30930879207949336	0.544609332223516	0.651587697171093	0.8439006066807737
439	-24.501641095950184	-11064.969598289988	0.7772870711652903	1.3003872659080837	0.8494109405359715	2.5391185976397677	2.6459508282010296	0.3128716708922483	0.41271633636297184	0.30930879207949336	0.544609332223516	0.651587697171093	0.8439006066807737
440	-24.501641095950184	-11064.969598289988	0.7772870711652903	1.3003872659080837	0.8494109405359715	2.5391185976397677	2.6459508282010296	0.3128716708922483	0.41271633636297184	0.30930879207949336	0.544609332223516	0.651587697171093	0.8439006066807737
441	-24.501641095950184	-11064.969598289988	0.7772870711652903	1.3003872659080837	0.8494109405359715	2.5391185976397677	2.6459508282010296	0.3128716708922483	0.41271633636297184	0.30930879207949336	0.544609332223516	0.651587697171093	0.8439006066807737
442	-24.501641095950184	-11064.969598289988	0.7772870711652903	1.3003872659080837	0.8494109405359715	2.5391185976397677	2.6459508282010296	0.3128716708922483	0.41271633636297184	0.30930879207949336	0.544609332223516	0.651587697171093	0.8439006066807737
443	-24.501730296893008	-11065.280030069089	0.7772870711652903	1.3003872659080837	0.8494109405359715	2.5391185976397677	2.6459508282010296	0.3128716708922483	0.41271633636297184	0.30930879207949336	0.544609332223516	0.651587697171093	0.8439006066807737
444	-24.69711694609496	-11065.280030069089	0.7772870711652903	1.3003872659080837	0.8494109405359715	2.5391185976397677	2.6459508282010296	0.3128716708922483	0.41271633636297184	0.30930879207949336	0.544609332223516	0.651587697171093	0.9596385658722616
445	-24.496409581025112	-11041.553725359474	0.7772870711652903	1.3003872659080837	0.8494109405359715	2.5391185976397677	2.6459508282010296	0.3128716708922483	0.41271633636297184	0.30930879207949336	0.544609332223516	0.651587697171093	0.9596385658722616
446	-24.496409581025112	-11041.553725359474	0.7772870711652903	1.3003872659080837	0.8494109405359715	2.5391185976397677	2.6459508282010296	0.3128716708922483	0.41271633636297184	0.30930879207949336	0.544609332223516	0.651587697171093	0.9596385658722616
447	-24.496409581025112	-11041.178297435708	0.7772870711652903	1.3003872659080837	0.8494109405359715	2.5391185976397677	2.6459508282010296	0.3128716708922483	0.41271633636297184	0.30930879207949336	0.544609332223516	0.651587697171093	0.9596385658722616
448	-24.500759674537584	-11037.329954779128	0.7772870711652903	1.3003872659080837	0.8494109405359715	2.5391185976397677	2.6459508282010296	0.3128716708922483	0.41271633636297184	0.30930879207949336	0.544609332223516	0.651587697171093	0.9596385658722616
449	-24.550252278525512	-10969.623937729502	0.7772870711652903	1.3003872659080837	0.8494109405359715	2.5391185976397677	2.6459508282010296	0.3128716708922483	0.41271633636297184	0.30930879207949336	0.544609332223516	0.651587697171093	0.9596385658722616
450	-24.550252278525512	-10970.570988280228	0.7772870711652903	1.3003872659080837	0.8494109405359715	2.5391185976397677	2.6459508282010296	0.3128716708922483	0.41271633636297184	0.30930879207949336	0.544609332223516	0.651587697171093	0.9596385658722616
451	-24.550252278525512	-10970.570988280228	0.7772870711652903	1.3003872659080837	0.8494109405359715	2.5391185976397677	2.6459508282010296	0.3128716708922483	0.41271633636297184	0.30930879207949336	0.544609332223516	0.651587697171093	0.9596385658722616
452	-24.550252278525512	-10970.570988280228	0.7772870711652903	1.3003872659080837	0.8494109405359715	2.5391185976397677	2.6459508282010296	0.3128716708922483	0.41271633636297184	0.30930879207949336	0.544609332223516	0.651587697171093	0.9596385658722616
453	-24.550252278525512	-10970.570988280228	0.7772870711652903	1.3003872659080837	0.8494109405359715	2.5391185976397677	2.6459508282010296	0.3128716708922483	0.41271633636297184	0.30930879207949336	0.544609332223516	0.651587697171093	0.9596385658722616
454	-24.550252278525512	-10970.570988280228	0.7772870711652903	1.3003872659080837	0.8494109405359715	2.5391185976397677	2.6459508282010296	0.3128716708922483	0.41271633636297184	0.30930879207949336	0.544609332223516	0.651587697171093	0.9596385658722616
455	-24.550252278525512	-10970.570988280228	0.7772870711652903	1.3003872659080837	0.8494109405359715	2.5391185976397677	2.6459508282010296	0.3128716708922483	0.41271633636297184	0.30930879207949336	0.544609332223516	0.651587697171093	0.9596385658722616
456	-24.550252278525512	-10969.623937729502	0.7772870711652903	1.3003872659080837	0.8494109405359715	2.5391185976397677	2.6459508282010296	0.3128716708922483	0.41271633636297184	0.30930879207949336	0.544609332223516	0.651587697171093	0.9596385658722616
457	-24.550252278525512	-10969.623937729502	0.7772870711652903	1.3003872659080837	0.8494109405359715	2.5391185976397677	2.6459508282010296	0.3128716708922483	0.41271633636297184	0.30930879207949336	0.544609332223516	0.651587697171093	0.9596385658722616
458	-24.55052741782452	-10969.946856353083	0.7772870711652903	1.3003872659080837	0.8494109405359715	2.5391185976397677	2.6459508282010296	0.3128716708922483	0.41271633636297184	0.30930879207949336	0.544609332223516	0.651587697171093	0.9596385658722616
459	-24.55052741782452	-10969.946856353083	0.7772870711652903	1.3003872659080837	0.8494109405359715	2.5391185976397677	2.6459508282010296	0.3128716708922483	0.41271633636297184	0.30930879207949336	0.544609332223516	0.651587697171093	0.9596385658722616
460	-24.55052741782452	-10969.946856353083	0.7772870711652903	1.3003872659080837	0.8494109405359715	2.5391185976397677	2.6459508282010296	0.3128716708922483	0.41271633636297184	0.30930879207949336	0.544609332223516	0.651587697171093	0.9596385658722616
461	-24.55052741782452	-10969.946856353083	0.7772870711652903	1.3003872659080837	0.8494109405359715	2.5391185976397677	2.6459508282010296	0.3128716708922483	0.41271633636297184	0.30930879207949336	0.544609332223516	0.651587697171093	0.9596385658722616
462	-24.55052741782452	-10969.946856353083	0.7772870711652903	1.3003872659080837	0.8494109405359715	2.5391185976397677	2.6459508282010296	0.3128716708922483	0.41271633636297184	0.30930879207949336	0.544609332223516	0.651587697171093	0.9596385658722616
463	-24.55052741782452	-10967.5871291007	0.7772870711652903	1.3003872659080837	0.8494109405359715	2.5391185976397677	2.6459508282010296	0.3128716708922483	0.41271633636297184	0.30930879207949336	0.544609332223516	0.651587697171093	0.9596385658722616
464	-24.55052741782452	-10967.5871291007	0.7772870711652903	1.3003872659080837	0.8494109405359715	2.5391185976397677	2.6459508282010296	0.3128716708922483	0.41271633636297184	0.30930879207949336	0.544609332223516	0.651587697171093	0.9596385658722616
465	-24.55052741782452	-10969.267475071974	0.7772870711652903	1.3003872659080837	0.8494109405359715	2.5391185976397677	2.6459508282010296	0.3128716708922483	0.41271633636297184	0.30930879207949336	0.544609332223516	0.651587697171093	0.9596385658722616
466	-24.55052741782452	-10967.97335260483	0.7772870711652903	1.3003872659080837	0.8494109405359715	2.5391185976397677	2.6459508282010296	0.3128716708922483	0.41271633636297184	0.30930879207949336	0.544609332223516	0.651587697171093	0.9596385658722616
467	-24.55052741782452	-10967.97335260483	0.7772870711652903	1.3003872659080837	0.8494109405359715	2.5391185976397677	2.6459508282010296	0.3128716708922483	0.41271633636297184	0.30930879207949336	0.544609332223516	0.651587697171093	0.9596385658722616
468	-24.55052741782452	-10967.97335260483	0.7772870711652903	1.3003872659080837	0.8494109405359715	2.5391185976397677	2.6459508282010296	0.3128716708922483	0.41271633636297184	0.30930879207949336	0.544609332223516	0.651587697171093	0.9596385658722616
469	-24.55052741782452	-10967.97335260483	0.7772870711652903	1.3003872659080837	0.8494109405359715	2.5391185976397677	2.6459508282010296	0.3128716708922483	0.41271633636297184	0.30930879207949336	0.544609332223516	0.651587697171093	0.9596385658722616
470	-23.602238642523435	-10967.97335260483	0.7772870711652903	1.3003872659080837	0.8494109405359715	2.5391185976397677	2.6459508282010296	0.3276236342758335	0.4834300303320269	0.23202321672258883	0.6711718113345526	0.5864501858427107	0.9596385658722616
471	-23.648458385973502	-10935.71235375723	0.7772870711652903	1.3003872659080837	0.8494109405359715	2.5391185976397677	2.6459508282010296	0.3276236342758335	0.4834300303320269	0.23202321672258883	0.6711718113345526	0.5864501858427107	0.9596385658722616
472	-23.648458385973502	-10935.71235375723	0.7772870711652903	1.3003872659080837	0.8494109405359715	2.5391185976397677	2.6459508282010296	0.3276236342758335	0.4834300303320269	0.23202321672258883	0.6711718113345526	0.5864501858427107	0.9596385658722616
473	-23.61679216154653	-10885.448108909519	0.7772870711652903	1.3003872659080837	0.8494109405359715	2.5391185976397677	2.6459508282010296	0.3276236342758335	0.4834300303320269	0.23202321672258883	0.6711718113345526	0.5864501858427107	0.9596385658722616
474	-23.61679216154653	-10885.448108909519	0.7772870711652903	1.3003872659080837	0.8494109405359715	2.5391185976397677	2.6459508282010296	0.3276236342758335	0.4834300303320269	0.23202321672258883	0.6711718113345526	0.5864501858427107	0.9596385658722616
475	-23.61679216154653	-10885.448108909519	0.7772870711652903	1.3003872659080837	0.8494109405359715	2.5391185976397677	2.6459508282010296	0.3276236342758335	0.4834300303320269	0.23202321672258883	0.6711718113345526	0.5864501858427107	0.9596385658722616
476	-23.61679216154653	-10884.766937919572	0.7772870711652903	1.3003872659080837	0.8494109405359715	2.5391185976397677	2.6459508282010296	0.3276236342758335	0.4834300303320269	0.23202321672258883	0.6711718113345526	0.5864501858427107	0.9596385658722616
477	-23.61679216154653	-10885.225222691344	0.7772870711652903	1.3003872659080837	0.8494109405359715	2.5391185976397677	2.6459508282010296	0.3276236342758335	0.4834300303320269	0.23202321672258883	0.6711718113345526	0.5864501858427107	0.9596385658722616
478	-17.895586773595106	-10885.225222691344	0.9388458301425711	1.0201579785613692	0.7096395969659778	2.9929128599174177	2.8861554015007576	0.3276236342758335	0.4834300303320269	0.23202321672258883	0.6711718113345526	0.5864501858427107	0.9596385658722616
479	-17.892429517835573	-10883.059298620918	0.9388458301425711	1.0201579785613692	0.7096395969659778	2.9929128599174177	2.8861554015007576	0.3276236342758335	0.4834300303320269	0.23202321672258883	0.6711718113345526	0.5864501858427107	0.9596385658722616
480	-17.892429517835573	-10883.059298620918	0.9388458301425711	1.0201579785613692	0.7096395969659778	2.9929128599174177	2.8861554015007576	0.3276236342758335	0.4834300303320269	0.23202321672258883	0.6711718113345526	0.5864501858427107	0.9596385658722616
481	-17.892429517835573	-10883.059298620918	0.9388458301425711	1.0201579785613692	0.7096395969659778	2.9929128599174177	2.8861554015007576	0.3276236342758335	0.4834300303320269	0.23202321672258883	0.6711718113345526	0.5864501858427107	0.9596385658722616
482	-17.871819388423155	-10861.549156167599	0.9388458301425711	1.0201579785613692	0.7096395969659778	2.9929128599174177	2.8861554015007576	0.3276236342758335	0.4834300303320269	0.23202321672258883	0.6711718113345526	0.5864501858427107	0.9596385658722616
483	-17.871819388423155	-10859.620140081019	0.9388458301425711	1.0201579785613692	0.7096395969659778	2.9929128599174177	2.8861554015007576	0.3276236342758335	0.4834300303320269	0.23202321672258883	0.6711718113345526	0.5864501858427107	0.9596385658722616
484	-17.871819388423155	-10859.620140081019	0.9388458301425711	1.0201579785613692	0.7096395969659778	2.9929128599174177	2.8861554015007576	0.3276236342758335	0.4834300303320269	0.23202321672258883	0.6711718113345526	0.5864501858427107	0.9596385658722616
485	-17.871819388423155	-10859.620140081019	0.9388458301425711	1.0201579785613692	0.7096395969659778	2.9929128599174177	2.8861554015007576	0.3276236342758335	0.4834300303320269	0.23202321672258883	0.6711718113345526	0.5864501858427107	0.9596385658722616
486	-17.871819388423155	-10859.620140081019	0.9388458301425711	1.0201579785613692	0.7096395969659778	2.9929128599174177	2.8861554015007576	0.3276236342758335	0.4834300303320269	0.23202321672258883	0.6711718113345526	0.5864501858427107	0.9596385658722616
487	-17.871819388423155	-10859.620140081019	0.9388458301425711	1.0201579785613692	0.7096395969659778	2.9929128599174177	2.8861554015007576	0.3276236342758335	0.4834300303320269	0.23202321672258883	0.6711718113345526	0.5864501858427107	0.9596385658722616
488	-17.866463378395114	-10860.757983859465	0.9388458301425711	1.0201579785613692	0.7096395969659778	2.9929128599174177	2.8861554015007576	0.3276236342758335	0.4834300303320269	0.23202321672258883	0.6711718113345526	0.5864501858427107	0.9596385658722616
489	-17.866463378395114	-10860.757983859465	0.9388458301425711	1.0201579785613692	0.7096395969659778	2.9929128599174177	2.8861554015007576	0.3276236342758335	0.4834300303320269	0.23202321672258883	0.6711718113345526	0.5864501858427107	0.9596385658722616
490	-17.850115295231635	-10861.977082886917	0.9388458301425711	1.0201579785613692	0.7096395969659778	2.9929128599174177	2.8861554015007576	0.3276236342758335	0.4834300303320269	0.23202321672258883	0.6711718113345526	0.5864501858427107	0.9596385658722616
491	-17.850115295231635	-10861.977082886917	0.9388458301425711	1.0201579785613692	0.7096395969659778	2.9929128599174177	2.8861554015007576	0.3276236342758335	0.4834300303320269	0.23202321672258883	0.6711718113345526	0.5864501858427107	0.9596385658722616
492	-17.850115295231635	-10862.161987371097	0.9388458301425711	1.0201579785613692	0.7096395969659778	2.9929128599174177	2.8861554015007576	0.3276236342758335	0.4834300303320269	0.23202321672258883	0.6711718113345526	0.5864501858427107	0.9596385658722616
493	-17.850115295231635	-10859.17182864192	0.9388458301425711	1.0201579785613692	0.7096395969659778	2.9929128599174177	2.8861554015007576	0.3276236342758335	0.4834300303320269	0.23202321672258883	0.6711718113345526	0.5864501858427107	0.9596385658722616
494	-17.850115295231635	-10859.17182864192	0.9388458301425711	1.0201579785613692	0.7096395969659778	2.9929128599174177	2.8861554015007576	0.3276236342758335	0.4834300303320269	0.23202321672258883	0.6711718113345526	0.5864501858427107	0.9596385658722616
495	-17.820863013138894	-10859.015395020078	0.9388458301425711	1.0201579785613692	0.7096395969659778	2.9929128599174177	2.8861554015007576	0.3276236342758335	0.4834300303320269	0.23202321672258883	0.6711718113345526	0.5864501858427107	0.9596385658722616
496	-17.820863013138894	-10853.315901242744	0.9388458301425711	1.0201579785613692	0.7096395969659778	2.9929128599174177	2.8861554015007576	0.3276236342758335	0.4834300303320269	0.23202321672258883	0.6711718113345526	0.5864501858427107	0.9596385658722616
497	-17.80899682816872	-10837.876047395279	0.9388458301425711	1.0201579785613692	0.7096395969659778	2.9929128599174177	2.8861554015007576	0.3276236342758335	0.4834300303320269	0.23202321672258883	0.6711718113345526	0.5864501858427107	0.9596385658722616
498	-17.80899682816872	-10812.192494928526	0.9388458301425711	1.0201579785613692	0.7096395969659778	2.9929128599174177	2.8861554015007576	0.3276236342758335	0.4834300303320269	0.23202321672258883	0.6711718113345526	0.5864501858427107	0.9596385658722616
499	-17.71481090117638	-10805.663637117561	0.9388458301425711	1.0201579785613692	0.7096395969659778	2.9929128599174177	2.8861554015007576	0.3276236342758335	0.4834300303320269	0.23202321672258883	0.6711718113345526	0.5864501858427107	0.9596385658722616
500	-17.71481090117638	-10801.906474393389	0.9388458301425711	1.0201579785613692	0.7096395969659778	2.9929128599174177	2.8861554015007576	0.3276236342758335	0.4834300303320269	0.23202321672258883	0.6711718113345526	0.5864501858427107	0.9596385658722616
501	-17.71481090117638	-10801.906474393389	0.9388458301425711	1.0201579785613692	0.7096395969659778	2.9929128599174177	2.8861554015007576	0.3276236342758335	0.4834300303320269	0.23202321672258883	0.6711718113345526	0.5864501858427107	0.9596385658722616
502	-17.71481090117638	-10801.834510428045	0.9388458301425711	1.0201579785613692	0.7096395969659778	2.9929128599174177	2.8861554015007576	0.3276236342758335	0.4834300303320269	0.23202321672258883	0.6711718113345526	0.5864501858427107	0.9596385658722616
503	-17.710185409100507	-10778.281851288739	0.9388458301425711	1.0201579785613692	0.7096395969659778	2.9929128599174177	2.8861554015007576	0.3276236342758335	0.4834300303320269	0.23202321672258883	0.6711718113345526	0.5864501858427107	0.9596385658722616
504	-17.710185409100507	-10778.281851288739	0.9388458301425711	1.0201579785613692	0.7096395969659778	2.9929128599174177	2.8861554015007576	0.3276236342758335	0.4834300303320269	0.23202321672258883	0.6711718113345526	0.5864501858427107	0.9596385658722616
505	-17.703985245257957	-10779.482226370388	0.9388458301425711	1.0201579785613692	0.7096395969659778	2.9929128599174177	2.8861554015007576	0.3276236342758335	0.4834300303320269	0.23202321672258883	0.6711718113345526	0.5864501858427107	0.9596385658722616
506	-17.703985245257957	-10779.482226370388	0.9388458301425711	1.0201579785613692	0.7096395969659778	2.9929128599174177	2.8861554015007576	0.3276236342758335	0.4834300303320269	0.23202321672258883	0.6711718113345526	0.5864501858427107	0.9596385658722616
507	-17.703985245257957	-10779.482226370388	0.9388458301425711	1.0201579785613692	0.7096395969659778	2.9929128599174177	2.8861554015007576	0.3276236342758335	0.4834300303320269	0.23202321672258883	0.6711718113345526	0.5864501858427107	0.9596385658722616
508	-17.703985245257957	-10779.482226370388	0.9388458301425711	1.0201579785613692	0.7096395969659778	2.9929128599174177	2.8861554015007576	0.3276236342758335	0.4834300303320269	0.23202321672258883	0.6711718113345526	0.5864501858427107	0.9596385658722616
509	-17.703985245257957	-10779.482226370388	0.9388458301425711	1.0201579785613692	0.7096395969659778	2.9929128599174177	2.8861554015007576	0.3276236342758335	0.4834300303320269	0.23202321672258883	0.6711718113345526	0.5864501858427107	0.9596385658722616
510	-17.703985245257957	-10779.482226370388	0.9388458301425711	1.0201579785613692	0.7096395969659778	2.9929128599174177	2.8861554015007576	0.3276236342758335	0.4834300303320269	0.23202321672258883	0.6711718113345526	0.5864501858427107	0.9596385658722616
511	-17.68526336324597	-10746.538341891819	0.9388458301425711	1.0201579785613692	0.7096395969659778	2.9929128599174177	2.8861554015007576	0.3276236342758335	0.4834300303320269	0.23202321672258883	0.6711718113345526	0.5864501858427107	0.9596385658722616
512	-17.68526336324597	-10745.345677191499	0.9388458301425711	1.0201579785613692	0.7096395969659778	2.9929128599174177	2.8861554015007576	0.3276236342758335	0.4834300303320269	0.23202321672258883	0.6711718113345526	0.5864501858427107	0.9596385658722616
513	-17.68526336324597	-10745.345677191499	0.9388458301425711	1.0201579785613692	0.7096395969659778	2.9929128599174177	2.8861554015007576	0.3276236342758335	0.4834300303320269	0.23202321672258883	0.6711718113345526	0.5864501858427107	0.9596385658722616
514	-17.66624544915101	-10744.099128798753	0.9388458301425711	1.0201579785613692	0.7096395969659778	2.9929128599174177	2.8861554015007576	0.3276236342758335	0.4834300303320269	0.23202321672258883	0.6711718113345526	0.5864501858427107	0.9596385658722616
515	-17.66624544915101	-10744.099128798753	0.9388458301425711	1.0201579785613692	0.7096395969659778	2.9929128599174177	2.8861554015007576	0.3276236342758335	0.4834300303320269	0.23202321672258883	0.6711718113345526	0.5864501858427107	0.9596385658722616
516	-17.639098977683137	-10744.461579102843	0.9388458301425711	1.0201579785613692	0.7096395969659778	2.9929128599174177	2.8861554015007576	0.3276236342758335	0.4834300303320269	0.23202321672258883	0.6711718113345526	0.5864501858427107	0.9596385658722616
517	-17.639098977683137	-10744.461579102843	0.9388458301425711	1.0201579785613692	0.7096395969659778	2.9929128599174177	2.8861554015007576	0.3276236342758335	0.4834300303320269	0.23202321672258883	0.6711718113345526	0.5864501858427107	0.9596385658722616
518	-17.639098977683137	-10744.461579102843	0.9388458301425711	1.0201579785613692	0.7096395969659778	2.9929128599174177	2.8861554015007576	0.3276236342758335	0.4834300303320269	0.23202321672258883	0.6711718113345526	0.5864501858427107	0.9596385658722616
519	-17.639098977683137	-10744.461579102843	0.9388458301425711	1.0201579785613692	0.7096395969659778	2.9929128599174177	2.8861554015007576	0.3276236342758335	0.4834300303320269	0.23202321672258883	0.6711718113345526	0.5864501858427107	0.9596385658722616
520	-17.639098977683137	-10744.461579102843	0.9388458301425711	1.0201579785613692	0.7096395969659778	2.9929128599174177	2.8861554015007576	0.3276236342758335	0.4834300303320269	0.23202321672258883	0.6711718113345526	0.5864501858427107	0.9596385658722616
521	-17.639098977683137	-10744.327147070973	0.9388458301425711	1.0201579785613692	0.7096395969659778	2.9929128599174177	2.8861554015007576	0.3276236342758335	0.4834300303320269	0.23202321672258883	0.6711718113345526	0.5864501858427107	0.9596385658722616
522	-17.545272076711665	-10744.327147070973	0.9388458301425711	1.0201579785613692	0.7096395969659778	2.9929128599174177	2.8861554015007576	0.293662941810937	0.547688030326256	0.19153313496831265	0.5721588580358723	0.5807094758542597	0.9596385658722616
523	-17.545272076711665	-10744.327147070973	0.9388458301425711	1.0201579785613692	0.7096395969659778	2.9929128599174177	2.8861554015007576	0.293662941810937	0.547688030326256	0.19153313496831265	0.5721588580358723	0.5807094758542597	0.9596385658722616
524	-17.545272076711665	-10735.835436900106	0.9388458301425711	1.0201579785613692	0.7096395969659778	2.9929128599174177	2.8861554015007576	0.293662941810937	0.547688030326256	0.19153313496831265	0.5721588580358723	0.5807094758542597	0.9596385658722616
525	-17.545272076711665	-10732.878646475428	0.9388458301425711	1.0201579785613692	0.7096395969659778	2.9929128599174177	2.8861554015007576	0.293662941810937	0.547688030326256	0.19153313496831265	0.5721588580358723	0.5807094758542597	0.9596385658722616
526	-17.545272076711665	-10732.878646475428	0.9388458301425711	1.0201579785613692	0.7096395969659778	2.9929128599174177	2.8861554015007576	0.293662941810937	0.547688030326256	0.19153313496831265	0.5721588580358723	0.5807094758542597	0.9596385658722616
527	-17.545272076711665	-10732.878646475428	0.9388458301425711	1.0201579785613692	0.7096395969659778	2.9929128599174177	2.8861554015007576	0.293662941810937	0.547688030326256	0.19153313496831265	0.5721588580358723	0.5807094758542597	0.9596385658722616
528	-17.545272076711665	-10732.878646475428	0.9388458301425711	1.0201579785613692	0.7096395969659778	2.9929128599174177	2.8861554015007576	0.293662941810937	0.547688030326256	0.19153313496831265	0.5721588580358723	0.5807094758542597	0.9596385658722616
529	-17.331261149439346	-10703.253845375853	0.9388458301425711	1.0201579785613692	0.7096395969659778	2.9929128599174177	2.8861554015007576	0.293662941810937	0.547688030326256	0.19153313496831265	0.5721588580358723	0.5807094758542597	0.9596385658722616
530	-17.331261149439346	-10703.253845375853	0.9388458301425711	1.0201579785613692	0.7096395969659778	2.9929128599174177	2.8861554015007576	0.293662941810937	0.547688030326256	0.19153313496831265	0.5721588580358723	0.5807094758542597	0.9596385658722616
531	-17.331261149439346	-10703.214919320873	0.9388458301425711	1.0201579785613692	0.7096395969659778	2.9929128599174177	2.8861554015007576	0.293662941810937	0.547688030326256	0.19153313496831265	0.5721588580358723	0.5807094758542597	0.9596385658722616
532	-17.51095739983687	-10652.677166577654	0.9388458301425711	1.0201579785613692	0.7096395969659778	2.9929128599174177	2.8861554015007576	0.293662941810937	0.547688030326256	0.19153313496831265	0.5721588580358723	0.5807094758542597	0.9596385658722616
533	-17.51095739983687	-10652.677166577654	0.9388458301425711	1.0201579785613692	0.7096395969659778	2.9929128599174177	2.8861554015007576	0.293662941810937	0.547688030326256	0.19153313496831265	0.5721588580358723	0.5807094758542597	0.9596385658722616
534	-17.51095739983687	-10652.677166577654	0.9388458301425711	1.0201579785613692	0.7096395969659778	2.9929128599174177	2.8861554015007576	0.293662941810937	0.547688030326256	0.19153313496831265	0.5721588580358723	0.5807094758542597	0.9596385658722616
535	-17.51095739983687	-10652.677166577654	0.9388458301425711	1.0201579785613692	0.7096395969659778	2.9929128599174177	2.8861554015007576	0.293662941810937	0.547688030326256	0.19153313496831265	0.5721588580358723	0.5807094758542597	0.9596385658722616
536	-17.51095739983687	-10652.677166577654	0.9388458301425711	1.0201579785613692	0.7096395969659778	2.9929128599174177	2.8861554015007576	0.293662941810937	0.547688030326256	0.19153313496831265	0.5721588580358723	0.5807094758542597	0.9596385658722616
537	-17.51095739983687	-10650.121257741046	0.9388458301425711	1.0201579785613692	0.7096395969659778	2.9929128599174177	2.8861554015007576	0.293662941810937	0.547688030326256	0.19153313496831265	0.5721588580358723	0.5807094758542597	0.9596385658722616
538	-17.499726716112136	-10638.37791269028	0.9388458301425711	1.0201579785613692	0.7096395969659778	2.9929128599174177	2.8861554015007576	0.293662941810937	0.547688030326256	0.19153313496831265	0.5721588580358723	0.5807094758542597	0.9596385658722616
539	-17.499726716112136	-10638.37791269028	0.9388458301425711	1.0201579785613692	0.7096395969659778	2.9929128599174177	2.8861554015007576	0.293662941810937	0.547688030326256	0.19153313496831265	0.5721588580358723	0.5807094758542597	0.9596385658722616
540	-17.499726716112136	-10638.970571323205	0.9388458301425711	1.0201579785613692	0.7096395969659778	2.9929128599174177	2.8861554015007576	0.293662941810937	0.547688030326256	0.19153313496831265	0.5721588580358723	0.5807094758542597	0.9596385658722616
541	-17.499726716112136	-10638.970571323205	0.9388458301425711	1.0201579785613692	0.7096395969659778	2.9929128599174177	2.8861554015007576	0.293662941810937	0.547688030326256	0.19153313496831265	0.5721588580358723	0.5807094758542597	0.9596385658722616
542	-17.499726716112136	-10638.970571323205	0.9388458301425711	1.0201579785613692	0.7096395969659778	2.9929128599174177	2.8861554015007576	0.293662941810937	0.547688030326256	0.19153313496831265	0.5721588580358723	0.5807094758542597	0.9596385658722616
543	-17.502485157036503	-10637.855871554797	0.9388458301425711	1.0201579785613692	0.7096395969659778	2.9929128599174177	2.8861554015007576	0.293662941810937	0.547688030326256	0.19153313496831265	0.5721588580358723	0.5807094758542597	0.9596385658722616
544	-17.502485157036503	-10637.855871554797	0.9388458301425711	1.0201579785613692	0.7096395969659778	2.9929128599174177	2.8861554015007576	0.293662941810937	0.547688030326256	0.19153313496831265	0.5721588580358723	0.5807094758542597	0.9596385658722616
545	-17.503660000315776	-10637.201528458554	0.9388458301425711	1.0201579785613692	0.7096395969659778	2.9929128599174177	2.8861554015007576	0.293662941810937	0.547688030326256	0.19153313496831265	0.5721588580358723	0.5807094758542597	0.9596385658722616
546	-17.231439768736383	-10637.201528458554	0.9388458301425711	1.0201579785613692	0.7096395969659778	2.9929128599174177	2.8861554015007576	0.293662941810937	0.547688030326256	0.19153313496831265	0.5721588580358723	0.5807094758542597	0.8102697089431962
547	-17.231439768736383	-10637.201528458554	0.9388458301425711	1.0201579785613692	0.7096395969659778	2.9929128599174177	2.8861554015007576	0.293662941810937	0.547688030326256	0.19153313496831265	0.5721588580358723	0.5807094758542597	0.8102697089431962
548	-17.231439768736383	-10637.201528458554	0.9388458301425711	1.0201579785613692	0.7096395969659778	2.9929128599174177	2.8861554015007576	0.293662941810937	0.547688030326256	0.19153313496831265	0.5721588580358723	0.5807094758542597	0.8102697089431962
549	-17.231439768736383	-10637.201528458554	0.9388458301425711	1.0201579785613692	0.7096395969659778	2.9929128599174177	2.8861554015007576	0.293662941810937	0.547688030326256	0.19153313496831265	0.5721588580358723	0.5807094758542597	0.8102697089431962
550	-17.231439768736383	-10637.201528458554	0.9388458301425711	1.0201579785613692	0.7096395969659778	2.9929128599174177	2.8861554015007576	0.293662941810937	0.547688030326256	0.19153313496831265	0.5721588580358723	0.5807094758542597	0.8102697089431962
551	-17.231439768736383	-10637.201528458554	0.9388458301425711	1.0201579785613692	0.7096395969659778	2.9929128599174177	2.8861554015007576	0.293662941810937	0.547688030326256	0.19153313496831265	0.5721588580358723	0.5807094758542597	0.8102697089431962
552	-17.231439768736383	-10634.974574322765	0.9388458301425711	1.0201579785613692	0.7096395969659778	2.9929128599174177	2.8861554015007576	0.293662941810937	0.547688030326256	0.19153313496831265	0.5721588580358723	0.5807094758542597	0.8102697089431962
553	-17.231439768736383	-10634.974574322765	0.9388458301425711	1.0201579785613692	0.7096395969659778	2.9929128599174177	2.8861554015007576	0.293662941810937	0.547688030326256	0.19153313496831265	0.5721588580358723	0.5807094758542597	0.8102697089431962
554	-17.231439768736383	-10634.974574322765	0.9388458301425711	1.0201579785613692	0.7096395969659778	2.9929128599174177	2.8861554015007576	0.293662941810937	0.547688030326256	0.19153313496831265	0.5721588580358723	0.5807094758542597	0.8102697089431962
555	-17.231439768736383	-10635.717006806817	0.9388458301425711	1.0201579785613692	0.7096395969659778	2.9929128599174177	2.8861554015007576	0.293662941810937	0.547688030326256	0.19153313496831265	0.5721588580358723	0.5807094758542597	0.8102697089431962
556	-17.231439768736383	-10635.717006806817	0.9388458301425711	1.0201579785613692	0.7096395969659778	2.9929128599174177	2.8861554015007576	0.293662941810937	0.547688030326256	0.19153313496831265	0.5721588580358723	0.5807094758542597	0.8102697089431962
557	-17.231439768736383	-10635.717006806817	0.9388458301425711	1.0201579785613692	0.7096395969659778	2.9929128599174177	2.8861554015007576	0.293662941810937	0.547688030326256	0.19153313496831265	0.5721588580358723	0.5807094758542597	0.8102697089431962
558	-17.232365513958786	-10635.980661097174	0.9388458301425711	1.0201579785613692	0.7096395969659778	2.9929128599174177	2.8861554015007576	0.293662941810937	0.547688030326256	0.19153313496831265	0.5721588580358723	0.5807094758542597	0.8102697089431962
559	-17.232365513958786	-10635.980661097174	0.9388458301425711	1.0201579785613692	0.7096395969659778	2.9929128599174177	2.8861554015007576	0.293662941810937	0.547688030326256	0.19153313496831265	0.5721588580358723	0.5807094758542597	0.8102697089431962
560	-17.232365513958786	-10626.208397126207	0.9388458301425711	1.0201579785613692	0.7096395969659778	2.9929128599174177	2.8861554015007576	0.293662941810937	0.547688030326256	0.19153313496831265	0.5721588580358723	0.5807094758542597	0.8102697089431962
561	-17.232365513958786	-10626.208397126207	0.9388458301425711	1.0201579785613692	0.7096395969659778	2.9929128599174177	2.8861554015007576	0.293662941810937	0.547688030326256	0.19153313496831265	0.5721588580358723	0.5807094758542597	0.8102697089431962
562	-17.232365513958786	-10576.928767242638	0.9388458301425711	1.0201579785613692	0.7096395969659778	2.9929128599174177	2.8861554015007576	0.293662941810937	0.547688030326256	0.19153313496831265	0.5721588580358723	0.5807094758542597	0.8102697089431962
563	-17.232365513958786	-10576.928767242638	0.9388458301425711	1.0201579785613692	0.7096395969659778	2.9929128599174177	2.8861554015007576	0.293662941810937	0.547688030326256	0.19153313496831265	0.5721588580358723	0.5807094758542597	0.8102697089431962
564	-16.9782999100312	-10576.928767242638	1.0023119404237435	0.8213830978987822	0.7416636968788788	3.2367992451994256	2.8972223709485427	0.293662941810937	0.547688030326256	0.19153313496831265	0.5721588580358723	0.5807094758542597	0.8102697089431962
565	-16.9782999100312	-10576.928767242638	1.0023119404237435	0.8213830978987822	0.7416636968788788	3.2367992451994256	2.8972223709485427	0.293662941810937	0.547688030326256	0.19153313496831265	0.5721588580358723	0.5807094758542597	0.8102697089431962
566	-16.9782999100312	-10576.928767242638	1.0023119404237435	0.8213830978987822	0.7416636968788788	3.2367992451994256	2.8972223709485427	0.293662941810937	0.547688030326256	0.19153313496831265	0.5721588580358723	0.5807094758542597	0.8102697089431962
567	-16.9782999100312	-10576.928767242638	1.0023119404237435	0.8213830978987822	0.7416636968788788	3.2367992451994256	2.8972223709485427	0.293662941810937	0.547688030326256	0.19153313496831265	0.5721588580358723	0.5807094758542597	0.8102697089431962
568	-16.9782999100312	-10543.59511653135	1.0023119404237435	0.8213830978987822	0.7416636968788788	3.2367992451994256	2.8972223709485427	0.293662941810937	0.547688030326256	0.19153313496831265	0.5721588580358723	0.5807094758542597	0.8102697089431962
569	-16.980491872205537	-10543.537434128953	1.0023119404237435	0.8213830978987822	0.7416636968788788	3.2367992451994256	2.8972223709485427	0.293662941810937	0.547688030326256	0.19153313496831265	0.5721588580358723	0.5807094758542597	0.8102697089431962
570	-16.980491872205537	-10520.695442748376	1.0023119404237435	0.8213830978987822	0.7416636968788788	3.2367992451994256	2.8972223709485427	0.293662941810937	0.547688030326256	0.19153313496831265	0.5721588580358723	0.5807094758542597	0.8102697089431962
571	-16.980491872205537	-10520.695442748376	1.0023119404237435	0.8213830978987822	0.7416636968788788	3.2367992451994256	2.8972223709485427	0.293662941810937	0.547688030326256	0.19153313496831265	0.5721588580358723	0.5807094758542597	0.8102697089431962
572	-16.980195598941197	-10520.69918366532	1.0023119404237435	0.8213830978987822	0.7416636968788788	3.2367992451994256	2.8972223709485427	0.293662941810937	0.547688030326256	0.19153313496831265	0.5721588580358723	0.5807094758542597	0.8102697089431962
573	-16.980195598941197	-10516.50111946057	1.0023119404237435	0.8213830978987822	0.7416636968788788	3.2367992451994256	2.8972223709485427	0.293662941810937	0.547688030326256	0.19153313496831265	0.5721588580358723	0.5807094758542597	0.8102697089431962
574	-16.980195598941197	-10516.46513206069	1.0023119404237435	0.8213830978987822	0.7416636968788788	3.2367992451994256	2.8972223709485427	0.293662941810937	0.547688030326256	0.19153313496831265	0.5721588580358723	0.5807094758542597	0.8102697089431962
575	-16.980195598941197	-10516.46513206069	1.0023119404237435	0.8213830978987822	0.7416636968788788	3.2367992451994256	2.8972223709485427	0.293662941810937	0.547688030326256	0.19153313496831265	0.5721588580358723	0.5807094758542597	0.8102697089431962
576	-16.980195598941197	-10516.46513206069	1.0023119404237435	0.8213830978987822	0.7416636968788788	3.2367992451994256	2.8972223709485427	0.293662941810937	0.547688030326256	0.19153313496831265	0.5721588580358723	0.5807094758542597	0.8102697089431962
577	-16.980195598941197	-10516.46513206069	1.0023119404237435	0.8213830978987822	0.7416636968788788	3.2367992451994256	2.8972223709485427	0.293662941810937	0.547688030326256	0.19153313496831265	0.5721588580358723	0.5807094758542597	0.8102697089431962
578	-16.980195598941197	-10516.46513206069	1.0023119404237435	0.8213830978987822	0.7416636968788788	3.2367992451994256	2.8972223709485427	0.293662941810937	0.547688030326256	0.19153313496831265	0.5721588580358723	0.5807094758542597	0.8102697089431962
579	-16.980195598941197	-10516.46513206069	1.0023119404237435	0.8213830978987822	0.7416636968788788	3.2367992451994256	2.8972223709485427	0.293662941810937	0.547688030326256	0.19153313496831265	0.5721588580358723	0.5807094758542597	0.8102697089431962
580	-16.980195598941197	-10516.46513206069	1.0023119404237435	0.8213830978987822	0.7416636968788788	3.2367992451994256	2.8972223709485427	0.293662941810937	0.547688030326256	0.19153313496831265	0.5721588580358723	0.5807094758542597	0.8102697089431962
581	-16.980195598941197	-10508.963038413582	1.0023119404237435	0.8213830978987822	0.7416636968788788	3.2367992451994256	2.8972223709485427	0.293662941810937	0.547688030326256	0.19153313496831265	0.5721588580358723	0.5807094758542597	0.8102697089431962
582	-16.96493844408359	-10505.577650562764	1.0023119404237435	0.8213830978987822	0.7416636968788788	3.2367992451994256	2.8972223709485427	0.293662941810937	0.547688030326256	0.19153313496831265	0.5721588580358723	0.5807094758542597	0.8102697089431962
583	-16.976408239947645	-10505.577650562764	1.0023119404237435	0.8213830978987822	0.7416636968788788	3.2367992451994256	2.8972223709485427	0.293662941810937	0.547688030326256	0.19153313496831265	0.5721588580358723	0.5807094758542597	0.8165964549512674
584	-16.976408239947645	-10505.577650562764	1.0023119404237435	0.8213830978987822	0.7416636968788788	3.2367992451994256	2.8972223709485427	0.293662941810937	0.547688030326256	0.19153313496831265	0.5721588580358723	0.5807094758542597	0.8165964549512674
585	-16.976408239947645	-10505.577650562764	1.0023119404237435	0.8213830978987822	0.7416636968788788	3.2367992451994256	2.8972223709485427	0.293662941810937	0.547688030326256	0.19153313496831265	0.5721588580358723	0.5807094758542597	0.8165964549512674
586	-16.976408239947645	-10505.577650562764	1.0023119404237435	0.8213830978987822	0.7416636968788788	3.2367992451994256	2.8972223709485427	0.293662941810937	0.547688030326256	0.19153313496831265	0.5721588580358723	0.5807094758542597	0.8165964549512674
587	-16.977026268069494	-10503.936276139133	1.0023119404237435	0.8213830978987822	0.7416636968788788	3.2367992451994256	2.8972223709485427	0.293662941810937	0.547688030326256	0.19153313496831265	0.5721588580358723	0.5807094758542597	0.8165964549512674
588	-16.977026268069494	-10503.936276139133	1.0023119404237435	0.8213830978987822	0.7416636968788788	3.2367992451994256	2.8972223709485427	0.293662941810937	0.547688030326256	0.19153313496831265	0.5721588580358723	0.5807094758542597	0.8165964549512674
589	-16.977026268069494	-10503.936276139133	1.0023119404237435	0.8213830978987822	0.7416636968788788	3.2367992451994256	2.8972223709485427	0.293662941810937	0.547688030326256	0.19153313496831265	0.5721588580358723	0.5807094758542597	0.8165964549512674
590	-16.977026268069494	-10503.936276139133	1.0023119404237435	0.8213830978987822	0.7416636968788788	3.2367992451994256	2.8972223709485427	0.293662941810937	0.547688030326256	0.19153313496831265	0.5721588580358723	0.5807094758542597	0.8165964549512674
591	-16.977026268069494	-10503.936276139133	1.0023119404237435	0.8213830978987822	0.7416636968788788	3.2367992451994256	2.8972223709485427	0.293662941810937	0.547688030326256	0.19153313496831265	0.5721588580358723	0.5807094758542597	0.8165964549512674
592	-16.977026268069494	-10421.935839262274	1.0023119404237435	0.8213830978987822	0.7416636968788788	3.2367992451994256	2.8972223709485427	0.293662941810937	0.547688030326256	0.19153313496831265	0.5721588580358723	0.5807094758542597	0.8165964549512674
593	-16.977026268069494	-10421.935839262274	1.0023119404237435	0.8213830978987822	0.7416636968788788	3.2367992451994256	2.8972223709485427	0.293662941810937	0.547688030326256	0.19153313496831265	0.5721588580358723	0.5807094758542597	0.8165964549512674
594	-16.977026268069494	-10421.935839262274	1.0023119404237435	0.8213830978987822	0.7416636968788788	3.2367992451994256	2.8972223709485427	0.293662941810937	0.547688030326256	0.19153313496831265	0.5721588580358723	0.5807094758542597	0.8165964549512674
595	-16.94203942549145	-10421.935839262274	1.0023119404237435	0.8213830978987822	0.7416636968788788	3.2367992451994256	2.8972223709485427	0.27384665900044924	0.6763660559116317	0.24861524431722457	0.6387107812553321	0.5784961008807529	0.8165964549512674
596	-16.94203942549145	-10421.935839262274	1.0023119404237435	0.8213830978987822	0.7416636968788788	3.2367992451994256	2.8972223709485427	0.27384665900044924	0.6763660559116317	0.24861524431722457	0.6387107812553321	0.5784961008807529	0.8165964549512674
597	-16.94203942549145	-10421.935839262274	1.0023119404237435	0.8213830978987822	0.7416636968788788	3.2367992451994256	2.8972223709485427	0.27384665900044924	0.6763660559116317	0.24861524431722457	0.6387107812553321	0.5784961008807529	0.8165964549512674
598	-16.94203942549145	-10420.375499625501	1.0023119404237435	0.8213830978987822	0.7416636968788788	3.2367992451994256	2.8972223709485427	0.27384665900044924	0.6763660559116317	0.24861524431722457	0.6387107812553321	0.5784961008807529	0.8165964549512674
599	-16.94203942549145	-10420.375499625501	1.0023119404237435	0.8213830978987822	0.7416636968788788	3.2367992451994256	2.8972223709485427	0.27384665900044924	0.6763660559116317	0.24861524431722457	0.6387107812553321	0.5784961008807529	0.8165964549512674
600	-16.957485550383716	-10417.72014262054	1.0023119404237435	0.8213830978987822	0.7416636968788788	3.2367992451994256	2.8972223709485427	0.27384665900044924	0.6763660559116317	0.24861524431722457	0.6387107812553321	0.5784961008807529	0.8165964549512674
601	-16.956315040997218	-10416.387448900065	1.0023119404237435	0.8213830978987822	0.7416636968788788	3.2367992451994256	2.8972223709485427	0.27384665900044924	0.6763660559116317	0.24861524431722457	0.6387107812553321	0.5784961008807529	0.8165964549512674
602	-16.956315040997218	-10416.387448900065	1.0023119404237435	0.8213830978987822	0.7416636968788788	3.2367992451994256	2.8972223709485427	0.27384665900044924	0.6763660559116317	0.24861524431722457	0.6387107812553321	0.5784961008807529	0.8165964549512674
603	-16.956315040997218	-10416.387448900065	1.0023119404237435	0.8213830978987822	0.7416636968788788	3.2367992451994256	2.8972223709485427	0.27384665900044924	0.6763660559116317	0.24861524431722457	0.6387107812553321	0.5784961008807529	0.8165964549512674
604	-16.956315040997218	-10416.387448900065	1.0023119404237435	0.8213830978987822	0.7416636968788788	3.2367992451994256	2.8972223709485427	0.27384665900044924	0.6763660559116317	0.24861524431722457	0.6387107812553321	0.5784961008807529	0.8165964549512674
605	-16.959851777793197	-10413.5094421558	1.0023119404237435	0.8213830978987822	0.7416636968788788	3.2367992451994256	2.8972223709485427	0.27384665900044924	0.6763660559116317	0.24861524431722457	0.6387107812553321	0.5784961008807529	0.8165964549512674
606	-16.96115810287835	-10412.696218699019	1.0023119404237435	0.8213830978987822	0.7416636968788788	3.2367992451994256	2.8972223709485427	0.27384665900044924	0.6763660559116317	0.24861524431722457	0.6387107812553321	0.5784961008807529	0.8165964549512674
607	-16.96115810287835	-10412.831061761903	1.0023119404237435	0.8213830978987822	0.7416636968788788	3.2367992451994256	2.8972223709485427	0.27384665900044924	0.6763660559116317	0.24861524431722457	0.6387107812553321	0.5784961008807529	0.8165964549512674
608	-16.948304161678884	-10401.737166276416	1.0023119404237435	0.8213830978987822	0.7416636968788788	3.2367992451994256	2.8972223709485427	0.27384665900044924	0.6763660559116317	0.24861524431722457	0.6387107812553321	0.5784961008807529	0.8165964549512674
609	-16.948304161678884	-10403.135418143907	1.0023119404237435	0.8213830978987822	0.7416636968788788	3.2367992451994256	2.8972223709485427	0.27384665900044924	0.6763660559116317	0.24861524431722457	0.6387107812553321	0.5784961008807529	0.8165964549512674
610	-16.948304161678884	-10403.135418143907	1.0023119404237435	0.8213830978987822	0.7416636968788788	3.2367992451994256	2.8972223709485427	0.27384665900044924	0.6763660559116317	0.24861524431722457	0.6387107812553321	0.5784961008807529	0.8165964549512674
611	-16.898197472104236	-10385.641688601532	1.0023119404237435	0.8213830978987822	0.7416636968788788	3.2367992451994256	2.8972223709485427	0.27384665900044924	0.6763660559116317	0.24861524431722457	0.6387107812553321	0.5784961008807529	0.8165964549512674
612	-16.904297842107972	-10385.075169125672	1.0023119404237435	0.8213830978987822	0.7416636968788788	3.2367992451994256	2.8972223709485427	0.27384665900044924	0.6763660559116317	0.24861524431722457	0.6387107812553321	0.5784961008807529	0.8165964549512674
613	-16.904297842107972	-10385.075169125672	1.0023119404237435	0.8213830978987822	0.7416636968788788	3.2367992451994256	2.8972223709485427	0.27384665900044924	0.6763660559116317	0.24861524431722457	0.6387107812553321	0.5784961008807529	0.8165964549512674
614	-16.904297842107972	-10385.075169125672	1.0023119404237435	0.8213830978987822	0.7416636968788788	3.2367992451994256	2.8972223709485427	0.27384665900044924	0.6763660559116317	0.24861524431722457	0.6387107812553321	0.5784961008807529	0.8165964549512674
615	-16.904297842107972	-10385.075169125672	1.0023119404237435	0.8213830978987822	0.7416636968788788	3.2367992451994256	2.8972223709485427	0.27384665900044924	0.6763660559116317	0.24861524431722457	0.6387107812553321	0.5784961008807529	0.8165964549512674
616	-16.904297842107972	-10385.075169125672	1.0023119404237435	0.8213830978987822	0.7416636968788788	3.2367992451994256	2.8972223709485427	0.27384665900044924	0.6763660559116317	0.24861524431722457	0.6387107812553321	0.5784961008807529	0.8165964549512674
617	2.233793113301579	-10385.075169125672	1.052928798203788	0.9536552571133444	0.8369835348895	2.966013066755433	3.8522336759348046	0.27384665900044924	0.6763660559116317	0.24861524431722457	0.6387107812553321	0.5784961008807529	0.8165964549512674
618	2.233793113301579	-10385.075169125672	1.052928798203788	0.9536552571133444	0.8369835348895	2.966013066755433	3.8522336759348046	0.27384665900044924	0.6763660559116317	0.24861524431722457	0.6387107812553321	0.5784961008807529	0.8165964549512674
619	2.233793113301579	-10385.075169125672	1.052928798203788	0.9536552571133444	0.8369835348895	2.966013066755433	3.8522336759348046	0.27384665900044924	0.6763660559116317	0.24861524431722457	0.6387107812553321	0.5784961008807529	0.8165964549512674
620	2.233793113301579	-10385.075169125672	1.052928798203788	0.9536552571133444	0.8369835348895	2.966013066755433	3.8522336759348046	0.27384665900044924	0.6763660559116317	0.24861524431722457	0.6387107812553321	0.5784961008807529	0.8165964549512674
621	2.233793113301579	-10385.075169125672	1.052928798203788	0.9536552571133444	0.8369835348895	2.966013066755433	3.8522336759348046	0.27384665900044924	0.6763660559116317	0.24861524431722457	0.6387107812553321	0.5784961008807529	0.8165964549512674
622	2.233793113301579	-10385.075169125672	1.052928798203788	0.9536552571133444	0.8369835348895	2.966013066755433	3.8522336759348046	0.27384665900044924	0.6763660559116317	0.24861524431722457	0.6387107812553321	0.5784961008807529	0.8165964549512674
623	2.233793113301579	-10385.075169125672	1.052928798203788	0.9536552571133444	0.8369835348895	2.966013066755433	3.8522336759348046	0.27384665900044924	0.6763660559116317	0.24861524431722457	0.6387107812553321	0.5784961008807529	0.8165964549512674
624	2.233793113301579	-10385.075169125672	1.052928798203788	0.9536552571133444	0.8369835348895	2.966013066755433	3.8522336759348046	0.27384665900044924	0.6763660559116317	0.24861524431722457	0.6387107812553321	0.5784961008807529	0.8165964549512674
625	2.233793113301579	-10385.075169125672	1.052928798203788	0.9536552571133444	0.8369835348895	2.966013066755433	3.8522336759348046	0.27384665900044924	0.6763660559116317	0.24861524431722457	0.6387107812553321	0.5784961008807529	0.8165964549512674
626	2.233793113301579	-10385.075169125672	1.052928798203788	0.9536552571133444	0.8369835348895	2.966013066755433	3.8522336759348046	0.27384665900044924	0.6763660559116317	0.24861524431722457	0.6387107812553321	0.5784961008807529	0.8165964549512674
627	2.233793113301579	-10385.075169125672	1.052928798203788	0.9536552571133444	0.8369835348895	2.966013066755433	3.8522336759348046	0.27384665900044924	0.6763660559116317	0.24861524431722457	0.6387107812553321	0.5784961008807529	0.8165964549512674
628	2.233793113301579	-10385.075169125672	1.052928798203788	0.9536552571133444	0.8369835348895	2.966013066755433	3.8522336759348046	0.27384665900044924	0.6763660559116317	0.24861524431722457	0.6387107812553321	0.5784961008807529	0.8165964549512674
629	2.233793113301579	-10385.075169125672	1.052928798203788	0.9536552571133444	0.8369835348895	2.966013066755433	3.8522336759348046	0.27384665900044924	0.6763660559116317	0.24861524431722457	0.6387107812553321	0.5784961008807529	0.8165964549512674
630	2.233793113301579	-10385.075169125672	1.052928798203788	0.9536552571133444	0.8369835348895	2.966013066755433	3.8522336759348046	0.27384665900044924	0.6763660559116317	0.24861524431722457	0.6387107812553321	0.5784961008807529	0.8165964549512674
631	2.233793113301579	-10385.075169125672	1.052928798203788	0.9536552571133444	0.8369835348895	2.966013066755433	3.8522336759348046	0.27384665900044924	0.6763660559116317	0.24861524431722457	0.6387107812553321	0.5784961008807529	0.8165964549512674
632	2.233793113301579	-10385.075169125672	1.052928798203788	0.9536552571133444	0.8369835348895	2.966013066755433	3.8522336759348046	0.27384665900044924	0.6763660559116317	0.24861524431722457	0.6387107812553321	0.5784961008807529	0.8165964549512674
633	2.233793113301579	-10385.075169125672	1.052928798203788	0.9536552571133444	0.8369835348895	2.966013066755433	3.8522336759348046	0.27384665900044924	0.6763660559116317	0.24861524431722457	0.6387107812553321	0.5784961008807529	0.8165964549512674
634	2.257772461979406	-10380.20851499502	1.052928798203788	0.9536552571133444	0.8369835348895	2.966013066755433	3.8522336759348046	0.27384665900044924	0.6763660559116317	0.24861524431722457	0.6387107812553321	0.5784961008807529	0.8165964549512674
635	2.257772461979406	-10380.20851499502	1.052928798203788	0.9536552571133444	0.8369835348895	2.966013066755433	3.8522336759348046	0.27384665900044924	0.6763660559116317	0.24861524431722457	0.6387107812553321	0.5784961008807529	0.8165964549512674
636	2.257772461979406	-10375.264048128838	1.052928798203788	0.9536552571133444	0.8369835348895	2.966013066755433	3.8522336759348046	0.27384665900044924	0.6763660559116317	0.24861524431722457	0.6387107812553321	0.5784961008807529	0.8165964549512674
637	2.257772461979406	-10375.264048128838	1.052928798203788	0.9536552571133444	0.8369835348895	2.966013066755433	3.8522336759348046	0.27384665900044924	0.6763660559116317	0.24861524431722457	0.6387107812553321	0.5784961008807529	0.8165964549512674
638	2.250926275128683	-10372.381497600561	1.052928798203788	0.9536552571133444	0.8369835348895	2.966013066755433	3.8522336759348046	0.27384665900044924	0.6763660559116317	0.24861524431722457	0.6387107812553321	0.5784961008807529	0.8165964549512674
639	2.250926275128683	-10372.381497600561	1.052928798203788	0.9536552571133444	0.8369835348895	2.966013066755433	3.8522336759348046	0.27384665900044924	0.6763660559116317	0.24861524431722457	0.6387107812553321	0.5784961008807529	0.8165964549512674
640	2.250926275128683	-10372.381497600561	1.052928798203788	0.9536552571133444	0.8369835348895	2.966013066755433	3.8522336759348046	0.27384665900044924	0.6763660559116317	0.24861524431722457	0.6387107812553321	0.5784961008807529	0.8165964549512674
641	2.2495396765798494	-10372.024287733495	1.052928798203788	0.9536552571133444	0.8369835348895	2.966013066755433	3.8522336759348046	0.27384665900044924	0.6763660559116317	0.24861524431722457	0.6387107812553321	0.5784961008807529	0.8165964549512674
642	2.2425673258177516	-10370.630283609282	1.052928798203788	0.9536552571133444	0.8369835348895	2.966013066755433	3.8522336759348046	0.27384665900044924	0.6763660559116317	0.24861524431722457	0.6387107812553321	0.5784961008807529	0.8165964549512674
643	2.2369683555031434	-10371.738163851307	1.052928798203788	0.9536552571133444	0.8369835348895	2.966013066755433	3.8522336759348046	0.27384665900044924	0.6763660559116317	0.24861524431722457	0.6387107812553321	0.5784961008807529	0.8165964549512674
644	2.2369683555031434	-10367.499841501352	1.052928798203788	0.9536552571133444	0.8369835348895	2.966013066755433	3.8522336759348046	0.27384665900044924	0.6763660559116317	0.24861524431722457	0.6387107812553321	0.5784961008807529	0.8165964549512674
645	2.23297098678396	-10366.368209347636	1.052928798203788	0.9536552571133444	0.8369835348895	2.966013066755433	3.8522336759348046	0.27384665900044924	0.6763660559116317	0.24861524431722457	0.6387107812553321	0.5784961008807529	0.8165964549512674
646	2.23297098678396	-10366.368209347636	1.052928798203788	0.9536552571133444	0.8369835348895	2.966013066755433	3.8522336759348046	0.27384665900044924	0.6763660559116317	0.24861524431722457	0.6387107812553321	0.5784961008807529	0.8165964549512674
647	2.2362129311592076	-10364.432715951236	1.052928798203788	0.9536552571133444	0.8369835348895	2.966013066755433	3.8522336759348046	0.27384665900044924	0.6763660559116317	0.24861524431722457	0.6387107812553321	0.5784961008807529	0.8165964549512674
648	2.2362129311592076	-10364.432715951236	1.052928798203788	0.9536552571133444	0.8369835348895	2.966013066755433	3.8522336759348046	0.27384665900044924	0.6763660559116317	0.24861524431722457	0.6387107812553321	0.5784961008807529	0.8165964549512674
649	2.2362129311592076	-10363.415471715884	1.052928798203788	0.9536552571133444	0.8369835348895	2.966013066755433	3.8522336759348046	0.27384665900044924	0.6763660559116317	0.24861524431722457	0.6387107812553321	0.5784961008807529	0.8165964549512674
650	2.2362129311592076	-10315.11281160457	1.052928798203788	0.9536552571133444	0.8369835348895	2.966013066755433	3.8522336759348046	0.27384665900044924	0.6763660559116317	0.24861524431722457	0.6387107812553321	0.5784961008807529	0.8165964549512674
651	2.2362129311592076	-10315.11281160457	1.052928798203788	0.9536552571133444	0.8369835348895	2.966013066755433	3.8522336759348046	0.27384665900044924	0.6763660559116317	0.24861524431722457	0.6387107812553321	0.5784961008807529	0.8165964549512674
652	2.2362129311592076	-10315.11281160457	1.052928798203788	0.9536552571133444	0.8369835348895	2.966013066755433	3.8522336759348046	0.27384665900044924	0.6763660559116317	0.24861524431722457	0.6387107812553321	0.5784961008807529	0.8165964549512674
653	17.176819134872048	-10315.11281160457	0.7952999212240212	0.9997457500222116	0.7193780457008702	2.4691952288026373	4.795212269601775	0.27384665900044924	0.6763660559116317	0.24861524431722457	0.6387107812553321	0.5784961008807529	0.8165964549512674
654	17.176819134872048	-10315.11281160457	0.7952999212240212	0.9997457500222116	0.7193780457008702	2.4691952288026373	4.795212269601775	0.27384665900044924	0.6763660559116317	0.24861524431722457	0.6387107812553321	0.5784961008807529	0.8165964549512674
655	17.176819134872048	-10315.11281160457	0.7952999212240212	0.9997457500222116	0.7193780457008702	2.4691952288026373	4.795212269601775	0.27384665900044924	0.6763660559116317	0.24861524431722457	0.6387107812553321	0.5784961008807529	0.8165964549512674
656	17.176819134872048	-10315.11281160457	0.7952999212240212	0.9997457500222116	0.7193780457008702	2.4691952288026373	4.795212269601775	0.27384665900044924	0.6763660559116317	0.24861524431722457	0.6387107812553321	0.5784961008807529	0.8165964549512674
657	17.176819134872048	-10315.11281160457	0.7952999212240212	0.9997457500222116	0.7193780457008702	2.4691952288026373	4.795212269601775	0.27384665900044924	0.6763660559116317	0.24861524431722457	0.6387107812553321	0.5784961008807529	0.8165964549512674
658	16.65051899005053	-10315.11281160457	0.7952999212240212	0.9997457500222116	0.7193780457008702	2.4691952288026373	4.795212269601775	0.27384665900044924	0.6763660559116317	0.24861524431722457	0.6387107812553321	0.5784961008807529	1.0094330234325766
659	16.65051899005053	-10315.11281160457	0.7952999212240212	0.9997457500222116	0.7193780457008702	2.4691952288026373	4.795212269601775	0.27384665900044924	0.6763660559116317	0.24861524431722457	0.6387107812553321	0.5784961008807529	1.0094330234325766
660	16.65051899005053	-10315.11281160457	0.7952999212240212	0.9997457500222116	0.7193780457008702	2.4691952288026373	4.795212269601775	0.27384665900044924	0.6763660559116317	0.24861524431722457	0.6387107812553321	0.5784961008807529	1.0094330234325766
661	16.65051899005053	-10315.11281160457	0.7952999212240212	0.9997457500222116	0.7193780457008702	2.4691952288026373	4.795212269601775	0.27384665900044924	0.6763660559116317	0.24861524431722457	0.6387107812553321	0.5784961008807529	1.0094330234325766
662	16.65051899005053	-10315.11281160457	0.7952999212240212	0.9997457500222116	0.7193780457008702	2.4691952288026373	4.795212269601775	0.27384665900044924	0.6763660559116317	0.24861524431722457	0.6387107812553321	0.5784961008807529	1.0094330234325766
663	16.65051899005053	-10315.11281160457	0.7952999212240212	0.9997457500222116	0.7193780457008702	2.4691952288026373	4.795212269601775	0.27384665900044924	0.6763660559116317	0.24861524431722457	0.6387107812553321	0.5784961008807529	1.0094330234325766
664	16.65051899005053	-10315.11281160457	0.7952999212240212	0.9997457500222116	0.7193780457008702	2.4691952288026373	4.795212269601775	0.27384665900044924	0.6763660559116317	0.24861524431722457	0.6387107812553321	0.5784961008807529	1.0094330234325766
665	16.65051899005053	-10294.427022267664	0.7952999212240212	0.9997457500222116	0.7193780457008702	2.4691952288026373	4.795212269601775	0.27384665900044924	0.6763660559116317	0.24861524431722457	0.6387107812553321	0.5784961008807529	1.0094330234325766
666	16.65051899005053	-10294.427022267664	0.7952999212240212	0.9997457500222116	0.7193780457008702	2.4691952288026373	4.795212269601775	0.27384665900044924	0.6763660559116317	0.24861524431722457	0.6387107812553321	0.5784961008807529	1.0094330234325766
667	16.668440489834552	-10283.307574225355	0.7952999212240212	0.9997457500222116	0.7193780457008702	2.4691952288026373	4.795212269601775	0.27384665900044924	0.6763660559116317	0.24861524431722457	0.6387107812553321	0.5784961008807529	1.0094330234325766
668	16.668440489834552	-10283.307574225355	0.7952999212240212	0.9997457500222116	0.7193780457008702	2.4691952288026373	4.795212269601775	0.27384665900044924	0.6763660559116317	0.24861524431722457	0.6387107812553321	0.5784961008807529	1.0094330234325766
669	16.668440489834552	-10283.307574225355	0.7952999212240212	0.9997457500222116	0.7193780457008702	2.4691952288026373	4.795212269601775	0.27384665900044924	0.6763660559116317	0.24861524431722457	0.6387107812553321	0.5784961008807529	1.0094330234325766
670	16.668440489834552	-10277.993359086393	0.7952999212240212	0.9997457500222116	0.7193780457008702	2.4691952288026373	4.795212269601775	0.27384665900044924	0.6763660559116317	0.24861524431722457	0.6387107812553321	0.5784961008807529	1.0094330234325766
671	16.668440489834552	-10277.993359086393	0.7952999212240212	0.9997457500222116	0.7193780457008702	2.4691952288026373	4.795212269601775	0.27384665900044924	0.6763660559116317	0.24861524431722457	0.6387107812553321	0.5784961008807529	1.0094330234325766
672	16.668440489834552	-10277.993359086393	0.7952999212240212	0.9997457500222116	0.7193780457008702	2.4691952288026373	4.795212269601775	0.27384665900044924	0.6763660559116317	0.24861524431722457	0.6387107812553321	0.5784961008807529	1.0094330234325766
673	16.668440489834552	-10173.587087178828	0.7952999212240212	0.9997457500222116	0.7193780457008702	2.4691952288026373	4.795212269601775	0.27384665900044924	0.6763660559116317	0.24861524431722457	0.6387107812553321	0.5784961008807529	1.0094330234325766
674	16.668440489834552	-10173.587087178828	0.7952999212240212	0.9997457500222116	0.7193780457008702	2.4691952288026373	4.795212269601775	0.27384665900044924	0.6763660559116317	0.24861524431722457	0.6387107812553321	0.5784961008807529	1.0094330234325766
675	16.67540041301922	-10171.955295900589	0.7952999212240212	0.9997457500222116	0.7193780457008702	2.4691952288026373	4.795212269601775	0.27384665900044924	0.6763660559116317	0.24861524431722457	0.6387107812553321	0.5784961008807529	1.0094330234325766
676	16.67540041301922	-10164.456158560124	0.7952999212240212	0.9997457500222116	0.7193780457008702	2.4691952288026373	4.795212269601775	0.27384665900044924	0.6763660559116317	0.24861524431722457	0.6387107812553321	0.5784961008807529	1.0094330234325766
677	16.67540041301922	-10164.456158560124	0.7952999212240212	0.9997457500222116	0.7193780457008702	2.4691952288026373	4.795212269601775	0.27384665900044924	0.6763660559116317	0.24861524431722457	0.6387107812553321	0.5784961008807529	1.0094330234325766
678	16.67540041301922	-10164.456158560124	0.7952999212240212	0.9997457500222116	0.7193780457008702	2.4691952288026373	4.795212269601775	0.27384665900044924	0.6763660559116317	0.24861524431722457	0.6387107812553321	0.5784961008807529	1.0094330234325766
679	16.67540041301922	-10165.244595066051	0.7952999212240212	0.9997457500222116	0.7193780457008702	2.4691952288026373	4.795212269601775	0.27384665900044924	0.6763660559116317	0.24861524431722457	0.6387107812553321	0.5784961008807529	1.0094330234325766
680	16.106408120651015	-10165.244595066051	0.7952999212240212	0.9997457500222116	0.7193780457008702	2.4691952288026373	4.795212269601775	0.27384665900044924	0.6763660559116317	0.24861524431722457	0.6387107812553321	0.5784961008807529	1.2151838733595137
681	16.106408120651015	-10165.244595066051	0.7952999212240212	0.9997457500222116	0.7193780457008702	2.4691952288026373	4.795212269601775	0.27384665900044924	0.6763660559116317	0.24861524431722457	0.6387107812553321	0.5784961008807529	1.2151838733595137
682	16.106408120651015	-10165.244595066051	0.7952999212240212	0.9997457500222116	0.7193780457008702	2.4691952288026373	4.795212269601775	0.27384665900044924	0.6763660559116317	0.24861524431722457	0.6387107812553321	0.5784961008807529	1.2151838733595137
683	16.106408120651015	-10165.244595066051	0.7952999212240212	0.9997457500222116	0.7193780457008702	2.4691952288026373	4.795212269601775	0.27384665900044924	0.6763660559116317	0.24861524431722457	0.6387107812553321	0.5784961008807529	1.2151838733595137
684	16.106408120651015	-10165.244595066051	0.7952999212240212	0.9997457500222116	0.7193780457008702	2.4691952288026373	4.795212269601775	0.27384665900044924	0.6763660559116317	0.24861524431722457	0.6387107812553321	0.5784961008807529	1.2151838733595137
685	16.106408120651015	-10165.244595066051	0.7952999212240212	0.9997457500222116	0.7193780457008702	2.4691952288026373	4.795212269601775	0.27384665900044924	0.6763660559116317	0.24861524431722457	0.6387107812553321	0.5784961008807529	1.2151838733595137
686	16.106408120651015	-10165.244595066051	0.7952999212240212	0.9997457500222116	0.7193780457008702	2.4691952288026373	4.795212269601775	0.27384665900044924	0.6763660559116317	0.24861524431722457	0.6387107812553321	0.5784961008807529	1.2151838733595137
687	16.178243122898554	-10161.290972131212	0.7952999212240212	0.9997457500222116	0.7193780457008702	2.4691952288026373	4.795212269601775	0.27384665900044924	0.6763660559116317	0.24861524431722457	0.6387107812553321	0.5784961008807529	1.2151838733595137
688	16.178243122898554	-10161.290972131212	0.7952999212240212	0.9997457500222116	0.7193780457008702	2.4691952288026373	4.795212269601775	0.27384665900044924	0.6763660559116317	0.24861524431722457	0.6387107812553321	0.5784961008807529	1.2151838733595137
689	23.907441573685045	-10161.290972131212	1.0554657697047836	0.7551329872083689	0.7508635046235426	2.6640189549897335	5.371359196972825	0.27384665900044924	0.6763660559116317	0.24861524431722457	0.6387107812553321	0.5784961008807529	1.2151838733595137
690	23.907441573685045	-10161.290972131212	1.0554657697047836	0.7551329872083689	0.7508635046235426	2.6640189549897335	5.371359196972825	0.27384665900044924	0.6763660559116317	0.24861524431722457	0.6387107812553321	0.5784961008807529	1.2151838733595137
691	23.907441573685045	-10161.290972131212	1.0554657697047836	0.7551329872083689	0.7508635046235426	2.6640189549897335	5.371359196972825	0.27384665900044924	0.6763660559116317	0.24861524431722457	0.6387107812553321	0.5784961008807529	1.2151838733595137
692	23.907441573685045	-10161.290972131212	1.0554657697047836	0.7551329872083689	0.7508635046235426	2.6640189549897335	5.371359196972825	0.27384665900044924	0.6763660559116317	0.24861524431722457	0.6387107812553321	0.5784961008807529	1.2151838733595137
693	23.90361418197193	-10160.908571645225	1.0554657697047836	0.7551329872083689	0.7508635046235426	2.6640189549897335	5.371359196972825	0.27384665900044924	0.6763660559116317	0.24861524431722457	0.6387107812553321	0.5784961008807529	1.2151838733595137
694	23.90361418197193	-10160.908571645225	1.0554657697047836	0.7551329872083689	0.7508635046235426	2.6640189549897335	5.371359196972825	0.27384665900044924	0.6763660559116317	0.24861524431722457	0.6387107812553321	0.5784961008807529	1.2151838733595137
695	23.3991943823263	-10126.437751060128	1.0554657697047836	0.7551329872083689	0.7508635046235426	2.6640189549897335	5.371359196972825	0.27384665900044924	0.6763660559116317	0.24861524431722457	0.6387107812553321	0.5784961008807529	1.2151838733595137
696	23.399049102199	-10126.525907938933	1.0554657697047836	0.7551329872083689	0.7508635046235426	2.6640189549897335	5.371359196972825	0.27384665900044924	0.6763660559116317	0.24861524431722457	0.6387107812553321	0.5784961008807529	1.2151838733595137
697	23.399049102199	-10126.525907938933	1.0554657697047836	0.7551329872083689	0.7508635046235426	2.6640189549897335	5.371359196972825	0.27384665900044924	0.6763660559116317	0.24861524431722457	0.6387107812553321	0.5784961008807529	1.2151838733595137
698	23.399049102199	-10126.525907938933	1.0554657697047836	0.7551329872083689	0.7508635046235426	2.6640189549897335	5.371359196972825	0.27384665900044924	0.6763660559116317	0.24861524431722457	0.6387107812553321	0.5784961008807529	1.2151838733595137
699	23.399049102199	-10126.525907938933	1.0554657697047836	0.7551329872083689	0.7508635046235426	2.6640189549897335	5.371359196972825	0.27384665900044924	0.6763660559116317	0.24861524431722457	0.6387107812553321	0.5784961008807529	1.2151838733595137
700	23.399049102199	-10126.525907938933	1.0554657697047836	0.7551329872083689	0.7508635046235426	2.6640189549897335	5.371359196972825	0.27384665900044924	0.6763660559116317	0.24861524431722457	0.6387107812553321	0.5784961008807529	1.2151838733595137
701	23.399049102199	-10126.525907938933	1.0554657697047836	0.7551329872083689	0.7508635046235426	2.6640189549897335	5.371359196972825	0.27384665900044924	0.6763660559116317	0.24861524431722457	0.6387107812553321	0.5784961008807529	1.2151838733595137
702	23.399049102199	-10126.525907938933	1.0554657697047836	0.7551329872083689	0.7508635046235426	2.6640189549897335	5.371359196972825	0.27384665900044924	0.6763660559116317	0.24861524431722457	0.6387107812553321	0.5784961008807529	1.2151838733595137
703	23.35501378519308	-10123.700474834843	1.0554657697047836	0.7551329872083689	0.7508635046235426	2.6640189549897335	5.371359196972825	0.27384665900044924	0.6763660559116317	0.24861524431722457	0.6387107812553321	0.5784961008807529	1.2151838733595137
704	24.008292286429715	-10123.700474834843	1.0554657697047836	0.7551329872083689	0.7508635046235426	2.6640189549897335	5.371359196972825	0.27384665900044924	0.6763660559116317	0.24861524431722457	0.6387107812553321	0.5784961008807529	0.9986107206317367
705	24.008292286429715	-10123.700474834843	1.0554657697047836	0.7551329872083689	0.7508635046235426	2.6640189549897335	5.371359196972825	0.27384665900044924	0.6763660559116317	0.24861524431722457	0.6387107812553321	0.5784961008807529	0.9986107206317367
706	24.013345503709964	-10122.827251795205	1.0554657697047836	0.7551329872083689	0.7508635046235426	2.6640189549897335	5.371359196972825	0.27384665900044924	0.6763660559116317	0.24861524431722457	0.6387107812553321	0.5784961008807529	0.9986107206317367
707	24.013345503709964	-10122.827251795205	1.0554657697047836	0.7551329872083689	0.7508635046235426	2.6640189549897335	5.371359196972825	0.27384665900044924	0.6763660559116317	0.24861524431722457	0.6387107812553321	0.5784961008807529	0.9986107206317367
708	24.013345503709964	-10122.827251795205	1.0554657697047836	0.7551329872083689	0.7508635046235426	2.6640189549897335	5.371359196972825	0.27384665900044924	0.6763660559116317	0.24861524431722457	0.6387107812553321	0.5784961008807529	0.9986107206317367
709	24.013345503709964	-10122.827251795205	1.0554657697047836	0.7551329872083689	0.7508635046235426	2.6640189549897335	5.371359196972825	0.27384665900044924	0.6763660559116317	0.24861524431722457	0.6387107812553321	0.5784961008807529	0.9986107206317367
710	24.013345503709964	-10122.827251795205	1.0554657697047836	0.7551329872083689	0.7508635046235426	2.6640189549897335	5.371359196972825	0.27384665900044924	0.6763660559116317	0.24861524431722457	0.6387107812553321	0.5784961008807529	0.9986107206317367
711	24.013345503709964	-10122.827251795205	1.0554657697047836	0.7551329872083689	0.7508635046235426	2.6640189549897335	5.371359196972825	0.27384665900044924	0.6763660559116317	0.24861524431722457	0.6387107812553321	0.5784961008807529	0.9986107206317367
712	24.013345503709964	-10122.827251795205	1.0554657697047836	0.7551329872083689	0.7508635046235426	2.6640189549897335	5.371359196972825	0.27384665900044924	0.6763660559116317	0.24861524431722457	0.6387107812553321	0.5784961008807529	0.9986107206317367
713	24.013345503709964	-10122.827251795205	1.0554657697047836	0.7551329872083689	0.7508635046235426	2.6640189549897335	5.371359196972825	0.27384665900044924	0.6763660559116317	0.24861524431722457	0.6387107812553321	0.5784961008807529	0.9986107206317367
714	24.013345503709964	-10122.827251795205	1.0554657697047836	0.7551329872083689	0.7508635046235426	2.6640189549897335	5.371359196972825	0.27384665900044924	0.6763660559116317	0.24861524431722457	0.6387107812553321	0.5784961008807529	0.9986107206317367
715	24.013345503709964	-10122.827251795205	1.0554657697047836	0.7551329872083689	0.7508635046235426	2.6640189549897335	5.371359196972825	0.27384665900044924	0.6763660559116317	0.24861524431722457	0.6387107812553321	0.5784961008807529	0.9986107206317367
716	24.023286678943812	-10123.598937757111	1.0554657697047836	0.7551329872083689	0.7508635046235426	2.6640189549897335	5.371359196972825	0.27384665900044924	0.6763660559116317	0.24861524431722457	0.6387107812553321	0.5784961008807529	0.9986107206317367
717	24.023286678943812	-10123.598937757111	1.0554657697047836	0.7551329872083689	0.7508635046235426	2.6640189549897335	5.371359196972825	0.27384665900044924	0.6763660559116317	0.24861524431722457	0.6387107812553321	0.5784961008807529	0.9986107206317367
718	24.402460018152382	-10123.598937757111	1.0554657697047836	0.7551329872083689	0.7508635046235426	2.6640189549897335	5.371359196972825	0.27384665900044924	0.6763660559116317	0.24861524431722457	0.6387107812553321	0.5784961008807529	0.8714406936705431
719	24.402460018152382	-10123.598937757111	1.0554657697047836	0.7551329872083689	0.7508635046235426	2.6640189549897335	5.371359196972825	0.27384665900044924	0.6763660559116317	0.24861524431722457	0.6387107812553321	0.5784961008807529	0.8714406936705431
720	24.402460018152382	-10123.598937757111	1.0554657697047836	0.7551329872083689	0.7508635046235426	2.6640189549897335	5.371359196972825	0.27384665900044924	0.6763660559116317	0.24861524431722457	0.6387107812553321	0.5784961008807529	0.8714406936705431
721	24.402460018152382	-10010.650526262498	1.0554657697047836	0.7551329872083689	0.7508635046235426	2.6640189549897335	5.371359196972825	0.27384665900044924	0.6763660559116317	0.24861524431722457	0.6387107812553321	0.5784961008807529	0.8714406936705431
722	24.420124309670953	-9986.99395549592	1.0554657697047836	0.7551329872083689	0.7508635046235426	2.6640189549897335	5.371359196972825	0.27384665900044924	0.6763660559116317	0.24861524431722457	0.6387107812553321	0.5784961008807529	0.8714406936705431
723	24.420124309670953	-9980.946684297594	1.0554657697047836	0.7551329872083689	0.7508635046235426	2.6640189549897335	5.371359196972825	0.27384665900044924	0.6763660559116317	0.24861524431722457	0.6387107812553321	0.5784961008807529	0.8714406936705431
724	24.420124309670953	-9981.635895819314	1.0554657697047836	0.7551329872083689	0.7508635046235426	2.6640189549897335	5.371359196972825	0.27384665900044924	0.6763660559116317	0.24861524431722457	0.6387107812553321	0.5784961008807529	0.8714406936705431
725	24.420124309670953	-9981.635895819314	1.0554657697047836	0.7551329872083689	0.7508635046235426	2.6640189549897335	5.371359196972825	0.27384665900044924	0.6763660559116317	0.24861524431722457	0.6387107812553321	0.5784961008807529	0.8714406936705431
726	24.420124309670953	-9981.635895819314	1.0554657697047836	0.7551329872083689	0.7508635046235426	2.6640189549897335	5.371359196972825	0.27384665900044924	0.6763660559116317	0.24861524431722457	0.6387107812553321	0.5784961008807529	0.8714406936705431
727	24.420124309670953	-9981.635895819314	1.0554657697047836	0.7551329872083689	0.7508635046235426	2.6640189549897335	5.371359196972825	0.27384665900044924	0.6763660559116317	0.24861524431722457	0.6387107812553321	0.5784961008807529	0.8714406936705431
728	24.420124309670953	-9981.635895819314	1.0554657697047836	0.7551329872083689	0.7508635046235426	2.6640189549897335	5.371359196972825	0.27384665900044924	0.6763660559116317	0.24861524431722457	0.6387107812553321	0.5784961008807529	0.8714406936705431
729	24.420124309670953	-9981.635895819314	1.0554657697047836	0.7551329872083689	0.7508635046235426	2.6640189549897335	5.371359196972825	0.27384665900044924	0.6763660559116317	0.24861524431722457	0.6387107812553321	0.5784961008807529	0.8714406936705431
730	24.420124309670953	-9981.635895819314	1.0554657697047836	0.7551329872083689	0.7508635046235426	2.6640189549897335	5.371359196972825	0.27384665900044924	0.6763660559116317	0.24861524431722457	0.6387107812553321	0.5784961008807529	0.8714406936705431
731	24.420124309670953	-9981.635895819314	1.0554657697047836	0.7551329872083689	0.7508635046235426	2.6640189549897335	5.371359196972825	0.27384665900044924	0.6763660559116317	0.24861524431722457	0.6387107812553321	0.5784961008807529	0.8714406936705431
732	24.420124309670953	-9981.635895819314	1.0554657697047836	0.7551329872083689	0.7508635046235426	2.6640189549897335	5.371359196972825	0.27384665900044924	0.6763660559116317	0.24861524431722457	0.6387107812553321	0.5784961008807529	0.8714406936705431
733	24.420124309670953	-9981.635895819314	1.0554657697047836	0.7551329872083689	0.7508635046235426	2.6640189549897335	5.371359196972825	0.27384665900044924	0.6763660559116317	0.24861524431722457	0.6387107812553321	0.5784961008807529	0.8714406936705431
734	24.420124309670953	-9981.635895819314	1.0554657697047836	0.7551329872083689	0.7508635046235426	2.6640189549897335	5.371359196972825	0.27384665900044924	0.6763660559116317	0.24861524431722457	0.6387107812553321	0.5784961008807529	0.8714406936705431
735	24.420124309670953	-9981.635895819314	1.0554657697047836	0.7551329872083689	0.7508635046235426	2.6640189549897335	5.371359196972825	0.27384665900044924	0.6763660559116317	0.24861524431722457	0.6387107812553321	0.5784961008807529	0.8714406936705431
736	24.420124309670953	-9981.635895819314	1.0554657697047836	0.7551329872083689	0.7508635046235426	2.6640189549897335	5.371359196972825	0.27384665900044924	0.6763660559116317	0.24861524431722457	0.6387107812553321	0.5784961008807529	0.8714406936705431
737	24.420124309670953	-9981.635895819314	1.0554657697047836	0.7551329872083689	0.7508635046235426	2.6640189549897335	5.371359196972825	0.27384665900044924	0.6763660559116317	0.24861524431722457	0.6387107812553321	0.5784961008807529	0.8714406936705431
738	24.420124309670953	-9981.635895819314	1.0554657697047836	0.7551329872083689	0.7508635046235426	2.6640189549897335	5.371359196972825	0.27384665900044924	0.6763660559116317	0.24861524431722457	0.6387107812553321	0.5784961008807529	0.8714406936705431
739	25.053730834739692	-9981.635895819314	1.0554657697047836	0.7551329872083689	0.7508635046235426	2.6640189549897335	5.371359196972825	0.27384665900044924	0.6763660559116317	0.24861524431722457	0.6387107812553321	0.5784961008807529	0.6546968237106622
740	25.053730834739692	-9981.635895819314	1.0554657697047836	0.7551329872083689	0.7508635046235426	2.6640189549897335	5.371359196972825	0.27384665900044924	0.6763660559116317	0.24861524431722457	0.6387107812553321	0.5784961008807529	0.6546968237106622
741	25.053730834739692	-9981.635895819314	1.0554657697047836	0.7551329872083689	0.7508635046235426	2.6640189549897335	5.371359196972825	0.27384665900044924	0.6763660559116317	0.24861524431722457	0.6387107812553321	0.5784961008807529	0.6546968237106622
742	25.053730834739692	-9980.39132792051	1.0554657697047836	0.7551329872083689	0.7508635046235426	2.6640189549897335	5.371359196972825	0.27384665900044924	0.6763660559116317	0.24861524431722457	0.6387107812553321	0.5784961008807529	0.6546968237106622
743	25.053730834739692	-9980.39132792051	1.0554657697047836	0.7551329872083689	0.7508635046235426	2.6640189549897335	5.371359196972825	0.27384665900044924	0.6763660559116317	0.24861524431722457	0.6387107812553321	0.5784961008807529	0.6546968237106622
744	25.053730834739692	-9961.164837692766	1.0554657697047836	0.7551329872083689	0.7508635046235426	2.6640189549897335	5.371359196972825	0.27384665900044924	0.6763660559116317	0.24861524431722457	0.6387107812553321	0.5784961008807529	0.6546968237106622
745	25.053730834739692	-9961.164837692766	1.0554657697047836	0.7551329872083689	0.7508635046235426	2.6640189549897335	5.371359196972825	0.27384665900044924	0.6763660559116317	0.24861524431722457	0.6387107812553321	0.5784961008807529	0.6546968237106622
746	25.05125054725306	-9960.777139965328	1.0554657697047836	0.7551329872083689	0.7508635046235426	2.6640189549897335	5.371359196972825	0.27384665900044924	0.6763660559116317	0.24861524431722457	0.6387107812553321	0.5784961008807529	0.6546968237106622
747	25.05125054725306	-9960.777139965328	1.0554657697047836	0.7551329872083689	0.7508635046235426	2.6640189549897335	5.371359196972825	0.27384665900044924	0.6763660559116317	0.24861524431722457	0.6387107812553321	0.5784961008807529	0.6546968237106622
748	25.05125054725306	-9960.777139965328	1.0554657697047836	0.7551329872083689	0.7508635046235426	2.6640189549897335	5.371359196972825	0.27384665900044924	0.6763660559116317	0.24861524431722457	0.6387107812553321	0.5784961008807529	0.6546968237106622
749	25.05125054725306	-9951.095034184476	1.0554657697047836	0.7551329872083689	0.7508635046235426	2.6640189549897335	5.371359196972825	0.27384665900044924	0.6763660559116317	0.24861524431722457	0.6387107812553321	0.5784961008807529	0.6546968237106622
750	25.05125054725306	-9951.095034184476	1.0554657697047836	0.7551329872083689	0.7508635046235426	2.6640189549897335	5.371359196972825	0.27384665900044924	0.6763660559116317	0.24861524431722457	0.6387107812553321	0.5784961008807529	0.6546968237106622
751	25.04601947682863	-9950.96431306601	1.0554657697047836	0.7551329872083689	0.7508635046235426	2.6640189549897335	5.371359196972825	0.27384665900044924	0.6763660559116317	0.24861524431722457	0.6387107812553321	0.5784961008807529	0.6546968237106622
752	24.80983301246745	-9942.793464480965	1.0554657697047836	0.7551329872083689	0.7508635046235426	2.6640189549897335	5.371359196972825	0.27384665900044924	0.6763660559116317	0.24861524431722457	0.6387107812553321	0.5784961008807529	0.6546968237106622
753	24.80983301246745	-9942.793464480965	1.0554657697047836	0.7551329872083689	0.7508635046235426	2.6640189549897335	5.371359196972825	0.27384665900044924	0.6763660559116317	0.24861524431722457	0.6387107812553321	0.5784961008807529	0.6546968237106622
754	24.80983301246745	-9942.793464480965	1.0554657697047836	0.7551329872083689	0.7508635046235426	2.6640189549897335	5.371359196972825	0.27384665900044924	0.6763660559116317	0.24861524431722457	0.6387107812553321	0.5784961008807529	0.6546968237106622
755	24.80983301246745	-9942.793464480965	1.0554657697047836	0.7551329872083689	0.7508635046235426	2.6640189549897335	5.371359196972825	0.27384665900044924	0.6763660559116317	0.24861524431722457	0.6387107812553321	0.5784961008807529	0.6546968237106622
756	24.80983301246745	-9942.831489000419	1.0554657697047836	0.7551329872083689	0.7508635046235426	2.6640189549897335	5.371359196972825	0.27384665900044924	0.6763660559116317	0.24861524431722457	0.6387107812553321	0.5784961008807529	0.6546968237106622
757	24.81380393294984	-9943.025213103778	1.0554657697047836	0.7551329872083689	0.7508635046235426	2.6640189549897335	5.371359196972825	0.27384665900044924	0.6763660559116317	0.24861524431722457	0.6387107812553321	0.5784961008807529	0.6546968237106622
758	24.81380393294984	-9943.025213103778	1.0554657697047836	0.7551329872083689	0.7508635046235426	2.6640189549897335	5.371359196972825	0.27384665900044924	0.6763660559116317	0.24861524431722457	0.6387107812553321	0.5784961008807529	0.6546968237106622
759	24.81380393294984	-9943.025213103778	1.0554657697047836	0.7551329872083689	0.7508635046235426	2.6640189549897335	5.371359196972825	0.27384665900044924	0.6763660559116317	0.24861524431722457	0.6387107812553321	0.5784961008807529	0.6546968237106622
760	24.81380393294984	-9943.025213103778	1.0554657697047836	0.7551329872083689	0.7508635046235426	2.6640189549897335	5.371359196972825	0.27384665900044924	0.6763660559116317	0.24861524431722457	0.6387107812553321	0.5784961008807529	0.6546968237106622
761	24.81380393294984	-9943.025213103778	1.0554657697047836	0.7551329872083689	0.7508635046235426	2.6640189549897335	5.371359196972825	0.27384665900044924	0.6763660559116317	0.24861524431722457	0.6387107812553321	0.5784961008807529	0.6546968237106622
762	24.81380393294984	-9943.025213103778	1.0554657697047836	0.7551329872083689	0.7508635046235426	2.6640189549897335	5.371359196972825	0.27384665900044924	0.6763660559116317	0.24861524431722457	0.6387107812553321	0.5784961008807529	0.6546968237106622
763	24.81380393294984	-9943.69093008414	1.0554657697047836	0.7551329872083689	0.7508635046235426	2.6640189549897335	5.371359196972825	0.27384665900044924	0.6763660559116317	0.24861524431722457	0.6387107812553321	0.5784961008807529	0.6546968237106622
764	24.81380393294984	-9943.69093008414	1.0554657697047836	0.7551329872083689	0.7508635046235426	2.6640189549897335	5.371359196972825	0.27384665900044924	0.6763660559116317	0.24861524431722457	0.6387107812553321	0.5784961008807529	0.6546968237106622
765	24.873095146385424	-9927.793914345579	1.0554657697047836	0.7551329872083689	0.7508635046235426	2.6640189549897335	5.371359196972825	0.27384665900044924	0.6763660559116317	0.24861524431722457	0.6387107812553321	0.5784961008807529	0.6546968237106622
766	24.873095146385424	-9927.793914345579	1.0554657697047836	0.7551329872083689	0.7508635046235426	2.6640189549897335	5.371359196972825	0.27384665900044924	0.6763660559116317	0.24861524431722457	0.6387107812553321	0.5784961008807529	0.6546968237106622
767	24.873095146385424	-9927.793914345579	1.0554657697047836	0.7551329872083689	0.7508635046235426	2.6640189549897335	5.371359196972825	0.27384665900044924	0.6763660559116317	0.24861524431722457	0.6387107812553321	0.5784961008807529	0.6546968237106622
768	25.118076268839395	-9927.793914345579	1.0554657697047836	0.7551329872083689	0.7508635046235426	2.6640189549897335	5.371359196972825	0.2740438062710532	0.7491071271752338	0.28172826865861955	0.623923540204888	0.5678718721970085	0.6546968237106622
769	25.118076268839395	-9927.793914345579	1.0554657697047836	0.7551329872083689	0.7508635046235426	2.6640189549897335	5.371359196972825	0.2740438062710532	0.7491071271752338	0.28172826865861955	0.623923540204888	0.5678718721970085	0.6546968237106622
770	25.117959000543372	-9927.751458995257	1.0554657697047836	0.7551329872083689	0.7508635046235426	2.6640189549897335	5.371359196972825	0.2740438062710532	0.7491071271752338	0.28172826865861955	0.623923540204888	0.5678718721970085	0.6546968237106622
771	25.117959000543372	-9927.751458995257	1.0554657697047836	0.7551329872083689	0.7508635046235426	2.6640189549897335	5.371359196972825	0.2740438062710532	0.7491071271752338	0.28172826865861955	0.623923540204888	0.5678718721970085	0.6546968237106622
772	25.117959000543372	-9925.0522463009	1.0554657697047836	0.7551329872083689	0.7508635046235426	2.6640189549897335	5.371359196972825	0.2740438062710532	0.7491071271752338	0.28172826865861955	0.623923540204888	0.5678718721970085	0.6546968237106622
773	25.117959000543372	-9925.0522463009	1.0554657697047836	0.7551329872083689	0.7508635046235426	2.6640189549897335	5.371359196972825	0.2740438062710532	0.7491071271752338	0.28172826865861955	0.623923540204888	0.5678718721970085	0.6546968237106622
774	25.117959000543372	-9925.0522463009	1.0554657697047836	0.7551329872083689	0.7508635046235426	2.6640189549897335	5.371359196972825	0.2740438062710532	0.7491071271752338	0.28172826865861955	0.623923540204888	0.5678718721970085	0.6546968237106622
775	25.113968212317523	-9924.360009395567	1.0554657697047836	0.7551329872083689	0.7508635046235426	2.6640189549897335	5.371359196972825	0.2740438062710532	0.7491071271752338	0.28172826865861955	0.623923540204888	0.5678718721970085	0.6546968237106622
776	25.113968212317523	-9924.360009395567	1.0554657697047836	0.7551329872083689	0.7508635046235426	2.6640189549897335	5.371359196972825	0.2740438062710532	0.7491071271752338	0.28172826865861955	0.623923540204888	0.5678718721970085	0.6546968237106622
777	24.96770746738714	-9921.920740405381	1.0554657697047836	0.7551329872083689	0.7508635046235426	2.6640189549897335	5.371359196972825	0.2740438062710532	0.7491071271752338	0.28172826865861955	0.623923540204888	0.5678718721970085	0.6546968237106622
778	24.96770746738714	-9921.920740405381	1.0554657697047836	0.7551329872083689	0.7508635046235426	2.6640189549897335	5.371359196972825	0.2740438062710532	0.7491071271752338	0.28172826865861955	0.623923540204888	0.5678718721970085	0.6546968237106622
779	24.96770746738714	-9921.920740405381	1.0554657697047836	0.7551329872083689	0.7508635046235426	2.6640189549897335	5.371359196972825	0.2740438062710532	0.7491071271752338	0.28172826865861955	0.623923540204888	0.5678718721970085	0.6546968237106622
780	24.96770746738714	-9921.920740405381	1.0554657697047836	0.7551329872083689	0.7508635046235426	2.6640189549897335	5.371359196972825	0.2740438062710532	0.7491071271752338	0.28172826865861955	0.623923540204888	0.5678718721970085	0.6546968237106622
781	25.41214405747066	-9921.920740405381	1.0554657697047836	0.7551329872083689	0.7508635046235426	2.6640189549897335	5.371359196972825	0.2740438062710532	0.7491071271752338	0.28172826865861955	0.623923540204888	0.5678718721970085	0.4968785761817221
782	25.41214405747066	-9921.920740405381	1.0554657697047836	0.7551329872083689	0.7508635046235426	2.6640189549897335	5.371359196972825	0.2740438062710532	0.7491071271752338	0.28172826865861955	0.623923540204888	0.5678718721970085	0.4968785761817221
783	25.41214405747066	-9920.130771710852	1.0554657697047836	0.7551329872083689	0.7508635046235426	2.6640189549897335	5.371359196972825	0.2740438062710532	0.7491071271752338	0.28172826865861955	0.623923540204888	0.5678718721970085	0.4968785761817221
784	25.41214405747066	-9920.130771710852	1.0554657697047836	0.7551329872083689	0.7508635046235426	2.6640189549897335	5.371359196972825	0.2740438062710532	0.7491071271752338	0.28172826865861955	0.623923540204888	0.5678718721970085	0.4968785761817221
785	25.41214405747066	-9920.130771710852	1.0554657697047836	0.7551329872083689	0.7508635046235426	2.6640189549897335	5.371359196972825	0.2740438062710532	0.7491071271752338	0.28172826865861955	0.623923540204888	0.5678718721970085	0.4968785761817221
786	25.41214405747066	-9920.130771710852	1.0554657697047836	0.7551329872083689	0.7508635046235426	2.6640189549897335	5.371359196972825	0.2740438062710532	0.7491071271752338	0.28172826865861955	0.623923540204888	0.5678718721970085	0.4968785761817221
787	25.41214405747066	-9920.130771710852	1.0554657697047836	0.7551329872083689	0.7508635046235426	2.6640189549897335	5.371359196972825	0.2740438062710532	0.7491071271752338	0.28172826865861955	0.623923540204888	0.5678718721970085	0.4968785761817221
788	25.374478782821267	-9920.130771710852	1.0554657697047836	0.7551329872083689	0.7508635046235426	2.6640189549897335	5.371359196972825	0.2740438062710532	0.7491071271752338	0.28172826865861955	0.623923540204888	0.5678718721970085	0.5105316716884585
789	25.374478782821267	-9920.130771710852	1.0554657697047836	0.7551329872083689	0.7508635046235426	2.6640189549897335	5.371359196972825	0.2740438062710532	0.7491071271752338	0.28172826865861955	0.623923540204888	0.5678718721970085	0.5105316716884585
790	25.353138999277473	-9919.555999408001	1.0554657697047836	0.7551329872083689	0.7508635046235426	2.6640189549897335	5.371359196972825	0.2740438062710532	0.7491071271752338	0.28172826865861955	0.623923540204888	0.5678718721970085	0.5105316716884585
791	25.353138999277473	-9840.886878945481	1.0554657697047836	0.7551329872083689	0.7508635046235426	2.6640189549897335	5.371359196972825	0.2740438062710532	0.7491071271752338	0.28172826865861955	0.623923540204888	0.5678718721970085	0.5105316716884585
792	25.353138999277473	-9840.886878945481	1.0554657697047836	0.7551329872083689	0.7508635046235426	2.6640189549897335	5.371359196972825	0.2740438062710532	0.7491071271752338	0.28172826865861955	0.623923540204888	0.5678718721970085	0.5105316716884585
793	25.37756873827524	-9835.65494895068	1.0554657697047836	0.7551329872083689	0.7508635046235426	2.6640189549897335	5.371359196972825	0.2740438062710532	0.7491071271752338	0.28172826865861955	0.623923540204888	0.5678718721970085	0.5105316716884585
794	25.379246488931155	-9835.618730631406	1.0554657697047836	0.7551329872083689	0.7508635046235426	2.6640189549897335	5.371359196972825	0.2740438062710532	0.7491071271752338	0.28172826865861955	0.623923540204888	0.5678718721970085	0.5105316716884585
795	25.379246488931155	-9835.618730631406	1.0554657697047836	0.7551329872083689	0.7508635046235426	2.6640189549897335	5.371359196972825	0.2740438062710532	0.7491071271752338	0.28172826865861955	0.623923540204888	0.5678718721970085	0.5105316716884585
796	25.379246488931155	-9835.618730631406	1.0554657697047836	0.7551329872083689	0.7508635046235426	2.6640189549897335	5.371359196972825	0.2740438062710532	0.7491071271752338	0.28172826865861955	0.623923540204888	0.5678718721970085	0.5105316716884585
797	25.379246488931155	-9835.618730631406	1.0554657697047836	0.7551329872083689	0.7508635046235426	2.6640189549897335	5.371359196972825	0.2740438062710532	0.7491071271752338	0.28172826865861955	0.623923540204888	0.5678718721970085	0.5105316716884585
798	25.412200762823186	-9771.747182561248	1.0554657697047836	0.7551329872083689	0.7508635046235426	2.6640189549897335	5.371359196972825	0.2740438062710532	0.7491071271752338	0.28172826865861955	0.623923540204888	0.5678718721970085	0.5105316716884585
799	25.41097705253581	-9771.93482054311	1.0554657697047836	0.7551329872083689	0.7508635046235426	2.6640189549897335	5.371359196972825	0.2740438062710532	0.7491071271752338	0.28172826865861955	0.623923540204888	0.5678718721970085	0.5105316716884585
800	25.41097705253581	-9767.843686738588	1.0554657697047836	0.7551329872083689	0.7508635046235426	2.6640189549897335	5.371359196972825	0.2740438062710532	0.7491071271752338	0.28172826865861955	0.623923540204888	0.5678718721970085	0.5105316716884585
801	25.41097705253581	-9767.843686738588	1.0554657697047836	0.7551329872083689	0.7508635046235426	2.6640189549897335	5.371359196972825	0.2740438062710532	0.7491071271752338	0.28172826865861955	0.623923540204888	0.5678718721970085	0.5105316716884585
802	25.41097705253581	-9767.843686738588	1.0554657697047836	0.7551329872083689	0.7508635046235426	2.6640189549897335	5.371359196972825	0.2740438062710532	0.7491071271752338	0.28172826865861955	0.623923540204888	0.5678718721970085	0.5105316716884585
803	25.38914668227032	-9755.593930748197	1.0554657697047836	0.7551329872083689	0.7508635046235426	2.6640189549897335	5.371359196972825	0.2740438062710532	0.7491071271752338	0.28172826865861955	0.623923540204888	0.5678718721970085	0.5105316716884585
804	25.38914668227032	-9755.593930748197	1.0554657697047836	0.7551329872083689	0.7508635046235426	2.6640189549897335	5.371359196972825	0.2740438062710532	0.7491071271752338	0.28172826865861955	0.623923540204888	0.5678718721970085	0.5105316716884585
805	25.38914668227032	-9755.593930748197	1.0554657697047836	0.7551329872083689	0.7508635046235426	2.6640189549897335	5.371359196972825	0.2740438062710532	0.7491071271752338	0.28172826865861955	0.623923540204888	0.5678718721970085	0.5105316716884585
806	25.38914668227032	-9755.593930748197	1.0554657697047836	0.7551329872083689	0.7508635046235426	2.6640189549897335	5.371359196972825	0.2740438062710532	0.7491071271752338	0.28172826865861955	0.623923540204888	0.5678718721970085	0.5105316716884585
807	25.38914668227032	-9755.593930748197	1.0554657697047836	0.7551329872083689	0.7508635046235426	2.6640189549897335	5.371359196972825	0.2740438062710532	0.7491071271752338	0.28172826865861955	0.623923540204888	0.5678718721970085	0.5105316716884585
808	25.38914668227032	-9755.593930748197	1.0554657697047836	0.7551329872083689	0.7508635046235426	2.6640189549897335	5.371359196972825	0.2740438062710532	0.7491071271752338	0.28172826865861955	0.623923540204888	0.5678718721970085	0.5105316716884585
809	25.38914668227032	-9755.593930748197	1.0554657697047836	0.7551329872083689	0.7508635046235426	2.6640189549897335	5.371359196972825	0.2740438062710532	0.7491071271752338	0.28172826865861955	0.623923540204888	0.5678718721970085	0.5105316716884585
810	25.38914668227032	-9755.593930748197	1.0554657697047836	0.7551329872083689	0.7508635046235426	2.6640189549897335	5.371359196972825	0.2740438062710532	0.7491071271752338	0.28172826865861955	0.623923540204888	0.5678718721970085	0.5105316716884585
811	25.38914668227032	-9755.593930748197	1.0554657697047836	0.7551329872083689	0.7508635046235426	2.6640189549897335	5.371359196972825	0.2740438062710532	0.7491071271752338	0.28172826865861955	0.623923540204888	0.5678718721970085	0.5105316716884585
812	25.38914668227032	-9755.593930748197	1.0554657697047836	0.7551329872083689	0.7508635046235426	2.6640189549897335	5.371359196972825	0.2740438062710532	0.7491071271752338	0.28172826865861955	0.623923540204888	0.5678718721970085	0.5105316716884585
813	25.38914668227032	-9755.593930748197	1.0554657697047836	0.7551329872083689	0.7508635046235426	2.6640189549897335	5.371359196972825	0.2740438062710532	0.7491071271752338	0.28172826865861955	0.623923540204888	0.5678718721970085	0.5105316716884585
814	25.38914668227032	-9755.593930748197	1.0554657697047836	0.7551329872083689	0.7508635046235426	2.6640189549897335	5.371359196972825	0.2740438062710532	0.7491071271752338	0.28172826865861955	0.623923540204888	0.5678718721970085	0.5105316716884585
815	25.38914668227032	-9755.593930748197	1.0554657697047836	0.7551329872083689	0.7508635046235426	2.6640189549897335	5.371359196972825	0.2740438062710532	0.7491071271752338	0.28172826865861955	0.623923540204888	0.5678718721970085	0.5105316716884585
816	25.38914668227032	-9755.593930748197	1.0554657697047836	0.7551329872083689	0.7508635046235426	2.6640189549897335	5.371359196972825	0.2740438062710532	0.7491071271752338	0.28172826865861955	0.623923540204888	0.5678718721970085	0.5105316716884585
817	25.38914668227032	-9755.593930748197	1.0554657697047836	0.7551329872083689	0.7508635046235426	2.6640189549897335	5.371359196972825	0.2740438062710532	0.7491071271752338	0.28172826865861955	0.623923540204888	0.5678718721970085	0.5105316716884585
818	25.38914668227032	-9755.593930748197	1.0554657697047836	0.7551329872083689	0.7508635046235426	2.6640189549897335	5.371359196972825	0.2740438062710532	0.7491071271752338	0.28172826865861955	0.623923540204888	0.5678718721970085	0.5105316716884585
819	25.38914668227032	-9755.593930748197	1.0554657697047836	0.7551329872083689	0.7508635046235426	2.6640189549897335	5.371359196972825	0.2740438062710532	0.7491071271752338	0.28172826865861955	0.623923540204888	0.5678718721970085	0.5105316716884585
820	25.38914668227032	-9755.593930748197	1.0554657697047836	0.7551329872083689	0.7508635046235426	2.6640189549897335	5.371359196972825	0.2740438062710532	0.7491071271752338	0.28172826865861955	0.623923540204888	0.5678718721970085	0.5105316716884585
821	25.38914668227032	-9748.633823938279	1.0554657697047836	0.7551329872083689	0.7508635046235426	2.6640189549897335	5.371359196972825	0.2740438062710532	0.7491071271752338	0.28172826865861955	0.623923540204888	0.5678718721970085	0.5105316716884585
822	25.38914668227032	-9748.633823938279	1.0554657697047836	0.7551329872083689	0.7508635046235426	2.6640189549897335	5.371359196972825	0.2740438062710532	0.7491071271752338	0.28172826865861955	0.623923540204888	0.5678718721970085	0.5105316716884585
823	25.38914668227032	-9748.633823938279	1.0554657697047836	0.7551329872083689	0.7508635046235426	2.6640189549897335	5.371359196972825	0.2740438062710532	0.7491071271752338	0.28172826865861955	0.623923540204888	0.5678718721970085	0.5105316716884585
824	25.455094100821125	-9748.633823938279	1.0554657697047836	0.7551329872083689	0.7508635046235426	2.6640189549897335	5.371359196972825	0.2740438062710532	0.7491071271752338	0.28172826865861955	0.623923540204888	0.5678718721970085	0.4865871672225158
825	25.455094100821125	-9748.633823938279	1.0554657697047836	0.7551329872083689	0.7508635046235426	2.6640189549897335	5.371359196972825	0.2740438062710532	0.7491071271752338	0.28172826865861955	0.623923540204888	0.5678718721970085	0.4865871672225158
826	25.455094100821125	-9748.633823938279	1.0554657697047836	0.7551329872083689	0.7508635046235426	2.6640189549897335	5.371359196972825	0.2740438062710532	0.7491071271752338	0.28172826865861955	0.623923540204888	0.5678718721970085	0.4865871672225158
827	25.455094100821125	-9748.633823938279	1.0554657697047836	0.7551329872083689	0.7508635046235426	2.6640189549897335	5.371359196972825	0.2740438062710532	0.7491071271752338	0.28172826865861955	0.623923540204888	0.5678718721970085	0.4865871672225158
828	25.466700129237278	-9746.334610247071	1.0554657697047836	0.7551329872083689	0.7508635046235426	2.6640189549897335	5.371359196972825	0.2740438062710532	0.7491071271752338	0.28172826865861955	0.623923540204888	0.5678718721970085	0.4865871672225158
829	25.466700129237278	-9746.334610247071	1.0554657697047836	0.7551329872083689	0.7508635046235426	2.6640189549897335	5.371359196972825	0.2740438062710532	0.7491071271752338	0.28172826865861955	0.623923540204888	0.5678718721970085	0.4865871672225158
830	25.466700129237278	-9727.4309525539	1.0554657697047836	0.7551329872083689	0.7508635046235426	2.6640189549897335	5.371359196972825	0.2740438062710532	0.7491071271752338	0.28172826865861955	0.623923540204888	0.5678718721970085	0.4865871672225158
831	25.498095617426937	-9680.04213304147	1.0554657697047836	0.7551329872083689	0.7508635046235426	2.6640189549897335	5.371359196972825	0.2740438062710532	0.7491071271752338	0.28172826865861955	0.623923540204888	0.5678718721970085	0.4865871672225158
832	25.49783459414095	-9680.040017009054	1.0554657697047836	0.7551329872083689	0.7508635046235426	2.6640189549897335	5.371359196972825	0.2740438062710532	0.7491071271752338	0.28172826865861955	0.623923540204888	0.5678718721970085	0.4865871672225158
833	25.49783459414095	-9680.040017009054	1.0554657697047836	0.7551329872083689	0.7508635046235426	2.6640189549897335	5.371359196972825	0.2740438062710532	0.7491071271752338	0.28172826865861955	0.623923540204888	0.5678718721970085	0.4865871672225158
834	25.49783459414095	-9680.040017009054	1.0554657697047836	0.7551329872083689	0.7508635046235426	2.6640189549897335	5.371359196972825	0.2740438062710532	0.7491071271752338	0.28172826865861955	0.623923540204888	0.5678718721970085	0.4865871672225158
835	25.49783459414095	-9680.040017009054	1.0554657697047836	0.7551329872083689	0.7508635046235426	2.6640189549897335	5.371359196972825	0.2740438062710532	0.7491071271752338	0.28172826865861955	0.623923540204888	0.5678718721970085	0.4865871672225158
836	25.49783459414095	-9680.040017009054	1.0554657697047836	0.7551329872083689	0.7508635046235426	2.6640189549897335	5.371359196972825	0.2740438062710532	0.7491071271752338	0.28172826865861955	0.623923540204888	0.5678718721970085	0.4865871672225158
837	25.49783459414095	-9680.040017009054	1.0554657697047836	0.7551329872083689	0.7508635046235426	2.6640189549897335	5.371359196972825	0.2740438062710532	0.7491071271752338	0.28172826865861955	0.623923540204888	0.5678718721970085	0.4865871672225158
838	25.49783459414095	-9678.693235261137	1.0554657697047836	0.7551329872083689	0.7508635046235426	2.6640189549897335	5.371359196972825	0.2740438062710532	0.7491071271752338	0.28172826865861955	0.623923540204888	0.5678718721970085	0.4865871672225158
839	25.49783459414095	-9678.677178189087	1.0554657697047836	0.7551329872083689	0.7508635046235426	2.6640189549897335	5.371359196972825	0.2740438062710532	0.7491071271752338	0.28172826865861955	0.623923540204888	0.5678718721970085	0.4865871672225158
840	25.49783459414095	-9678.677178189087	1.0554657697047836	0.7551329872083689	0.7508635046235426	2.6640189549897335	5.371359196972825	0.2740438062710532	0.7491071271752338	0.28172826865861955	0.623923540204888	0.5678718721970085	0.4865871672225158
841	25.49892083856268	-9678.81674018904	1.0554657697047836	0.7551329872083689	0.7508635046235426	2.6640189549897335	5.371359196972825	0.2740438062710532	0.7491071271752338	0.28172826865861955	0.623923540204888	0.5678718721970085	0.4865871672225158
842	25.440531440396438	-9666.282283556297	1.0554657697047836	0.7551329872083689	0.7508635046235426	2.6640189549897335	5.371359196972825	0.2740438062710532	0.7491071271752338	0.28172826865861955	0.623923540204888	0.5678718721970085	0.4865871672225158
843	25.440531440396438	-9666.282283556297	1.0554657697047836	0.7551329872083689	0.7508635046235426	2.6640189549897335	5.371359196972825	0.2740438062710532	0.7491071271752338	0.28172826865861955	0.623923540204888	0.5678718721970085	0.4865871672225158
844	25.440531440396438	-9665.939239399764	1.0554657697047836	0.7551329872083689	0.7508635046235426	2.6640189549897335	5.371359196972825	0.2740438062710532	0.7491071271752338	0.28172826865861955	0.623923540204888	0.5678718721970085	0.4865871672225158
845	25.440531440396438	-9665.939239399764	1.0554657697047836	0.7551329872083689	0.7508635046235426	2.6640189549897335	5.371359196972825	0.2740438062710532	0.7491071271752338	0.28172826865861955	0.623923540204888	0.5678718721970085	0.4865871672225158
846	25.471319810316412	-9668.087168459411	1.0554657697047836	0.7551329872083689	0.7508635046235426	2.6640189549897335	5.371359196972825	0.2740438062710532	0.7491071271752338	0.28172826865861955	0.623923540204888	0.5678718721970085	0.4865871672225158
847	25.471319810316412	-9668.087168459411	1.0554657697047836	0.7551329872083689	0.7508635046235426	2.6640189549897335	5.371359196972825	0.2740438062710532	0.7491071271752338	0.28172826865861955	0.623923540204888	0.5678718721970085	0.4865871672225158
848	26.84058134205993	-9668.087168459411	1.0554657697047836	0.7551329872083689	0.7508635046235426	2.6640189549897335	5.371359196972825	0.2736899906893222	0.7017612910031633	0.2730872041904521	0.5258071859354784	0.5077310564814955	0.4865871672225158
849	26.8406758347635	-9668.284530077663	1.0554657697047836	0.7551329872083689	0.7508635046235426	2.6640189549897335	5.371359196972825	0.2736899906893222	0.7017612910031633	0.2730872041904521	0.5258071859354784	0.5077310564814955	0.4865871672225158
850	26.8406758347635	-9668.284530077663	1.0554657697047836	0.7551329872083689	0.7508635046235426	2.6640189549897335	5.371359196972825	0.2736899906893222	0.7017612910031633	0.2730872041904521	0.5258071859354784	0.5077310564814955	0.4865871672225158
851	26.8406758347635	-9668.284530077663	1.0554657697047836	0.7551329872083689	0.7508635046235426	2.6640189549897335	5.371359196972825	0.2736899906893222	0.7017612910031633	0.2730872041904521	0.5258071859354784	0.5077310564814955	0.4865871672225158
852	26.8406758347635	-9668.284530077663	1.0554657697047836	0.7551329872083689	0.7508635046235426	2.6640189549897335	5.371359196972825	0.2736899906893222	0.7017612910031633	0.2730872041904521	0.5258071859354784	0.5077310564814955	0.4865871672225158
853	26.8406758347635	-9668.284530077663	1.0554657697047836	0.7551329872083689	0.7508635046235426	2.6640189549897335	5.371359196972825	0.2736899906893222	0.7017612910031633	0.2730872041904521	0.5258071859354784	0.5077310564814955	0.4865871672225158
854	26.841813424133033	-9668.284530077663	1.0554657697047836	0.7551329872083689	0.7508635046235426	2.6640189549897335	5.371359196972825	0.2736899906893222	0.7017612910031633	0.2730872041904521	0.5258071859354784	0.5077310564814955	0.486199273777422
855	26.841813424133033	-9668.284530077663	1.0554657697047836	0.7551329872083689	0.7508635046235426	2.6640189549897335	5.371359196972825	0.2736899906893222	0.7017612910031633	0.2730872041904521	0.5258071859354784	0.5077310564814955	0.486199273777422
856	26.841813424133033	-9668.284530077663	1.0554657697047836	0.7551329872083689	0.7508635046235426	2.6640189549897335	5.371359196972825	0.2736899906893222	0.7017612910031633	0.2730872041904521	0.5258071859354784	0.5077310564814955	0.486199273777422
857	26.841813424133033	-9668.284530077663	1.0554657697047836	0.7551329872083689	0.7508635046235426	2.6640189549897335	5.371359196972825	0.2736899906893222	0.7017612910031633	0.2730872041904521	0.5258071859354784	0.5077310564814955	0.486199273777422
858	26.841813424133033	-9668.284530077663	1.0554657697047836	0.7551329872083689	0.7508635046235426	2.6640189549897335	5.371359196972825	0.2736899906893222	0.7017612910031633	0.2730872041904521	0.5258071859354784	0.5077310564814955	0.486199273777422
859	26.841813424133033	-9668.284530077663	1.0554657697047836	0.7551329872083689	0.7508635046235426	2.6640189549897335	5.371359196972825	0.2736899906893222	0.7017612910031633	0.2730872041904521	0.5258071859354784	0.5077310564814955	0.486199273777422
860	26.841813424133033	-9668.284530077663	1.0554657697047836	0.7551329872083689	0.7508635046235426	2.6640189549897335	5.371359196972825	0.2736899906893222	0.7017612910031633	0.2730872041904521	0.5258071859354784	0.5077310564814955	0.486199273777422
861	26.821684963899553	-9667.695309141343	1.0554657697047836	0.7551329872083689	0.7508635046235426	2.6640189549897335	5.371359196972825	0.2736899906893222	0.7017612910031633	0.2730872041904521	0.5258071859354784	0.5077310564814955	0.486199273777422
862	26.82492918680693	-9667.695309141343	1.0554657697047836	0.7551329872083689	0.7508635046235426	2.6640189549897335	5.371359196972825	0.2736899906893222	0.7017612910031633	0.2730872041904521	0.5258071859354784	0.5077310564814955	0.48509275668152674
863	26.82492918680693	-9667.695309141343	1.0554657697047836	0.7551329872083689	0.7508635046235426	2.6640189549897335	5.371359196972825	0.2736899906893222	0.7017612910031633	0.2730872041904521	0.5258071859354784	0.5077310564814955	0.48509275668152674
864	26.82492918680693	-9667.695309141343	1.0554657697047836	0.7551329872083689	0.7508635046235426	2.6640189549897335	5.371359196972825	0.2736899906893222	0.7017612910031633	0.2730872041904521	0.5258071859354784	0.5077310564814955	0.48509275668152674
865	26.82492918680693	-9667.695309141343	1.0554657697047836	0.7551329872083689	0.7508635046235426	2.6640189549897335	5.371359196972825	0.2736899906893222	0.7017612910031633	0.2730872041904521	0.5258071859354784	0.5077310564814955	0.48509275668152674
866	26.82492918680693	-9667.695309141343	1.0554657697047836	0.7551329872083689	0.7508635046235426	2.6640189549897335	5.371359196972825	0.2736899906893222	0.7017612910031633	0.2730872041904521	0.5258071859354784	0.5077310564814955	0.48509275668152674
867	26.82492918680693	-9667.695309141343	1.0554657697047836	0.7551329872083689	0.7508635046235426	2.6640189549897335	5.371359196972825	0.2736899906893222	0.7017612910031633	0.2730872041904521	0.5258071859354784	0.5077310564814955	0.48509275668152674
868	26.82492918680693	-9667.695309141343	1.0554657697047836	0.7551329872083689	0.7508635046235426	2.6640189549897335	5.371359196972825	0.2736899906893222	0.7017612910031633	0.2730872041904521	0.5258071859354784	0.5077310564814955	0.48509275668152674
869	26.82492918680693	-9667.695309141343	1.0554657697047836	0.7551329872083689	0.7508635046235426	2.6640189549897335	5.371359196972825	0.2736899906893222	0.7017612910031633	0.2730872041904521	0.5258071859354784	0.5077310564814955	0.48509275668152674
870	26.82420268210463	-9667.65819644954	1.0554657697047836	0.7551329872083689	0.7508635046235426	2.6640189549897335	5.371359196972825	0.2736899906893222	0.7017612910031633	0.2730872041904521	0.5258071859354784	0.5077310564814955	0.48509275668152674
871	26.82420268210463	-9667.65819644954	1.0554657697047836	0.7551329872083689	0.7508635046235426	2.6640189549897335	5.371359196972825	0.2736899906893222	0.7017612910031633	0.2730872041904521	0.5258071859354784	0.5077310564814955	0.48509275668152674
872	26.82420268210463	-9667.65819644954	1.0554657697047836	0.7551329872083689	0.7508635046235426	2.6640189549897335	5.371359196972825	0.2736899906893222	0.7017612910031633	0.2730872041904521	0.5258071859354784	0.5077310564814955	0.48509275668152674
873	26.82420268210463	-9667.65819644954	1.0554657697047836	0.7551329872083689	0.7508635046235426	2.6640189549897335	5.371359196972825	0.2736899906893222	0.7017612910031633	0.2730872041904521	0.5258071859354784	0.5077310564814955	0.48509275668152674
874	26.82420268210463	-9668.241654951657	1.0554657697047836	0.7551329872083689	0.7508635046235426	2.6640189549897335	5.371359196972825	0.2736899906893222	0.7017612910031633	0.2730872041904521	0.5258071859354784	0.5077310564814955	0.48509275668152674
875	26.82420268210463	-9640.268217389406	1.0554657697047836	0.7551329872083689	0.7508635046235426	2.6640189549897335	5.371359196972825	0.2736899906893222	0.7017612910031633	0.2730872041904521	0.5258071859354784	0.5077310564814955	0.48509275668152674
876	26.82420268210463	-9640.268217389406	1.0554657697047836	0.7551329872083689	0.7508635046235426	2.6640189549897335	5.371359196972825	0.2736899906893222	0.7017612910031633	0.2730872041904521	0.5258071859354784	0.5077310564814955	0.48509275668152674
877	26.82420268210463	-9640.268217389406	1.0554657697047836	0.7551329872083689	0.7508635046235426	2.6640189549897335	5.371359196972825	0.2736899906893222	0.7017612910031633	0.2730872041904521	0.5258071859354784	0.5077310564814955	0.48509275668152674
878	26.82420268210463	-9640.268217389406	1.0554657697047836	0.7551329872083689	0.7508635046235426	2.6640189549897335	5.371359196972825	0.2736899906893222	0.7017612910031633	0.2730872041904521	0.5258071859354784	0.5077310564814955	0.48509275668152674
879	26.82420268210463	-9640.268217389406	1.0554657697047836	0.7551329872083689	0.7508635046235426	2.6640189549897335	5.371359196972825	0.2736899906893222	0.7017612910031633	0.2730872041904521	0.5258071859354784	0.5077310564814955	0.48509275668152674
880	26.82420268210463	-9640.268217389406	1.0554657697047836	0.7551329872083689	0.7508635046235426	2.6640189549897335	5.371359196972825	0.2736899906893222	0.7017612910031633	0.2730872041904521	0.5258071859354784	0.5077310564814955	0.48509275668152674
881	26.722702839381316	-9639.482423589	1.0554657697047836	0.7551329872083689	0.7508635046235426	2.6640189549897335	5.371359196972825	0.2736899906893222	0.7017612910031633	0.2730872041904521	0.5258071859354784	0.5077310564814955	0.48509275668152674
882	26.722702839381316	-9639.482423589	1.0554657697047836	0.7551329872083689	0.7508635046235426	2.6640189549897335	5.371359196972825	0.2736899906893222	0.7017612910031633	0.2730872041904521	0.5258071859354784	0.5077310564814955	0.48509275668152674
883	26.722702839381316	-9639.482423589	1.0554657697047836	0.7551329872083689	0.7508635046235426	2.6640189549897335	5.371359196972825	0.2736899906893222	0.7017612910031633	0.2730872041904521	0.5258071859354784	0.5077310564814955	0.48509275668152674
884	26.69440142793268	-9634.728484808546	1.0554657697047836	0.7551329872083689	0.7508635046235426	2.6640189549897335	5.371359196972825	0.2736899906893222	0.7017612910031633	0.2730872041904521	0.5258071859354784	0.5077310564814955	0.48509275668152674
885	26.697979333921342	-9634.228382284178	1.0554657697047836	0.7551329872083689	0.7508635046235426	2.6640189549897335	5.371359196972825	0.2736899906893222	0.7017612910031633	0.2730872041904521	0.5258071859354784	0.5077310564814955	0.48509275668152674
886	26.697979333921342	-9634.228382284178	1.0554657697047836	0.7551329872083689	0.7508635046235426	2.6640189549897335	5.371359196972825	0.2736899906893222	0.7017612910031633	0.2730872041904521	0.5258071859354784	0.5077310564814955	0.48509275668152674
887	26.697979333921342	-9634.228382284178	1.0554657697047836	0.7551329872083689	0.7508635046235426	2.6640189549897335	5.371359196972825	0.2736899906893222	0.7017612910031633	0.2730872041904521	0.5258071859354784	0.5077310564814955	0.48509275668152674
888	26.705088130383718	-9628.748388139573	1.0554657697047836	0.7551329872083689	0.7508635046235426	2.6640189549897335	5.371359196972825	0.2736899906893222	0.7017612910031633	0.2730872041904521	0.5258071859354784	0.5077310564814955	0.48509275668152674
889	26.705088130383718	-9614.312012275746	1.0554657697047836	0.7551329872083689	0.7508635046235426	2.6640189549897335	5.371359196972825	0.2736899906893222	0.7017612910031633	0.2730872041904521	0.5258071859354784	0.5077310564814955	0.48509275668152674
890	26.705088130383718	-9614.312012275746	1.0554657697047836	0.7551329872083689	0.7508635046235426	2.6640189549897335	5.371359196972825	0.2736899906893222	0.7017612910031633	0.2730872041904521	0.5258071859354784	0.5077310564814955	0.48509275668152674
891	26.705088130383718	-9614.312012275746	1.0554657697047836	0.7551329872083689	0.7508635046235426	2.6640189549897335	5.371359196972825	0.2736899906893222	0.7017612910031633	0.2730872041904521	0.5258071859354784	0.5077310564814955	0.48509275668152674
892	26.705088130383718	-9614.312012275746	1.0554657697047836	0.7551329872083689	0.7508635046235426	2.6640189549897335	5.371359196972825	0.2736899906893222	0.7017612910031633	0.2730872041904521	0.5258071859354784	0.5077310564814955	0.48509275668152674
893	26.705088130383718	-9613.097013979734	1.0554657697047836	0.7551329872083689	0.7508635046235426	2.6640189549897335	5.371359196972825	0.2736899906893222	0.7017612910031633	0.2730872041904521	0.5258071859354784	0.5077310564814955	0.48509275668152674
894	26.705088130383718	-9613.09640917628	1.0554657697047836	0.7551329872083689	0.7508635046235426	2.6640189549897335	5.371359196972825	0.2736899906893222	0.7017612910031633	0.2730872041904521	0.5258071859354784	0.5077310564814955	0.48509275668152674
895	26.596665691046685	-9586.597006445085	1.0554657697047836	0.7551329872083689	0.7508635046235426	2.6640189549897335	5.371359196972825	0.2736899906893222	0.7017612910031633	0.2730872041904521	0.5258071859354784	0.5077310564814955	0.48509275668152674
896	26.638189415700186	-9533.497021668853	1.0554657697047836	0.7551329872083689	0.7508635046235426	2.6640189549897335	5.371359196972825	0.2736899906893222	0.7017612910031633	0.2730872041904521	0.5258071859354784	0.5077310564814955	0.48509275668152674
897	25.49173175416366	-9533.497021668853	1.0554657697047836	0.7551329872083689	0.7508635046235426	2.6640189549897335	5.371359196972825	0.25928414673963035	0.5929978099211386	0.21943518631717213	0.5046207889190832	0.5596209940564402	0.48509275668152674
898	25.49173175416366	-9533.497021668853	1.0554657697047836	0.7551329872083689	0.7508635046235426	2.6640189549897335	5.371359196972825	0.25928414673963035	0.5929978099211386	0.21943518631717213	0.5046207889190832	0.5596209940564402	0.48509275668152674
899	25.36540128728077	-9531.77994686096	1.0554657697047836	0.7551329872083689	0.7508635046235426	2.6640189549897335	5.371359196972825	0.25928414673963035	0.5929978099211386	0.21943518631717213	0.5046207889190832	0.5596209940564402	0.48509275668152674
900	25.36540128728077	-9531.77994686096	1.0554657697047836	0.7551329872083689	0.7508635046235426	2.6640189549897335	5.371359196972825	0.25928414673963035	0.5929978099211386	0.21943518631717213	0.5046207889190832	0.5596209940564402	0.48509275668152674
901	25.36540128728077	-9531.77994686096	1.0554657697047836	0.7551329872083689	0.7508635046235426	2.6640189549897335	5.371359196972825	0.25928414673963035	0.5929978099211386	0.21943518631717213	0.5046207889190832	0.5596209940564402	0.48509275668152674
902	25.36540128728077	-9531.519618289574	1.0554657697047836	0.7551329872083689	0.7508635046235426	2.6640189549897335	5.371359196972825	0.25928414673963035	0.5929978099211386	0.21943518631717213	0.5046207889190832	0.5596209940564402	0.48509275668152674
903	25.36540128728077	-9531.519618289574	1.0554657697047836	0.7551329872083689	0.7508635046235426	2.6640189549897335	5.371359196972825	0.25928414673963035	0.5929978099211386	0.21943518631717213	0.5046207889190832	0.5596209940564402	0.48509275668152674
904	25.36540128728077	-9531.519618289574	1.0554657697047836	0.7551329872083689	0.7508635046235426	2.6640189549897335	5.371359196972825	0.25928414673963035	0.5929978099211386	0.21943518631717213	0.5046207889190832	0.5596209940564402	0.48509275668152674
905	25.36540128728077	-9531.519618289574	1.0554657697047836	0.7551329872083689	0.7508635046235426	2.6640189549897335	5.371359196972825	0.25928414673963035	0.5929978099211386	0.21943518631717213	0.5046207889190832	0.5596209940564402	0.48509275668152674
906	25.36540128728077	-9531.519618289574	1.0554657697047836	0.7551329872083689	0.7508635046235426	2.6640189549897335	5.371359196972825	0.25928414673963035	0.5929978099211386	0.21943518631717213	0.5046207889190832	0.5596209940564402	0.48509275668152674
907	25.36540128728077	-9501.084806634137	1.0554657697047836	0.7551329872083689	0.7508635046235426	2.6640189549897335	5.371359196972825	0.25928414673963035	0.5929978099211386	0.21943518631717213	0.5046207889190832	0.5596209940564402	0.48509275668152674
908	25.36540128728077	-9501.084806634137	1.0554657697047836	0.7551329872083689	0.7508635046235426	2.6640189549897335	5.371359196972825	0.25928414673963035	0.5929978099211386	0.21943518631717213	0.5046207889190832	0.5596209940564402	0.48509275668152674
909	25.296766898255036	-9501.084806634137	1.0554657697047836	0.7551329872083689	0.7508635046235426	2.6640189549897335	5.371359196972825	0.25928414673963035	0.5929978099211386	0.21943518631717213	0.5046207889190832	0.5596209940564402	0.5099456463236568
910	25.296766898255036	-9501.084806634137	1.0554657697047836	0.7551329872083689	0.7508635046235426	2.6640189549897335	5.371359196972825	0.25928414673963035	0.5929978099211386	0.21943518631717213	0.5046207889190832	0.5596209940564402	0.5099456463236568
911	25.296766898255036	-9501.084806634137	1.0554657697047836	0.7551329872083689	0.7508635046235426	2.6640189549897335	5.371359196972825	0.25928414673963035	0.5929978099211386	0.21943518631717213	0.5046207889190832	0.5596209940564402	0.5099456463236568
912	25.296766898255036	-9501.084806634137	1.0554657697047836	0.7551329872083689	0.7508635046235426	2.6640189549897335	5.371359196972825	0.25928414673963035	0.5929978099211386	0.21943518631717213	0.5046207889190832	0.5596209940564402	0.5099456463236568
913	25.296766898255036	-9501.084806634137	1.0554657697047836	0.7551329872083689	0.7508635046235426	2.6640189549897335	5.371359196972825	0.25928414673963035	0.5929978099211386	0.21943518631717213	0.5046207889190832	0.5596209940564402	0.5099456463236568
914	25.296766898255036	-9501.084806634137	1.0554657697047836	0.7551329872083689	0.7508635046235426	2.6640189549897335	5.371359196972825	0.25928414673963035	0.5929978099211386	0.21943518631717213	0.5046207889190832	0.5596209940564402	0.5099456463236568
915	25.296766898255036	-9501.084806634137	1.0554657697047836	0.7551329872083689	0.7508635046235426	2.6640189549897335	5.371359196972825	0.25928414673963035	0.5929978099211386	0.21943518631717213	0.5046207889190832	0.5596209940564402	0.5099456463236568
916	25.296766898255036	-9501.084806634137	1.0554657697047836	0.7551329872083689	0.7508635046235426	2.6640189549897335	5.371359196972825	0.25928414673963035	0.5929978099211386	0.21943518631717213	0.5046207889190832	0.5596209940564402	0.5099456463236568
917	25.296766898255036	-9501.084806634137	1.0554657697047836	0.7551329872083689	0.7508635046235426	2.6640189549897335	5.371359196972825	0.25928414673963035	0.5929978099211386	0.21943518631717213	0.5046207889190832	0.5596209940564402	0.5099456463236568
918	25.297907948931673	-9499.940351632964	1.0554657697047836	0.7551329872083689	0.7508635046235426	2.6640189549897335	5.371359196972825	0.25928414673963035	0.5929978099211386	0.21943518631717213	0.5046207889190832	0.5596209940564402	0.5099456463236568
919	25.297907948931673	-9499.940351632964	1.0554657697047836	0.7551329872083689	0.7508635046235426	2.6640189549897335	5.371359196972825	0.25928414673963035	0.5929978099211386	0.21943518631717213	0.5046207889190832	0.5596209940564402	0.5099456463236568
920	25.297907948931673	-9499.940351632964	1.0554657697047836	0.7551329872083689	0.7508635046235426	2.6640189549897335	5.371359196972825	0.25928414673963035	0.5929978099211386	0.21943518631717213	0.5046207889190832	0.5596209940564402	0.5099456463236568
921	25.297907948931673	-9499.940351632964	1.0554657697047836	0.7551329872083689	0.7508635046235426	2.6640189549897335	5.371359196972825	0.25928414673963035	0.5929978099211386	0.21943518631717213	0.5046207889190832	0.5596209940564402	0.5099456463236568
922	25.297907948931673	-9497.538157694566	1.0554657697047836	0.7551329872083689	0.7508635046235426	2.6640189549897335	5.371359196972825	0.25928414673963035	0.5929978099211386	0.21943518631717213	0.5046207889190832	0.5596209940564402	0.5099456463236568
923	25.297907948931673	-9497.538157694566	1.0554657697047836	0.7551329872083689	0.7508635046235426	2.6640189549897335	5.371359196972825	0.25928414673963035	0.5929978099211386	0.21943518631717213	0.5046207889190832	0.5596209940564402	0.5099456463236568
924	25.297907948931673	-9497.538157694566	1.0554657697047836	0.7551329872083689	0.7508635046235426	2.6640189549897335	5.371359196972825	0.25928414673963035	0.5929978099211386	0.21943518631717213	0.5046207889190832	0.5596209940564402	0.5099456463236568
925	25.297907948931673	-9497.538157694566	1.0554657697047836	0.7551329872083689	0.7508635046235426	2.6640189549897335	5.371359196972825	0.25928414673963035	0.5929978099211386	0.21943518631717213	0.5046207889190832	0.5596209940564402	0.5099456463236568
926	25.297907948931673	-9470.680838082131	1.0554657697047836	0.7551329872083689	0.7508635046235426	2.6640189549897335	5.371359196972825	0.25928414673963035	0.5929978099211386	0.21943518631717213	0.5046207889190832	0.5596209940564402	0.5099456463236568
927	25.297907948931673	-9470.680838082131	1.0554657697047836	0.7551329872083689	0.7508635046235426	2.6640189549897335	5.371359196972825	0.25928414673963035	0.5929978099211386	0.21943518631717213	0.5046207889190832	0.5596209940564402	0.5099456463236568
928	25.297907948931673	-9470.680838082131	1.0554657697047836	0.7551329872083689	0.7508635046235426	2.6640189549897335	5.371359196972825	0.25928414673963035	0.5929978099211386	0.21943518631717213	0.5046207889190832	0.5596209940564402	0.5099456463236568
929	25.297907948931673	-9458.609484832621	1.0554657697047836	0.7551329872083689	0.7508635046235426	2.6640189549897335	5.371359196972825	0.25928414673963035	0.5929978099211386	0.21943518631717213	0.5046207889190832	0.5596209940564402	0.5099456463236568
930	25.297907948931673	-9458.609484832621	1.0554657697047836	0.7551329872083689	0.7508635046235426	2.6640189549897335	5.371359196972825	0.25928414673963035	0.5929978099211386	0.21943518631717213	0.5046207889190832	0.5596209940564402	0.5099456463236568
931	25.297907948931673	-9458.609484832621	1.0554657697047836	0.7551329872083689	0.7508635046235426	2.6640189549897335	5.371359196972825	0.25928414673963035	0.5929978099211386	0.21943518631717213	0.5046207889190832	0.5596209940564402	0.5099456463236568
932	25.297907948931673	-9458.609484832621	1.0554657697047836	0.7551329872083689	0.7508635046235426	2.6640189549897335	5.371359196972825	0.25928414673963035	0.5929978099211386	0.21943518631717213	0.5046207889190832	0.5596209940564402	0.5099456463236568
933	25.297907948931673	-9458.609484832621	1.0554657697047836	0.7551329872083689	0.7508635046235426	2.6640189549897335	5.371359196972825	0.25928414673963035	0.5929978099211386	0.21943518631717213	0.5046207889190832	0.5596209940564402	0.5099456463236568
934	25.297907948931673	-9458.609484832621	1.0554657697047836	0.7551329872083689	0.7508635046235426	2.6640189549897335	5.371359196972825	0.25928414673963035	0.5929978099211386	0.21943518631717213	0.5046207889190832	0.5596209940564402	0.5099456463236568
935	25.297907948931673	-9458.609484832621	1.0554657697047836	0.7551329872083689	0.7508635046235426	2.6640189549897335	5.371359196972825	0.25928414673963035	0.5929978099211386	0.21943518631717213	0.5046207889190832	0.5596209940564402	0.5099456463236568
936	25.297907948931673	-9458.609484832621	1.0554657697047836	0.7551329872083689	0.7508635046235426	2.6640189549897335	5.371359196972825	0.25928414673963035	0.5929978099211386	0.21943518631717213	0.5046207889190832	0.5596209940564402	0.5099456463236568
937	25.297907948931673	-9458.609484832621	1.0554657697047836	0.7551329872083689	0.7508635046235426	2.6640189549897335	5.371359196972825	0.25928414673963035	0.5929978099211386	0.21943518631717213	0.5046207889190832	0.5596209940564402	0.5099456463236568
938	25.297907948931673	-9458.807937476766	1.0554657697047836	0.7551329872083689	0.7508635046235426	2.6640189549897335	5.371359196972825	0.25928414673963035	0.5929978099211386	0.21943518631717213	0.5046207889190832	0.5596209940564402	0.5099456463236568
939	25.297907948931673	-9458.807937476766	1.0554657697047836	0.7551329872083689	0.7508635046235426	2.6640189549897335	5.371359196972825	0.25928414673963035	0.5929978099211386	0.21943518631717213	0.5046207889190832	0.5596209940564402	0.5099456463236568
940	25.297907948931673	-9458.807937476766	1.0554657697047836	0.7551329872083689	0.7508635046235426	2.6640189549897335	5.371359196972825	0.25928414673963035	0.5929978099211386	0.21943518631717213	0.5046207889190832	0.5596209940564402	0.5099456463236568
941	25.29708901552987	-9458.84635680241	1.0554657697047836	0.7551329872083689	0.7508635046235426	2.6640189549897335	5.371359196972825	0.25928414673963035	0.5929978099211386	0.21943518631717213	0.5046207889190832	0.5596209940564402	0.5099456463236568
942	25.29708901552987	-9458.84635680241	1.0554657697047836	0.7551329872083689	0.7508635046235426	2.6640189549897335	5.371359196972825	0.25928414673963035	0.5929978099211386	0.21943518631717213	0.5046207889190832	0.5596209940564402	0.5099456463236568
943	25.28811158937102	-9459.217205553188	1.0554657697047836	0.7551329872083689	0.7508635046235426	2.6640189549897335	5.371359196972825	0.25928414673963035	0.5929978099211386	0.21943518631717213	0.5046207889190832	0.5596209940564402	0.5099456463236568
944	25.28811158937102	-9459.217205553188	1.0554657697047836	0.7551329872083689	0.7508635046235426	2.6640189549897335	5.371359196972825	0.25928414673963035	0.5929978099211386	0.21943518631717213	0.5046207889190832	0.5596209940564402	0.5099456463236568
945	25.28811158937102	-9459.217205553188	1.0554657697047836	0.7551329872083689	0.7508635046235426	2.6640189549897335	5.371359196972825	0.25928414673963035	0.5929978099211386	0.21943518631717213	0.5046207889190832	0.5596209940564402	0.5099456463236568
946	25.28811158937102	-9459.217205553188	1.0554657697047836	0.7551329872083689	0.7508635046235426	2.6640189549897335	5.371359196972825	0.25928414673963035	0.5929978099211386	0.21943518631717213	0.5046207889190832	0.5596209940564402	0.5099456463236568
947	25.29421941396685	-9453.125326023544	1.0554657697047836	0.7551329872083689	0.7508635046235426	2.6640189549897335	5.371359196972825	0.25928414673963035	0.5929978099211386	0.21943518631717213	0.5046207889190832	0.5596209940564402	0.5099456463236568
948	25.29421941396685	-9453.125326023544	1.0554657697047836	0.7551329872083689	0.7508635046235426	2.6640189549897335	5.371359196972825	0.25928414673963035	0.5929978099211386	0.21943518631717213	0.5046207889190832	0.5596209940564402	0.5099456463236568
949	29.794733847652267	-9453.125326023544	1.2792119482320192	1.000898537535186	0.7249029779708911	3.03052490080857	5.7309896783114915	0.25928414673963035	0.5929978099211386	0.21943518631717213	0.5046207889190832	0.5596209940564402	0.5099456463236568
950	29.794733847652267	-9450.138067443946	1.2792119482320192	1.000898537535186	0.7249029779708911	3.03052490080857	5.7309896783114915	0.25928414673963035	0.5929978099211386	0.21943518631717213	0.5046207889190832	0.5596209940564402	0.5099456463236568
951	29.78686936657806	-9449.97188172582	1.2792119482320192	1.000898537535186	0.7249029779708911	3.03052490080857	5.7309896783114915	0.25928414673963035	0.5929978099211386	0.21943518631717213	0.5046207889190832	0.5596209940564402	0.5099456463236568
952	29.78686936657806	-9449.97188172582	1.2792119482320192	1.000898537535186	0.7249029779708911	3.03052490080857	5.7309896783114915	0.25928414673963035	0.5929978099211386	0.21943518631717213	0.5046207889190832	0.5596209940564402	0.5099456463236568
953	29.78686936657806	-9451.357404707105	1.2792119482320192	1.000898537535186	0.7249029779708911	3.03052490080857	5.7309896783114915	0.25928414673963035	0.5929978099211386	0.21943518631717213	0.5046207889190832	0.5596209940564402	0.5099456463236568
954	29.78686936657806	-9451.357404707105	1.2792119482320192	1.000898537535186	0.7249029779708911	3.03052490080857	5.7309896783114915	0.25928414673963035	0.5929978099211386	0.21943518631717213	0.5046207889190832	0.5596209940564402	0.5099456463236568
955	29.78686936657806	-9451.357404707105	1.2792119482320192	1.000898537535186	0.7249029779708911	3.03052490080857	5.7309896783114915	0.25928414673963035	0.5929978099211386	0.21943518631717213	0.5046207889190832	0.5596209940564402	0.5099456463236568
956	29.78686936657806	-9451.357404707105	1.2792119482320192	1.000898537535186	0.7249029779708911	3.03052490080857	5.7309896783114915	0.25928414673963035	0.5929978099211386	0.21943518631717213	0.5046207889190832	0.5596209940564402	0.5099456463236568
957	29.78686936657806	-9451.357404707105	1.2792119482320192	1.000898537535186	0.7249029779708911	3.03052490080857	5.7309896783114915	0.25928414673963035	0.5929978099211386	0.21943518631717213	0.5046207889190832	0.5596209940564402	0.5099456463236568
958	29.78686936657806	-9451.357404707105	1.2792119482320192	1.000898537535186	0.7249029779708911	3.03052490080857	5.7309896783114915	0.25928414673963035	0.5929978099211386	0.21943518631717213	0.5046207889190832	0.5596209940564402	0.5099456463236568
959	29.78686936657806	-9451.357404707105	1.2792119482320192	1.000898537535186	0.7249029779708911	3.03052490080857	5.7309896783114915	0.25928414673963035	0.5929978099211386	0.21943518631717213	0.5046207889190832	0.5596209940564402	0.5099456463236568
960	29.78686936657806	-9451.357404707105	1.2792119482320192	1.000898537535186	0.7249029779708911	3.03052490080857	5.7309896783114915	0.25928414673963035	0.5929978099211386	0.21943518631717213	0.5046207889190832	0.5596209940564402	0.5099456463236568
961	29.78686936657806	-9451.357404707105	1.2792119482320192	1.000898537535186	0.7249029779708911	3.03052490080857	5.7309896783114915	0.25928414673963035	0.5929978099211386	0.21943518631717213	0.5046207889190832	0.5596209940564402	0.5099456463236568
962	29.78686936657806	-9451.357404707105	1.2792119482320192	1.000898537535186	0.7249029779708911	3.03052490080857	5.7309896783114915	0.25928414673963035	0.5929978099211386	0.21943518631717213	0.5046207889190832	0.5596209940564402	0.5099456463236568
963	29.78686936657806	-9451.357404707105	1.2792119482320192	1.000898537535186	0.7249029779708911	3.03052490080857	5.7309896783114915	0.25928414673963035	0.5929978099211386	0.21943518631717213	0.5046207889190832	0.5596209940564402	0.5099456463236568
964	29.78686936657806	-9445.552509448917	1.2792119482320192	1.000898537535186	0.7249029779708911	3.03052490080857	5.7309896783114915	0.25928414673963035	0.5929978099211386	0.21943518631717213	0.5046207889190832	0.5596209940564402	0.5099456463236568
965	29.78686936657806	-9445.552509448917	1.2792119482320192	1.000898537535186	0.7249029779708911	3.03052490080857	5.7309896783114915	0.25928414673963035	0.5929978099211386	0.21943518631717213	0.5046207889190832	0.5596209940564402	0.5099456463236568
966	29.78686936657806	-9445.552509448917	1.2792119482320192	1.000898537535186	0.7249029779708911	3.03052490080857	5.7309896783114915	0.25928414673963035	0.5929978099211386	0.21943518631717213	0.5046207889190832	0.5596209940564402	0.5099456463236568
967	29.78686936657806	-9445.552509448917	1.2792119482320192	1.000898537535186	0.7249029779708911	3.03052490080857	5.7309896783114915	0.25928414673963035	0.5929978099211386	0.21943518631717213	0.5046207889190832	0.5596209940564402	0.5099456463236568
968	29.7826370762552	-9444.620350695846	1.2792119482320192	1.000898537535186	0.7249029779708911	3.03052490080857	5.7309896783114915	0.25928414673963035	0.5929978099211386	0.21943518631717213	0.5046207889190832	0.5596209940564402	0.5099456463236568
969	29.7826370762552	-9444.620350695846	1.2792119482320192	1.000898537535186	0.7249029779708911	3.03052490080857	5.7309896783114915	0.25928414673963035	0.5929978099211386	0.21943518631717213	0.5046207889190832	0.5596209940564402	0.5099456463236568
970	29.7826370762552	-9444.620350695846	1.2792119482320192	1.000898537535186	0.7249029779708911	3.03052490080857	5.7309896783114915	0.25928414673963035	0.5929978099211386	0.21943518631717213	0.5046207889190832	0.5596209940564402	0.5099456463236568
971	29.7826370762552	-9444.620350695846	1.2792119482320192	1.000898537535186	0.7249029779708911	3.03052490080857	5.7309896783114915	0.25928414673963035	0.5929978099211386	0.21943518631717213	0.5046207889190832	0.5596209940564402	0.5099456463236568
972	29.7826370762552	-9444.620350695846	1.2792119482320192	1.000898537535186	0.7249029779708911	3.03052490080857	5.7309896783114915	0.25928414673963035	0.5929978099211386	0.21943518631717213	0.5046207889190832	0.5596209940564402	0.5099456463236568
973	29.7826370762552	-9444.620350695846	1.2792119482320192	1.000898537535186	0.7249029779708911	3.03052490080857	5.7309896783114915	0.25928414673963035	0.5929978099211386	0.21943518631717213	0.5046207889190832	0.5596209940564402	0.5099456463236568
974	29.7826370762552	-9444.620350695846	1.2792119482320192	1.000898537535186	0.7249029779708911	3.03052490080857	5.7309896783114915	0.25928414673963035	0.5929978099211386	0.21943518631717213	0.5046207889190832	0.5596209940564402	0.5099456463236568
975	29.7826370762552	-9443.662051274085	1.2792119482320192	1.000898537535186	0.7249029779708911	3.03052490080857	5.7309896783114915	0.25928414673963035	0.5929978099211386	0.21943518631717213	0.5046207889190832	0.5596209940564402	0.5099456463236568
976	29.7826370762552	-9443.662051274085	1.2792119482320192	1.000898537535186	0.7249029779708911	3.03052490080857	5.7309896783114915	0.25928414673963035	0.5929978099211386	0.21943518631717213	0.5046207889190832	0.5596209940564402	0.5099456463236568
977	29.797537946413556	-9444.490631721046	1.2792119482320192	1.000898537535186	0.7249029779708911	3.03052490080857	5.7309896783114915	0.25928414673963035	0.5929978099211386	0.21943518631717213	0.5046207889190832	0.5596209940564402	0.5099456463236568
978	29.797537946413556	-9444.490631721046	1.2792119482320192	1.000898537535186	0.7249029779708911	3.03052490080857	5.7309896783114915	0.25928414673963035	0.5929978099211386	0.21943518631717213	0.5046207889190832	0.5596209940564402	0.5099456463236568
979	29.919105303582512	-9429.608294963491	1.2792119482320192	1.000898537535186	0.7249029779708911	3.03052490080857	5.7309896783114915	0.25928414673963035	0.5929978099211386	0.21943518631717213	0.5046207889190832	0.5596209940564402	0.5099456463236568
980	29.919105303582512	-9429.608294963491	1.2792119482320192	1.000898537535186	0.7249029779708911	3.03052490080857	5.7309896783114915	0.25928414673963035	0.5929978099211386	0.21943518631717213	0.5046207889190832	0.5596209940564402	0.5099456463236568
981	29.919105303582512	-9429.608294963491	1.2792119482320192	1.000898537535186	0.7249029779708911	3.03052490080857	5.7309896783114915	0.25928414673963035	0.5929978099211386	0.21943518631717213	0.5046207889190832	0.5596209940564402	0.5099456463236568
982	29.919105303582512	-9429.608294963491	1.2792119482320192	1.000898537535186	0.7249029779708911	3.03052490080857	5.7309896783114915	0.25928414673963035	0.5929978099211386	0.21943518631717213	0.5046207889190832	0.5596209940564402	0.5099456463236568
983	29.919105303582512	-9429.608294963491	1.2792119482320192	1.000898537535186	0.7249029779708911	3.03052490080857	5.7309896783114915	0.25928414673963035	0.5929978099211386	0.21943518631717213	0.5046207889190832	0.5596209940564402	0.5099456463236568
984	29.919105303582512	-9429.608294963491	1.2792119482320192	1.000898537535186	0.7249029779708911	3.03052490080857	5.7309896783114915	0.25928414673963035	0.5929978099211386	0.21943518631717213	0.5046207889190832	0.5596209940564402	0.5099456463236568
985	29.919105303582512	-9427.658700864225	1.2792119482320192	1.000898537535186	0.7249029779708911	3.03052490080857	5.7309896783114915	0.25928414673963035	0.5929978099211386	0.21943518631717213	0.5046207889190832	0.5596209940564402	0.5099456463236568
986	29.875864042653276	-9422.550540215088	1.2792119482320192	1.000898537535186	0.7249029779708911	3.03052490080857	5.7309896783114915	0.25928414673963035	0.5929978099211386	0.21943518631717213	0.5046207889190832	0.5596209940564402	0.5099456463236568
987	29.90842491844282	-9419.032669495191	1.2792119482320192	1.000898537535186	0.7249029779708911	3.03052490080857	5.7309896783114915	0.25928414673963035	0.5929978099211386	0.21943518631717213	0.5046207889190832	0.5596209940564402	0.5099456463236568
988	29.90842491844282	-9419.032669495191	1.2792119482320192	1.000898537535186	0.7249029779708911	3.03052490080857	5.7309896783114915	0.25928414673963035	0.5929978099211386	0.21943518631717213	0.5046207889190832	0.5596209940564402	0.5099456463236568
989	29.90842491844282	-9419.032669495191	1.2792119482320192	1.000898537535186	0.7249029779708911	3.03052490080857	5.7309896783114915	0.25928414673963035	0.5929978099211386	0.21943518631717213	0.5046207889190832	0.5596209940564402	0.5099456463236568
990	29.90842491844282	-9419.402578597032	1.2792119482320192	1.000898537535186	0.7249029779708911	3.03052490080857	5.7309896783114915	0.25928414673963035	0.5929978099211386	0.21943518631717213	0.5046207889190832	0.5596209940564402	0.5099456463236568
991	29.90553351290751	-9419.215068416885	1.2792119482320192	1.000898537535186	0.7249029779708911	3.03052490080857	5.7309896783114915	0.25928414673963035	0.5929978099211386	0.21943518631717213	0.5046207889190832	0.5596209940564402	0.5099456463236568
992	43.593816286161584	-9419.215068416885	1.6745783661923874	1.1340097873924218	0.7775006107501241	3.5289532498036498	6.962197176187888	0.25928414673963035	0.5929978099211386	0.21943518631717213	0.5046207889190832	0.5596209940564402	0.5099456463236568
993	43.593816286161584	-9419.215068416885	1.6745783661923874	1.1340097873924218	0.7775006107501241	3.5289532498036498	6.962197176187888	0.25928414673963035	0.5929978099211386	0.21943518631717213	0.5046207889190832	0.5596209940564402	0.5099456463236568
994	43.593816286161584	-9419.215068416885	1.6745783661923874	1.1340097873924218	0.7775006107501241	3.5289532498036498	6.962197176187888	0.25928414673963035	0.5929978099211386	0.21943518631717213	0.5046207889190832	0.5596209940564402	0.5099456463236568
995	43.593816286161584	-9419.215068416885	1.6745783661923874	1.1340097873924218	0.7775006107501241	3.5289532498036498	6.962197176187888	0.25928414673963035	0.5929978099211386	0.21943518631717213	0.5046207889190832	0.5596209940564402	0.5099456463236568
996	43.593816286161584	-9419.215068416885	1.6745783661923874	1.1340097873924218	0.7775006107501241	3.5289532498036498	6.962197176187888	0.25928414673963035	0.5929978099211386	0.21943518631717213	0.5046207889190832	0.5596209940564402	0.5099456463236568
997	43.593816286161584	-9413.055326721886	1.6745783661923874	1.1340097873924218	0.7775006107501241	3.5289532498036498	6.962197176187888	0.25928414673963035	0.5929978099211386	0.21943518631717213	0.5046207889190832	0.5596209940564402	0.5099456463236568
998	43.593816286161584	-9411.6919140225	1.6745783661923874	1.1340097873924218	0.7775006107501241	3.5289532498036498	6.962197176187888	0.25928414673963035	0.5929978099211386	0.21943518631717213	0.5046207889190832	0.5596209940564402	0.5099456463236568
999	43.593816286161584	-9411.6919140225	1.6745783661923874	1.1340097873924218	0.7775006107501241	3.5289532498036498	6.962197176187888	0.25928414673963035	0.5929978099211386	0.21943518631717213	0.5046207889190832	0.5596209940564402	0.5099456463236568
