#
#model:
#
#<?xml version="1.0" encoding="UTF-8" standalone="no"?><input id="posterior" spec="beast.base.inference.CompoundDistribution">
#    <distribution id="prior" spec="beast.base.inference.CompoundDistribution">
#        <distribution conditionOnSurvival="false" id="birthDeath" originIsRootEdge="true" spec="bdsky.evolution.speciation.BirthDeathSkylineModel">
#            <parameter dimension="5" id="intervalTimes" name="intervalTimes" spec="beast.base.inference.parameter.RealParameter">0.0 0.01 0.02 0.03 0.04</parameter>
#            <reverseTimeArrays dimension="5" id="reverseTimeArrays" spec="beast.base.inference.parameter.BooleanParameter">true true true false false</reverseTimeArrays>
#            <parameter id="origin" lower="0.05" name="origin" spec="beast.base.inference.parameter.RealParameter">0.5</parameter>
#            <parameter dimension="5" id="birthRate" lower="0.0" name="birthRate" spec="beast.base.inference.parameter.RealParameter">1.0 1.2 0.9 1.4 1.1</parameter>
#            <deathRate expression="birthRate deathRate *" id="death" spec="beast.base.inference.util.RPNcalculator">
#                <parameter idref="birthRate"/>
#                <parameter dimension="5" id="deathRate" lower="0.0" spec="beast.base.inference.parameter.RealParameter">0.5 0.45 0.55 0.4 0.6</parameter>
#            </deathRate>
#            <parameter dimension="5" id="samplingRate" lower="0.0" name="samplingRate" spec="beast.base.inference.parameter.RealParameter">0.25 0.25 0.25 0.25 0.25</parameter>
#            <tree IsLabelledNewick="true" adjustTipHeights="false" id="tree" newick="(((AF271852i_2685:0.13485022388767737,((AF271861i_3452:0.044938442268639876,(AF271885i_3289:0.009877310064721364,AF271838i_1803:0.009877310064721364):0.035061132203918516):0.04776379381323232,(((AF271874i_1359:0.0019230507078066622,AF271872i_4053:0.0019230507078066622):0.018078054544105073,((AF271873i_4055:0.010326640464516356,AF271835i_1767:0.010326640464516356):6.691823246665844E-4,(AF271884i_2659:7.271618491540825E-4,AF271854i_2856:7.271618491540825E-4):0.010268660940028857):0.009005282462728796):0.020364894203838493,((AF271882i_2153:0.003395986997383218,AF271866i_3465:0.003395986997383218):0.00658253443199398,AF271850i_2673:0.009978521429377198):0.03038747802637303):0.05233623662612197):0.04214798780580517):0.6375851514450108,((((((AF271836i_1796:0.05169983777759623,AF271843i_2147:0.05169983777759623):0.010272424497478873,((AF271887i_3405:0.04428061140044273,AF271839i_1997:0.04428061140044273):0.0046896880119626505,(AF271864i_3461:0.030147846840854635,(AF271831i_1164:0.02398309208276277,(AF271858i_3318:1.1512805904653285E-4,AF271862i_3458:1.1512805904653285E-4):0.023867964023716236):0.006164754758091865):0.018822452571550748):0.01300196286266972):0.12554138328517472,(((AF271880i_2115:0.019908338762199898,(AF271869i_4020:0.01573751002502666,AF271833i_1240:0.01573751002502666):0.004170828737173237):0.14266649854497382,(AF271829i_0923:0.0024642750872121456,AF271844i_2150:0.0024642750872121456):0.16011056221996156):0.016719352192174075,((AF271865i_3463:0.029262576178137382,AF271868i_3471:0.029262576178137382):0.07723382671065279,((AF271877i_1999:0.02514285819343654,AF271840i_2130:0.02514285819343654):0.014025532540322197,(AF271826i_0873:0.008795393863556829,(AF271846i_2429:0.00394942233304547,(AF271842i_2141:0.002140370181304716,AF271860i_3400:0.002140370181304716):0.0018090521517407539):0.004845971530511359):0.03037299687020191):0.06732801215503142):0.07279778661055761):0.008219456060902047):0.28533717561845773,(AF271878i_2000:0.3170022267994642,((((AF271875i_1380:0.0039599228619936295,AF271849i_2663:0.0039599228619936295):0.0021383652632776173,AF271876i_1797:0.006098288125271247):0.11194589205128644,((AF271886i_3319:0.03465192004670318,AF271855i_2862:0.03465192004670318):0.010552573079621111,(AF271834i_1339:0.010986413514016384,AF271828i_0922:0.010986413514016384):0.034218079612307904):0.07283968705023339):0.06864812465966152,((AF271837i_1801:0.04712983622462497,AF271857i_2957:0.04712983622462497):0.007189059218821459,AF271859i_3393:0.05431889544344643):0.13237340939277278):0.130309921963245):0.15584859437924337):0.022208720320151254,((AF271867i_3468:0.07566245220714256,(AF271827i_0883:0.025458135177596992,AF271847i_2438:0.025458135177596992):0.050204317029545566):0.29888329225148275,((AF271845i_2386:0.015002295400564077,AF271825i_0800:0.015002295400564077):0.34641892239624983,AF271848i_2446:0.3614212177968139):0.013124526661811409):0.12051379704023352):0.06682508054287822,(((((AF271863i_3460:0.019900613777813016,AF271871i_4036:0.019900613777813016):0.024365219137367815,(AF271856i_2926:6.312249097633727E-4,AF271841i_2134:6.312249097633727E-4):0.043634608005417456):0.003277450733616294,(AF271870i_4033:0.023509431187541514,AF271851i_2681:0.023509431187541514):0.02403385246125561):0.11390559951975099,((AF271881i_2116:0.023528010586812566,AF271830i_1150:0.023528010586812566):0.13306123321732607,AF271853i_2852:0.15658924380413863):0.004859639364409474):0.25181956742347134,AF271832i_1226:0.41326845059201944):0.14861617144971762):0.2105507532909512):0.8836734942709736,(AF271883i_2432:0.0793735467473457,AF271879i_2113:0.0793735467473457):1.5767353228563161);" spec="beast.base.evolution.tree.TreeParser">
#                <taxonset id="TaxonSet" spec="beast.base.evolution.alignment.TaxonSet">
#                    <taxon id="AF271852i_2685" spec="beast.base.evolution.alignment.Taxon"/>
#                    <taxon id="AF271861i_3452" spec="beast.base.evolution.alignment.Taxon"/>
#                    <taxon id="AF271885i_3289" spec="beast.base.evolution.alignment.Taxon"/>
#                    <taxon id="AF271838i_1803" spec="beast.base.evolution.alignment.Taxon"/>
#                    <taxon id="AF271874i_1359" spec="beast.base.evolution.alignment.Taxon"/>
#                    <taxon id="AF271872i_4053" spec="beast.base.evolution.alignment.Taxon"/>
#                    <taxon id="AF271873i_4055" spec="beast.base.evolution.alignment.Taxon"/>
#                    <taxon id="AF271835i_1767" spec="beast.base.evolution.alignment.Taxon"/>
#                    <taxon id="AF271884i_2659" spec="beast.base.evolution.alignment.Taxon"/>
#                    <taxon id="AF271854i_2856" spec="beast.base.evolution.alignment.Taxon"/>
#                    <taxon id="AF271882i_2153" spec="beast.base.evolution.alignment.Taxon"/>
#                    <taxon id="AF271866i_3465" spec="beast.base.evolution.alignment.Taxon"/>
#                    <taxon id="AF271850i_2673" spec="beast.base.evolution.alignment.Taxon"/>
#                    <taxon id="AF271836i_1796" spec="beast.base.evolution.alignment.Taxon"/>
#                    <taxon id="AF271843i_2147" spec="beast.base.evolution.alignment.Taxon"/>
#                    <taxon id="AF271887i_3405" spec="beast.base.evolution.alignment.Taxon"/>
#                    <taxon id="AF271839i_1997" spec="beast.base.evolution.alignment.Taxon"/>
#                    <taxon id="AF271864i_3461" spec="beast.base.evolution.alignment.Taxon"/>
#                    <taxon id="AF271831i_1164" spec="beast.base.evolution.alignment.Taxon"/>
#                    <taxon id="AF271858i_3318" spec="beast.base.evolution.alignment.Taxon"/>
#                    <taxon id="AF271862i_3458" spec="beast.base.evolution.alignment.Taxon"/>
#                    <taxon id="AF271880i_2115" spec="beast.base.evolution.alignment.Taxon"/>
#                    <taxon id="AF271869i_4020" spec="beast.base.evolution.alignment.Taxon"/>
#                    <taxon id="AF271833i_1240" spec="beast.base.evolution.alignment.Taxon"/>
#                    <taxon id="AF271829i_0923" spec="beast.base.evolution.alignment.Taxon"/>
#                    <taxon id="AF271844i_2150" spec="beast.base.evolution.alignment.Taxon"/>
#                    <taxon id="AF271865i_3463" spec="beast.base.evolution.alignment.Taxon"/>
#                    <taxon id="AF271868i_3471" spec="beast.base.evolution.alignment.Taxon"/>
#                    <taxon id="AF271877i_1999" spec="beast.base.evolution.alignment.Taxon"/>
#                    <taxon id="AF271840i_2130" spec="beast.base.evolution.alignment.Taxon"/>
#                    <taxon id="AF271826i_0873" spec="beast.base.evolution.alignment.Taxon"/>
#                    <taxon id="AF271846i_2429" spec="beast.base.evolution.alignment.Taxon"/>
#                    <taxon id="AF271842i_2141" spec="beast.base.evolution.alignment.Taxon"/>
#                    <taxon id="AF271860i_3400" spec="beast.base.evolution.alignment.Taxon"/>
#                    <taxon id="AF271878i_2000" spec="beast.base.evolution.alignment.Taxon"/>
#                    <taxon id="AF271875i_1380" spec="beast.base.evolution.alignment.Taxon"/>
#                    <taxon id="AF271849i_2663" spec="beast.base.evolution.alignment.Taxon"/>
#                    <taxon id="AF271876i_1797" spec="beast.base.evolution.alignment.Taxon"/>
#                    <taxon id="AF271886i_3319" spec="beast.base.evolution.alignment.Taxon"/>
#                    <taxon id="AF271855i_2862" spec="beast.base.evolution.alignment.Taxon"/>
#                    <taxon id="AF271834i_1339" spec="beast.base.evolution.alignment.Taxon"/>
#                    <taxon id="AF271828i_0922" spec="beast.base.evolution.alignment.Taxon"/>
#                    <taxon id="AF271837i_1801" spec="beast.base.evolution.alignment.Taxon"/>
#                    <taxon id="AF271857i_2957" spec="beast.base.evolution.alignment.Taxon"/>
#                    <taxon id="AF271859i_3393" spec="beast.base.evolution.alignment.Taxon"/>
#                    <taxon id="AF271867i_3468" spec="beast.base.evolution.alignment.Taxon"/>
#                    <taxon id="AF271827i_0883" spec="beast.base.evolution.alignment.Taxon"/>
#                    <taxon id="AF271847i_2438" spec="beast.base.evolution.alignment.Taxon"/>
#                    <taxon id="AF271845i_2386" spec="beast.base.evolution.alignment.Taxon"/>
#                    <taxon id="AF271825i_0800" spec="beast.base.evolution.alignment.Taxon"/>
#                    <taxon id="AF271848i_2446" spec="beast.base.evolution.alignment.Taxon"/>
#                    <taxon id="AF271863i_3460" spec="beast.base.evolution.alignment.Taxon"/>
#                    <taxon id="AF271871i_4036" spec="beast.base.evolution.alignment.Taxon"/>
#                    <taxon id="AF271856i_2926" spec="beast.base.evolution.alignment.Taxon"/>
#                    <taxon id="AF271841i_2134" spec="beast.base.evolution.alignment.Taxon"/>
#                    <taxon id="AF271870i_4033" spec="beast.base.evolution.alignment.Taxon"/>
#                    <taxon id="AF271851i_2681" spec="beast.base.evolution.alignment.Taxon"/>
#                    <taxon id="AF271881i_2116" spec="beast.base.evolution.alignment.Taxon"/>
#                    <taxon id="AF271830i_1150" spec="beast.base.evolution.alignment.Taxon"/>
#                    <taxon id="AF271853i_2852" spec="beast.base.evolution.alignment.Taxon"/>
#                    <taxon id="AF271832i_1226" spec="beast.base.evolution.alignment.Taxon"/>
#                    <taxon id="AF271883i_2432" spec="beast.base.evolution.alignment.Taxon"/>
#                    <taxon id="AF271879i_2113" spec="beast.base.evolution.alignment.Taxon"/>
#                </taxonset>
#            </tree>
#        </distribution>
#    </distribution>
#    <distribution id="likelihood" spec="beast.base.evolution.likelihood.TreeLikelihood" tree="@tree">
#        <siteModel id="siteModel" spec="beast.base.evolution.sitemodel.SiteModel">
#            <substModel id="jc" spec="beast.base.evolution.substitutionmodel.JukesCantor"/>
#        </siteModel>
#        <branchRateModel id="strictClock" spec="beast.base.evolution.branchratemodel.StrictClockModel">
#            <parameter id="clockRate" name="clock.rate" spec="beast.base.inference.parameter.RealParameter">1.0</parameter>
#        </branchRateModel>
#    </distribution>
#</input>
#
Sample	birthDeath	likelihood	birthRate0	birthRate1	birthRate2	birthRate3	birthRate4	deathRate0	deathRate1	deathRate2	deathRate3	deathRate4	origin
0	-83.66132303969975	-14829.097375392234	1.0	1.2	0.9	1.4	1.1	0.5	0.45	0.55	0.4	0.6	0.5
1	-83.66132303969975	-14809.31899061893	1.0	1.2	0.9	1.4	1.1	0.5	0.45	0.55	0.4	0.6	0.5
2	-83.98247873073822	-14775.964309536437	1.0	1.2	0.9	1.4	1.1	0.5	0.45	0.55	0.4	0.6	0.5
3	-83.98385929571666	-14774.037674481946	1.0	1.2	0.9	1.4	1.1	0.5	0.45	0.55	0.4	0.6	0.5
4	-83.98385929571666	-14774.037674481946	1.0	1.2	0.9	1.4	1.1	0.5	0.45	0.55	0.4	0.6	0.5
5	-83.98139995522061	-14773.042353668969	1.0	1.2	0.9	1.4	1.1	0.5	0.45	0.55	0.4	0.6	0.5
6	-83.98139995522061	-14773.042353668969	1.0	1.2	0.9	1.4	1.1	0.5	0.45	0.55	0.4	0.6	0.5
7	-83.98114205651333	-14725.424922022143	1.0	1.2	0.9	1.4	1.1	0.5	0.45	0.55	0.4	0.6	0.5
8	-83.98114205651333	-14725.424922022143	1.0	1.2	0.9	1.4	1.1	0.5	0.45	0.55	0.4	0.6	0.5
9	-83.7613153601658	-14685.816229097229	1.0	1.2	0.9	1.4	1.1	0.5	0.45	0.55	0.4	0.6	0.5
10	-83.7613153601658	-14685.199730217388	1.0	1.2	0.9	1.4	1.1	0.5	0.45	0.55	0.4	0.6	0.5
11	-83.60937034085653	-14677.033293450862	1.0	1.2	0.9	1.4	1.1	0.5	0.45	0.55	0.4	0.6	0.5
12	-73.41915203871746	-14677.033293450862	1.189079062166459	1.5052988125488487	0.808022859746153	1.3767446370878869	1.466173675849258	0.5	0.45	0.55	0.4	0.6	0.5
13	-73.41915203871746	-14668.741480112869	1.189079062166459	1.5052988125488487	0.808022859746153	1.3767446370878869	1.466173675849258	0.5	0.45	0.55	0.4	0.6	0.5
14	-73.41915203871746	-14501.623272875668	1.189079062166459	1.5052988125488487	0.808022859746153	1.3767446370878869	1.466173675849258	0.5	0.45	0.55	0.4	0.6	0.5
15	-73.41915203871746	-14501.623272875668	1.189079062166459	1.5052988125488487	0.808022859746153	1.3767446370878869	1.466173675849258	0.5	0.45	0.55	0.4	0.6	0.5
16	-73.41915203871746	-14501.623272875668	1.189079062166459	1.5052988125488487	0.808022859746153	1.3767446370878869	1.466173675849258	0.5	0.45	0.55	0.4	0.6	0.5
17	-73.41915203871746	-14500.66581154732	1.189079062166459	1.5052988125488487	0.808022859746153	1.3767446370878869	1.466173675849258	0.5	0.45	0.55	0.4	0.6	0.5
18	-73.41317629006618	-14452.796539693009	1.189079062166459	1.5052988125488487	0.808022859746153	1.3767446370878869	1.466173675849258	0.5	0.45	0.55	0.4	0.6	0.5
19	-73.43817124266103	-14426.11044150038	1.189079062166459	1.5052988125488487	0.808022859746153	1.3767446370878869	1.466173675849258	0.5	0.45	0.55	0.4	0.6	0.5
20	-73.4834579600113	-14377.442996372145	1.189079062166459	1.5052988125488487	0.808022859746153	1.3767446370878869	1.466173675849258	0.5	0.45	0.55	0.4	0.6	0.5
21	-73.4834579600113	-14377.960276062122	1.189079062166459	1.5052988125488487	0.808022859746153	1.3767446370878869	1.466173675849258	0.5	0.45	0.55	0.4	0.6	0.5
22	-73.4834579600113	-14377.960276062122	1.189079062166459	1.5052988125488487	0.808022859746153	1.3767446370878869	1.466173675849258	0.5	0.45	0.55	0.4	0.6	0.5
23	-73.4834579600113	-14337.864411563818	1.189079062166459	1.5052988125488487	0.808022859746153	1.3767446370878869	1.466173675849258	0.5	0.45	0.55	0.4	0.6	0.5
24	-73.4834579600113	-14337.864411563818	1.189079062166459	1.5052988125488487	0.808022859746153	1.3767446370878869	1.466173675849258	0.5	0.45	0.55	0.4	0.6	0.5
25	-73.47661645503844	-14318.311475152552	1.189079062166459	1.5052988125488487	0.808022859746153	1.3767446370878869	1.466173675849258	0.5	0.45	0.55	0.4	0.6	0.5
26	-73.47661645503844	-14318.311475152552	1.189079062166459	1.5052988125488487	0.808022859746153	1.3767446370878869	1.466173675849258	0.5	0.45	0.55	0.4	0.6	0.5
27	-73.47661645503844	-14318.311475152552	1.189079062166459	1.5052988125488487	0.808022859746153	1.3767446370878869	1.466173675849258	0.5	0.45	0.55	0.4	0.6	0.5
28	-73.47661645503844	-14299.749545491797	1.189079062166459	1.5052988125488487	0.808022859746153	1.3767446370878869	1.466173675849258	0.5	0.45	0.55	0.4	0.6	0.5
29	-73.47661645503844	-14299.749545491797	1.189079062166459	1.5052988125488487	0.808022859746153	1.3767446370878869	1.466173675849258	0.5	0.45	0.55	0.4	0.6	0.5
30	-73.47661645503844	-14299.749545491797	1.189079062166459	1.5052988125488487	0.808022859746153	1.3767446370878869	1.466173675849258	0.5	0.45	0.55	0.4	0.6	0.5
31	-73.47661645503844	-14294.975562923899	1.189079062166459	1.5052988125488487	0.808022859746153	1.3767446370878869	1.466173675849258	0.5	0.45	0.55	0.4	0.6	0.5
32	-73.47661645503844	-14190.189422574682	1.189079062166459	1.5052988125488487	0.808022859746153	1.3767446370878869	1.466173675849258	0.5	0.45	0.55	0.4	0.6	0.5
33	-73.47661645503844	-14187.420013803181	1.189079062166459	1.5052988125488487	0.808022859746153	1.3767446370878869	1.466173675849258	0.5	0.45	0.55	0.4	0.6	0.5
34	-73.47648876731344	-14184.603616125529	1.189079062166459	1.5052988125488487	0.808022859746153	1.3767446370878869	1.466173675849258	0.5	0.45	0.55	0.4	0.6	0.5
35	-73.47648876731344	-14184.603616125529	1.189079062166459	1.5052988125488487	0.808022859746153	1.3767446370878869	1.466173675849258	0.5	0.45	0.55	0.4	0.6	0.5
36	-62.281011363730514	-14184.603616125529	1.5616546365252586	1.4828852482893746	0.6845515882242684	1.3557595442387205	1.8911563612362747	0.5	0.45	0.55	0.4	0.6	0.5
37	-62.281011363730514	-14181.032699320445	1.5616546365252586	1.4828852482893746	0.6845515882242684	1.3557595442387205	1.8911563612362747	0.5	0.45	0.55	0.4	0.6	0.5
38	-63.05961033367586	-14175.829508520099	1.5616546365252586	1.4828852482893746	0.6845515882242684	1.3557595442387205	1.8911563612362747	0.5	0.45	0.55	0.4	0.6	0.5
39	-63.05961033367586	-14175.829508520099	1.5616546365252586	1.4828852482893746	0.6845515882242684	1.3557595442387205	1.8911563612362747	0.5	0.45	0.55	0.4	0.6	0.5
40	-62.986134429758664	-14175.829508520099	1.5616546365252586	1.4828852482893746	0.6845515882242684	1.3557595442387205	1.8911563612362747	0.5	0.45	0.55	0.4	0.6	0.4248393098945401
41	-62.986134429758664	-14175.829508520099	1.5616546365252586	1.4828852482893746	0.6845515882242684	1.3557595442387205	1.8911563612362747	0.5	0.45	0.55	0.4	0.6	0.4248393098945401
42	-62.94252525552676	-14120.715795063197	1.5616546365252586	1.4828852482893746	0.6845515882242684	1.3557595442387205	1.8911563612362747	0.5	0.45	0.55	0.4	0.6	0.4248393098945401
43	-62.94252525552676	-14120.715795063197	1.5616546365252586	1.4828852482893746	0.6845515882242684	1.3557595442387205	1.8911563612362747	0.5	0.45	0.55	0.4	0.6	0.4248393098945401
44	-62.94252525552676	-14114.221391290135	1.5616546365252586	1.4828852482893746	0.6845515882242684	1.3557595442387205	1.8911563612362747	0.5	0.45	0.55	0.4	0.6	0.4248393098945401
45	-62.94252525552676	-14114.221391290135	1.5616546365252586	1.4828852482893746	0.6845515882242684	1.3557595442387205	1.8911563612362747	0.5	0.45	0.55	0.4	0.6	0.4248393098945401
46	-62.94252525552676	-14114.221391290135	1.5616546365252586	1.4828852482893746	0.6845515882242684	1.3557595442387205	1.8911563612362747	0.5	0.45	0.55	0.4	0.6	0.4248393098945401
47	-63.096584766703074	-13844.595225571356	1.5616546365252586	1.4828852482893746	0.6845515882242684	1.3557595442387205	1.8911563612362747	0.5	0.45	0.55	0.4	0.6	0.4248393098945401
48	-63.096584766703074	-13844.595225571356	1.5616546365252586	1.4828852482893746	0.6845515882242684	1.3557595442387205	1.8911563612362747	0.5	0.45	0.55	0.4	0.6	0.4248393098945401
49	-63.096584766703074	-13717.363651538984	1.5616546365252586	1.4828852482893746	0.6845515882242684	1.3557595442387205	1.8911563612362747	0.5	0.45	0.55	0.4	0.6	0.4248393098945401
50	-63.095110674325596	-13642.437496405377	1.5616546365252586	1.4828852482893746	0.6845515882242684	1.3557595442387205	1.8911563612362747	0.5	0.45	0.55	0.4	0.6	0.4248393098945401
51	-63.095110674325596	-13642.437496405377	1.5616546365252586	1.4828852482893746	0.6845515882242684	1.3557595442387205	1.8911563612362747	0.5	0.45	0.55	0.4	0.6	0.4248393098945401
52	-63.095110674325596	-13642.437496405377	1.5616546365252586	1.4828852482893746	0.6845515882242684	1.3557595442387205	1.8911563612362747	0.5	0.45	0.55	0.4	0.6	0.4248393098945401
53	-63.097658581782355	-13631.894794522204	1.5616546365252586	1.4828852482893746	0.6845515882242684	1.3557595442387205	1.8911563612362747	0.5	0.45	0.55	0.4	0.6	0.4248393098945401
54	-63.097658581782355	-13631.894794522204	1.5616546365252586	1.4828852482893746	0.6845515882242684	1.3557595442387205	1.8911563612362747	0.5	0.45	0.55	0.4	0.6	0.4248393098945401
55	-63.097658581782355	-13631.894794522204	1.5616546365252586	1.4828852482893746	0.6845515882242684	1.3557595442387205	1.8911563612362747	0.5	0.45	0.55	0.4	0.6	0.4248393098945401
56	-63.097658581782355	-13631.894794522204	1.5616546365252586	1.4828852482893746	0.6845515882242684	1.3557595442387205	1.8911563612362747	0.5	0.45	0.55	0.4	0.6	0.4248393098945401
57	-63.097658581782355	-13614.514866198546	1.5616546365252586	1.4828852482893746	0.6845515882242684	1.3557595442387205	1.8911563612362747	0.5	0.45	0.55	0.4	0.6	0.4248393098945401
58	-63.097658581782355	-13561.645520937645	1.5616546365252586	1.4828852482893746	0.6845515882242684	1.3557595442387205	1.8911563612362747	0.5	0.45	0.55	0.4	0.6	0.4248393098945401
59	-63.110081767865694	-13546.071622969856	1.5616546365252586	1.4828852482893746	0.6845515882242684	1.3557595442387205	1.8911563612362747	0.5	0.45	0.55	0.4	0.6	0.4248393098945401
60	-59.23498600860282	-13546.071622969856	1.7070983001096314	1.5165674096618584	0.8874541447193547	1.6181593926976026	1.6204779237944673	0.5	0.45	0.55	0.4	0.6	0.4248393098945401
61	-59.23498600860282	-13546.071622969856	1.7070983001096314	1.5165674096618584	0.8874541447193547	1.6181593926976026	1.6204779237944673	0.5	0.45	0.55	0.4	0.6	0.4248393098945401
62	-59.23498600860282	-13546.14097361767	1.7070983001096314	1.5165674096618584	0.8874541447193547	1.6181593926976026	1.6204779237944673	0.5	0.45	0.55	0.4	0.6	0.4248393098945401
63	-59.13406787329985	-13546.14097361767	1.7070983001096314	1.5165674096618584	0.8874541447193547	1.6181593926976026	1.6204779237944673	0.5	0.45	0.55	0.4	0.6	0.3262950730295668
64	-59.222823779092984	-13546.14097361767	1.7070983001096314	1.5165674096618584	0.8874541447193547	1.6181593926976026	1.6204779237944673	0.5	0.45	0.55	0.4	0.6	0.4132121530183187
65	-59.222823779092984	-13540.299015141232	1.7070983001096314	1.5165674096618584	0.8874541447193547	1.6181593926976026	1.6204779237944673	0.5	0.45	0.55	0.4	0.6	0.4132121530183187
66	-59.222823779092984	-13540.299015141232	1.7070983001096314	1.5165674096618584	0.8874541447193547	1.6181593926976026	1.6204779237944673	0.5	0.45	0.55	0.4	0.6	0.4132121530183187
67	-59.222823779092984	-13540.299015141232	1.7070983001096314	1.5165674096618584	0.8874541447193547	1.6181593926976026	1.6204779237944673	0.5	0.45	0.55	0.4	0.6	0.4132121530183187
68	-59.222823779092984	-13540.299015141232	1.7070983001096314	1.5165674096618584	0.8874541447193547	1.6181593926976026	1.6204779237944673	0.5	0.45	0.55	0.4	0.6	0.4132121530183187
69	-59.127319012872576	-13522.841912999178	1.7070983001096314	1.5165674096618584	0.8874541447193547	1.6181593926976026	1.6204779237944673	0.5	0.45	0.55	0.4	0.6	0.4132121530183187
70	-59.127319012872576	-13522.841912999178	1.7070983001096314	1.5165674096618584	0.8874541447193547	1.6181593926976026	1.6204779237944673	0.5	0.45	0.55	0.4	0.6	0.4132121530183187
71	-59.127319012872576	-13522.841912999178	1.7070983001096314	1.5165674096618584	0.8874541447193547	1.6181593926976026	1.6204779237944673	0.5	0.45	0.55	0.4	0.6	0.4132121530183187
72	-59.181091499839354	-13506.923501583082	1.7070983001096314	1.5165674096618584	0.8874541447193547	1.6181593926976026	1.6204779237944673	0.5	0.45	0.55	0.4	0.6	0.4132121530183187
73	-59.181091499839354	-13506.923501583082	1.7070983001096314	1.5165674096618584	0.8874541447193547	1.6181593926976026	1.6204779237944673	0.5	0.45	0.55	0.4	0.6	0.4132121530183187
74	-59.181091499839354	-13500.972918037201	1.7070983001096314	1.5165674096618584	0.8874541447193547	1.6181593926976026	1.6204779237944673	0.5	0.45	0.55	0.4	0.6	0.4132121530183187
75	-59.181091499839354	-13500.972918037201	1.7070983001096314	1.5165674096618584	0.8874541447193547	1.6181593926976026	1.6204779237944673	0.5	0.45	0.55	0.4	0.6	0.4132121530183187
76	-59.181091499839354	-13493.613873412363	1.7070983001096314	1.5165674096618584	0.8874541447193547	1.6181593926976026	1.6204779237944673	0.5	0.45	0.55	0.4	0.6	0.4132121530183187
77	-59.181091499839354	-13493.613873412363	1.7070983001096314	1.5165674096618584	0.8874541447193547	1.6181593926976026	1.6204779237944673	0.5	0.45	0.55	0.4	0.6	0.4132121530183187
78	-59.181091499839354	-13493.613873412363	1.7070983001096314	1.5165674096618584	0.8874541447193547	1.6181593926976026	1.6204779237944673	0.5	0.45	0.55	0.4	0.6	0.4132121530183187
79	-59.181091499839354	-13492.5676273909	1.7070983001096314	1.5165674096618584	0.8874541447193547	1.6181593926976026	1.6204779237944673	0.5	0.45	0.55	0.4	0.6	0.4132121530183187
80	-59.181091499839354	-13492.5676273909	1.7070983001096314	1.5165674096618584	0.8874541447193547	1.6181593926976026	1.6204779237944673	0.5	0.45	0.55	0.4	0.6	0.4132121530183187
81	-59.181091499839354	-13492.5676273909	1.7070983001096314	1.5165674096618584	0.8874541447193547	1.6181593926976026	1.6204779237944673	0.5	0.45	0.55	0.4	0.6	0.4132121530183187
82	-59.181091499839354	-13492.5676273909	1.7070983001096314	1.5165674096618584	0.8874541447193547	1.6181593926976026	1.6204779237944673	0.5	0.45	0.55	0.4	0.6	0.4132121530183187
83	-59.181091499839354	-13486.962140418414	1.7070983001096314	1.5165674096618584	0.8874541447193547	1.6181593926976026	1.6204779237944673	0.5	0.45	0.55	0.4	0.6	0.4132121530183187
84	-59.77494601837996	-13466.785966986032	1.7070983001096314	1.5165674096618584	0.8874541447193547	1.6181593926976026	1.6204779237944673	0.5	0.45	0.55	0.4	0.6	0.4132121530183187
85	-59.77494601837996	-13462.074439668066	1.7070983001096314	1.5165674096618584	0.8874541447193547	1.6181593926976026	1.6204779237944673	0.5	0.45	0.55	0.4	0.6	0.4132121530183187
86	-59.77494601837996	-13462.074439668066	1.7070983001096314	1.5165674096618584	0.8874541447193547	1.6181593926976026	1.6204779237944673	0.5	0.45	0.55	0.4	0.6	0.4132121530183187
87	-59.77494601837996	-13462.074439668066	1.7070983001096314	1.5165674096618584	0.8874541447193547	1.6181593926976026	1.6204779237944673	0.5	0.45	0.55	0.4	0.6	0.4132121530183187
88	-59.77494601837996	-13462.074439668066	1.7070983001096314	1.5165674096618584	0.8874541447193547	1.6181593926976026	1.6204779237944673	0.5	0.45	0.55	0.4	0.6	0.4132121530183187
89	-59.77494601837996	-13462.074439668066	1.7070983001096314	1.5165674096618584	0.8874541447193547	1.6181593926976026	1.6204779237944673	0.5	0.45	0.55	0.4	0.6	0.4132121530183187
90	-59.77494601837996	-13462.074439668066	1.7070983001096314	1.5165674096618584	0.8874541447193547	1.6181593926976026	1.6204779237944673	0.5	0.45	0.55	0.4	0.6	0.4132121530183187
91	-59.77494601837996	-13462.074439668066	1.7070983001096314	1.5165674096618584	0.8874541447193547	1.6181593926976026	1.6204779237944673	0.5	0.45	0.55	0.4	0.6	0.4132121530183187
92	-59.77494601837996	-13459.020548009286	1.7070983001096314	1.5165674096618584	0.8874541447193547	1.6181593926976026	1.6204779237944673	0.5	0.45	0.55	0.4	0.6	0.4132121530183187
93	-59.77494601837996	-13459.020548009286	1.7070983001096314	1.5165674096618584	0.8874541447193547	1.6181593926976026	1.6204779237944673	0.5	0.45	0.55	0.4	0.6	0.4132121530183187
94	-59.77494601837996	-13459.020548009286	1.7070983001096314	1.5165674096618584	0.8874541447193547	1.6181593926976026	1.6204779237944673	0.5	0.45	0.55	0.4	0.6	0.4132121530183187
95	-59.17857005112536	-13459.009406075838	1.7070983001096314	1.5165674096618584	0.8874541447193547	1.6181593926976026	1.6204779237944673	0.5	0.45	0.55	0.4	0.6	0.4132121530183187
96	-59.213011122771135	-13434.013861907635	1.7070983001096314	1.5165674096618584	0.8874541447193547	1.6181593926976026	1.6204779237944673	0.5	0.45	0.55	0.4	0.6	0.4132121530183187
97	-59.24662006357501	-13393.51788373812	1.7070983001096314	1.5165674096618584	0.8874541447193547	1.6181593926976026	1.6204779237944673	0.5	0.45	0.55	0.4	0.6	0.4132121530183187
98	-59.24662006357501	-13393.51788373812	1.7070983001096314	1.5165674096618584	0.8874541447193547	1.6181593926976026	1.6204779237944673	0.5	0.45	0.55	0.4	0.6	0.4132121530183187
99	-59.18280122775311	-13389.652485910843	1.7070983001096314	1.5165674096618584	0.8874541447193547	1.6181593926976026	1.6204779237944673	0.5	0.45	0.55	0.4	0.6	0.4132121530183187
100	-59.18280122775311	-13389.652485910843	1.7070983001096314	1.5165674096618584	0.8874541447193547	1.6181593926976026	1.6204779237944673	0.5	0.45	0.55	0.4	0.6	0.4132121530183187
101	-59.18280122775311	-13389.652485910843	1.7070983001096314	1.5165674096618584	0.8874541447193547	1.6181593926976026	1.6204779237944673	0.5	0.45	0.55	0.4	0.6	0.4132121530183187
102	-59.18280122775311	-13389.652485910843	1.7070983001096314	1.5165674096618584	0.8874541447193547	1.6181593926976026	1.6204779237944673	0.5	0.45	0.55	0.4	0.6	0.4132121530183187
103	-59.18280122775311	-13389.652485910843	1.7070983001096314	1.5165674096618584	0.8874541447193547	1.6181593926976026	1.6204779237944673	0.5	0.45	0.55	0.4	0.6	0.4132121530183187
104	-59.18280122775311	-13389.652485910843	1.7070983001096314	1.5165674096618584	0.8874541447193547	1.6181593926976026	1.6204779237944673	0.5	0.45	0.55	0.4	0.6	0.4132121530183187
105	-59.18280122775311	-13389.652485910843	1.7070983001096314	1.5165674096618584	0.8874541447193547	1.6181593926976026	1.6204779237944673	0.5	0.45	0.55	0.4	0.6	0.4132121530183187
106	-58.4494298203713	-13389.652485910843	1.7070983001096314	1.5165674096618584	0.8874541447193547	1.6181593926976026	1.6204779237944673	0.4319521617240297	0.465275763841155	0.491844234301106	0.44503803281374793	0.46784212203541153	0.4132121530183187
107	-58.36557240559037	-13350.393274550777	1.7070983001096314	1.5165674096618584	0.8874541447193547	1.6181593926976026	1.6204779237944673	0.4319521617240297	0.465275763841155	0.491844234301106	0.44503803281374793	0.46784212203541153	0.4132121530183187
108	-58.36557240559037	-13350.393274550777	1.7070983001096314	1.5165674096618584	0.8874541447193547	1.6181593926976026	1.6204779237944673	0.4319521617240297	0.465275763841155	0.491844234301106	0.44503803281374793	0.46784212203541153	0.4132121530183187
109	-58.36557240559037	-13350.393274550777	1.7070983001096314	1.5165674096618584	0.8874541447193547	1.6181593926976026	1.6204779237944673	0.4319521617240297	0.465275763841155	0.491844234301106	0.44503803281374793	0.46784212203541153	0.4132121530183187
110	-58.36557240559037	-13350.393274550777	1.7070983001096314	1.5165674096618584	0.8874541447193547	1.6181593926976026	1.6204779237944673	0.4319521617240297	0.465275763841155	0.491844234301106	0.44503803281374793	0.46784212203541153	0.4132121530183187
111	-58.36557240559037	-13350.393274550777	1.7070983001096314	1.5165674096618584	0.8874541447193547	1.6181593926976026	1.6204779237944673	0.4319521617240297	0.465275763841155	0.491844234301106	0.44503803281374793	0.46784212203541153	0.4132121530183187
112	-58.36557240559037	-13350.393274550777	1.7070983001096314	1.5165674096618584	0.8874541447193547	1.6181593926976026	1.6204779237944673	0.4319521617240297	0.465275763841155	0.491844234301106	0.44503803281374793	0.46784212203541153	0.4132121530183187
113	-58.36557240559037	-13350.393274550777	1.7070983001096314	1.5165674096618584	0.8874541447193547	1.6181593926976026	1.6204779237944673	0.4319521617240297	0.465275763841155	0.491844234301106	0.44503803281374793	0.46784212203541153	0.4132121530183187
114	-58.36557240559037	-13350.604216778327	1.7070983001096314	1.5165674096618584	0.8874541447193547	1.6181593926976026	1.6204779237944673	0.4319521617240297	0.465275763841155	0.491844234301106	0.44503803281374793	0.46784212203541153	0.4132121530183187
115	-58.36557240559037	-13350.604216778327	1.7070983001096314	1.5165674096618584	0.8874541447193547	1.6181593926976026	1.6204779237944673	0.4319521617240297	0.465275763841155	0.491844234301106	0.44503803281374793	0.46784212203541153	0.4132121530183187
116	-58.36557240559037	-13350.604216778327	1.7070983001096314	1.5165674096618584	0.8874541447193547	1.6181593926976026	1.6204779237944673	0.4319521617240297	0.465275763841155	0.491844234301106	0.44503803281374793	0.46784212203541153	0.4132121530183187
117	-58.36557240559037	-13350.604216778327	1.7070983001096314	1.5165674096618584	0.8874541447193547	1.6181593926976026	1.6204779237944673	0.4319521617240297	0.465275763841155	0.491844234301106	0.44503803281374793	0.46784212203541153	0.4132121530183187
118	-58.36557240559037	-13340.542962048601	1.7070983001096314	1.5165674096618584	0.8874541447193547	1.6181593926976026	1.6204779237944673	0.4319521617240297	0.465275763841155	0.491844234301106	0.44503803281374793	0.46784212203541153	0.4132121530183187
119	-58.36557240559037	-13340.542962048601	1.7070983001096314	1.5165674096618584	0.8874541447193547	1.6181593926976026	1.6204779237944673	0.4319521617240297	0.465275763841155	0.491844234301106	0.44503803281374793	0.46784212203541153	0.4132121530183187
120	-56.48621158966652	-13340.542962048601	1.7327031195437237	1.2786700367638626	1.1396926581565774	1.2253637224647833	1.9011527159660382	0.4319521617240297	0.465275763841155	0.491844234301106	0.44503803281374793	0.46784212203541153	0.4132121530183187
121	-56.48621158966652	-13340.542962048601	1.7327031195437237	1.2786700367638626	1.1396926581565774	1.2253637224647833	1.9011527159660382	0.4319521617240297	0.465275763841155	0.491844234301106	0.44503803281374793	0.46784212203541153	0.4132121530183187
122	-56.48621158966652	-13340.542962048601	1.7327031195437237	1.2786700367638626	1.1396926581565774	1.2253637224647833	1.9011527159660382	0.4319521617240297	0.465275763841155	0.491844234301106	0.44503803281374793	0.46784212203541153	0.4132121530183187
123	-56.48621158966652	-13340.542962048601	1.7327031195437237	1.2786700367638626	1.1396926581565774	1.2253637224647833	1.9011527159660382	0.4319521617240297	0.465275763841155	0.491844234301106	0.44503803281374793	0.46784212203541153	0.4132121530183187
124	-56.365119674974174	-13328.647900267293	1.7327031195437237	1.2786700367638626	1.1396926581565774	1.2253637224647833	1.9011527159660382	0.4319521617240297	0.465275763841155	0.491844234301106	0.44503803281374793	0.46784212203541153	0.4132121530183187
125	-56.365119674974174	-13328.647900267293	1.7327031195437237	1.2786700367638626	1.1396926581565774	1.2253637224647833	1.9011527159660382	0.4319521617240297	0.465275763841155	0.491844234301106	0.44503803281374793	0.46784212203541153	0.4132121530183187
126	-56.365119674974174	-13328.647900267293	1.7327031195437237	1.2786700367638626	1.1396926581565774	1.2253637224647833	1.9011527159660382	0.4319521617240297	0.465275763841155	0.491844234301106	0.44503803281374793	0.46784212203541153	0.4132121530183187
127	-56.365119674974174	-13326.043805574644	1.7327031195437237	1.2786700367638626	1.1396926581565774	1.2253637224647833	1.9011527159660382	0.4319521617240297	0.465275763841155	0.491844234301106	0.44503803281374793	0.46784212203541153	0.4132121530183187
128	-56.365119674974174	-13326.043805574644	1.7327031195437237	1.2786700367638626	1.1396926581565774	1.2253637224647833	1.9011527159660382	0.4319521617240297	0.465275763841155	0.491844234301106	0.44503803281374793	0.46784212203541153	0.4132121530183187
129	-56.361399689829874	-13241.18823845672	1.7327031195437237	1.2786700367638626	1.1396926581565774	1.2253637224647833	1.9011527159660382	0.4319521617240297	0.465275763841155	0.491844234301106	0.44503803281374793	0.46784212203541153	0.4132121530183187
130	-56.361399689829874	-13239.01998836233	1.7327031195437237	1.2786700367638626	1.1396926581565774	1.2253637224647833	1.9011527159660382	0.4319521617240297	0.465275763841155	0.491844234301106	0.44503803281374793	0.46784212203541153	0.4132121530183187
131	-56.2422008286924	-13232.988503400044	1.7327031195437237	1.2786700367638626	1.1396926581565774	1.2253637224647833	1.9011527159660382	0.4319521617240297	0.465275763841155	0.491844234301106	0.44503803281374793	0.46784212203541153	0.4132121530183187
132	-56.2422008286924	-13232.988503400044	1.7327031195437237	1.2786700367638626	1.1396926581565774	1.2253637224647833	1.9011527159660382	0.4319521617240297	0.465275763841155	0.491844234301106	0.44503803281374793	0.46784212203541153	0.4132121530183187
133	-56.241962727444694	-13232.885078465688	1.7327031195437237	1.2786700367638626	1.1396926581565774	1.2253637224647833	1.9011527159660382	0.4319521617240297	0.465275763841155	0.491844234301106	0.44503803281374793	0.46784212203541153	0.4132121530183187
134	-56.28182108586558	-13197.911328800787	1.7327031195437237	1.2786700367638626	1.1396926581565774	1.2253637224647833	1.9011527159660382	0.4319521617240297	0.465275763841155	0.491844234301106	0.44503803281374793	0.46784212203541153	0.4132121530183187
135	-56.28182108586558	-13197.911328800787	1.7327031195437237	1.2786700367638626	1.1396926581565774	1.2253637224647833	1.9011527159660382	0.4319521617240297	0.465275763841155	0.491844234301106	0.44503803281374793	0.46784212203541153	0.4132121530183187
136	-56.28182108586558	-13196.024861309843	1.7327031195437237	1.2786700367638626	1.1396926581565774	1.2253637224647833	1.9011527159660382	0.4319521617240297	0.465275763841155	0.491844234301106	0.44503803281374793	0.46784212203541153	0.4132121530183187
137	-56.28182108586558	-13196.024861309843	1.7327031195437237	1.2786700367638626	1.1396926581565774	1.2253637224647833	1.9011527159660382	0.4319521617240297	0.465275763841155	0.491844234301106	0.44503803281374793	0.46784212203541153	0.4132121530183187
138	-56.28182108586558	-13196.024861309843	1.7327031195437237	1.2786700367638626	1.1396926581565774	1.2253637224647833	1.9011527159660382	0.4319521617240297	0.465275763841155	0.491844234301106	0.44503803281374793	0.46784212203541153	0.4132121530183187
139	-56.28182108586558	-13195.801367158734	1.7327031195437237	1.2786700367638626	1.1396926581565774	1.2253637224647833	1.9011527159660382	0.4319521617240297	0.465275763841155	0.491844234301106	0.44503803281374793	0.46784212203541153	0.4132121530183187
140	-56.28182108586558	-13195.801367158734	1.7327031195437237	1.2786700367638626	1.1396926581565774	1.2253637224647833	1.9011527159660382	0.4319521617240297	0.465275763841155	0.491844234301106	0.44503803281374793	0.46784212203541153	0.4132121530183187
141	-56.28182108586558	-13195.801367158734	1.7327031195437237	1.2786700367638626	1.1396926581565774	1.2253637224647833	1.9011527159660382	0.4319521617240297	0.465275763841155	0.491844234301106	0.44503803281374793	0.46784212203541153	0.4132121530183187
142	-56.28182108586558	-13195.964290326772	1.7327031195437237	1.2786700367638626	1.1396926581565774	1.2253637224647833	1.9011527159660382	0.4319521617240297	0.465275763841155	0.491844234301106	0.44503803281374793	0.46784212203541153	0.4132121530183187
143	-56.28182108586558	-13060.996289696297	1.7327031195437237	1.2786700367638626	1.1396926581565774	1.2253637224647833	1.9011527159660382	0.4319521617240297	0.465275763841155	0.491844234301106	0.44503803281374793	0.46784212203541153	0.4132121530183187
144	-56.286469389317865	-13062.703759546199	1.7327031195437237	1.2786700367638626	1.1396926581565774	1.2253637224647833	1.9011527159660382	0.4319521617240297	0.465275763841155	0.491844234301106	0.44503803281374793	0.46784212203541153	0.4132121530183187
145	-56.286469389317865	-13062.703759546199	1.7327031195437237	1.2786700367638626	1.1396926581565774	1.2253637224647833	1.9011527159660382	0.4319521617240297	0.465275763841155	0.491844234301106	0.44503803281374793	0.46784212203541153	0.4132121530183187
146	-56.286469389317865	-13062.703759546199	1.7327031195437237	1.2786700367638626	1.1396926581565774	1.2253637224647833	1.9011527159660382	0.4319521617240297	0.465275763841155	0.491844234301106	0.44503803281374793	0.46784212203541153	0.4132121530183187
147	-56.286469389317865	-13062.703759546199	1.7327031195437237	1.2786700367638626	1.1396926581565774	1.2253637224647833	1.9011527159660382	0.4319521617240297	0.465275763841155	0.491844234301106	0.44503803281374793	0.46784212203541153	0.4132121530183187
148	-56.286469389317865	-13062.703759546199	1.7327031195437237	1.2786700367638626	1.1396926581565774	1.2253637224647833	1.9011527159660382	0.4319521617240297	0.465275763841155	0.491844234301106	0.44503803281374793	0.46784212203541153	0.4132121530183187
149	-56.286469389317865	-13062.703759546199	1.7327031195437237	1.2786700367638626	1.1396926581565774	1.2253637224647833	1.9011527159660382	0.4319521617240297	0.465275763841155	0.491844234301106	0.44503803281374793	0.46784212203541153	0.4132121530183187
150	-56.286469389317865	-13025.46201659071	1.7327031195437237	1.2786700367638626	1.1396926581565774	1.2253637224647833	1.9011527159660382	0.4319521617240297	0.465275763841155	0.491844234301106	0.44503803281374793	0.46784212203541153	0.4132121530183187
151	-56.286469389317865	-13025.46201659071	1.7327031195437237	1.2786700367638626	1.1396926581565774	1.2253637224647833	1.9011527159660382	0.4319521617240297	0.465275763841155	0.491844234301106	0.44503803281374793	0.46784212203541153	0.4132121530183187
152	-56.286469389317865	-13025.46201659071	1.7327031195437237	1.2786700367638626	1.1396926581565774	1.2253637224647833	1.9011527159660382	0.4319521617240297	0.465275763841155	0.491844234301106	0.44503803281374793	0.46784212203541153	0.4132121530183187
153	-56.286469389317865	-13025.46201659071	1.7327031195437237	1.2786700367638626	1.1396926581565774	1.2253637224647833	1.9011527159660382	0.4319521617240297	0.465275763841155	0.491844234301106	0.44503803281374793	0.46784212203541153	0.4132121530183187
154	-56.286469389317865	-13025.46201659071	1.7327031195437237	1.2786700367638626	1.1396926581565774	1.2253637224647833	1.9011527159660382	0.4319521617240297	0.465275763841155	0.491844234301106	0.44503803281374793	0.46784212203541153	0.4132121530183187
155	-56.286469389317865	-13025.46201659071	1.7327031195437237	1.2786700367638626	1.1396926581565774	1.2253637224647833	1.9011527159660382	0.4319521617240297	0.465275763841155	0.491844234301106	0.44503803281374793	0.46784212203541153	0.4132121530183187
156	-56.286469389317865	-13025.46201659071	1.7327031195437237	1.2786700367638626	1.1396926581565774	1.2253637224647833	1.9011527159660382	0.4319521617240297	0.465275763841155	0.491844234301106	0.44503803281374793	0.46784212203541153	0.4132121530183187
157	-56.286469389317865	-13025.46201659071	1.7327031195437237	1.2786700367638626	1.1396926581565774	1.2253637224647833	1.9011527159660382	0.4319521617240297	0.465275763841155	0.491844234301106	0.44503803281374793	0.46784212203541153	0.4132121530183187
158	-56.286469389317865	-13025.46201659071	1.7327031195437237	1.2786700367638626	1.1396926581565774	1.2253637224647833	1.9011527159660382	0.4319521617240297	0.465275763841155	0.491844234301106	0.44503803281374793	0.46784212203541153	0.4132121530183187
159	-55.96384990860496	-12950.993324312823	1.7327031195437237	1.2786700367638626	1.1396926581565774	1.2253637224647833	1.9011527159660382	0.4319521617240297	0.465275763841155	0.491844234301106	0.44503803281374793	0.46784212203541153	0.4132121530183187
160	-55.96384990860496	-12918.727197214626	1.7327031195437237	1.2786700367638626	1.1396926581565774	1.2253637224647833	1.9011527159660382	0.4319521617240297	0.465275763841155	0.491844234301106	0.44503803281374793	0.46784212203541153	0.4132121530183187
161	-55.947454546309906	-12907.404913057122	1.7327031195437237	1.2786700367638626	1.1396926581565774	1.2253637224647833	1.9011527159660382	0.4319521617240297	0.465275763841155	0.491844234301106	0.44503803281374793	0.46784212203541153	0.4132121530183187
162	-55.947454546309906	-12907.404913057122	1.7327031195437237	1.2786700367638626	1.1396926581565774	1.2253637224647833	1.9011527159660382	0.4319521617240297	0.465275763841155	0.491844234301106	0.44503803281374793	0.46784212203541153	0.4132121530183187
163	-55.947454546309906	-12907.404913057122	1.7327031195437237	1.2786700367638626	1.1396926581565774	1.2253637224647833	1.9011527159660382	0.4319521617240297	0.465275763841155	0.491844234301106	0.44503803281374793	0.46784212203541153	0.4132121530183187
164	-56.039509623921525	-12907.404913057122	1.7327031195437237	1.2786700367638626	1.1396926581565774	1.2253637224647833	1.9011527159660382	0.4319521617240297	0.465275763841155	0.491844234301106	0.44503803281374793	0.46784212203541153	0.4969134855553192
165	-56.039509623921525	-12907.404913057122	1.7327031195437237	1.2786700367638626	1.1396926581565774	1.2253637224647833	1.9011527159660382	0.4319521617240297	0.465275763841155	0.491844234301106	0.44503803281374793	0.46784212203541153	0.4969134855553192
166	-56.039509623921525	-12907.404913057122	1.7327031195437237	1.2786700367638626	1.1396926581565774	1.2253637224647833	1.9011527159660382	0.4319521617240297	0.465275763841155	0.491844234301106	0.44503803281374793	0.46784212203541153	0.4969134855553192
167	-56.039509623921525	-12907.404913057122	1.7327031195437237	1.2786700367638626	1.1396926581565774	1.2253637224647833	1.9011527159660382	0.4319521617240297	0.465275763841155	0.491844234301106	0.44503803281374793	0.46784212203541153	0.4969134855553192
168	-55.96806102536764	-12906.66589472403	1.7327031195437237	1.2786700367638626	1.1396926581565774	1.2253637224647833	1.9011527159660382	0.4319521617240297	0.465275763841155	0.491844234301106	0.44503803281374793	0.46784212203541153	0.4969134855553192
169	-55.96806102536764	-12906.66589472403	1.7327031195437237	1.2786700367638626	1.1396926581565774	1.2253637224647833	1.9011527159660382	0.4319521617240297	0.465275763841155	0.491844234301106	0.44503803281374793	0.46784212203541153	0.4969134855553192
170	-55.96806102536764	-12906.66589472403	1.7327031195437237	1.2786700367638626	1.1396926581565774	1.2253637224647833	1.9011527159660382	0.4319521617240297	0.465275763841155	0.491844234301106	0.44503803281374793	0.46784212203541153	0.4969134855553192
171	-55.96806102536764	-12906.66589472403	1.7327031195437237	1.2786700367638626	1.1396926581565774	1.2253637224647833	1.9011527159660382	0.4319521617240297	0.465275763841155	0.491844234301106	0.44503803281374793	0.46784212203541153	0.4969134855553192
172	-55.96806102536764	-12796.989944835603	1.7327031195437237	1.2786700367638626	1.1396926581565774	1.2253637224647833	1.9011527159660382	0.4319521617240297	0.465275763841155	0.491844234301106	0.44503803281374793	0.46784212203541153	0.4969134855553192
173	-55.96806102536764	-12796.989944835603	1.7327031195437237	1.2786700367638626	1.1396926581565774	1.2253637224647833	1.9011527159660382	0.4319521617240297	0.465275763841155	0.491844234301106	0.44503803281374793	0.46784212203541153	0.4969134855553192
174	-55.96806102536764	-12796.989944835603	1.7327031195437237	1.2786700367638626	1.1396926581565774	1.2253637224647833	1.9011527159660382	0.4319521617240297	0.465275763841155	0.491844234301106	0.44503803281374793	0.46784212203541153	0.4969134855553192
175	-55.9652115269726	-12796.746082108431	1.7327031195437237	1.2786700367638626	1.1396926581565774	1.2253637224647833	1.9011527159660382	0.4319521617240297	0.465275763841155	0.491844234301106	0.44503803281374793	0.46784212203541153	0.4969134855553192
176	-55.9652115269726	-12796.746082108431	1.7327031195437237	1.2786700367638626	1.1396926581565774	1.2253637224647833	1.9011527159660382	0.4319521617240297	0.465275763841155	0.491844234301106	0.44503803281374793	0.46784212203541153	0.4969134855553192
177	-55.9652115269726	-12796.746082108431	1.7327031195437237	1.2786700367638626	1.1396926581565774	1.2253637224647833	1.9011527159660382	0.4319521617240297	0.465275763841155	0.491844234301106	0.44503803281374793	0.46784212203541153	0.4969134855553192
178	-55.9652115269726	-12796.746082108431	1.7327031195437237	1.2786700367638626	1.1396926581565774	1.2253637224647833	1.9011527159660382	0.4319521617240297	0.465275763841155	0.491844234301106	0.44503803281374793	0.46784212203541153	0.4969134855553192
179	-55.9652115269726	-12796.746082108431	1.7327031195437237	1.2786700367638626	1.1396926581565774	1.2253637224647833	1.9011527159660382	0.4319521617240297	0.465275763841155	0.491844234301106	0.44503803281374793	0.46784212203541153	0.4969134855553192
180	-55.96599122214369	-12793.047979743558	1.7327031195437237	1.2786700367638626	1.1396926581565774	1.2253637224647833	1.9011527159660382	0.4319521617240297	0.465275763841155	0.491844234301106	0.44503803281374793	0.46784212203541153	0.4969134855553192
181	-55.96599122214369	-12793.047979743558	1.7327031195437237	1.2786700367638626	1.1396926581565774	1.2253637224647833	1.9011527159660382	0.4319521617240297	0.465275763841155	0.491844234301106	0.44503803281374793	0.46784212203541153	0.4969134855553192
182	-55.96599122214369	-12793.047979743558	1.7327031195437237	1.2786700367638626	1.1396926581565774	1.2253637224647833	1.9011527159660382	0.4319521617240297	0.465275763841155	0.491844234301106	0.44503803281374793	0.46784212203541153	0.4969134855553192
183	-55.96599122214369	-12793.047979743558	1.7327031195437237	1.2786700367638626	1.1396926581565774	1.2253637224647833	1.9011527159660382	0.4319521617240297	0.465275763841155	0.491844234301106	0.44503803281374793	0.46784212203541153	0.4969134855553192
184	-55.96599122214369	-12793.047979743558	1.7327031195437237	1.2786700367638626	1.1396926581565774	1.2253637224647833	1.9011527159660382	0.4319521617240297	0.465275763841155	0.491844234301106	0.44503803281374793	0.46784212203541153	0.4969134855553192
185	-55.52029405604539	-12777.896570581148	1.7327031195437237	1.2786700367638626	1.1396926581565774	1.2253637224647833	1.9011527159660382	0.4319521617240297	0.465275763841155	0.491844234301106	0.44503803281374793	0.46784212203541153	0.4969134855553192
186	-55.52029405604539	-12777.896570581148	1.7327031195437237	1.2786700367638626	1.1396926581565774	1.2253637224647833	1.9011527159660382	0.4319521617240297	0.465275763841155	0.491844234301106	0.44503803281374793	0.46784212203541153	0.4969134855553192
187	-55.52029405604539	-12777.896570581148	1.7327031195437237	1.2786700367638626	1.1396926581565774	1.2253637224647833	1.9011527159660382	0.4319521617240297	0.465275763841155	0.491844234301106	0.44503803281374793	0.46784212203541153	0.4969134855553192
188	-55.52029405604539	-12778.343209027556	1.7327031195437237	1.2786700367638626	1.1396926581565774	1.2253637224647833	1.9011527159660382	0.4319521617240297	0.465275763841155	0.491844234301106	0.44503803281374793	0.46784212203541153	0.4969134855553192
189	-55.40076286157671	-12769.291732246156	1.7327031195437237	1.2786700367638626	1.1396926581565774	1.2253637224647833	1.9011527159660382	0.4319521617240297	0.465275763841155	0.491844234301106	0.44503803281374793	0.46784212203541153	0.4969134855553192
190	-55.40076286157671	-12769.291732246156	1.7327031195437237	1.2786700367638626	1.1396926581565774	1.2253637224647833	1.9011527159660382	0.4319521617240297	0.465275763841155	0.491844234301106	0.44503803281374793	0.46784212203541153	0.4969134855553192
191	-55.40076286157671	-12769.291732246156	1.7327031195437237	1.2786700367638626	1.1396926581565774	1.2253637224647833	1.9011527159660382	0.4319521617240297	0.465275763841155	0.491844234301106	0.44503803281374793	0.46784212203541153	0.4969134855553192
192	-55.40076286157671	-12769.291732246156	1.7327031195437237	1.2786700367638626	1.1396926581565774	1.2253637224647833	1.9011527159660382	0.4319521617240297	0.465275763841155	0.491844234301106	0.44503803281374793	0.46784212203541153	0.4969134855553192
193	-55.40076286157671	-12769.291732246156	1.7327031195437237	1.2786700367638626	1.1396926581565774	1.2253637224647833	1.9011527159660382	0.4319521617240297	0.465275763841155	0.491844234301106	0.44503803281374793	0.46784212203541153	0.4969134855553192
194	-55.40111381888002	-12769.45779980196	1.7327031195437237	1.2786700367638626	1.1396926581565774	1.2253637224647833	1.9011527159660382	0.4319521617240297	0.465275763841155	0.491844234301106	0.44503803281374793	0.46784212203541153	0.4969134855553192
195	-55.40111381888002	-12769.45779980196	1.7327031195437237	1.2786700367638626	1.1396926581565774	1.2253637224647833	1.9011527159660382	0.4319521617240297	0.465275763841155	0.491844234301106	0.44503803281374793	0.46784212203541153	0.4969134855553192
196	-55.40111381888002	-12759.1757188986	1.7327031195437237	1.2786700367638626	1.1396926581565774	1.2253637224647833	1.9011527159660382	0.4319521617240297	0.465275763841155	0.491844234301106	0.44503803281374793	0.46784212203541153	0.4969134855553192
197	-55.40111381888002	-12759.1757188986	1.7327031195437237	1.2786700367638626	1.1396926581565774	1.2253637224647833	1.9011527159660382	0.4319521617240297	0.465275763841155	0.491844234301106	0.44503803281374793	0.46784212203541153	0.4969134855553192
198	-55.40111381888002	-12759.1757188986	1.7327031195437237	1.2786700367638626	1.1396926581565774	1.2253637224647833	1.9011527159660382	0.4319521617240297	0.465275763841155	0.491844234301106	0.44503803281374793	0.46784212203541153	0.4969134855553192
199	-55.40111381888002	-12759.1757188986	1.7327031195437237	1.2786700367638626	1.1396926581565774	1.2253637224647833	1.9011527159660382	0.4319521617240297	0.465275763841155	0.491844234301106	0.44503803281374793	0.46784212203541153	0.4969134855553192
200	-55.40111381888002	-12759.1757188986	1.7327031195437237	1.2786700367638626	1.1396926581565774	1.2253637224647833	1.9011527159660382	0.4319521617240297	0.465275763841155	0.491844234301106	0.44503803281374793	0.46784212203541153	0.4969134855553192
201	-55.40111381888002	-12761.260350296416	1.7327031195437237	1.2786700367638626	1.1396926581565774	1.2253637224647833	1.9011527159660382	0.4319521617240297	0.465275763841155	0.491844234301106	0.44503803281374793	0.46784212203541153	0.4969134855553192
202	-55.40111381888002	-12761.260350296416	1.7327031195437237	1.2786700367638626	1.1396926581565774	1.2253637224647833	1.9011527159660382	0.4319521617240297	0.465275763841155	0.491844234301106	0.44503803281374793	0.46784212203541153	0.4969134855553192
203	-55.728839644593116	-12761.260350296416	1.7327031195437237	1.2786700367638626	1.1396926581565774	1.2253637224647833	1.9011527159660382	0.45449403044426234	0.3664713008931213	0.4646899756403428	0.5830715322121905	0.5569397449168204	0.4969134855553192
204	-55.728839644593116	-12761.260350296416	1.7327031195437237	1.2786700367638626	1.1396926581565774	1.2253637224647833	1.9011527159660382	0.45449403044426234	0.3664713008931213	0.4646899756403428	0.5830715322121905	0.5569397449168204	0.4969134855553192
205	-55.728839644593116	-12761.260350296416	1.7327031195437237	1.2786700367638626	1.1396926581565774	1.2253637224647833	1.9011527159660382	0.45449403044426234	0.3664713008931213	0.4646899756403428	0.5830715322121905	0.5569397449168204	0.4969134855553192
206	-55.728839644593116	-12761.260350296416	1.7327031195437237	1.2786700367638626	1.1396926581565774	1.2253637224647833	1.9011527159660382	0.45449403044426234	0.3664713008931213	0.4646899756403428	0.5830715322121905	0.5569397449168204	0.4969134855553192
207	-55.728839644593116	-12761.260350296416	1.7327031195437237	1.2786700367638626	1.1396926581565774	1.2253637224647833	1.9011527159660382	0.45449403044426234	0.3664713008931213	0.4646899756403428	0.5830715322121905	0.5569397449168204	0.4969134855553192
208	-55.728839644593116	-12761.260350296416	1.7327031195437237	1.2786700367638626	1.1396926581565774	1.2253637224647833	1.9011527159660382	0.45449403044426234	0.3664713008931213	0.4646899756403428	0.5830715322121905	0.5569397449168204	0.4969134855553192
209	-55.728839644593116	-12761.260350296416	1.7327031195437237	1.2786700367638626	1.1396926581565774	1.2253637224647833	1.9011527159660382	0.45449403044426234	0.3664713008931213	0.4646899756403428	0.5830715322121905	0.5569397449168204	0.4969134855553192
210	-55.728839644593116	-12761.260350296416	1.7327031195437237	1.2786700367638626	1.1396926581565774	1.2253637224647833	1.9011527159660382	0.45449403044426234	0.3664713008931213	0.4646899756403428	0.5830715322121905	0.5569397449168204	0.4969134855553192
211	-55.728839644593116	-12751.596129509006	1.7327031195437237	1.2786700367638626	1.1396926581565774	1.2253637224647833	1.9011527159660382	0.45449403044426234	0.3664713008931213	0.4646899756403428	0.5830715322121905	0.5569397449168204	0.4969134855553192
212	-55.728839644593116	-12751.596129509006	1.7327031195437237	1.2786700367638626	1.1396926581565774	1.2253637224647833	1.9011527159660382	0.45449403044426234	0.3664713008931213	0.4646899756403428	0.5830715322121905	0.5569397449168204	0.4969134855553192
213	-55.728839644593116	-12747.378059126553	1.7327031195437237	1.2786700367638626	1.1396926581565774	1.2253637224647833	1.9011527159660382	0.45449403044426234	0.3664713008931213	0.4646899756403428	0.5830715322121905	0.5569397449168204	0.4969134855553192
214	-55.728839644593116	-12747.378059126553	1.7327031195437237	1.2786700367638626	1.1396926581565774	1.2253637224647833	1.9011527159660382	0.45449403044426234	0.3664713008931213	0.4646899756403428	0.5830715322121905	0.5569397449168204	0.4969134855553192
215	-55.74029212658041	-12737.615972734011	1.7327031195437237	1.2786700367638626	1.1396926581565774	1.2253637224647833	1.9011527159660382	0.45449403044426234	0.3664713008931213	0.4646899756403428	0.5830715322121905	0.5569397449168204	0.4969134855553192
216	-55.74029212658041	-12737.615972734011	1.7327031195437237	1.2786700367638626	1.1396926581565774	1.2253637224647833	1.9011527159660382	0.45449403044426234	0.3664713008931213	0.4646899756403428	0.5830715322121905	0.5569397449168204	0.4969134855553192
217	-55.74029212658041	-12737.615972734011	1.7327031195437237	1.2786700367638626	1.1396926581565774	1.2253637224647833	1.9011527159660382	0.45449403044426234	0.3664713008931213	0.4646899756403428	0.5830715322121905	0.5569397449168204	0.4969134855553192
218	-55.74029212658041	-12737.615972734011	1.7327031195437237	1.2786700367638626	1.1396926581565774	1.2253637224647833	1.9011527159660382	0.45449403044426234	0.3664713008931213	0.4646899756403428	0.5830715322121905	0.5569397449168204	0.4969134855553192
219	-55.74029212658041	-12737.615972734011	1.7327031195437237	1.2786700367638626	1.1396926581565774	1.2253637224647833	1.9011527159660382	0.45449403044426234	0.3664713008931213	0.4646899756403428	0.5830715322121905	0.5569397449168204	0.4969134855553192
220	-55.74029212658041	-12727.39871053018	1.7327031195437237	1.2786700367638626	1.1396926581565774	1.2253637224647833	1.9011527159660382	0.45449403044426234	0.3664713008931213	0.4646899756403428	0.5830715322121905	0.5569397449168204	0.4969134855553192
221	-55.73912438141654	-12727.141250736497	1.7327031195437237	1.2786700367638626	1.1396926581565774	1.2253637224647833	1.9011527159660382	0.45449403044426234	0.3664713008931213	0.4646899756403428	0.5830715322121905	0.5569397449168204	0.4969134855553192
222	-55.73912438141654	-12725.010332457658	1.7327031195437237	1.2786700367638626	1.1396926581565774	1.2253637224647833	1.9011527159660382	0.45449403044426234	0.3664713008931213	0.4646899756403428	0.5830715322121905	0.5569397449168204	0.4969134855553192
223	-55.73912438141654	-12725.010332457658	1.7327031195437237	1.2786700367638626	1.1396926581565774	1.2253637224647833	1.9011527159660382	0.45449403044426234	0.3664713008931213	0.4646899756403428	0.5830715322121905	0.5569397449168204	0.4969134855553192
224	-55.73912438141654	-12725.010332457658	1.7327031195437237	1.2786700367638626	1.1396926581565774	1.2253637224647833	1.9011527159660382	0.45449403044426234	0.3664713008931213	0.4646899756403428	0.5830715322121905	0.5569397449168204	0.4969134855553192
225	-55.73912438141654	-12725.010332457658	1.7327031195437237	1.2786700367638626	1.1396926581565774	1.2253637224647833	1.9011527159660382	0.45449403044426234	0.3664713008931213	0.4646899756403428	0.5830715322121905	0.5569397449168204	0.4969134855553192
226	-55.73912438141654	-12687.279208744989	1.7327031195437237	1.2786700367638626	1.1396926581565774	1.2253637224647833	1.9011527159660382	0.45449403044426234	0.3664713008931213	0.4646899756403428	0.5830715322121905	0.5569397449168204	0.4969134855553192
227	-55.73912438141654	-12687.279208744989	1.7327031195437237	1.2786700367638626	1.1396926581565774	1.2253637224647833	1.9011527159660382	0.45449403044426234	0.3664713008931213	0.4646899756403428	0.5830715322121905	0.5569397449168204	0.4969134855553192
228	-55.73912438141654	-12687.279208744989	1.7327031195437237	1.2786700367638626	1.1396926581565774	1.2253637224647833	1.9011527159660382	0.45449403044426234	0.3664713008931213	0.4646899756403428	0.5830715322121905	0.5569397449168204	0.4969134855553192
229	-55.73912438141654	-12687.279208744989	1.7327031195437237	1.2786700367638626	1.1396926581565774	1.2253637224647833	1.9011527159660382	0.45449403044426234	0.3664713008931213	0.4646899756403428	0.5830715322121905	0.5569397449168204	0.4969134855553192
230	-55.73912438141654	-12687.279208744989	1.7327031195437237	1.2786700367638626	1.1396926581565774	1.2253637224647833	1.9011527159660382	0.45449403044426234	0.3664713008931213	0.4646899756403428	0.5830715322121905	0.5569397449168204	0.4969134855553192
231	-55.7389153331111	-12687.121706406862	1.7327031195437237	1.2786700367638626	1.1396926581565774	1.2253637224647833	1.9011527159660382	0.45449403044426234	0.3664713008931213	0.4646899756403428	0.5830715322121905	0.5569397449168204	0.4969134855553192
232	-55.7389153331111	-12687.121706406862	1.7327031195437237	1.2786700367638626	1.1396926581565774	1.2253637224647833	1.9011527159660382	0.45449403044426234	0.3664713008931213	0.4646899756403428	0.5830715322121905	0.5569397449168204	0.4969134855553192
233	-41.874867852899676	-12687.121706406862	2.090707260562692	1.6237700201649696	1.317944294761181	1.5477610724921835	2.522423933335522	0.45449403044426234	0.3664713008931213	0.4646899756403428	0.5830715322121905	0.5569397449168204	0.4969134855553192
234	-41.88334093623093	-12686.729926229333	2.090707260562692	1.6237700201649696	1.317944294761181	1.5477610724921835	2.522423933335522	0.45449403044426234	0.3664713008931213	0.4646899756403428	0.5830715322121905	0.5569397449168204	0.4969134855553192
235	-41.88334093623093	-12686.729926229333	2.090707260562692	1.6237700201649696	1.317944294761181	1.5477610724921835	2.522423933335522	0.45449403044426234	0.3664713008931213	0.4646899756403428	0.5830715322121905	0.5569397449168204	0.4969134855553192
236	-41.88334093623093	-12686.729926229333	2.090707260562692	1.6237700201649696	1.317944294761181	1.5477610724921835	2.522423933335522	0.45449403044426234	0.3664713008931213	0.4646899756403428	0.5830715322121905	0.5569397449168204	0.4969134855553192
237	-41.88334093623093	-12686.055649030537	2.090707260562692	1.6237700201649696	1.317944294761181	1.5477610724921835	2.522423933335522	0.45449403044426234	0.3664713008931213	0.4646899756403428	0.5830715322121905	0.5569397449168204	0.4969134855553192
238	-41.88334093623093	-12686.2115049156	2.090707260562692	1.6237700201649696	1.317944294761181	1.5477610724921835	2.522423933335522	0.45449403044426234	0.3664713008931213	0.4646899756403428	0.5830715322121905	0.5569397449168204	0.4969134855553192
239	-41.925017412048994	-12654.174773152128	2.090707260562692	1.6237700201649696	1.317944294761181	1.5477610724921835	2.522423933335522	0.45449403044426234	0.3664713008931213	0.4646899756403428	0.5830715322121905	0.5569397449168204	0.4969134855553192
240	-41.925017412048994	-12654.174773152128	2.090707260562692	1.6237700201649696	1.317944294761181	1.5477610724921835	2.522423933335522	0.45449403044426234	0.3664713008931213	0.4646899756403428	0.5830715322121905	0.5569397449168204	0.4969134855553192
241	-41.925017412048994	-12654.174773152128	2.090707260562692	1.6237700201649696	1.317944294761181	1.5477610724921835	2.522423933335522	0.45449403044426234	0.3664713008931213	0.4646899756403428	0.5830715322121905	0.5569397449168204	0.4969134855553192
242	-41.925017412048994	-12654.174773152128	2.090707260562692	1.6237700201649696	1.317944294761181	1.5477610724921835	2.522423933335522	0.45449403044426234	0.3664713008931213	0.4646899756403428	0.5830715322121905	0.5569397449168204	0.4969134855553192
243	-41.925017412048994	-12654.174773152128	2.090707260562692	1.6237700201649696	1.317944294761181	1.5477610724921835	2.522423933335522	0.45449403044426234	0.3664713008931213	0.4646899756403428	0.5830715322121905	0.5569397449168204	0.4969134855553192
244	-41.925017412048994	-12654.174773152128	2.090707260562692	1.6237700201649696	1.317944294761181	1.5477610724921835	2.522423933335522	0.45449403044426234	0.3664713008931213	0.4646899756403428	0.5830715322121905	0.5569397449168204	0.4969134855553192
245	-42.081897065775294	-12628.243019525373	2.090707260562692	1.6237700201649696	1.317944294761181	1.5477610724921835	2.522423933335522	0.45449403044426234	0.3664713008931213	0.4646899756403428	0.5830715322121905	0.5569397449168204	0.4969134855553192
246	-42.081897065775294	-12626.202624601478	2.090707260562692	1.6237700201649696	1.317944294761181	1.5477610724921835	2.522423933335522	0.45449403044426234	0.3664713008931213	0.4646899756403428	0.5830715322121905	0.5569397449168204	0.4969134855553192
247	-42.081897065775294	-12626.202624601478	2.090707260562692	1.6237700201649696	1.317944294761181	1.5477610724921835	2.522423933335522	0.45449403044426234	0.3664713008931213	0.4646899756403428	0.5830715322121905	0.5569397449168204	0.4969134855553192
248	-31.68065596490281	-12626.202624601478	2.502886834171691	1.6370364663400703	1.5699083315309066	1.7042306483340695	3.0978339538730415	0.45449403044426234	0.3664713008931213	0.4646899756403428	0.5830715322121905	0.5569397449168204	0.4969134855553192
249	-31.68065596490281	-12626.202624601478	2.502886834171691	1.6370364663400703	1.5699083315309066	1.7042306483340695	3.0978339538730415	0.45449403044426234	0.3664713008931213	0.4646899756403428	0.5830715322121905	0.5569397449168204	0.4969134855553192
250	-31.68065596490281	-12626.202624601478	2.502886834171691	1.6370364663400703	1.5699083315309066	1.7042306483340695	3.0978339538730415	0.45449403044426234	0.3664713008931213	0.4646899756403428	0.5830715322121905	0.5569397449168204	0.4969134855553192
251	-31.75971282268526	-12618.139125201045	2.502886834171691	1.6370364663400703	1.5699083315309066	1.7042306483340695	3.0978339538730415	0.45449403044426234	0.3664713008931213	0.4646899756403428	0.5830715322121905	0.5569397449168204	0.4969134855553192
252	-31.313290142208324	-12605.009607543	2.502886834171691	1.6370364663400703	1.5699083315309066	1.7042306483340695	3.0978339538730415	0.45449403044426234	0.3664713008931213	0.4646899756403428	0.5830715322121905	0.5569397449168204	0.4969134855553192
253	-31.313290142208324	-12605.009607543	2.502886834171691	1.6370364663400703	1.5699083315309066	1.7042306483340695	3.0978339538730415	0.45449403044426234	0.3664713008931213	0.4646899756403428	0.5830715322121905	0.5569397449168204	0.4969134855553192
254	-31.313290142208324	-12605.009607543	2.502886834171691	1.6370364663400703	1.5699083315309066	1.7042306483340695	3.0978339538730415	0.45449403044426234	0.3664713008931213	0.4646899756403428	0.5830715322121905	0.5569397449168204	0.4969134855553192
255	-31.313290142208324	-12605.009607543	2.502886834171691	1.6370364663400703	1.5699083315309066	1.7042306483340695	3.0978339538730415	0.45449403044426234	0.3664713008931213	0.4646899756403428	0.5830715322121905	0.5569397449168204	0.4969134855553192
256	-31.313290142208324	-12605.009607543	2.502886834171691	1.6370364663400703	1.5699083315309066	1.7042306483340695	3.0978339538730415	0.45449403044426234	0.3664713008931213	0.4646899756403428	0.5830715322121905	0.5569397449168204	0.4969134855553192
257	-31.313290142208324	-12605.009607543	2.502886834171691	1.6370364663400703	1.5699083315309066	1.7042306483340695	3.0978339538730415	0.45449403044426234	0.3664713008931213	0.4646899756403428	0.5830715322121905	0.5569397449168204	0.4969134855553192
258	-31.313290142208324	-12605.009607543	2.502886834171691	1.6370364663400703	1.5699083315309066	1.7042306483340695	3.0978339538730415	0.45449403044426234	0.3664713008931213	0.4646899756403428	0.5830715322121905	0.5569397449168204	0.4969134855553192
259	-31.313290142208324	-12605.009607543	2.502886834171691	1.6370364663400703	1.5699083315309066	1.7042306483340695	3.0978339538730415	0.45449403044426234	0.3664713008931213	0.4646899756403428	0.5830715322121905	0.5569397449168204	0.4969134855553192
260	-31.313290142208324	-12605.009607543	2.502886834171691	1.6370364663400703	1.5699083315309066	1.7042306483340695	3.0978339538730415	0.45449403044426234	0.3664713008931213	0.4646899756403428	0.5830715322121905	0.5569397449168204	0.4969134855553192
261	-31.310855244462864	-12603.78268301868	2.502886834171691	1.6370364663400703	1.5699083315309066	1.7042306483340695	3.0978339538730415	0.45449403044426234	0.3664713008931213	0.4646899756403428	0.5830715322121905	0.5569397449168204	0.4969134855553192
262	-31.310855244462864	-12596.487590719891	2.502886834171691	1.6370364663400703	1.5699083315309066	1.7042306483340695	3.0978339538730415	0.45449403044426234	0.3664713008931213	0.4646899756403428	0.5830715322121905	0.5569397449168204	0.4969134855553192
263	-31.310855244462864	-12596.487590719891	2.502886834171691	1.6370364663400703	1.5699083315309066	1.7042306483340695	3.0978339538730415	0.45449403044426234	0.3664713008931213	0.4646899756403428	0.5830715322121905	0.5569397449168204	0.4969134855553192
264	-31.310855244462864	-12596.487590719891	2.502886834171691	1.6370364663400703	1.5699083315309066	1.7042306483340695	3.0978339538730415	0.45449403044426234	0.3664713008931213	0.4646899756403428	0.5830715322121905	0.5569397449168204	0.4969134855553192
265	-31.310855244462864	-12596.487590719891	2.502886834171691	1.6370364663400703	1.5699083315309066	1.7042306483340695	3.0978339538730415	0.45449403044426234	0.3664713008931213	0.4646899756403428	0.5830715322121905	0.5569397449168204	0.4969134855553192
266	-31.308769379150384	-12595.124866471804	2.502886834171691	1.6370364663400703	1.5699083315309066	1.7042306483340695	3.0978339538730415	0.45449403044426234	0.3664713008931213	0.4646899756403428	0.5830715322121905	0.5569397449168204	0.4969134855553192
267	-31.308769379150384	-12595.124866471804	2.502886834171691	1.6370364663400703	1.5699083315309066	1.7042306483340695	3.0978339538730415	0.45449403044426234	0.3664713008931213	0.4646899756403428	0.5830715322121905	0.5569397449168204	0.4969134855553192
268	-31.308769379150384	-12594.6091566171	2.502886834171691	1.6370364663400703	1.5699083315309066	1.7042306483340695	3.0978339538730415	0.45449403044426234	0.3664713008931213	0.4646899756403428	0.5830715322121905	0.5569397449168204	0.4969134855553192
269	-31.308769379150384	-12594.6091566171	2.502886834171691	1.6370364663400703	1.5699083315309066	1.7042306483340695	3.0978339538730415	0.45449403044426234	0.3664713008931213	0.4646899756403428	0.5830715322121905	0.5569397449168204	0.4969134855553192
270	-31.308769379150384	-12594.6091566171	2.502886834171691	1.6370364663400703	1.5699083315309066	1.7042306483340695	3.0978339538730415	0.45449403044426234	0.3664713008931213	0.4646899756403428	0.5830715322121905	0.5569397449168204	0.4969134855553192
271	-31.308769379150384	-12590.17356564901	2.502886834171691	1.6370364663400703	1.5699083315309066	1.7042306483340695	3.0978339538730415	0.45449403044426234	0.3664713008931213	0.4646899756403428	0.5830715322121905	0.5569397449168204	0.4969134855553192
272	-31.308769379150384	-12590.17356564901	2.502886834171691	1.6370364663400703	1.5699083315309066	1.7042306483340695	3.0978339538730415	0.45449403044426234	0.3664713008931213	0.4646899756403428	0.5830715322121905	0.5569397449168204	0.4969134855553192
273	-31.308769379150384	-12590.17356564901	2.502886834171691	1.6370364663400703	1.5699083315309066	1.7042306483340695	3.0978339538730415	0.45449403044426234	0.3664713008931213	0.4646899756403428	0.5830715322121905	0.5569397449168204	0.4969134855553192
274	-31.308769379150384	-12590.17356564901	2.502886834171691	1.6370364663400703	1.5699083315309066	1.7042306483340695	3.0978339538730415	0.45449403044426234	0.3664713008931213	0.4646899756403428	0.5830715322121905	0.5569397449168204	0.4969134855553192
275	-31.308769379150384	-12587.79105625677	2.502886834171691	1.6370364663400703	1.5699083315309066	1.7042306483340695	3.0978339538730415	0.45449403044426234	0.3664713008931213	0.4646899756403428	0.5830715322121905	0.5569397449168204	0.4969134855553192
276	-31.308769379150384	-12587.79105625677	2.502886834171691	1.6370364663400703	1.5699083315309066	1.7042306483340695	3.0978339538730415	0.45449403044426234	0.3664713008931213	0.4646899756403428	0.5830715322121905	0.5569397449168204	0.4969134855553192
277	-31.308769379150384	-12587.79105625677	2.502886834171691	1.6370364663400703	1.5699083315309066	1.7042306483340695	3.0978339538730415	0.45449403044426234	0.3664713008931213	0.4646899756403428	0.5830715322121905	0.5569397449168204	0.4969134855553192
278	-31.308769379150384	-12586.271068290258	2.502886834171691	1.6370364663400703	1.5699083315309066	1.7042306483340695	3.0978339538730415	0.45449403044426234	0.3664713008931213	0.4646899756403428	0.5830715322121905	0.5569397449168204	0.4969134855553192
279	-31.308769379150384	-12578.608145172915	2.502886834171691	1.6370364663400703	1.5699083315309066	1.7042306483340695	3.0978339538730415	0.45449403044426234	0.3664713008931213	0.4646899756403428	0.5830715322121905	0.5569397449168204	0.4969134855553192
280	-31.308769379150384	-12578.608145172915	2.502886834171691	1.6370364663400703	1.5699083315309066	1.7042306483340695	3.0978339538730415	0.45449403044426234	0.3664713008931213	0.4646899756403428	0.5830715322121905	0.5569397449168204	0.4969134855553192
281	-31.308769379150384	-12578.608145172915	2.502886834171691	1.6370364663400703	1.5699083315309066	1.7042306483340695	3.0978339538730415	0.45449403044426234	0.3664713008931213	0.4646899756403428	0.5830715322121905	0.5569397449168204	0.4969134855553192
282	-31.308769379150384	-12578.608145172915	2.502886834171691	1.6370364663400703	1.5699083315309066	1.7042306483340695	3.0978339538730415	0.45449403044426234	0.3664713008931213	0.4646899756403428	0.5830715322121905	0.5569397449168204	0.4969134855553192
283	-31.8962796971039	-12538.073306203256	2.502886834171691	1.6370364663400703	1.5699083315309066	1.7042306483340695	3.0978339538730415	0.45449403044426234	0.3664713008931213	0.4646899756403428	0.5830715322121905	0.5569397449168204	0.4969134855553192
284	-31.8962796971039	-12538.073306203256	2.502886834171691	1.6370364663400703	1.5699083315309066	1.7042306483340695	3.0978339538730415	0.45449403044426234	0.3664713008931213	0.4646899756403428	0.5830715322121905	0.5569397449168204	0.4969134855553192
285	-31.882399604625533	-12538.073306203256	2.502886834171691	1.6370364663400703	1.5699083315309066	1.7042306483340695	3.0978339538730415	0.45449403044426234	0.3664713008931213	0.4646899756403428	0.5830715322121905	0.5569397449168204	0.488475098711912
286	-31.882399604625533	-12538.073306203256	2.502886834171691	1.6370364663400703	1.5699083315309066	1.7042306483340695	3.0978339538730415	0.45449403044426234	0.3664713008931213	0.4646899756403428	0.5830715322121905	0.5569397449168204	0.488475098711912
287	-31.882399604625533	-12538.073306203256	2.502886834171691	1.6370364663400703	1.5699083315309066	1.7042306483340695	3.0978339538730415	0.45449403044426234	0.3664713008931213	0.4646899756403428	0.5830715322121905	0.5569397449168204	0.488475098711912
288	-31.882399604625533	-12538.073306203256	2.502886834171691	1.6370364663400703	1.5699083315309066	1.7042306483340695	3.0978339538730415	0.45449403044426234	0.3664713008931213	0.4646899756403428	0.5830715322121905	0.5569397449168204	0.488475098711912
289	-31.882399604625533	-12538.073306203256	2.502886834171691	1.6370364663400703	1.5699083315309066	1.7042306483340695	3.0978339538730415	0.45449403044426234	0.3664713008931213	0.4646899756403428	0.5830715322121905	0.5569397449168204	0.488475098711912
290	-31.882399604625533	-12538.073306203256	2.502886834171691	1.6370364663400703	1.5699083315309066	1.7042306483340695	3.0978339538730415	0.45449403044426234	0.3664713008931213	0.4646899756403428	0.5830715322121905	0.5569397449168204	0.488475098711912
291	-31.882399604625533	-12538.073306203256	2.502886834171691	1.6370364663400703	1.5699083315309066	1.7042306483340695	3.0978339538730415	0.45449403044426234	0.3664713008931213	0.4646899756403428	0.5830715322121905	0.5569397449168204	0.488475098711912
292	-31.882399604625533	-12538.073306203256	2.502886834171691	1.6370364663400703	1.5699083315309066	1.7042306483340695	3.0978339538730415	0.45449403044426234	0.3664713008931213	0.4646899756403428	0.5830715322121905	0.5569397449168204	0.488475098711912
293	-31.8603694060899	-12538.073306203256	2.502886834171691	1.6370364663400703	1.5699083315309066	1.7042306483340695	3.0978339538730415	0.45449403044426234	0.3664713008931213	0.4646899756403428	0.5830715322121905	0.5569397449168204	0.4750348747483358
294	-31.8603694060899	-12530.762113476154	2.502886834171691	1.6370364663400703	1.5699083315309066	1.7042306483340695	3.0978339538730415	0.45449403044426234	0.3664713008931213	0.4646899756403428	0.5830715322121905	0.5569397449168204	0.4750348747483358
295	-31.86633480593018	-12529.143716069013	2.502886834171691	1.6370364663400703	1.5699083315309066	1.7042306483340695	3.0978339538730415	0.45449403044426234	0.3664713008931213	0.4646899756403428	0.5830715322121905	0.5569397449168204	0.4750348747483358
296	-27.47329092460913	-12529.143716069013	2.746796166744043	1.8588922351979134	1.8925563602274744	1.4343491447163745	3.0472249244178005	0.45449403044426234	0.3664713008931213	0.4646899756403428	0.5830715322121905	0.5569397449168204	0.4750348747483358
297	-27.47329092460913	-12529.143716069013	2.746796166744043	1.8588922351979134	1.8925563602274744	1.4343491447163745	3.0472249244178005	0.45449403044426234	0.3664713008931213	0.4646899756403428	0.5830715322121905	0.5569397449168204	0.4750348747483358
298	-27.47329092460913	-12528.430738209365	2.746796166744043	1.8588922351979134	1.8925563602274744	1.4343491447163745	3.0472249244178005	0.45449403044426234	0.3664713008931213	0.4646899756403428	0.5830715322121905	0.5569397449168204	0.4750348747483358
299	-27.47329092460913	-12528.430738209365	2.746796166744043	1.8588922351979134	1.8925563602274744	1.4343491447163745	3.0472249244178005	0.45449403044426234	0.3664713008931213	0.4646899756403428	0.5830715322121905	0.5569397449168204	0.4750348747483358
300	-27.47329092460913	-12528.430738209365	2.746796166744043	1.8588922351979134	1.8925563602274744	1.4343491447163745	3.0472249244178005	0.45449403044426234	0.3664713008931213	0.4646899756403428	0.5830715322121905	0.5569397449168204	0.4750348747483358
301	-27.47329092460913	-12528.430738209365	2.746796166744043	1.8588922351979134	1.8925563602274744	1.4343491447163745	3.0472249244178005	0.45449403044426234	0.3664713008931213	0.4646899756403428	0.5830715322121905	0.5569397449168204	0.4750348747483358
302	-27.47329092460913	-12528.430738209365	2.746796166744043	1.8588922351979134	1.8925563602274744	1.4343491447163745	3.0472249244178005	0.45449403044426234	0.3664713008931213	0.4646899756403428	0.5830715322121905	0.5569397449168204	0.4750348747483358
303	-27.47329092460913	-12528.430738209365	2.746796166744043	1.8588922351979134	1.8925563602274744	1.4343491447163745	3.0472249244178005	0.45449403044426234	0.3664713008931213	0.4646899756403428	0.5830715322121905	0.5569397449168204	0.4750348747483358
304	-27.46841183070005	-12495.314528810053	2.746796166744043	1.8588922351979134	1.8925563602274744	1.4343491447163745	3.0472249244178005	0.45449403044426234	0.3664713008931213	0.4646899756403428	0.5830715322121905	0.5569397449168204	0.4750348747483358
305	-27.46841183070005	-12495.314528810053	2.746796166744043	1.8588922351979134	1.8925563602274744	1.4343491447163745	3.0472249244178005	0.45449403044426234	0.3664713008931213	0.4646899756403428	0.5830715322121905	0.5569397449168204	0.4750348747483358
306	-27.46841183070005	-12495.314528810053	2.746796166744043	1.8588922351979134	1.8925563602274744	1.4343491447163745	3.0472249244178005	0.45449403044426234	0.3664713008931213	0.4646899756403428	0.5830715322121905	0.5569397449168204	0.4750348747483358
307	-27.46841183070005	-12415.559932386266	2.746796166744043	1.8588922351979134	1.8925563602274744	1.4343491447163745	3.0472249244178005	0.45449403044426234	0.3664713008931213	0.4646899756403428	0.5830715322121905	0.5569397449168204	0.4750348747483358
308	-27.46841183070005	-12404.131642321829	2.746796166744043	1.8588922351979134	1.8925563602274744	1.4343491447163745	3.0472249244178005	0.45449403044426234	0.3664713008931213	0.4646899756403428	0.5830715322121905	0.5569397449168204	0.4750348747483358
309	-27.5455000060827	-12364.55267675386	2.746796166744043	1.8588922351979134	1.8925563602274744	1.4343491447163745	3.0472249244178005	0.45449403044426234	0.3664713008931213	0.4646899756403428	0.5830715322121905	0.5569397449168204	0.4750348747483358
310	-27.5455000060827	-12364.55267675386	2.746796166744043	1.8588922351979134	1.8925563602274744	1.4343491447163745	3.0472249244178005	0.45449403044426234	0.3664713008931213	0.4646899756403428	0.5830715322121905	0.5569397449168204	0.4750348747483358
311	-27.5455000060827	-12364.55267675386	2.746796166744043	1.8588922351979134	1.8925563602274744	1.4343491447163745	3.0472249244178005	0.45449403044426234	0.3664713008931213	0.4646899756403428	0.5830715322121905	0.5569397449168204	0.4750348747483358
312	-27.5455000060827	-12364.55267675386	2.746796166744043	1.8588922351979134	1.8925563602274744	1.4343491447163745	3.0472249244178005	0.45449403044426234	0.3664713008931213	0.4646899756403428	0.5830715322121905	0.5569397449168204	0.4750348747483358
313	-27.5455000060827	-12361.61847393292	2.746796166744043	1.8588922351979134	1.8925563602274744	1.4343491447163745	3.0472249244178005	0.45449403044426234	0.3664713008931213	0.4646899756403428	0.5830715322121905	0.5569397449168204	0.4750348747483358
314	-28.607963763941104	-12213.025905090619	2.746796166744043	1.8588922351979134	1.8925563602274744	1.4343491447163745	3.0472249244178005	0.45449403044426234	0.3664713008931213	0.4646899756403428	0.5830715322121905	0.5569397449168204	0.4750348747483358
315	-28.607963763941104	-12213.025905090619	2.746796166744043	1.8588922351979134	1.8925563602274744	1.4343491447163745	3.0472249244178005	0.45449403044426234	0.3664713008931213	0.4646899756403428	0.5830715322121905	0.5569397449168204	0.4750348747483358
316	-28.607963763941104	-12213.025905090619	2.746796166744043	1.8588922351979134	1.8925563602274744	1.4343491447163745	3.0472249244178005	0.45449403044426234	0.3664713008931213	0.4646899756403428	0.5830715322121905	0.5569397449168204	0.4750348747483358
317	-28.607963763941104	-12213.025905090619	2.746796166744043	1.8588922351979134	1.8925563602274744	1.4343491447163745	3.0472249244178005	0.45449403044426234	0.3664713008931213	0.4646899756403428	0.5830715322121905	0.5569397449168204	0.4750348747483358
318	-28.607963763941104	-12213.025905090619	2.746796166744043	1.8588922351979134	1.8925563602274744	1.4343491447163745	3.0472249244178005	0.45449403044426234	0.3664713008931213	0.4646899756403428	0.5830715322121905	0.5569397449168204	0.4750348747483358
319	-28.607963763941104	-12209.129429032782	2.746796166744043	1.8588922351979134	1.8925563602274744	1.4343491447163745	3.0472249244178005	0.45449403044426234	0.3664713008931213	0.4646899756403428	0.5830715322121905	0.5569397449168204	0.4750348747483358
320	-28.859843038314377	-12209.129429032782	2.746796166744043	1.8588922351979134	1.8925563602274744	1.4343491447163745	3.0472249244178005	0.45449403044426234	0.3664713008931213	0.4646899756403428	0.5830715322121905	0.5569397449168204	0.6119788873190263
321	-28.859843038314377	-12194.620297006677	2.746796166744043	1.8588922351979134	1.8925563602274744	1.4343491447163745	3.0472249244178005	0.45449403044426234	0.3664713008931213	0.4646899756403428	0.5830715322121905	0.5569397449168204	0.6119788873190263
322	-28.859843038314377	-12194.620297006677	2.746796166744043	1.8588922351979134	1.8925563602274744	1.4343491447163745	3.0472249244178005	0.45449403044426234	0.3664713008931213	0.4646899756403428	0.5830715322121905	0.5569397449168204	0.6119788873190263
323	-28.859843038314377	-12194.620297006677	2.746796166744043	1.8588922351979134	1.8925563602274744	1.4343491447163745	3.0472249244178005	0.45449403044426234	0.3664713008931213	0.4646899756403428	0.5830715322121905	0.5569397449168204	0.6119788873190263
324	-28.859843038314377	-12180.647827937943	2.746796166744043	1.8588922351979134	1.8925563602274744	1.4343491447163745	3.0472249244178005	0.45449403044426234	0.3664713008931213	0.4646899756403428	0.5830715322121905	0.5569397449168204	0.6119788873190263
325	-28.859843038314377	-12180.647827937943	2.746796166744043	1.8588922351979134	1.8925563602274744	1.4343491447163745	3.0472249244178005	0.45449403044426234	0.3664713008931213	0.4646899756403428	0.5830715322121905	0.5569397449168204	0.6119788873190263
326	-28.430080817383725	-12180.647827937943	2.746796166744043	1.8588922351979134	1.8925563602274744	1.4343491447163745	3.0472249244178005	0.40077484741127145	0.325543833728513	0.4164944652051177	0.5384264973918703	0.6845293778852944	0.6119788873190263
327	-28.430080817383725	-12180.647827937943	2.746796166744043	1.8588922351979134	1.8925563602274744	1.4343491447163745	3.0472249244178005	0.40077484741127145	0.325543833728513	0.4164944652051177	0.5384264973918703	0.6845293778852944	0.6119788873190263
328	-28.430080817383725	-12180.647827937943	2.746796166744043	1.8588922351979134	1.8925563602274744	1.4343491447163745	3.0472249244178005	0.40077484741127145	0.325543833728513	0.4164944652051177	0.5384264973918703	0.6845293778852944	0.6119788873190263
329	-28.430080817383725	-12181.509213717773	2.746796166744043	1.8588922351979134	1.8925563602274744	1.4343491447163745	3.0472249244178005	0.40077484741127145	0.325543833728513	0.4164944652051177	0.5384264973918703	0.6845293778852944	0.6119788873190263
330	-18.92063170541358	-12181.509213717773	3.458764828198369	2.358530687935496	2.123916147953158	1.0972063561095642	3.1013567541211593	0.40077484741127145	0.325543833728513	0.4164944652051177	0.5384264973918703	0.6845293778852944	0.6119788873190263
331	-18.92063170541358	-12180.647827937943	3.458764828198369	2.358530687935496	2.123916147953158	1.0972063561095642	3.1013567541211593	0.40077484741127145	0.325543833728513	0.4164944652051177	0.5384264973918703	0.6845293778852944	0.6119788873190263
332	-18.920003664828652	-12180.711960859202	3.458764828198369	2.358530687935496	2.123916147953158	1.0972063561095642	3.1013567541211593	0.40077484741127145	0.325543833728513	0.4164944652051177	0.5384264973918703	0.6845293778852944	0.6119788873190263
333	-18.920003664828652	-12180.711960859202	3.458764828198369	2.358530687935496	2.123916147953158	1.0972063561095642	3.1013567541211593	0.40077484741127145	0.325543833728513	0.4164944652051177	0.5384264973918703	0.6845293778852944	0.6119788873190263
334	-18.920003664828652	-12180.711960859202	3.458764828198369	2.358530687935496	2.123916147953158	1.0972063561095642	3.1013567541211593	0.40077484741127145	0.325543833728513	0.4164944652051177	0.5384264973918703	0.6845293778852944	0.6119788873190263
335	-18.920003664828652	-12180.711960859202	3.458764828198369	2.358530687935496	2.123916147953158	1.0972063561095642	3.1013567541211593	0.40077484741127145	0.325543833728513	0.4164944652051177	0.5384264973918703	0.6845293778852944	0.6119788873190263
336	-18.91266122512135	-12180.091427913336	3.458764828198369	2.358530687935496	2.123916147953158	1.0972063561095642	3.1013567541211593	0.40077484741127145	0.325543833728513	0.4164944652051177	0.5384264973918703	0.6845293778852944	0.6119788873190263
337	-18.912326276293523	-12179.326156110517	3.458764828198369	2.358530687935496	2.123916147953158	1.0972063561095642	3.1013567541211593	0.40077484741127145	0.325543833728513	0.4164944652051177	0.5384264973918703	0.6845293778852944	0.6119788873190263
338	-18.912326276293523	-12179.326156110517	3.458764828198369	2.358530687935496	2.123916147953158	1.0972063561095642	3.1013567541211593	0.40077484741127145	0.325543833728513	0.4164944652051177	0.5384264973918703	0.6845293778852944	0.6119788873190263
339	-17.72355408268305	-12165.254156247802	3.458764828198369	2.358530687935496	2.123916147953158	1.0972063561095642	3.1013567541211593	0.40077484741127145	0.325543833728513	0.4164944652051177	0.5384264973918703	0.6845293778852944	0.6119788873190263
340	-17.72355408268305	-12165.254156247802	3.458764828198369	2.358530687935496	2.123916147953158	1.0972063561095642	3.1013567541211593	0.40077484741127145	0.325543833728513	0.4164944652051177	0.5384264973918703	0.6845293778852944	0.6119788873190263
341	-17.61516874062356	-12164.516599003113	3.458764828198369	2.358530687935496	2.123916147953158	1.0972063561095642	3.1013567541211593	0.40077484741127145	0.325543833728513	0.4164944652051177	0.5384264973918703	0.6845293778852944	0.6119788873190263
342	-17.86991077444618	-12053.403051905689	3.458764828198369	2.358530687935496	2.123916147953158	1.0972063561095642	3.1013567541211593	0.40077484741127145	0.325543833728513	0.4164944652051177	0.5384264973918703	0.6845293778852944	0.6119788873190263
343	-17.86991077444618	-12053.403051905689	3.458764828198369	2.358530687935496	2.123916147953158	1.0972063561095642	3.1013567541211593	0.40077484741127145	0.325543833728513	0.4164944652051177	0.5384264973918703	0.6845293778852944	0.6119788873190263
344	-17.620842060815335	-12053.403051905689	3.458764828198369	2.358530687935496	2.123916147953158	1.0972063561095642	3.1013567541211593	0.40077484741127145	0.325543833728513	0.4164944652051177	0.5384264973918703	0.6845293778852944	0.5108738659591501
345	-17.620842060815335	-12053.403051905689	3.458764828198369	2.358530687935496	2.123916147953158	1.0972063561095642	3.1013567541211593	0.40077484741127145	0.325543833728513	0.4164944652051177	0.5384264973918703	0.6845293778852944	0.5108738659591501
346	-18.652923422255522	-11975.145948906811	3.458764828198369	2.358530687935496	2.123916147953158	1.0972063561095642	3.1013567541211593	0.40077484741127145	0.325543833728513	0.4164944652051177	0.5384264973918703	0.6845293778852944	0.5108738659591501
347	-18.684395338891928	-11966.977182525376	3.458764828198369	2.358530687935496	2.123916147953158	1.0972063561095642	3.1013567541211593	0.40077484741127145	0.325543833728513	0.4164944652051177	0.5384264973918703	0.6845293778852944	0.5108738659591501
348	-18.684395338891928	-11966.977182525376	3.458764828198369	2.358530687935496	2.123916147953158	1.0972063561095642	3.1013567541211593	0.40077484741127145	0.325543833728513	0.4164944652051177	0.5384264973918703	0.6845293778852944	0.5108738659591501
349	-18.684395338891928	-11966.977182525376	3.458764828198369	2.358530687935496	2.123916147953158	1.0972063561095642	3.1013567541211593	0.40077484741127145	0.325543833728513	0.4164944652051177	0.5384264973918703	0.6845293778852944	0.5108738659591501
350	-18.537342401482235	-11942.610967335359	3.458764828198369	2.358530687935496	2.123916147953158	1.0972063561095642	3.1013567541211593	0.40077484741127145	0.325543833728513	0.4164944652051177	0.5384264973918703	0.6845293778852944	0.5108738659591501
351	-18.537342401482235	-11942.610967335359	3.458764828198369	2.358530687935496	2.123916147953158	1.0972063561095642	3.1013567541211593	0.40077484741127145	0.325543833728513	0.4164944652051177	0.5384264973918703	0.6845293778852944	0.5108738659591501
352	-18.537342401482235	-11942.610967335359	3.458764828198369	2.358530687935496	2.123916147953158	1.0972063561095642	3.1013567541211593	0.40077484741127145	0.325543833728513	0.4164944652051177	0.5384264973918703	0.6845293778852944	0.5108738659591501
353	-18.537342401482235	-11942.610967335359	3.458764828198369	2.358530687935496	2.123916147953158	1.0972063561095642	3.1013567541211593	0.40077484741127145	0.325543833728513	0.4164944652051177	0.5384264973918703	0.6845293778852944	0.5108738659591501
354	-18.537342401482235	-11942.610967335359	3.458764828198369	2.358530687935496	2.123916147953158	1.0972063561095642	3.1013567541211593	0.40077484741127145	0.325543833728513	0.4164944652051177	0.5384264973918703	0.6845293778852944	0.5108738659591501
355	-17.24934595782451	-11913.922632516153	3.458764828198369	2.358530687935496	2.123916147953158	1.0972063561095642	3.1013567541211593	0.40077484741127145	0.325543833728513	0.4164944652051177	0.5384264973918703	0.6845293778852944	0.5108738659591501
356	-17.24934595782451	-11865.223311549016	3.458764828198369	2.358530687935496	2.123916147953158	1.0972063561095642	3.1013567541211593	0.40077484741127145	0.325543833728513	0.4164944652051177	0.5384264973918703	0.6845293778852944	0.5108738659591501
357	-17.24934595782451	-11865.223311549016	3.458764828198369	2.358530687935496	2.123916147953158	1.0972063561095642	3.1013567541211593	0.40077484741127145	0.325543833728513	0.4164944652051177	0.5384264973918703	0.6845293778852944	0.5108738659591501
358	-17.24934595782451	-11865.223311549016	3.458764828198369	2.358530687935496	2.123916147953158	1.0972063561095642	3.1013567541211593	0.40077484741127145	0.325543833728513	0.4164944652051177	0.5384264973918703	0.6845293778852944	0.5108738659591501
359	-17.24934595782451	-11860.769832702928	3.458764828198369	2.358530687935496	2.123916147953158	1.0972063561095642	3.1013567541211593	0.40077484741127145	0.325543833728513	0.4164944652051177	0.5384264973918703	0.6845293778852944	0.5108738659591501
360	-17.218564758332	-11857.524592601774	3.458764828198369	2.358530687935496	2.123916147953158	1.0972063561095642	3.1013567541211593	0.40077484741127145	0.325543833728513	0.4164944652051177	0.5384264973918703	0.6845293778852944	0.5108738659591501
361	-17.218564758332	-11857.524592601774	3.458764828198369	2.358530687935496	2.123916147953158	1.0972063561095642	3.1013567541211593	0.40077484741127145	0.325543833728513	0.4164944652051177	0.5384264973918703	0.6845293778852944	0.5108738659591501
362	-17.209505448594705	-11855.821049371385	3.458764828198369	2.358530687935496	2.123916147953158	1.0972063561095642	3.1013567541211593	0.40077484741127145	0.325543833728513	0.4164944652051177	0.5384264973918703	0.6845293778852944	0.5108738659591501
363	-17.209505448594705	-11855.821049371385	3.458764828198369	2.358530687935496	2.123916147953158	1.0972063561095642	3.1013567541211593	0.40077484741127145	0.325543833728513	0.4164944652051177	0.5384264973918703	0.6845293778852944	0.5108738659591501
364	-17.209505448594705	-11855.821049371385	3.458764828198369	2.358530687935496	2.123916147953158	1.0972063561095642	3.1013567541211593	0.40077484741127145	0.325543833728513	0.4164944652051177	0.5384264973918703	0.6845293778852944	0.5108738659591501
365	-17.209505448594705	-11855.821049371385	3.458764828198369	2.358530687935496	2.123916147953158	1.0972063561095642	3.1013567541211593	0.40077484741127145	0.325543833728513	0.4164944652051177	0.5384264973918703	0.6845293778852944	0.5108738659591501
366	-17.209505448594705	-11855.821049371385	3.458764828198369	2.358530687935496	2.123916147953158	1.0972063561095642	3.1013567541211593	0.40077484741127145	0.325543833728513	0.4164944652051177	0.5384264973918703	0.6845293778852944	0.5108738659591501
367	-17.209505448594705	-11855.821049371385	3.458764828198369	2.358530687935496	2.123916147953158	1.0972063561095642	3.1013567541211593	0.40077484741127145	0.325543833728513	0.4164944652051177	0.5384264973918703	0.6845293778852944	0.5108738659591501
368	-16.03649971802937	-11846.893161785818	3.458764828198369	2.358530687935496	2.123916147953158	1.0972063561095642	3.1013567541211593	0.40077484741127145	0.325543833728513	0.4164944652051177	0.5384264973918703	0.6845293778852944	0.5108738659591501
369	-15.368730731299664	-11835.519732376728	3.458764828198369	2.358530687935496	2.123916147953158	1.0972063561095642	3.1013567541211593	0.40077484741127145	0.325543833728513	0.4164944652051177	0.5384264973918703	0.6845293778852944	0.5108738659591501
370	-15.368730731299664	-11835.519732376728	3.458764828198369	2.358530687935496	2.123916147953158	1.0972063561095642	3.1013567541211593	0.40077484741127145	0.325543833728513	0.4164944652051177	0.5384264973918703	0.6845293778852944	0.5108738659591501
371	-15.368730731299664	-11835.519732376728	3.458764828198369	2.358530687935496	2.123916147953158	1.0972063561095642	3.1013567541211593	0.40077484741127145	0.325543833728513	0.4164944652051177	0.5384264973918703	0.6845293778852944	0.5108738659591501
372	-15.368730731299664	-11814.522948469941	3.458764828198369	2.358530687935496	2.123916147953158	1.0972063561095642	3.1013567541211593	0.40077484741127145	0.325543833728513	0.4164944652051177	0.5384264973918703	0.6845293778852944	0.5108738659591501
373	-15.368730731299664	-11814.522948469941	3.458764828198369	2.358530687935496	2.123916147953158	1.0972063561095642	3.1013567541211593	0.40077484741127145	0.325543833728513	0.4164944652051177	0.5384264973918703	0.6845293778852944	0.5108738659591501
374	-15.368730731299664	-11807.532981491475	3.458764828198369	2.358530687935496	2.123916147953158	1.0972063561095642	3.1013567541211593	0.40077484741127145	0.325543833728513	0.4164944652051177	0.5384264973918703	0.6845293778852944	0.5108738659591501
375	-15.35868188075787	-11806.754795803039	3.458764828198369	2.358530687935496	2.123916147953158	1.0972063561095642	3.1013567541211593	0.40077484741127145	0.325543833728513	0.4164944652051177	0.5384264973918703	0.6845293778852944	0.5108738659591501
376	-15.35868188075787	-11806.754795803039	3.458764828198369	2.358530687935496	2.123916147953158	1.0972063561095642	3.1013567541211593	0.40077484741127145	0.325543833728513	0.4164944652051177	0.5384264973918703	0.6845293778852944	0.5108738659591501
377	-15.118746036112878	-11732.876734828073	3.458764828198369	2.358530687935496	2.123916147953158	1.0972063561095642	3.1013567541211593	0.40077484741127145	0.325543833728513	0.4164944652051177	0.5384264973918703	0.6845293778852944	0.5108738659591501
378	-15.515795343618862	-11733.23377573559	3.458764828198369	2.358530687935496	2.123916147953158	1.0972063561095642	3.1013567541211593	0.40077484741127145	0.325543833728513	0.4164944652051177	0.5384264973918703	0.6845293778852944	0.5108738659591501
379	-15.515795343618862	-11733.23377573559	3.458764828198369	2.358530687935496	2.123916147953158	1.0972063561095642	3.1013567541211593	0.40077484741127145	0.325543833728513	0.4164944652051177	0.5384264973918703	0.6845293778852944	0.5108738659591501
380	-15.515795343618862	-11733.23377573559	3.458764828198369	2.358530687935496	2.123916147953158	1.0972063561095642	3.1013567541211593	0.40077484741127145	0.325543833728513	0.4164944652051177	0.5384264973918703	0.6845293778852944	0.5108738659591501
381	-15.485781747977583	-11733.23377573559	3.458764828198369	2.358530687935496	2.123916147953158	1.0972063561095642	3.1013567541211593	0.40077484741127145	0.325543833728513	0.4164944652051177	0.5384264973918703	0.6845293778852944	0.4985844601088942
382	-15.485781747977583	-11733.23377573559	3.458764828198369	2.358530687935496	2.123916147953158	1.0972063561095642	3.1013567541211593	0.40077484741127145	0.325543833728513	0.4164944652051177	0.5384264973918703	0.6845293778852944	0.4985844601088942
383	-15.485781747977583	-11733.23377573559	3.458764828198369	2.358530687935496	2.123916147953158	1.0972063561095642	3.1013567541211593	0.40077484741127145	0.325543833728513	0.4164944652051177	0.5384264973918703	0.6845293778852944	0.4985844601088942
384	-15.483237851516321	-11733.114644184376	3.458764828198369	2.358530687935496	2.123916147953158	1.0972063561095642	3.1013567541211593	0.40077484741127145	0.325543833728513	0.4164944652051177	0.5384264973918703	0.6845293778852944	0.4985844601088942
385	-15.485250818888588	-11733.326123869072	3.458764828198369	2.358530687935496	2.123916147953158	1.0972063561095642	3.1013567541211593	0.40077484741127145	0.325543833728513	0.4164944652051177	0.5384264973918703	0.6845293778852944	0.4985844601088942
386	-15.485250818888588	-11733.326123869072	3.458764828198369	2.358530687935496	2.123916147953158	1.0972063561095642	3.1013567541211593	0.40077484741127145	0.325543833728513	0.4164944652051177	0.5384264973918703	0.6845293778852944	0.4985844601088942
387	-15.47979077437104	-11735.084847220072	3.458764828198369	2.358530687935496	2.123916147953158	1.0972063561095642	3.1013567541211593	0.40077484741127145	0.325543833728513	0.4164944652051177	0.5384264973918703	0.6845293778852944	0.4985844601088942
388	-15.47979077437104	-11735.084847220072	3.458764828198369	2.358530687935496	2.123916147953158	1.0972063561095642	3.1013567541211593	0.40077484741127145	0.325543833728513	0.4164944652051177	0.5384264973918703	0.6845293778852944	0.4985844601088942
389	-15.47979077437104	-11735.084847220072	3.458764828198369	2.358530687935496	2.123916147953158	1.0972063561095642	3.1013567541211593	0.40077484741127145	0.325543833728513	0.4164944652051177	0.5384264973918703	0.6845293778852944	0.4985844601088942
390	-15.230138455854316	-11678.56377200176	3.458764828198369	2.358530687935496	2.123916147953158	1.0972063561095642	3.1013567541211593	0.40077484741127145	0.325543833728513	0.4164944652051177	0.5384264973918703	0.6845293778852944	0.4985844601088942
391	-15.230138455854316	-11678.56377200176	3.458764828198369	2.358530687935496	2.123916147953158	1.0972063561095642	3.1013567541211593	0.40077484741127145	0.325543833728513	0.4164944652051177	0.5384264973918703	0.6845293778852944	0.4985844601088942
392	-15.230138455854316	-11678.56377200176	3.458764828198369	2.358530687935496	2.123916147953158	1.0972063561095642	3.1013567541211593	0.40077484741127145	0.325543833728513	0.4164944652051177	0.5384264973918703	0.6845293778852944	0.4985844601088942
393	-15.230138455854316	-11678.56377200176	3.458764828198369	2.358530687935496	2.123916147953158	1.0972063561095642	3.1013567541211593	0.40077484741127145	0.325543833728513	0.4164944652051177	0.5384264973918703	0.6845293778852944	0.4985844601088942
394	-15.230138455854316	-11678.56377200176	3.458764828198369	2.358530687935496	2.123916147953158	1.0972063561095642	3.1013567541211593	0.40077484741127145	0.325543833728513	0.4164944652051177	0.5384264973918703	0.6845293778852944	0.4985844601088942
395	-15.28134031317768	-11665.990607750071	3.458764828198369	2.358530687935496	2.123916147953158	1.0972063561095642	3.1013567541211593	0.40077484741127145	0.325543833728513	0.4164944652051177	0.5384264973918703	0.6845293778852944	0.4985844601088942
396	-15.28134031317768	-11665.990607750071	3.458764828198369	2.358530687935496	2.123916147953158	1.0972063561095642	3.1013567541211593	0.40077484741127145	0.325543833728513	0.4164944652051177	0.5384264973918703	0.6845293778852944	0.4985844601088942
397	-15.28134031317768	-11664.436159231827	3.458764828198369	2.358530687935496	2.123916147953158	1.0972063561095642	3.1013567541211593	0.40077484741127145	0.325543833728513	0.4164944652051177	0.5384264973918703	0.6845293778852944	0.4985844601088942
398	-15.28134031317768	-11662.721347208008	3.458764828198369	2.358530687935496	2.123916147953158	1.0972063561095642	3.1013567541211593	0.40077484741127145	0.325543833728513	0.4164944652051177	0.5384264973918703	0.6845293778852944	0.4985844601088942
399	-15.28134031317768	-11661.223117845433	3.458764828198369	2.358530687935496	2.123916147953158	1.0972063561095642	3.1013567541211593	0.40077484741127145	0.325543833728513	0.4164944652051177	0.5384264973918703	0.6845293778852944	0.4985844601088942
400	-15.28134031317768	-11661.223117845433	3.458764828198369	2.358530687935496	2.123916147953158	1.0972063561095642	3.1013567541211593	0.40077484741127145	0.325543833728513	0.4164944652051177	0.5384264973918703	0.6845293778852944	0.4985844601088942
401	-15.647579614076168	-11605.88906960371	3.458764828198369	2.358530687935496	2.123916147953158	1.0972063561095642	3.1013567541211593	0.40077484741127145	0.325543833728513	0.4164944652051177	0.5384264973918703	0.6845293778852944	0.4985844601088942
402	-15.681617413750562	-11604.153092116036	3.458764828198369	2.358530687935496	2.123916147953158	1.0972063561095642	3.1013567541211593	0.40077484741127145	0.325543833728513	0.4164944652051177	0.5384264973918703	0.6845293778852944	0.4985844601088942
403	-15.681617413750562	-11604.153092116036	3.458764828198369	2.358530687935496	2.123916147953158	1.0972063561095642	3.1013567541211593	0.40077484741127145	0.325543833728513	0.4164944652051177	0.5384264973918703	0.6845293778852944	0.4985844601088942
404	-15.681617413750562	-11604.153092116036	3.458764828198369	2.358530687935496	2.123916147953158	1.0972063561095642	3.1013567541211593	0.40077484741127145	0.325543833728513	0.4164944652051177	0.5384264973918703	0.6845293778852944	0.4985844601088942
405	-15.681617413750562	-11601.115704874204	3.458764828198369	2.358530687935496	2.123916147953158	1.0972063561095642	3.1013567541211593	0.40077484741127145	0.325543833728513	0.4164944652051177	0.5384264973918703	0.6845293778852944	0.4985844601088942
406	-15.681617413750562	-11601.115704874204	3.458764828198369	2.358530687935496	2.123916147953158	1.0972063561095642	3.1013567541211593	0.40077484741127145	0.325543833728513	0.4164944652051177	0.5384264973918703	0.6845293778852944	0.4985844601088942
407	-15.681617413750562	-11601.115704874204	3.458764828198369	2.358530687935496	2.123916147953158	1.0972063561095642	3.1013567541211593	0.40077484741127145	0.325543833728513	0.4164944652051177	0.5384264973918703	0.6845293778852944	0.4985844601088942
408	-15.681617413750562	-11598.036555208017	3.458764828198369	2.358530687935496	2.123916147953158	1.0972063561095642	3.1013567541211593	0.40077484741127145	0.325543833728513	0.4164944652051177	0.5384264973918703	0.6845293778852944	0.4985844601088942
409	-15.55939079686035	-11595.950896060816	3.458764828198369	2.358530687935496	2.123916147953158	1.0972063561095642	3.1013567541211593	0.40077484741127145	0.325543833728513	0.4164944652051177	0.5384264973918703	0.6845293778852944	0.4985844601088942
410	-15.55939079686035	-11595.950896060816	3.458764828198369	2.358530687935496	2.123916147953158	1.0972063561095642	3.1013567541211593	0.40077484741127145	0.325543833728513	0.4164944652051177	0.5384264973918703	0.6845293778852944	0.4985844601088942
411	-15.55939079686035	-11595.950896060816	3.458764828198369	2.358530687935496	2.123916147953158	1.0972063561095642	3.1013567541211593	0.40077484741127145	0.325543833728513	0.4164944652051177	0.5384264973918703	0.6845293778852944	0.4985844601088942
412	-14.704925528909847	-11595.950896060816	3.458764828198369	2.358530687935496	2.123916147953158	1.0972063561095642	3.1013567541211593	0.3110210857711901	0.39060707505698744	0.3722558385443822	0.449136360108492	0.7884259219044057	0.4985844601088942
413	-14.704925528909847	-11595.950896060816	3.458764828198369	2.358530687935496	2.123916147953158	1.0972063561095642	3.1013567541211593	0.3110210857711901	0.39060707505698744	0.3722558385443822	0.449136360108492	0.7884259219044057	0.4985844601088942
414	-5.69905296303417	-11595.950896060816	4.3228661769799075	2.000511484509338	2.5095884751060455	0.8312536046222535	3.92760553919679	0.3110210857711901	0.39060707505698744	0.3722558385443822	0.449136360108492	0.7884259219044057	0.4985844601088942
415	-5.69905296303417	-11595.950896060816	4.3228661769799075	2.000511484509338	2.5095884751060455	0.8312536046222535	3.92760553919679	0.3110210857711901	0.39060707505698744	0.3722558385443822	0.449136360108492	0.7884259219044057	0.4985844601088942
416	-5.69905296303417	-11595.950896060816	4.3228661769799075	2.000511484509338	2.5095884751060455	0.8312536046222535	3.92760553919679	0.3110210857711901	0.39060707505698744	0.3722558385443822	0.449136360108492	0.7884259219044057	0.4985844601088942
417	-5.69905296303417	-11595.950896060816	4.3228661769799075	2.000511484509338	2.5095884751060455	0.8312536046222535	3.92760553919679	0.3110210857711901	0.39060707505698744	0.3722558385443822	0.449136360108492	0.7884259219044057	0.4985844601088942
418	-5.69905296303417	-11595.950896060816	4.3228661769799075	2.000511484509338	2.5095884751060455	0.8312536046222535	3.92760553919679	0.3110210857711901	0.39060707505698744	0.3722558385443822	0.449136360108492	0.7884259219044057	0.4985844601088942
419	-5.69905296303417	-11595.950896060816	4.3228661769799075	2.000511484509338	2.5095884751060455	0.8312536046222535	3.92760553919679	0.3110210857711901	0.39060707505698744	0.3722558385443822	0.449136360108492	0.7884259219044057	0.4985844601088942
420	-5.69905296303417	-11595.950896060816	4.3228661769799075	2.000511484509338	2.5095884751060455	0.8312536046222535	3.92760553919679	0.3110210857711901	0.39060707505698744	0.3722558385443822	0.449136360108492	0.7884259219044057	0.4985844601088942
421	-5.69905296303417	-11589.52774046067	4.3228661769799075	2.000511484509338	2.5095884751060455	0.8312536046222535	3.92760553919679	0.3110210857711901	0.39060707505698744	0.3722558385443822	0.449136360108492	0.7884259219044057	0.4985844601088942
422	-5.030096507612473	-11542.0173765098	4.3228661769799075	2.000511484509338	2.5095884751060455	0.8312536046222535	3.92760553919679	0.3110210857711901	0.39060707505698744	0.3722558385443822	0.449136360108492	0.7884259219044057	0.4985844601088942
423	-5.102741847866202	-11531.172261191175	4.3228661769799075	2.000511484509338	2.5095884751060455	0.8312536046222535	3.92760553919679	0.3110210857711901	0.39060707505698744	0.3722558385443822	0.449136360108492	0.7884259219044057	0.4985844601088942
424	-5.102741847866202	-11531.172261191175	4.3228661769799075	2.000511484509338	2.5095884751060455	0.8312536046222535	3.92760553919679	0.3110210857711901	0.39060707505698744	0.3722558385443822	0.449136360108492	0.7884259219044057	0.4985844601088942
425	-5.102741847866202	-11527.393958510724	4.3228661769799075	2.000511484509338	2.5095884751060455	0.8312536046222535	3.92760553919679	0.3110210857711901	0.39060707505698744	0.3722558385443822	0.449136360108492	0.7884259219044057	0.4985844601088942
426	-5.097898752607367	-11527.286366762226	4.3228661769799075	2.000511484509338	2.5095884751060455	0.8312536046222535	3.92760553919679	0.3110210857711901	0.39060707505698744	0.3722558385443822	0.449136360108492	0.7884259219044057	0.4985844601088942
427	-5.070970442145057	-11530.538090710528	4.3228661769799075	2.000511484509338	2.5095884751060455	0.8312536046222535	3.92760553919679	0.3110210857711901	0.39060707505698744	0.3722558385443822	0.449136360108492	0.7884259219044057	0.4985844601088942
428	-5.070970442145057	-11530.538090710528	4.3228661769799075	2.000511484509338	2.5095884751060455	0.8312536046222535	3.92760553919679	0.3110210857711901	0.39060707505698744	0.3722558385443822	0.449136360108492	0.7884259219044057	0.4985844601088942
429	-5.070970442145057	-11530.538090710528	4.3228661769799075	2.000511484509338	2.5095884751060455	0.8312536046222535	3.92760553919679	0.3110210857711901	0.39060707505698744	0.3722558385443822	0.449136360108492	0.7884259219044057	0.4985844601088942
430	-5.070970442145057	-11530.538090710528	4.3228661769799075	2.000511484509338	2.5095884751060455	0.8312536046222535	3.92760553919679	0.3110210857711901	0.39060707505698744	0.3722558385443822	0.449136360108492	0.7884259219044057	0.4985844601088942
431	-5.070970442145057	-11530.538090710528	4.3228661769799075	2.000511484509338	2.5095884751060455	0.8312536046222535	3.92760553919679	0.3110210857711901	0.39060707505698744	0.3722558385443822	0.449136360108492	0.7884259219044057	0.4985844601088942
432	-5.070970442145057	-11530.538090710528	4.3228661769799075	2.000511484509338	2.5095884751060455	0.8312536046222535	3.92760553919679	0.3110210857711901	0.39060707505698744	0.3722558385443822	0.449136360108492	0.7884259219044057	0.4985844601088942
433	-5.070970442145057	-11530.538090710528	4.3228661769799075	2.000511484509338	2.5095884751060455	0.8312536046222535	3.92760553919679	0.3110210857711901	0.39060707505698744	0.3722558385443822	0.449136360108492	0.7884259219044057	0.4985844601088942
434	-5.070970442145057	-11530.538090710528	4.3228661769799075	2.000511484509338	2.5095884751060455	0.8312536046222535	3.92760553919679	0.3110210857711901	0.39060707505698744	0.3722558385443822	0.449136360108492	0.7884259219044057	0.4985844601088942
435	-5.070970442145057	-11530.538090710528	4.3228661769799075	2.000511484509338	2.5095884751060455	0.8312536046222535	3.92760553919679	0.3110210857711901	0.39060707505698744	0.3722558385443822	0.449136360108492	0.7884259219044057	0.4985844601088942
436	-5.070970442145057	-11530.538090710528	4.3228661769799075	2.000511484509338	2.5095884751060455	0.8312536046222535	3.92760553919679	0.3110210857711901	0.39060707505698744	0.3722558385443822	0.449136360108492	0.7884259219044057	0.4985844601088942
437	-5.070970442145057	-11531.000638512238	4.3228661769799075	2.000511484509338	2.5095884751060455	0.8312536046222535	3.92760553919679	0.3110210857711901	0.39060707505698744	0.3722558385443822	0.449136360108492	0.7884259219044057	0.4985844601088942
438	-5.070970442145057	-11531.000638512238	4.3228661769799075	2.000511484509338	2.5095884751060455	0.8312536046222535	3.92760553919679	0.3110210857711901	0.39060707505698744	0.3722558385443822	0.449136360108492	0.7884259219044057	0.4985844601088942
439	-5.070970442145057	-11518.496892274337	4.3228661769799075	2.000511484509338	2.5095884751060455	0.8312536046222535	3.92760553919679	0.3110210857711901	0.39060707505698744	0.3722558385443822	0.449136360108492	0.7884259219044057	0.4985844601088942
440	-5.070970442145057	-11518.496892274337	4.3228661769799075	2.000511484509338	2.5095884751060455	0.8312536046222535	3.92760553919679	0.3110210857711901	0.39060707505698744	0.3722558385443822	0.449136360108492	0.7884259219044057	0.4985844601088942
441	-4.216442560151183	-11518.049246137598	4.3228661769799075	2.000511484509338	2.5095884751060455	0.8312536046222535	3.92760553919679	0.3110210857711901	0.39060707505698744	0.3722558385443822	0.449136360108492	0.7884259219044057	0.4985844601088942
442	-4.216442560151183	-11518.049246137598	4.3228661769799075	2.000511484509338	2.5095884751060455	0.8312536046222535	3.92760553919679	0.3110210857711901	0.39060707505698744	0.3722558385443822	0.449136360108492	0.7884259219044057	0.4985844601088942
443	-4.216442560151183	-11517.65760589931	4.3228661769799075	2.000511484509338	2.5095884751060455	0.8312536046222535	3.92760553919679	0.3110210857711901	0.39060707505698744	0.3722558385443822	0.449136360108492	0.7884259219044057	0.4985844601088942
444	-4.216442560151183	-11517.65760589931	4.3228661769799075	2.000511484509338	2.5095884751060455	0.8312536046222535	3.92760553919679	0.3110210857711901	0.39060707505698744	0.3722558385443822	0.449136360108492	0.7884259219044057	0.4985844601088942
445	-4.216442560151183	-11517.65760589931	4.3228661769799075	2.000511484509338	2.5095884751060455	0.8312536046222535	3.92760553919679	0.3110210857711901	0.39060707505698744	0.3722558385443822	0.449136360108492	0.7884259219044057	0.4985844601088942
446	-4.216442560151183	-11517.65760589931	4.3228661769799075	2.000511484509338	2.5095884751060455	0.8312536046222535	3.92760553919679	0.3110210857711901	0.39060707505698744	0.3722558385443822	0.449136360108492	0.7884259219044057	0.4985844601088942
447	-4.216442560151183	-11517.65760589931	4.3228661769799075	2.000511484509338	2.5095884751060455	0.8312536046222535	3.92760553919679	0.3110210857711901	0.39060707505698744	0.3722558385443822	0.449136360108492	0.7884259219044057	0.4985844601088942
448	-4.216442560151183	-11517.65760589931	4.3228661769799075	2.000511484509338	2.5095884751060455	0.8312536046222535	3.92760553919679	0.3110210857711901	0.39060707505698744	0.3722558385443822	0.449136360108492	0.7884259219044057	0.4985844601088942
449	-4.218304513896161	-11517.267860197968	4.3228661769799075	2.000511484509338	2.5095884751060455	0.8312536046222535	3.92760553919679	0.3110210857711901	0.39060707505698744	0.3722558385443822	0.449136360108492	0.7884259219044057	0.4985844601088942
450	-4.056518180237031	-11517.267860197968	4.3228661769799075	2.000511484509338	2.5095884751060455	0.8312536046222535	3.92760553919679	0.3110210857711901	0.39060707505698744	0.3722558385443822	0.449136360108492	0.7884259219044057	0.450298775620787
451	-4.056518180237031	-11517.267860197968	4.3228661769799075	2.000511484509338	2.5095884751060455	0.8312536046222535	3.92760553919679	0.3110210857711901	0.39060707505698744	0.3722558385443822	0.449136360108492	0.7884259219044057	0.450298775620787
452	-4.056518180237031	-11510.768049040345	4.3228661769799075	2.000511484509338	2.5095884751060455	0.8312536046222535	3.92760553919679	0.3110210857711901	0.39060707505698744	0.3722558385443822	0.449136360108492	0.7884259219044057	0.450298775620787
453	-4.056518180237031	-11510.768049040345	4.3228661769799075	2.000511484509338	2.5095884751060455	0.8312536046222535	3.92760553919679	0.3110210857711901	0.39060707505698744	0.3722558385443822	0.449136360108492	0.7884259219044057	0.450298775620787
454	-4.042607467295209	-11507.558864188173	4.3228661769799075	2.000511484509338	2.5095884751060455	0.8312536046222535	3.92760553919679	0.3110210857711901	0.39060707505698744	0.3722558385443822	0.449136360108492	0.7884259219044057	0.450298775620787
455	-4.042607467295209	-11507.558864188173	4.3228661769799075	2.000511484509338	2.5095884751060455	0.8312536046222535	3.92760553919679	0.3110210857711901	0.39060707505698744	0.3722558385443822	0.449136360108492	0.7884259219044057	0.450298775620787
456	-4.042607467295209	-11503.606244450006	4.3228661769799075	2.000511484509338	2.5095884751060455	0.8312536046222535	3.92760553919679	0.3110210857711901	0.39060707505698744	0.3722558385443822	0.449136360108492	0.7884259219044057	0.450298775620787
457	-4.041138920553916	-11503.58573248023	4.3228661769799075	2.000511484509338	2.5095884751060455	0.8312536046222535	3.92760553919679	0.3110210857711901	0.39060707505698744	0.3722558385443822	0.449136360108492	0.7884259219044057	0.450298775620787
458	-4.041138920553916	-11503.58573248023	4.3228661769799075	2.000511484509338	2.5095884751060455	0.8312536046222535	3.92760553919679	0.3110210857711901	0.39060707505698744	0.3722558385443822	0.449136360108492	0.7884259219044057	0.450298775620787
459	-4.041138920553916	-11503.58573248023	4.3228661769799075	2.000511484509338	2.5095884751060455	0.8312536046222535	3.92760553919679	0.3110210857711901	0.39060707505698744	0.3722558385443822	0.449136360108492	0.7884259219044057	0.450298775620787
460	-4.038002008130473	-11503.782938380797	4.3228661769799075	2.000511484509338	2.5095884751060455	0.8312536046222535	3.92760553919679	0.3110210857711901	0.39060707505698744	0.3722558385443822	0.449136360108492	0.7884259219044057	0.450298775620787
461	-4.038002008130473	-11503.782938380797	4.3228661769799075	2.000511484509338	2.5095884751060455	0.8312536046222535	3.92760553919679	0.3110210857711901	0.39060707505698744	0.3722558385443822	0.449136360108492	0.7884259219044057	0.450298775620787
462	-4.038002008130473	-11503.782938380797	4.3228661769799075	2.000511484509338	2.5095884751060455	0.8312536046222535	3.92760553919679	0.3110210857711901	0.39060707505698744	0.3722558385443822	0.449136360108492	0.7884259219044057	0.450298775620787
463	-4.038002008130473	-11503.782938380797	4.3228661769799075	2.000511484509338	2.5095884751060455	0.8312536046222535	3.92760553919679	0.3110210857711901	0.39060707505698744	0.3722558385443822	0.449136360108492	0.7884259219044057	0.450298775620787
464	-4.038002008130473	-11503.782938380797	4.3228661769799075	2.000511484509338	2.5095884751060455	0.8312536046222535	3.92760553919679	0.3110210857711901	0.39060707505698744	0.3722558385443822	0.449136360108492	0.7884259219044057	0.450298775620787
465	-4.038002008130473	-11503.782938380797	4.3228661769799075	2.000511484509338	2.5095884751060455	0.8312536046222535	3.92760553919679	0.3110210857711901	0.39060707505698744	0.3722558385443822	0.449136360108492	0.7884259219044057	0.450298775620787
466	-4.268102767409754	-11476.070735968038	4.3228661769799075	2.000511484509338	2.5095884751060455	0.8312536046222535	3.92760553919679	0.3110210857711901	0.39060707505698744	0.3722558385443822	0.449136360108492	0.7884259219044057	0.450298775620787
467	-4.268102767409754	-11476.070735968038	4.3228661769799075	2.000511484509338	2.5095884751060455	0.8312536046222535	3.92760553919679	0.3110210857711901	0.39060707505698744	0.3722558385443822	0.449136360108492	0.7884259219044057	0.450298775620787
468	-4.268102767409754	-11476.070735968038	4.3228661769799075	2.000511484509338	2.5095884751060455	0.8312536046222535	3.92760553919679	0.3110210857711901	0.39060707505698744	0.3722558385443822	0.449136360108492	0.7884259219044057	0.450298775620787
469	-4.248788644324332	-11475.807746649234	4.3228661769799075	2.000511484509338	2.5095884751060455	0.8312536046222535	3.92760553919679	0.3110210857711901	0.39060707505698744	0.3722558385443822	0.449136360108492	0.7884259219044057	0.450298775620787
470	-4.248788644324332	-11475.807746649234	4.3228661769799075	2.000511484509338	2.5095884751060455	0.8312536046222535	3.92760553919679	0.3110210857711901	0.39060707505698744	0.3722558385443822	0.449136360108492	0.7884259219044057	0.450298775620787
471	-4.248788644324332	-11475.10927844303	4.3228661769799075	2.000511484509338	2.5095884751060455	0.8312536046222535	3.92760553919679	0.3110210857711901	0.39060707505698744	0.3722558385443822	0.449136360108492	0.7884259219044057	0.450298775620787
472	-4.248788644324332	-11475.10927844303	4.3228661769799075	2.000511484509338	2.5095884751060455	0.8312536046222535	3.92760553919679	0.3110210857711901	0.39060707505698744	0.3722558385443822	0.449136360108492	0.7884259219044057	0.450298775620787
473	-4.248788644324332	-11475.140703150519	4.3228661769799075	2.000511484509338	2.5095884751060455	0.8312536046222535	3.92760553919679	0.3110210857711901	0.39060707505698744	0.3722558385443822	0.449136360108492	0.7884259219044057	0.450298775620787
474	-5.123461849200328	-11475.140703150519	4.3228661769799075	2.000511484509338	2.5095884751060455	0.8312536046222535	3.92760553919679	0.404928824223198	0.3810460415274995	0.35909689933487726	0.3863010727110518	0.7210352272404738	0.450298775620787
475	-5.123461849200328	-11475.140703150519	4.3228661769799075	2.000511484509338	2.5095884751060455	0.8312536046222535	3.92760553919679	0.404928824223198	0.3810460415274995	0.35909689933487726	0.3863010727110518	0.7210352272404738	0.450298775620787
476	-5.123461849200328	-11475.140703150519	4.3228661769799075	2.000511484509338	2.5095884751060455	0.8312536046222535	3.92760553919679	0.404928824223198	0.3810460415274995	0.35909689933487726	0.3863010727110518	0.7210352272404738	0.450298775620787
477	-5.123461849200328	-11475.140703150519	4.3228661769799075	2.000511484509338	2.5095884751060455	0.8312536046222535	3.92760553919679	0.404928824223198	0.3810460415274995	0.35909689933487726	0.3863010727110518	0.7210352272404738	0.450298775620787
478	-5.123461849200328	-11475.140703150519	4.3228661769799075	2.000511484509338	2.5095884751060455	0.8312536046222535	3.92760553919679	0.404928824223198	0.3810460415274995	0.35909689933487726	0.3863010727110518	0.7210352272404738	0.450298775620787
479	-5.123461849200328	-11475.140703150519	4.3228661769799075	2.000511484509338	2.5095884751060455	0.8312536046222535	3.92760553919679	0.404928824223198	0.3810460415274995	0.35909689933487726	0.3863010727110518	0.7210352272404738	0.450298775620787
480	-5.123461849200328	-11475.140703150519	4.3228661769799075	2.000511484509338	2.5095884751060455	0.8312536046222535	3.92760553919679	0.404928824223198	0.3810460415274995	0.35909689933487726	0.3863010727110518	0.7210352272404738	0.450298775620787
481	-4.214223029531701	-11474.773592882188	4.3228661769799075	2.000511484509338	2.5095884751060455	0.8312536046222535	3.92760553919679	0.404928824223198	0.3810460415274995	0.35909689933487726	0.3863010727110518	0.7210352272404738	0.450298775620787
482	-4.214223029531701	-11474.773592882188	4.3228661769799075	2.000511484509338	2.5095884751060455	0.8312536046222535	3.92760553919679	0.404928824223198	0.3810460415274995	0.35909689933487726	0.3863010727110518	0.7210352272404738	0.450298775620787
483	-4.214223029531701	-11474.773592882188	4.3228661769799075	2.000511484509338	2.5095884751060455	0.8312536046222535	3.92760553919679	0.404928824223198	0.3810460415274995	0.35909689933487726	0.3863010727110518	0.7210352272404738	0.450298775620787
484	-4.214223029531701	-11474.773592882188	4.3228661769799075	2.000511484509338	2.5095884751060455	0.8312536046222535	3.92760553919679	0.404928824223198	0.3810460415274995	0.35909689933487726	0.3863010727110518	0.7210352272404738	0.450298775620787
485	-4.214223029531701	-11474.773592882188	4.3228661769799075	2.000511484509338	2.5095884751060455	0.8312536046222535	3.92760553919679	0.404928824223198	0.3810460415274995	0.35909689933487726	0.3863010727110518	0.7210352272404738	0.450298775620787
486	-4.46359015232759	-11474.773592882188	4.3228661769799075	2.000511484509338	2.5095884751060455	0.8312536046222535	3.92760553919679	0.404928824223198	0.3810460415274995	0.35909689933487726	0.3863010727110518	0.7210352272404738	0.5328838199761528
487	-4.5674059435798915	-11457.737711859998	4.3228661769799075	2.000511484509338	2.5095884751060455	0.8312536046222535	3.92760553919679	0.404928824223198	0.3810460415274995	0.35909689933487726	0.3863010727110518	0.7210352272404738	0.5328838199761528
488	-4.5674059435798915	-11457.737711859998	4.3228661769799075	2.000511484509338	2.5095884751060455	0.8312536046222535	3.92760553919679	0.404928824223198	0.3810460415274995	0.35909689933487726	0.3863010727110518	0.7210352272404738	0.5328838199761528
489	-4.5674059435798915	-11457.737711859998	4.3228661769799075	2.000511484509338	2.5095884751060455	0.8312536046222535	3.92760553919679	0.404928824223198	0.3810460415274995	0.35909689933487726	0.3863010727110518	0.7210352272404738	0.5328838199761528
490	-4.5674059435798915	-11457.737711859998	4.3228661769799075	2.000511484509338	2.5095884751060455	0.8312536046222535	3.92760553919679	0.404928824223198	0.3810460415274995	0.35909689933487726	0.3863010727110518	0.7210352272404738	0.5328838199761528
491	-4.565223556669728	-11457.29358573683	4.3228661769799075	2.000511484509338	2.5095884751060455	0.8312536046222535	3.92760553919679	0.404928824223198	0.3810460415274995	0.35909689933487726	0.3863010727110518	0.7210352272404738	0.5328838199761528
492	-4.3731957582601995	-11457.29358573683	4.3228661769799075	2.000511484509338	2.5095884751060455	0.8312536046222535	3.92760553919679	0.3813369426349838	0.4007430174554484	0.3029052621443819	0.39949010055382944	0.7793394835172198	0.5328838199761528
493	-4.3731957582601995	-11457.29358573683	4.3228661769799075	2.000511484509338	2.5095884751060455	0.8312536046222535	3.92760553919679	0.3813369426349838	0.4007430174554484	0.3029052621443819	0.39949010055382944	0.7793394835172198	0.5328838199761528
494	-4.3731957582601995	-11457.29358573683	4.3228661769799075	2.000511484509338	2.5095884751060455	0.8312536046222535	3.92760553919679	0.3813369426349838	0.4007430174554484	0.3029052621443819	0.39949010055382944	0.7793394835172198	0.5328838199761528
495	-4.3731957582601995	-11442.082264422714	4.3228661769799075	2.000511484509338	2.5095884751060455	0.8312536046222535	3.92760553919679	0.3813369426349838	0.4007430174554484	0.3029052621443819	0.39949010055382944	0.7793394835172198	0.5328838199761528
496	-4.3731957582601995	-11385.733198176351	4.3228661769799075	2.000511484509338	2.5095884751060455	0.8312536046222535	3.92760553919679	0.3813369426349838	0.4007430174554484	0.3029052621443819	0.39949010055382944	0.7793394835172198	0.5328838199761528
497	-4.3731957582601995	-11385.733198176351	4.3228661769799075	2.000511484509338	2.5095884751060455	0.8312536046222535	3.92760553919679	0.3813369426349838	0.4007430174554484	0.3029052621443819	0.39949010055382944	0.7793394835172198	0.5328838199761528
498	-4.3731957582601995	-11385.733198176351	4.3228661769799075	2.000511484509338	2.5095884751060455	0.8312536046222535	3.92760553919679	0.3813369426349838	0.4007430174554484	0.3029052621443819	0.39949010055382944	0.7793394835172198	0.5328838199761528
499	-4.3731957582601995	-11385.733198176351	4.3228661769799075	2.000511484509338	2.5095884751060455	0.8312536046222535	3.92760553919679	0.3813369426349838	0.4007430174554484	0.3029052621443819	0.39949010055382944	0.7793394835172198	0.5328838199761528
500	-4.3731957582601995	-11385.733198176351	4.3228661769799075	2.000511484509338	2.5095884751060455	0.8312536046222535	3.92760553919679	0.3813369426349838	0.4007430174554484	0.3029052621443819	0.39949010055382944	0.7793394835172198	0.5328838199761528
501	-4.3731957582601995	-11385.733198176351	4.3228661769799075	2.000511484509338	2.5095884751060455	0.8312536046222535	3.92760553919679	0.3813369426349838	0.4007430174554484	0.3029052621443819	0.39949010055382944	0.7793394835172198	0.5328838199761528
502	-3.8819154825612534	-11385.733198176351	4.3228661769799075	2.000511484509338	2.5095884751060455	0.8312536046222535	3.92760553919679	0.33468550645126066	0.3929029552274079	0.28486355397095	0.31410380459279147	0.8265838301838243	0.5328838199761528
503	-3.8819154825612534	-11385.916867123236	4.3228661769799075	2.000511484509338	2.5095884751060455	0.8312536046222535	3.92760553919679	0.33468550645126066	0.3929029552274079	0.28486355397095	0.31410380459279147	0.8265838301838243	0.5328838199761528
504	-3.7649406938257206	-11371.29472708496	4.3228661769799075	2.000511484509338	2.5095884751060455	0.8312536046222535	3.92760553919679	0.33468550645126066	0.3929029552274079	0.28486355397095	0.31410380459279147	0.8265838301838243	0.5328838199761528
505	-3.7649406938257206	-11367.419406440451	4.3228661769799075	2.000511484509338	2.5095884751060455	0.8312536046222535	3.92760553919679	0.33468550645126066	0.3929029552274079	0.28486355397095	0.31410380459279147	0.8265838301838243	0.5328838199761528
506	-3.7649406938257206	-11367.54021616558	4.3228661769799075	2.000511484509338	2.5095884751060455	0.8312536046222535	3.92760553919679	0.33468550645126066	0.3929029552274079	0.28486355397095	0.31410380459279147	0.8265838301838243	0.5328838199761528
507	-3.7649406938257206	-11367.54021616558	4.3228661769799075	2.000511484509338	2.5095884751060455	0.8312536046222535	3.92760553919679	0.33468550645126066	0.3929029552274079	0.28486355397095	0.31410380459279147	0.8265838301838243	0.5328838199761528
508	-3.7649406938257206	-11367.54021616558	4.3228661769799075	2.000511484509338	2.5095884751060455	0.8312536046222535	3.92760553919679	0.33468550645126066	0.3929029552274079	0.28486355397095	0.31410380459279147	0.8265838301838243	0.5328838199761528
509	-3.7649406938257206	-11367.54021616558	4.3228661769799075	2.000511484509338	2.5095884751060455	0.8312536046222535	3.92760553919679	0.33468550645126066	0.3929029552274079	0.28486355397095	0.31410380459279147	0.8265838301838243	0.5328838199761528
510	-3.661352273741161	-11367.54021616558	4.3228661769799075	2.000511484509338	2.5095884751060455	0.8312536046222535	3.92760553919679	0.33468550645126066	0.3929029552274079	0.28486355397095	0.31410380459279147	0.8265838301838243	0.5012569258069889
511	-3.661352273741161	-11367.54021616558	4.3228661769799075	2.000511484509338	2.5095884751060455	0.8312536046222535	3.92760553919679	0.33468550645126066	0.3929029552274079	0.28486355397095	0.31410380459279147	0.8265838301838243	0.5012569258069889
512	-2.7367308349968043	-11366.272766904125	4.3228661769799075	2.000511484509338	2.5095884751060455	0.8312536046222535	3.92760553919679	0.33468550645126066	0.3929029552274079	0.28486355397095	0.31410380459279147	0.8265838301838243	0.5012569258069889
513	-2.7367308349968043	-11366.272766904125	4.3228661769799075	2.000511484509338	2.5095884751060455	0.8312536046222535	3.92760553919679	0.33468550645126066	0.3929029552274079	0.28486355397095	0.31410380459279147	0.8265838301838243	0.5012569258069889
514	-2.7367308349968043	-11366.272766904125	4.3228661769799075	2.000511484509338	2.5095884751060455	0.8312536046222535	3.92760553919679	0.33468550645126066	0.3929029552274079	0.28486355397095	0.31410380459279147	0.8265838301838243	0.5012569258069889
515	-2.7367308349968043	-11366.272766904125	4.3228661769799075	2.000511484509338	2.5095884751060455	0.8312536046222535	3.92760553919679	0.33468550645126066	0.3929029552274079	0.28486355397095	0.31410380459279147	0.8265838301838243	0.5012569258069889
516	-2.9558064206600645	-11366.175246701929	4.3228661769799075	2.000511484509338	2.5095884751060455	0.8312536046222535	3.92760553919679	0.33468550645126066	0.3929029552274079	0.28486355397095	0.31410380459279147	0.8265838301838243	0.5012569258069889
517	-2.9558064206600645	-11366.175246701929	4.3228661769799075	2.000511484509338	2.5095884751060455	0.8312536046222535	3.92760553919679	0.33468550645126066	0.3929029552274079	0.28486355397095	0.31410380459279147	0.8265838301838243	0.5012569258069889
518	-2.9558064206600645	-11366.175246701929	4.3228661769799075	2.000511484509338	2.5095884751060455	0.8312536046222535	3.92760553919679	0.33468550645126066	0.3929029552274079	0.28486355397095	0.31410380459279147	0.8265838301838243	0.5012569258069889
519	-2.9558064206600645	-11366.12606794716	4.3228661769799075	2.000511484509338	2.5095884751060455	0.8312536046222535	3.92760553919679	0.33468550645126066	0.3929029552274079	0.28486355397095	0.31410380459279147	0.8265838301838243	0.5012569258069889
520	-2.9558064206600645	-11366.12606794716	4.3228661769799075	2.000511484509338	2.5095884751060455	0.8312536046222535	3.92760553919679	0.33468550645126066	0.3929029552274079	0.28486355397095	0.31410380459279147	0.8265838301838243	0.5012569258069889
521	-2.9558064206600645	-11366.12606794716	4.3228661769799075	2.000511484509338	2.5095884751060455	0.8312536046222535	3.92760553919679	0.33468550645126066	0.3929029552274079	0.28486355397095	0.31410380459279147	0.8265838301838243	0.5012569258069889
522	-2.923697891644377	-11368.15672223811	4.3228661769799075	2.000511484509338	2.5095884751060455	0.8312536046222535	3.92760553919679	0.33468550645126066	0.3929029552274079	0.28486355397095	0.31410380459279147	0.8265838301838243	0.5012569258069889
523	-2.923697891644377	-11368.15672223811	4.3228661769799075	2.000511484509338	2.5095884751060455	0.8312536046222535	3.92760553919679	0.33468550645126066	0.3929029552274079	0.28486355397095	0.31410380459279147	0.8265838301838243	0.5012569258069889
524	-1.0723447768871424	-11336.673119000725	4.3228661769799075	2.000511484509338	2.5095884751060455	0.8312536046222535	3.92760553919679	0.33468550645126066	0.3929029552274079	0.28486355397095	0.31410380459279147	0.8265838301838243	0.5012569258069889
525	-1.0723447768871424	-11336.673119000725	4.3228661769799075	2.000511484509338	2.5095884751060455	0.8312536046222535	3.92760553919679	0.33468550645126066	0.3929029552274079	0.28486355397095	0.31410380459279147	0.8265838301838243	0.5012569258069889
526	-1.0723447768871424	-11333.2541716537	4.3228661769799075	2.000511484509338	2.5095884751060455	0.8312536046222535	3.92760553919679	0.33468550645126066	0.3929029552274079	0.28486355397095	0.31410380459279147	0.8265838301838243	0.5012569258069889
527	-1.0723447768871424	-11333.2541716537	4.3228661769799075	2.000511484509338	2.5095884751060455	0.8312536046222535	3.92760553919679	0.33468550645126066	0.3929029552274079	0.28486355397095	0.31410380459279147	0.8265838301838243	0.5012569258069889
528	-1.0723447768871424	-11333.2541716537	4.3228661769799075	2.000511484509338	2.5095884751060455	0.8312536046222535	3.92760553919679	0.33468550645126066	0.3929029552274079	0.28486355397095	0.31410380459279147	0.8265838301838243	0.5012569258069889
529	-1.0691215262543992	-11333.855345197942	4.3228661769799075	2.000511484509338	2.5095884751060455	0.8312536046222535	3.92760553919679	0.33468550645126066	0.3929029552274079	0.28486355397095	0.31410380459279147	0.8265838301838243	0.5012569258069889
530	-1.0691215262543992	-11333.855345197942	4.3228661769799075	2.000511484509338	2.5095884751060455	0.8312536046222535	3.92760553919679	0.33468550645126066	0.3929029552274079	0.28486355397095	0.31410380459279147	0.8265838301838243	0.5012569258069889
531	-1.0691215262543992	-11333.855345197942	4.3228661769799075	2.000511484509338	2.5095884751060455	0.8312536046222535	3.92760553919679	0.33468550645126066	0.3929029552274079	0.28486355397095	0.31410380459279147	0.8265838301838243	0.5012569258069889
532	-1.0691215262543992	-11333.855345197942	4.3228661769799075	2.000511484509338	2.5095884751060455	0.8312536046222535	3.92760553919679	0.33468550645126066	0.3929029552274079	0.28486355397095	0.31410380459279147	0.8265838301838243	0.5012569258069889
533	-1.0691215262543992	-11333.53129071112	4.3228661769799075	2.000511484509338	2.5095884751060455	0.8312536046222535	3.92760553919679	0.33468550645126066	0.3929029552274079	0.28486355397095	0.31410380459279147	0.8265838301838243	0.5012569258069889
534	-1.0691215262543992	-11333.53129071112	4.3228661769799075	2.000511484509338	2.5095884751060455	0.8312536046222535	3.92760553919679	0.33468550645126066	0.3929029552274079	0.28486355397095	0.31410380459279147	0.8265838301838243	0.5012569258069889
535	-1.0691215262543992	-11333.53129071112	4.3228661769799075	2.000511484509338	2.5095884751060455	0.8312536046222535	3.92760553919679	0.33468550645126066	0.3929029552274079	0.28486355397095	0.31410380459279147	0.8265838301838243	0.5012569258069889
536	-1.0691215262543992	-11330.995225040533	4.3228661769799075	2.000511484509338	2.5095884751060455	0.8312536046222535	3.92760553919679	0.33468550645126066	0.3929029552274079	0.28486355397095	0.31410380459279147	0.8265838301838243	0.5012569258069889
537	-1.0691215262543992	-11330.995225040533	4.3228661769799075	2.000511484509338	2.5095884751060455	0.8312536046222535	3.92760553919679	0.33468550645126066	0.3929029552274079	0.28486355397095	0.31410380459279147	0.8265838301838243	0.5012569258069889
538	-1.0691215262543992	-11330.995225040533	4.3228661769799075	2.000511484509338	2.5095884751060455	0.8312536046222535	3.92760553919679	0.33468550645126066	0.3929029552274079	0.28486355397095	0.31410380459279147	0.8265838301838243	0.5012569258069889
539	-0.4888553652081935	-11322.127806244453	4.3228661769799075	2.000511484509338	2.5095884751060455	0.8312536046222535	3.92760553919679	0.33468550645126066	0.3929029552274079	0.28486355397095	0.31410380459279147	0.8265838301838243	0.5012569258069889
540	-0.16792697467335427	-11322.127806244453	4.3228661769799075	2.000511484509338	2.5095884751060455	0.8312536046222535	3.92760553919679	0.33468550645126066	0.3929029552274079	0.28486355397095	0.31410380459279147	0.8265838301838243	0.4027265672092176
541	-0.16792697467335427	-11322.127806244453	4.3228661769799075	2.000511484509338	2.5095884751060455	0.8312536046222535	3.92760553919679	0.33468550645126066	0.3929029552274079	0.28486355397095	0.31410380459279147	0.8265838301838243	0.4027265672092176
542	-0.16792697467335427	-11322.127806244453	4.3228661769799075	2.000511484509338	2.5095884751060455	0.8312536046222535	3.92760553919679	0.33468550645126066	0.3929029552274079	0.28486355397095	0.31410380459279147	0.8265838301838243	0.4027265672092176
543	-0.16792697467335427	-11322.127806244453	4.3228661769799075	2.000511484509338	2.5095884751060455	0.8312536046222535	3.92760553919679	0.33468550645126066	0.3929029552274079	0.28486355397095	0.31410380459279147	0.8265838301838243	0.4027265672092176
544	-0.16792697467335427	-11322.127806244453	4.3228661769799075	2.000511484509338	2.5095884751060455	0.8312536046222535	3.92760553919679	0.33468550645126066	0.3929029552274079	0.28486355397095	0.31410380459279147	0.8265838301838243	0.4027265672092176
545	-0.16792697467335427	-11322.127806244453	4.3228661769799075	2.000511484509338	2.5095884751060455	0.8312536046222535	3.92760553919679	0.33468550645126066	0.3929029552274079	0.28486355397095	0.31410380459279147	0.8265838301838243	0.4027265672092176
546	-0.16792697467335427	-11322.127806244453	4.3228661769799075	2.000511484509338	2.5095884751060455	0.8312536046222535	3.92760553919679	0.33468550645126066	0.3929029552274079	0.28486355397095	0.31410380459279147	0.8265838301838243	0.4027265672092176
547	-0.16792697467335427	-11322.127806244453	4.3228661769799075	2.000511484509338	2.5095884751060455	0.8312536046222535	3.92760553919679	0.33468550645126066	0.3929029552274079	0.28486355397095	0.31410380459279147	0.8265838301838243	0.4027265672092176
548	-0.14061461398097674	-11319.066802282952	4.3228661769799075	2.000511484509338	2.5095884751060455	0.8312536046222535	3.92760553919679	0.33468550645126066	0.3929029552274079	0.28486355397095	0.31410380459279147	0.8265838301838243	0.4027265672092176
549	-0.14061461398097674	-11311.943658609318	4.3228661769799075	2.000511484509338	2.5095884751060455	0.8312536046222535	3.92760553919679	0.33468550645126066	0.3929029552274079	0.28486355397095	0.31410380459279147	0.8265838301838243	0.4027265672092176
550	-0.14061461398097674	-11311.943658609318	4.3228661769799075	2.000511484509338	2.5095884751060455	0.8312536046222535	3.92760553919679	0.33468550645126066	0.3929029552274079	0.28486355397095	0.31410380459279147	0.8265838301838243	0.4027265672092176
551	-0.19769093808932792	-11303.901939838308	4.3228661769799075	2.000511484509338	2.5095884751060455	0.8312536046222535	3.92760553919679	0.33468550645126066	0.3929029552274079	0.28486355397095	0.31410380459279147	0.8265838301838243	0.4027265672092176
552	-0.19769093808932792	-11301.75297038897	4.3228661769799075	2.000511484509338	2.5095884751060455	0.8312536046222535	3.92760553919679	0.33468550645126066	0.3929029552274079	0.28486355397095	0.31410380459279147	0.8265838301838243	0.4027265672092176
553	-0.19769093808932792	-11301.75297038897	4.3228661769799075	2.000511484509338	2.5095884751060455	0.8312536046222535	3.92760553919679	0.33468550645126066	0.3929029552274079	0.28486355397095	0.31410380459279147	0.8265838301838243	0.4027265672092176
554	-0.19769093808932792	-11301.75297038897	4.3228661769799075	2.000511484509338	2.5095884751060455	0.8312536046222535	3.92760553919679	0.33468550645126066	0.3929029552274079	0.28486355397095	0.31410380459279147	0.8265838301838243	0.4027265672092176
555	-0.19769093808932792	-11301.490894361516	4.3228661769799075	2.000511484509338	2.5095884751060455	0.8312536046222535	3.92760553919679	0.33468550645126066	0.3929029552274079	0.28486355397095	0.31410380459279147	0.8265838301838243	0.4027265672092176
556	-0.19769093808932792	-11301.490894361516	4.3228661769799075	2.000511484509338	2.5095884751060455	0.8312536046222535	3.92760553919679	0.33468550645126066	0.3929029552274079	0.28486355397095	0.31410380459279147	0.8265838301838243	0.4027265672092176
557	-0.19769093808932792	-11296.929968594855	4.3228661769799075	2.000511484509338	2.5095884751060455	0.8312536046222535	3.92760553919679	0.33468550645126066	0.3929029552274079	0.28486355397095	0.31410380459279147	0.8265838301838243	0.4027265672092176
558	-0.19769093808932792	-11296.929968594855	4.3228661769799075	2.000511484509338	2.5095884751060455	0.8312536046222535	3.92760553919679	0.33468550645126066	0.3929029552274079	0.28486355397095	0.31410380459279147	0.8265838301838243	0.4027265672092176
559	-0.19769093808932792	-11296.929968594855	4.3228661769799075	2.000511484509338	2.5095884751060455	0.8312536046222535	3.92760553919679	0.33468550645126066	0.3929029552274079	0.28486355397095	0.31410380459279147	0.8265838301838243	0.4027265672092176
560	-0.20074227233897557	-11293.744779032653	4.3228661769799075	2.000511484509338	2.5095884751060455	0.8312536046222535	3.92760553919679	0.33468550645126066	0.3929029552274079	0.28486355397095	0.31410380459279147	0.8265838301838243	0.4027265672092176
561	-0.20074227233897557	-11293.744779032653	4.3228661769799075	2.000511484509338	2.5095884751060455	0.8312536046222535	3.92760553919679	0.33468550645126066	0.3929029552274079	0.28486355397095	0.31410380459279147	0.8265838301838243	0.4027265672092176
562	-0.20074227233897557	-11293.744779032653	4.3228661769799075	2.000511484509338	2.5095884751060455	0.8312536046222535	3.92760553919679	0.33468550645126066	0.3929029552274079	0.28486355397095	0.31410380459279147	0.8265838301838243	0.4027265672092176
563	-0.20074227233897557	-11293.744779032653	4.3228661769799075	2.000511484509338	2.5095884751060455	0.8312536046222535	3.92760553919679	0.33468550645126066	0.3929029552274079	0.28486355397095	0.31410380459279147	0.8265838301838243	0.4027265672092176
564	-0.20074227233897557	-11293.868329146888	4.3228661769799075	2.000511484509338	2.5095884751060455	0.8312536046222535	3.92760553919679	0.33468550645126066	0.3929029552274079	0.28486355397095	0.31410380459279147	0.8265838301838243	0.4027265672092176
565	-0.20074227233897557	-11293.868329146888	4.3228661769799075	2.000511484509338	2.5095884751060455	0.8312536046222535	3.92760553919679	0.33468550645126066	0.3929029552274079	0.28486355397095	0.31410380459279147	0.8265838301838243	0.4027265672092176
566	-0.20074227233897557	-11293.868329146888	4.3228661769799075	2.000511484509338	2.5095884751060455	0.8312536046222535	3.92760553919679	0.33468550645126066	0.3929029552274079	0.28486355397095	0.31410380459279147	0.8265838301838243	0.4027265672092176
567	-0.20074227233897557	-11293.868329146888	4.3228661769799075	2.000511484509338	2.5095884751060455	0.8312536046222535	3.92760553919679	0.33468550645126066	0.3929029552274079	0.28486355397095	0.31410380459279147	0.8265838301838243	0.4027265672092176
568	-0.20074227233897557	-11293.868329146888	4.3228661769799075	2.000511484509338	2.5095884751060455	0.8312536046222535	3.92760553919679	0.33468550645126066	0.3929029552274079	0.28486355397095	0.31410380459279147	0.8265838301838243	0.4027265672092176
569	-0.08876126720968891	-11293.868329146888	4.3228661769799075	2.000511484509338	2.5095884751060455	0.8312536046222535	3.92760553919679	0.33468550645126066	0.3929029552274079	0.28486355397095	0.31410380459279147	0.8265838301838243	0.36811023624073147
570	-0.0919830177925558	-11292.625981998077	4.3228661769799075	2.000511484509338	2.5095884751060455	0.8312536046222535	3.92760553919679	0.33468550645126066	0.3929029552274079	0.28486355397095	0.31410380459279147	0.8265838301838243	0.36811023624073147
571	-0.0919830177925558	-11292.625981998077	4.3228661769799075	2.000511484509338	2.5095884751060455	0.8312536046222535	3.92760553919679	0.33468550645126066	0.3929029552274079	0.28486355397095	0.31410380459279147	0.8265838301838243	0.36811023624073147
572	-0.0919830177925558	-11292.625981998077	4.3228661769799075	2.000511484509338	2.5095884751060455	0.8312536046222535	3.92760553919679	0.33468550645126066	0.3929029552274079	0.28486355397095	0.31410380459279147	0.8265838301838243	0.36811023624073147
573	-0.0919830177925558	-11292.625981998077	4.3228661769799075	2.000511484509338	2.5095884751060455	0.8312536046222535	3.92760553919679	0.33468550645126066	0.3929029552274079	0.28486355397095	0.31410380459279147	0.8265838301838243	0.36811023624073147
574	-0.0919830177925558	-11289.203842486837	4.3228661769799075	2.000511484509338	2.5095884751060455	0.8312536046222535	3.92760553919679	0.33468550645126066	0.3929029552274079	0.28486355397095	0.31410380459279147	0.8265838301838243	0.36811023624073147
575	-0.0919830177925558	-11289.203842486837	4.3228661769799075	2.000511484509338	2.5095884751060455	0.8312536046222535	3.92760553919679	0.33468550645126066	0.3929029552274079	0.28486355397095	0.31410380459279147	0.8265838301838243	0.36811023624073147
576	0.19196077827103708	-11289.203842486837	4.3228661769799075	2.000511484509338	2.5095884751060455	0.8312536046222535	3.92760553919679	0.33468550645126066	0.3929029552274079	0.28486355397095	0.31410380459279147	0.8265838301838243	0.27962190616674076
577	0.19196077827103708	-11289.203842486837	4.3228661769799075	2.000511484509338	2.5095884751060455	0.8312536046222535	3.92760553919679	0.33468550645126066	0.3929029552274079	0.28486355397095	0.31410380459279147	0.8265838301838243	0.27962190616674076
578	0.19196077827103708	-11289.203842486837	4.3228661769799075	2.000511484509338	2.5095884751060455	0.8312536046222535	3.92760553919679	0.33468550645126066	0.3929029552274079	0.28486355397095	0.31410380459279147	0.8265838301838243	0.27962190616674076
579	0.19196077827103708	-11289.203842486837	4.3228661769799075	2.000511484509338	2.5095884751060455	0.8312536046222535	3.92760553919679	0.33468550645126066	0.3929029552274079	0.28486355397095	0.31410380459279147	0.8265838301838243	0.27962190616674076
580	0.19196077827103708	-11289.203842486837	4.3228661769799075	2.000511484509338	2.5095884751060455	0.8312536046222535	3.92760553919679	0.33468550645126066	0.3929029552274079	0.28486355397095	0.31410380459279147	0.8265838301838243	0.27962190616674076
581	-0.5833240901232504	-11288.446093987362	4.3228661769799075	2.000511484509338	2.5095884751060455	0.8312536046222535	3.92760553919679	0.33468550645126066	0.3929029552274079	0.28486355397095	0.31410380459279147	0.8265838301838243	0.27962190616674076
582	-0.5833240901232504	-11288.446093987362	4.3228661769799075	2.000511484509338	2.5095884751060455	0.8312536046222535	3.92760553919679	0.33468550645126066	0.3929029552274079	0.28486355397095	0.31410380459279147	0.8265838301838243	0.27962190616674076
583	-0.5848592033167908	-11289.159339448512	4.3228661769799075	2.000511484509338	2.5095884751060455	0.8312536046222535	3.92760553919679	0.33468550645126066	0.3929029552274079	0.28486355397095	0.31410380459279147	0.8265838301838243	0.27962190616674076
584	-0.5848592033167908	-11289.035655924836	4.3228661769799075	2.000511484509338	2.5095884751060455	0.8312536046222535	3.92760553919679	0.33468550645126066	0.3929029552274079	0.28486355397095	0.31410380459279147	0.8265838301838243	0.27962190616674076
585	-0.5848592033167908	-11289.035655924836	4.3228661769799075	2.000511484509338	2.5095884751060455	0.8312536046222535	3.92760553919679	0.33468550645126066	0.3929029552274079	0.28486355397095	0.31410380459279147	0.8265838301838243	0.27962190616674076
586	-0.5848592033167908	-11289.035655924836	4.3228661769799075	2.000511484509338	2.5095884751060455	0.8312536046222535	3.92760553919679	0.33468550645126066	0.3929029552274079	0.28486355397095	0.31410380459279147	0.8265838301838243	0.27962190616674076
587	-0.5848592033167908	-11288.962651982161	4.3228661769799075	2.000511484509338	2.5095884751060455	0.8312536046222535	3.92760553919679	0.33468550645126066	0.3929029552274079	0.28486355397095	0.31410380459279147	0.8265838301838243	0.27962190616674076
588	-0.5848592033167908	-11288.962651982161	4.3228661769799075	2.000511484509338	2.5095884751060455	0.8312536046222535	3.92760553919679	0.33468550645126066	0.3929029552274079	0.28486355397095	0.31410380459279147	0.8265838301838243	0.27962190616674076
589	-0.5848592033167908	-11288.018725834256	4.3228661769799075	2.000511484509338	2.5095884751060455	0.8312536046222535	3.92760553919679	0.33468550645126066	0.3929029552274079	0.28486355397095	0.31410380459279147	0.8265838301838243	0.27962190616674076
590	-0.5848592033167908	-11288.018725834256	4.3228661769799075	2.000511484509338	2.5095884751060455	0.8312536046222535	3.92760553919679	0.33468550645126066	0.3929029552274079	0.28486355397095	0.31410380459279147	0.8265838301838243	0.27962190616674076
591	-0.5848592033167908	-11288.018725834256	4.3228661769799075	2.000511484509338	2.5095884751060455	0.8312536046222535	3.92760553919679	0.33468550645126066	0.3929029552274079	0.28486355397095	0.31410380459279147	0.8265838301838243	0.27962190616674076
592	-0.5848592033167908	-11184.78310539196	4.3228661769799075	2.000511484509338	2.5095884751060455	0.8312536046222535	3.92760553919679	0.33468550645126066	0.3929029552274079	0.28486355397095	0.31410380459279147	0.8265838301838243	0.27962190616674076
593	-1.4622400287985304	-11184.78310539196	4.488961862292117	1.5094071744472808	2.3993061637022746	0.6237509260447098	4.572073505713699	0.33468550645126066	0.3929029552274079	0.28486355397095	0.31410380459279147	0.8265838301838243	0.27962190616674076
594	-1.4640752555639385	-11184.79196854071	4.488961862292117	1.5094071744472808	2.3993061637022746	0.6237509260447098	4.572073505713699	0.33468550645126066	0.3929029552274079	0.28486355397095	0.31410380459279147	0.8265838301838243	0.27962190616674076
595	-1.259624345237863	-11184.79196854071	4.488961862292117	1.5094071744472808	2.3993061637022746	0.6237509260447098	4.572073505713699	0.33468550645126066	0.3929029552274079	0.28486355397095	0.31410380459279147	0.8265838301838243	0.21768922143496122
596	-1.259624345237863	-11184.79196854071	4.488961862292117	1.5094071744472808	2.3993061637022746	0.6237509260447098	4.572073505713699	0.33468550645126066	0.3929029552274079	0.28486355397095	0.31410380459279147	0.8265838301838243	0.21768922143496122
597	-1.259624345237863	-11184.79196854071	4.488961862292117	1.5094071744472808	2.3993061637022746	0.6237509260447098	4.572073505713699	0.33468550645126066	0.3929029552274079	0.28486355397095	0.31410380459279147	0.8265838301838243	0.21768922143496122
598	-1.259624345237863	-11184.79196854071	4.488961862292117	1.5094071744472808	2.3993061637022746	0.6237509260447098	4.572073505713699	0.33468550645126066	0.3929029552274079	0.28486355397095	0.31410380459279147	0.8265838301838243	0.21768922143496122
599	-2.5056578759564934	-11176.334042509041	4.488961862292117	1.5094071744472808	2.3993061637022746	0.6237509260447098	4.572073505713699	0.33468550645126066	0.3929029552274079	0.28486355397095	0.31410380459279147	0.8265838301838243	0.21768922143496122
600	-2.5056578759564934	-11176.334042509041	4.488961862292117	1.5094071744472808	2.3993061637022746	0.6237509260447098	4.572073505713699	0.33468550645126066	0.3929029552274079	0.28486355397095	0.31410380459279147	0.8265838301838243	0.21768922143496122
601	-2.5056578759564934	-11176.334042509041	4.488961862292117	1.5094071744472808	2.3993061637022746	0.6237509260447098	4.572073505713699	0.33468550645126066	0.3929029552274079	0.28486355397095	0.31410380459279147	0.8265838301838243	0.21768922143496122
602	-2.5054072844809445	-11172.917889179154	4.488961862292117	1.5094071744472808	2.3993061637022746	0.6237509260447098	4.572073505713699	0.33468550645126066	0.3929029552274079	0.28486355397095	0.31410380459279147	0.8265838301838243	0.21768922143496122
603	-2.5054072844809445	-11172.917889179154	4.488961862292117	1.5094071744472808	2.3993061637022746	0.6237509260447098	4.572073505713699	0.33468550645126066	0.3929029552274079	0.28486355397095	0.31410380459279147	0.8265838301838243	0.21768922143496122
604	-2.5054072844809445	-11172.917889179154	4.488961862292117	1.5094071744472808	2.3993061637022746	0.6237509260447098	4.572073505713699	0.33468550645126066	0.3929029552274079	0.28486355397095	0.31410380459279147	0.8265838301838243	0.21768922143496122
605	-2.5054072844809445	-11172.917889179154	4.488961862292117	1.5094071744472808	2.3993061637022746	0.6237509260447098	4.572073505713699	0.33468550645126066	0.3929029552274079	0.28486355397095	0.31410380459279147	0.8265838301838243	0.21768922143496122
606	-2.5054072844809445	-11172.917889179154	4.488961862292117	1.5094071744472808	2.3993061637022746	0.6237509260447098	4.572073505713699	0.33468550645126066	0.3929029552274079	0.28486355397095	0.31410380459279147	0.8265838301838243	0.21768922143496122
607	-2.4623118925787875	-11171.3409169265	4.488961862292117	1.5094071744472808	2.3993061637022746	0.6237509260447098	4.572073505713699	0.33468550645126066	0.3929029552274079	0.28486355397095	0.31410380459279147	0.8265838301838243	0.21768922143496122
608	-2.4623118925787875	-11171.3409169265	4.488961862292117	1.5094071744472808	2.3993061637022746	0.6237509260447098	4.572073505713699	0.33468550645126066	0.3929029552274079	0.28486355397095	0.31410380459279147	0.8265838301838243	0.21768922143496122
609	-2.823812322758705	-11171.3409169265	4.488961862292117	1.5094071744472808	2.3993061637022746	0.6237509260447098	4.572073505713699	0.31672283500811804	0.4431306032510485	0.21997157847205964	0.25851900611582795	1.062366879864535	0.21768922143496122
610	-2.823812322758705	-11171.3409169265	4.488961862292117	1.5094071744472808	2.3993061637022746	0.6237509260447098	4.572073505713699	0.31672283500811804	0.4431306032510485	0.21997157847205964	0.25851900611582795	1.062366879864535	0.21768922143496122
611	-2.823812322758705	-11171.3409169265	4.488961862292117	1.5094071744472808	2.3993061637022746	0.6237509260447098	4.572073505713699	0.31672283500811804	0.4431306032510485	0.21997157847205964	0.25851900611582795	1.062366879864535	0.21768922143496122
612	-2.823812322758705	-11171.3409169265	4.488961862292117	1.5094071744472808	2.3993061637022746	0.6237509260447098	4.572073505713699	0.31672283500811804	0.4431306032510485	0.21997157847205964	0.25851900611582795	1.062366879864535	0.21768922143496122
613	-2.823812322758705	-11171.3409169265	4.488961862292117	1.5094071744472808	2.3993061637022746	0.6237509260447098	4.572073505713699	0.31672283500811804	0.4431306032510485	0.21997157847205964	0.25851900611582795	1.062366879864535	0.21768922143496122
614	-2.823812322758705	-11171.3409169265	4.488961862292117	1.5094071744472808	2.3993061637022746	0.6237509260447098	4.572073505713699	0.31672283500811804	0.4431306032510485	0.21997157847205964	0.25851900611582795	1.062366879864535	0.21768922143496122
615	-2.823812322758705	-11171.3409169265	4.488961862292117	1.5094071744472808	2.3993061637022746	0.6237509260447098	4.572073505713699	0.31672283500811804	0.4431306032510485	0.21997157847205964	0.25851900611582795	1.062366879864535	0.21768922143496122
616	-2.823812322758705	-11171.3409169265	4.488961862292117	1.5094071744472808	2.3993061637022746	0.6237509260447098	4.572073505713699	0.31672283500811804	0.4431306032510485	0.21997157847205964	0.25851900611582795	1.062366879864535	0.21768922143496122
617	-2.823812322758705	-11170.854301834275	4.488961862292117	1.5094071744472808	2.3993061637022746	0.6237509260447098	4.572073505713699	0.31672283500811804	0.4431306032510485	0.21997157847205964	0.25851900611582795	1.062366879864535	0.21768922143496122
618	-2.823812322758705	-11170.854301834275	4.488961862292117	1.5094071744472808	2.3993061637022746	0.6237509260447098	4.572073505713699	0.31672283500811804	0.4431306032510485	0.21997157847205964	0.25851900611582795	1.062366879864535	0.21768922143496122
619	-2.823812322758705	-11170.854301834275	4.488961862292117	1.5094071744472808	2.3993061637022746	0.6237509260447098	4.572073505713699	0.31672283500811804	0.4431306032510485	0.21997157847205964	0.25851900611582795	1.062366879864535	0.21768922143496122
620	-2.823812322758705	-11170.854301834275	4.488961862292117	1.5094071744472808	2.3993061637022746	0.6237509260447098	4.572073505713699	0.31672283500811804	0.4431306032510485	0.21997157847205964	0.25851900611582795	1.062366879864535	0.21768922143496122
621	-2.78515018408229	-11169.571933596297	4.488961862292117	1.5094071744472808	2.3993061637022746	0.6237509260447098	4.572073505713699	0.31672283500811804	0.4431306032510485	0.21997157847205964	0.25851900611582795	1.062366879864535	0.21768922143496122
622	-2.785085491900453	-11169.575784539695	4.488961862292117	1.5094071744472808	2.3993061637022746	0.6237509260447098	4.572073505713699	0.31672283500811804	0.4431306032510485	0.21997157847205964	0.25851900611582795	1.062366879864535	0.21768922143496122
623	-2.785085491900453	-11169.575784539695	4.488961862292117	1.5094071744472808	2.3993061637022746	0.6237509260447098	4.572073505713699	0.31672283500811804	0.4431306032510485	0.21997157847205964	0.25851900611582795	1.062366879864535	0.21768922143496122
624	-2.808106320953051	-11168.794481515863	4.488961862292117	1.5094071744472808	2.3993061637022746	0.6237509260447098	4.572073505713699	0.31672283500811804	0.4431306032510485	0.21997157847205964	0.25851900611582795	1.062366879864535	0.21768922143496122
625	-2.8102477301756106	-11168.743760674823	4.488961862292117	1.5094071744472808	2.3993061637022746	0.6237509260447098	4.572073505713699	0.31672283500811804	0.4431306032510485	0.21997157847205964	0.25851900611582795	1.062366879864535	0.21768922143496122
626	-2.8102477301756106	-11168.743760674823	4.488961862292117	1.5094071744472808	2.3993061637022746	0.6237509260447098	4.572073505713699	0.31672283500811804	0.4431306032510485	0.21997157847205964	0.25851900611582795	1.062366879864535	0.21768922143496122
627	-2.8102477301756106	-11168.743760674823	4.488961862292117	1.5094071744472808	2.3993061637022746	0.6237509260447098	4.572073505713699	0.31672283500811804	0.4431306032510485	0.21997157847205964	0.25851900611582795	1.062366879864535	0.21768922143496122
628	-2.8102477301756106	-11161.417140699235	4.488961862292117	1.5094071744472808	2.3993061637022746	0.6237509260447098	4.572073505713699	0.31672283500811804	0.4431306032510485	0.21997157847205964	0.25851900611582795	1.062366879864535	0.21768922143496122
629	-2.8102477301756106	-11161.417140699235	4.488961862292117	1.5094071744472808	2.3993061637022746	0.6237509260447098	4.572073505713699	0.31672283500811804	0.4431306032510485	0.21997157847205964	0.25851900611582795	1.062366879864535	0.21768922143496122
630	-2.8118104058126288	-11010.680019679583	4.488961862292117	1.5094071744472808	2.3993061637022746	0.6237509260447098	4.572073505713699	0.31672283500811804	0.4431306032510485	0.21997157847205964	0.25851900611582795	1.062366879864535	0.21768922143496122
631	-2.8118104058126288	-11010.680019679583	4.488961862292117	1.5094071744472808	2.3993061637022746	0.6237509260447098	4.572073505713699	0.31672283500811804	0.4431306032510485	0.21997157847205964	0.25851900611582795	1.062366879864535	0.21768922143496122
632	-2.8118104058126288	-11010.680019679583	4.488961862292117	1.5094071744472808	2.3993061637022746	0.6237509260447098	4.572073505713699	0.31672283500811804	0.4431306032510485	0.21997157847205964	0.25851900611582795	1.062366879864535	0.21768922143496122
633	-2.8118104058126288	-11010.680019679583	4.488961862292117	1.5094071744472808	2.3993061637022746	0.6237509260447098	4.572073505713699	0.31672283500811804	0.4431306032510485	0.21997157847205964	0.25851900611582795	1.062366879864535	0.21768922143496122
634	-2.963282558475416	-11010.680019679583	4.488961862292117	1.5094071744472808	2.3993061637022746	0.6237509260447098	4.572073505713699	0.27665896158868253	0.5107594993285332	0.18229484406523078	0.29596045815830874	1.2871532759976554	0.21768922143496122
635	-2.963282558475416	-11010.680019679583	4.488961862292117	1.5094071744472808	2.3993061637022746	0.6237509260447098	4.572073505713699	0.27665896158868253	0.5107594993285332	0.18229484406523078	0.29596045815830874	1.2871532759976554	0.21768922143496122
636	-2.963282558475416	-11010.680019679583	4.488961862292117	1.5094071744472808	2.3993061637022746	0.6237509260447098	4.572073505713699	0.27665896158868253	0.5107594993285332	0.18229484406523078	0.29596045815830874	1.2871532759976554	0.21768922143496122
637	-2.976877284693646	-11009.137187062632	4.488961862292117	1.5094071744472808	2.3993061637022746	0.6237509260447098	4.572073505713699	0.27665896158868253	0.5107594993285332	0.18229484406523078	0.29596045815830874	1.2871532759976554	0.21768922143496122
638	-2.976877284693646	-11007.400266147906	4.488961862292117	1.5094071744472808	2.3993061637022746	0.6237509260447098	4.572073505713699	0.27665896158868253	0.5107594993285332	0.18229484406523078	0.29596045815830874	1.2871532759976554	0.21768922143496122
639	-2.9686640337171073	-11006.621089387718	4.488961862292117	1.5094071744472808	2.3993061637022746	0.6237509260447098	4.572073505713699	0.27665896158868253	0.5107594993285332	0.18229484406523078	0.29596045815830874	1.2871532759976554	0.21768922143496122
640	-3.127542384980561	-10991.40985157704	4.488961862292117	1.5094071744472808	2.3993061637022746	0.6237509260447098	4.572073505713699	0.27665896158868253	0.5107594993285332	0.18229484406523078	0.29596045815830874	1.2871532759976554	0.21768922143496122
641	-3.127542384980561	-10991.40985157704	4.488961862292117	1.5094071744472808	2.3993061637022746	0.6237509260447098	4.572073505713699	0.27665896158868253	0.5107594993285332	0.18229484406523078	0.29596045815830874	1.2871532759976554	0.21768922143496122
642	-3.1388522246038124	-10989.752493816155	4.488961862292117	1.5094071744472808	2.3993061637022746	0.6237509260447098	4.572073505713699	0.27665896158868253	0.5107594993285332	0.18229484406523078	0.29596045815830874	1.2871532759976554	0.21768922143496122
643	-3.1388522246038124	-10989.752493816155	4.488961862292117	1.5094071744472808	2.3993061637022746	0.6237509260447098	4.572073505713699	0.27665896158868253	0.5107594993285332	0.18229484406523078	0.29596045815830874	1.2871532759976554	0.21768922143496122
644	-3.1388522246038124	-10989.752493816155	4.488961862292117	1.5094071744472808	2.3993061637022746	0.6237509260447098	4.572073505713699	0.27665896158868253	0.5107594993285332	0.18229484406523078	0.29596045815830874	1.2871532759976554	0.21768922143496122
645	-3.1388522246038124	-10989.752493816155	4.488961862292117	1.5094071744472808	2.3993061637022746	0.6237509260447098	4.572073505713699	0.27665896158868253	0.5107594993285332	0.18229484406523078	0.29596045815830874	1.2871532759976554	0.21768922143496122
646	-3.1388522246038124	-10988.954564769752	4.488961862292117	1.5094071744472808	2.3993061637022746	0.6237509260447098	4.572073505713699	0.27665896158868253	0.5107594993285332	0.18229484406523078	0.29596045815830874	1.2871532759976554	0.21768922143496122
647	-3.0024059150452893	-10988.954564769752	4.488961862292117	1.5094071744472808	2.3993061637022746	0.6237509260447098	4.572073505713699	0.27665896158868253	0.5107594993285332	0.18229484406523078	0.29596045815830874	1.2871532759976554	0.17876123297177351
648	-4.044352914620559	-10988.954564769752	4.488961862292117	1.5094071744472808	2.3993061637022746	0.6237509260447098	4.572073505713699	0.35282506860855134	0.4924434770757022	0.17355326885772993	0.352936807052016	1.3221175064374588	0.17876123297177351
649	-4.044352914620559	-10977.118474280744	4.488961862292117	1.5094071744472808	2.3993061637022746	0.6237509260447098	4.572073505713699	0.35282506860855134	0.4924434770757022	0.17355326885772993	0.352936807052016	1.3221175064374588	0.17876123297177351
650	-4.044352914620559	-10977.118474280744	4.488961862292117	1.5094071744472808	2.3993061637022746	0.6237509260447098	4.572073505713699	0.35282506860855134	0.4924434770757022	0.17355326885772993	0.352936807052016	1.3221175064374588	0.17876123297177351
651	-4.044352914620559	-10977.118474280744	4.488961862292117	1.5094071744472808	2.3993061637022746	0.6237509260447098	4.572073505713699	0.35282506860855134	0.4924434770757022	0.17355326885772993	0.352936807052016	1.3221175064374588	0.17876123297177351
652	-4.041465347238967	-10976.839183432274	4.488961862292117	1.5094071744472808	2.3993061637022746	0.6237509260447098	4.572073505713699	0.35282506860855134	0.4924434770757022	0.17355326885772993	0.352936807052016	1.3221175064374588	0.17876123297177351
653	-4.041465347238967	-10976.839183432274	4.488961862292117	1.5094071744472808	2.3993061637022746	0.6237509260447098	4.572073505713699	0.35282506860855134	0.4924434770757022	0.17355326885772993	0.352936807052016	1.3221175064374588	0.17876123297177351
654	-4.041465347238967	-10976.839183432274	4.488961862292117	1.5094071744472808	2.3993061637022746	0.6237509260447098	4.572073505713699	0.35282506860855134	0.4924434770757022	0.17355326885772993	0.352936807052016	1.3221175064374588	0.17876123297177351
655	-4.041465347238967	-10976.839183432274	4.488961862292117	1.5094071744472808	2.3993061637022746	0.6237509260447098	4.572073505713699	0.35282506860855134	0.4924434770757022	0.17355326885772993	0.352936807052016	1.3221175064374588	0.17876123297177351
656	-4.041465347238967	-10976.839183432274	4.488961862292117	1.5094071744472808	2.3993061637022746	0.6237509260447098	4.572073505713699	0.35282506860855134	0.4924434770757022	0.17355326885772993	0.352936807052016	1.3221175064374588	0.17876123297177351
657	-4.041465347238967	-10976.839183432274	4.488961862292117	1.5094071744472808	2.3993061637022746	0.6237509260447098	4.572073505713699	0.35282506860855134	0.4924434770757022	0.17355326885772993	0.352936807052016	1.3221175064374588	0.17876123297177351
658	-4.041465347238967	-10977.245226327983	4.488961862292117	1.5094071744472808	2.3993061637022746	0.6237509260447098	4.572073505713699	0.35282506860855134	0.4924434770757022	0.17355326885772993	0.352936807052016	1.3221175064374588	0.17876123297177351
659	-4.041465347238967	-10977.245226327983	4.488961862292117	1.5094071744472808	2.3993061637022746	0.6237509260447098	4.572073505713699	0.35282506860855134	0.4924434770757022	0.17355326885772993	0.352936807052016	1.3221175064374588	0.17876123297177351
660	-4.041465347238967	-10977.245226327983	4.488961862292117	1.5094071744472808	2.3993061637022746	0.6237509260447098	4.572073505713699	0.35282506860855134	0.4924434770757022	0.17355326885772993	0.352936807052016	1.3221175064374588	0.17876123297177351
661	-4.041465347238967	-10977.245226327983	4.488961862292117	1.5094071744472808	2.3993061637022746	0.6237509260447098	4.572073505713699	0.35282506860855134	0.4924434770757022	0.17355326885772993	0.352936807052016	1.3221175064374588	0.17876123297177351
662	-4.041465347238967	-10977.245226327983	4.488961862292117	1.5094071744472808	2.3993061637022746	0.6237509260447098	4.572073505713699	0.35282506860855134	0.4924434770757022	0.17355326885772993	0.352936807052016	1.3221175064374588	0.17876123297177351
663	-4.041465347238967	-10977.245226327983	4.488961862292117	1.5094071744472808	2.3993061637022746	0.6237509260447098	4.572073505713699	0.35282506860855134	0.4924434770757022	0.17355326885772993	0.352936807052016	1.3221175064374588	0.17876123297177351
664	-4.041465347238967	-10977.245226327983	4.488961862292117	1.5094071744472808	2.3993061637022746	0.6237509260447098	4.572073505713699	0.35282506860855134	0.4924434770757022	0.17355326885772993	0.352936807052016	1.3221175064374588	0.17876123297177351
665	-4.140849167932982	-10946.439263888651	4.488961862292117	1.5094071744472808	2.3993061637022746	0.6237509260447098	4.572073505713699	0.35282506860855134	0.4924434770757022	0.17355326885772993	0.352936807052016	1.3221175064374588	0.17876123297177351
666	-4.140849167932982	-10921.28919632878	4.488961862292117	1.5094071744472808	2.3993061637022746	0.6237509260447098	4.572073505713699	0.35282506860855134	0.4924434770757022	0.17355326885772993	0.352936807052016	1.3221175064374588	0.17876123297177351
667	-4.148694157528338	-10854.150480673901	4.488961862292117	1.5094071744472808	2.3993061637022746	0.6237509260447098	4.572073505713699	0.35282506860855134	0.4924434770757022	0.17355326885772993	0.352936807052016	1.3221175064374588	0.17876123297177351
668	-4.148694157528338	-10854.150480673901	4.488961862292117	1.5094071744472808	2.3993061637022746	0.6237509260447098	4.572073505713699	0.35282506860855134	0.4924434770757022	0.17355326885772993	0.352936807052016	1.3221175064374588	0.17876123297177351
669	-4.148694157528338	-10835.202891777582	4.488961862292117	1.5094071744472808	2.3993061637022746	0.6237509260447098	4.572073505713699	0.35282506860855134	0.4924434770757022	0.17355326885772993	0.352936807052016	1.3221175064374588	0.17876123297177351
670	-4.148694157528338	-10835.202891777582	4.488961862292117	1.5094071744472808	2.3993061637022746	0.6237509260447098	4.572073505713699	0.35282506860855134	0.4924434770757022	0.17355326885772993	0.352936807052016	1.3221175064374588	0.17876123297177351
671	-4.148694157528338	-10835.202891777582	4.488961862292117	1.5094071744472808	2.3993061637022746	0.6237509260447098	4.572073505713699	0.35282506860855134	0.4924434770757022	0.17355326885772993	0.352936807052016	1.3221175064374588	0.17876123297177351
672	-4.093048041273812	-10835.202891777582	4.488961862292117	1.5094071744472808	2.3993061637022746	0.6237509260447098	4.572073505713699	0.35282506860855134	0.4924434770757022	0.17355326885772993	0.352936807052016	1.3221175064374588	0.16127005285518906
673	-4.093048041273812	-10835.202891777582	4.488961862292117	1.5094071744472808	2.3993061637022746	0.6237509260447098	4.572073505713699	0.35282506860855134	0.4924434770757022	0.17355326885772993	0.352936807052016	1.3221175064374588	0.16127005285518906
674	-4.093048041273812	-10835.202891777582	4.488961862292117	1.5094071744472808	2.3993061637022746	0.6237509260447098	4.572073505713699	0.35282506860855134	0.4924434770757022	0.17355326885772993	0.352936807052016	1.3221175064374588	0.16127005285518906
675	-4.093048041273812	-10833.192410464057	4.488961862292117	1.5094071744472808	2.3993061637022746	0.6237509260447098	4.572073505713699	0.35282506860855134	0.4924434770757022	0.17355326885772993	0.352936807052016	1.3221175064374588	0.16127005285518906
676	-4.093048041273812	-10833.192410464057	4.488961862292117	1.5094071744472808	2.3993061637022746	0.6237509260447098	4.572073505713699	0.35282506860855134	0.4924434770757022	0.17355326885772993	0.352936807052016	1.3221175064374588	0.16127005285518906
677	-4.162394314531991	-10833.192410464057	4.488961862292117	1.5094071744472808	2.3993061637022746	0.6237509260447098	4.572073505713699	0.35282506860855134	0.4924434770757022	0.17355326885772993	0.352936807052016	1.3221175064374588	0.1830573046513751
678	-4.162394314531991	-10833.192410464057	4.488961862292117	1.5094071744472808	2.3993061637022746	0.6237509260447098	4.572073505713699	0.35282506860855134	0.4924434770757022	0.17355326885772993	0.352936807052016	1.3221175064374588	0.1830573046513751
679	-4.162394314531991	-10833.192410464057	4.488961862292117	1.5094071744472808	2.3993061637022746	0.6237509260447098	4.572073505713699	0.35282506860855134	0.4924434770757022	0.17355326885772993	0.352936807052016	1.3221175064374588	0.1830573046513751
680	-4.162394314531991	-10833.192410464057	4.488961862292117	1.5094071744472808	2.3993061637022746	0.6237509260447098	4.572073505713699	0.35282506860855134	0.4924434770757022	0.17355326885772993	0.352936807052016	1.3221175064374588	0.1830573046513751
681	-4.162394314531991	-10833.192410464057	4.488961862292117	1.5094071744472808	2.3993061637022746	0.6237509260447098	4.572073505713699	0.35282506860855134	0.4924434770757022	0.17355326885772993	0.352936807052016	1.3221175064374588	0.1830573046513751
682	-4.162394314531991	-10833.473336575058	4.488961862292117	1.5094071744472808	2.3993061637022746	0.6237509260447098	4.572073505713699	0.35282506860855134	0.4924434770757022	0.17355326885772993	0.352936807052016	1.3221175064374588	0.1830573046513751
683	-4.876475652846098	-10827.134082526794	4.488961862292117	1.5094071744472808	2.3993061637022746	0.6237509260447098	4.572073505713699	0.35282506860855134	0.4924434770757022	0.17355326885772993	0.352936807052016	1.3221175064374588	0.1830573046513751
684	-4.229255900102384	-10825.473779064414	4.488961862292117	1.5094071744472808	2.3993061637022746	0.6237509260447098	4.572073505713699	0.35282506860855134	0.4924434770757022	0.17355326885772993	0.352936807052016	1.3221175064374588	0.1830573046513751
685	-4.229255900102384	-10825.473779064414	4.488961862292117	1.5094071744472808	2.3993061637022746	0.6237509260447098	4.572073505713699	0.35282506860855134	0.4924434770757022	0.17355326885772993	0.352936807052016	1.3221175064374588	0.1830573046513751
686	-2.944510738115703	-10820.302343862084	4.488961862292117	1.5094071744472808	2.3993061637022746	0.6237509260447098	4.572073505713699	0.35282506860855134	0.4924434770757022	0.17355326885772993	0.352936807052016	1.3221175064374588	0.1830573046513751
687	-2.972015037211513	-10816.26951966477	4.488961862292117	1.5094071744472808	2.3993061637022746	0.6237509260447098	4.572073505713699	0.35282506860855134	0.4924434770757022	0.17355326885772993	0.352936807052016	1.3221175064374588	0.1830573046513751
688	-2.972015037211513	-10815.865330227558	4.488961862292117	1.5094071744472808	2.3993061637022746	0.6237509260447098	4.572073505713699	0.35282506860855134	0.4924434770757022	0.17355326885772993	0.352936807052016	1.3221175064374588	0.1830573046513751
689	-2.972015037211513	-10815.865330227558	4.488961862292117	1.5094071744472808	2.3993061637022746	0.6237509260447098	4.572073505713699	0.35282506860855134	0.4924434770757022	0.17355326885772993	0.352936807052016	1.3221175064374588	0.1830573046513751
690	-2.972015037211513	-10815.865330227558	4.488961862292117	1.5094071744472808	2.3993061637022746	0.6237509260447098	4.572073505713699	0.35282506860855134	0.4924434770757022	0.17355326885772993	0.352936807052016	1.3221175064374588	0.1830573046513751
691	-2.972015037211513	-10815.865330227558	4.488961862292117	1.5094071744472808	2.3993061637022746	0.6237509260447098	4.572073505713699	0.35282506860855134	0.4924434770757022	0.17355326885772993	0.352936807052016	1.3221175064374588	0.1830573046513751
692	-2.972015037211513	-10815.865330227558	4.488961862292117	1.5094071744472808	2.3993061637022746	0.6237509260447098	4.572073505713699	0.35282506860855134	0.4924434770757022	0.17355326885772993	0.352936807052016	1.3221175064374588	0.1830573046513751
693	-2.972015037211513	-10815.865330227558	4.488961862292117	1.5094071744472808	2.3993061637022746	0.6237509260447098	4.572073505713699	0.35282506860855134	0.4924434770757022	0.17355326885772993	0.352936807052016	1.3221175064374588	0.1830573046513751
694	-2.972015037211513	-10815.865330227558	4.488961862292117	1.5094071744472808	2.3993061637022746	0.6237509260447098	4.572073505713699	0.35282506860855134	0.4924434770757022	0.17355326885772993	0.352936807052016	1.3221175064374588	0.1830573046513751
695	-2.972015037211513	-10815.865330227558	4.488961862292117	1.5094071744472808	2.3993061637022746	0.6237509260447098	4.572073505713699	0.35282506860855134	0.4924434770757022	0.17355326885772993	0.352936807052016	1.3221175064374588	0.1830573046513751
696	-2.972015037211513	-10815.865330227558	4.488961862292117	1.5094071744472808	2.3993061637022746	0.6237509260447098	4.572073505713699	0.35282506860855134	0.4924434770757022	0.17355326885772993	0.352936807052016	1.3221175064374588	0.1830573046513751
697	-2.972015037211513	-10815.865330227558	4.488961862292117	1.5094071744472808	2.3993061637022746	0.6237509260447098	4.572073505713699	0.35282506860855134	0.4924434770757022	0.17355326885772993	0.352936807052016	1.3221175064374588	0.1830573046513751
698	-3.1805936523749248	-10815.865330227558	4.488961862292117	1.5094071744472808	2.3993061637022746	0.6237509260447098	4.572073505713699	0.41527375618557033	0.5189487470856282	0.22608586197219827	0.30428200845961006	1.0736072795983302	0.1830573046513751
699	-3.1805936523749248	-10815.865330227558	4.488961862292117	1.5094071744472808	2.3993061637022746	0.6237509260447098	4.572073505713699	0.41527375618557033	0.5189487470856282	0.22608586197219827	0.30428200845961006	1.0736072795983302	0.1830573046513751
700	-3.1805936523749248	-10812.98843617376	4.488961862292117	1.5094071744472808	2.3993061637022746	0.6237509260447098	4.572073505713699	0.41527375618557033	0.5189487470856282	0.22608586197219827	0.30428200845961006	1.0736072795983302	0.1830573046513751
701	-3.266144043624713	-10812.98843617376	4.488961862292117	1.5094071744472808	2.3993061637022746	0.6237509260447098	4.572073505713699	0.4316841839470933	0.4042667510128012	0.1715015204417147	0.29340576575473204	1.0802100349345916	0.1830573046513751
702	-3.266144043624713	-10812.98843617376	4.488961862292117	1.5094071744472808	2.3993061637022746	0.6237509260447098	4.572073505713699	0.4316841839470933	0.4042667510128012	0.1715015204417147	0.29340576575473204	1.0802100349345916	0.1830573046513751
703	-3.266144043624713	-10812.98843617376	4.488961862292117	1.5094071744472808	2.3993061637022746	0.6237509260447098	4.572073505713699	0.4316841839470933	0.4042667510128012	0.1715015204417147	0.29340576575473204	1.0802100349345916	0.1830573046513751
704	-3.266144043624713	-10812.98843617376	4.488961862292117	1.5094071744472808	2.3993061637022746	0.6237509260447098	4.572073505713699	0.4316841839470933	0.4042667510128012	0.1715015204417147	0.29340576575473204	1.0802100349345916	0.1830573046513751
705	-3.266144043624713	-10812.98843617376	4.488961862292117	1.5094071744472808	2.3993061637022746	0.6237509260447098	4.572073505713699	0.4316841839470933	0.4042667510128012	0.1715015204417147	0.29340576575473204	1.0802100349345916	0.1830573046513751
706	-3.266144043624713	-10812.98843617376	4.488961862292117	1.5094071744472808	2.3993061637022746	0.6237509260447098	4.572073505713699	0.4316841839470933	0.4042667510128012	0.1715015204417147	0.29340576575473204	1.0802100349345916	0.1830573046513751
707	-3.2394102812316996	-10795.26326968124	4.488961862292117	1.5094071744472808	2.3993061637022746	0.6237509260447098	4.572073505713699	0.4316841839470933	0.4042667510128012	0.1715015204417147	0.29340576575473204	1.0802100349345916	0.1830573046513751
708	-3.2394102812316996	-10795.097325339897	4.488961862292117	1.5094071744472808	2.3993061637022746	0.6237509260447098	4.572073505713699	0.4316841839470933	0.4042667510128012	0.1715015204417147	0.29340576575473204	1.0802100349345916	0.1830573046513751
709	-3.2394102812316996	-10792.349227675426	4.488961862292117	1.5094071744472808	2.3993061637022746	0.6237509260447098	4.572073505713699	0.4316841839470933	0.4042667510128012	0.1715015204417147	0.29340576575473204	1.0802100349345916	0.1830573046513751
710	-3.2394102812316996	-10792.349227675426	4.488961862292117	1.5094071744472808	2.3993061637022746	0.6237509260447098	4.572073505713699	0.4316841839470933	0.4042667510128012	0.1715015204417147	0.29340576575473204	1.0802100349345916	0.1830573046513751
711	-3.2394102812316996	-10790.038375645292	4.488961862292117	1.5094071744472808	2.3993061637022746	0.6237509260447098	4.572073505713699	0.4316841839470933	0.4042667510128012	0.1715015204417147	0.29340576575473204	1.0802100349345916	0.1830573046513751
712	-3.2394102812316996	-10790.038375645292	4.488961862292117	1.5094071744472808	2.3993061637022746	0.6237509260447098	4.572073505713699	0.4316841839470933	0.4042667510128012	0.1715015204417147	0.29340576575473204	1.0802100349345916	0.1830573046513751
713	-3.2394102812316996	-10787.520496637155	4.488961862292117	1.5094071744472808	2.3993061637022746	0.6237509260447098	4.572073505713699	0.4316841839470933	0.4042667510128012	0.1715015204417147	0.29340576575473204	1.0802100349345916	0.1830573046513751
714	-3.2394102812316996	-10781.926819023585	4.488961862292117	1.5094071744472808	2.3993061637022746	0.6237509260447098	4.572073505713699	0.4316841839470933	0.4042667510128012	0.1715015204417147	0.29340576575473204	1.0802100349345916	0.1830573046513751
715	-3.2394102812316996	-10781.926819023585	4.488961862292117	1.5094071744472808	2.3993061637022746	0.6237509260447098	4.572073505713699	0.4316841839470933	0.4042667510128012	0.1715015204417147	0.29340576575473204	1.0802100349345916	0.1830573046513751
716	-3.2551402483655076	-10780.244007871706	4.488961862292117	1.5094071744472808	2.3993061637022746	0.6237509260447098	4.572073505713699	0.4316841839470933	0.4042667510128012	0.1715015204417147	0.29340576575473204	1.0802100349345916	0.1830573046513751
717	-3.1686529550298594	-10780.244007871706	4.488961862292117	1.5094071744472808	2.3993061637022746	0.6237509260447098	4.572073505713699	0.3650463003654097	0.3631695005169698	0.14103115637092808	0.22378047118412198	1.4034926251317013	0.1830573046513751
718	-3.1686529550298594	-10780.244007871706	4.488961862292117	1.5094071744472808	2.3993061637022746	0.6237509260447098	4.572073505713699	0.3650463003654097	0.3631695005169698	0.14103115637092808	0.22378047118412198	1.4034926251317013	0.1830573046513751
719	-3.159801141904058	-10775.441713152728	4.488961862292117	1.5094071744472808	2.3993061637022746	0.6237509260447098	4.572073505713699	0.3650463003654097	0.3631695005169698	0.14103115637092808	0.22378047118412198	1.4034926251317013	0.1830573046513751
720	-3.159801141904058	-10775.546216044648	4.488961862292117	1.5094071744472808	2.3993061637022746	0.6237509260447098	4.572073505713699	0.3650463003654097	0.3631695005169698	0.14103115637092808	0.22378047118412198	1.4034926251317013	0.1830573046513751
721	-3.159801141904058	-10775.546216044648	4.488961862292117	1.5094071744472808	2.3993061637022746	0.6237509260447098	4.572073505713699	0.3650463003654097	0.3631695005169698	0.14103115637092808	0.22378047118412198	1.4034926251317013	0.1830573046513751
722	-3.159801141904058	-10775.546216044648	4.488961862292117	1.5094071744472808	2.3993061637022746	0.6237509260447098	4.572073505713699	0.3650463003654097	0.3631695005169698	0.14103115637092808	0.22378047118412198	1.4034926251317013	0.1830573046513751
723	-3.159801141904058	-10775.546216044648	4.488961862292117	1.5094071744472808	2.3993061637022746	0.6237509260447098	4.572073505713699	0.3650463003654097	0.3631695005169698	0.14103115637092808	0.22378047118412198	1.4034926251317013	0.1830573046513751
724	-3.384015802050715	-10684.630144877001	4.488961862292117	1.5094071744472808	2.3993061637022746	0.6237509260447098	4.572073505713699	0.3650463003654097	0.3631695005169698	0.14103115637092808	0.22378047118412198	1.4034926251317013	0.1830573046513751
725	-3.384015802050715	-10674.406300192177	4.488961862292117	1.5094071744472808	2.3993061637022746	0.6237509260447098	4.572073505713699	0.3650463003654097	0.3631695005169698	0.14103115637092808	0.22378047118412198	1.4034926251317013	0.1830573046513751
726	-3.384015802050715	-10674.406300192177	4.488961862292117	1.5094071744472808	2.3993061637022746	0.6237509260447098	4.572073505713699	0.3650463003654097	0.3631695005169698	0.14103115637092808	0.22378047118412198	1.4034926251317013	0.1830573046513751
727	-3.384015802050715	-10674.406300192177	4.488961862292117	1.5094071744472808	2.3993061637022746	0.6237509260447098	4.572073505713699	0.3650463003654097	0.3631695005169698	0.14103115637092808	0.22378047118412198	1.4034926251317013	0.1830573046513751
728	-3.384015802050715	-10674.406300192177	4.488961862292117	1.5094071744472808	2.3993061637022746	0.6237509260447098	4.572073505713699	0.3650463003654097	0.3631695005169698	0.14103115637092808	0.22378047118412198	1.4034926251317013	0.1830573046513751
729	-3.384015802050715	-10635.587773870035	4.488961862292117	1.5094071744472808	2.3993061637022746	0.6237509260447098	4.572073505713699	0.3650463003654097	0.3631695005169698	0.14103115637092808	0.22378047118412198	1.4034926251317013	0.1830573046513751
730	-3.384015802050715	-10635.587773870035	4.488961862292117	1.5094071744472808	2.3993061637022746	0.6237509260447098	4.572073505713699	0.3650463003654097	0.3631695005169698	0.14103115637092808	0.22378047118412198	1.4034926251317013	0.1830573046513751
731	-8.933346410715098	-10572.912514651658	4.488961862292117	1.5094071744472808	2.3993061637022746	0.6237509260447098	4.572073505713699	0.3650463003654097	0.3631695005169698	0.14103115637092808	0.22378047118412198	1.4034926251317013	0.1830573046513751
732	-8.933346410715098	-10561.670064307033	4.488961862292117	1.5094071744472808	2.3993061637022746	0.6237509260447098	4.572073505713699	0.3650463003654097	0.3631695005169698	0.14103115637092808	0.22378047118412198	1.4034926251317013	0.1830573046513751
733	-8.933346410715098	-10561.670064307033	4.488961862292117	1.5094071744472808	2.3993061637022746	0.6237509260447098	4.572073505713699	0.3650463003654097	0.3631695005169698	0.14103115637092808	0.22378047118412198	1.4034926251317013	0.1830573046513751
734	-8.950549817985726	-10561.586267223454	4.488961862292117	1.5094071744472808	2.3993061637022746	0.6237509260447098	4.572073505713699	0.3650463003654097	0.3631695005169698	0.14103115637092808	0.22378047118412198	1.4034926251317013	0.1830573046513751
735	-8.950549817985726	-10561.668641971899	4.488961862292117	1.5094071744472808	2.3993061637022746	0.6237509260447098	4.572073505713699	0.3650463003654097	0.3631695005169698	0.14103115637092808	0.22378047118412198	1.4034926251317013	0.1830573046513751
736	-8.950549817985726	-10561.586267223454	4.488961862292117	1.5094071744472808	2.3993061637022746	0.6237509260447098	4.572073505713699	0.3650463003654097	0.3631695005169698	0.14103115637092808	0.22378047118412198	1.4034926251317013	0.1830573046513751
737	-8.950549817985726	-10561.586267223454	4.488961862292117	1.5094071744472808	2.3993061637022746	0.6237509260447098	4.572073505713699	0.3650463003654097	0.3631695005169698	0.14103115637092808	0.22378047118412198	1.4034926251317013	0.1830573046513751
738	-8.950549817985726	-10561.586267223454	4.488961862292117	1.5094071744472808	2.3993061637022746	0.6237509260447098	4.572073505713699	0.3650463003654097	0.3631695005169698	0.14103115637092808	0.22378047118412198	1.4034926251317013	0.1830573046513751
739	-8.950549817985726	-10561.586267223454	4.488961862292117	1.5094071744472808	2.3993061637022746	0.6237509260447098	4.572073505713699	0.3650463003654097	0.3631695005169698	0.14103115637092808	0.22378047118412198	1.4034926251317013	0.1830573046513751
740	-8.950549817985726	-10561.586267223454	4.488961862292117	1.5094071744472808	2.3993061637022746	0.6237509260447098	4.572073505713699	0.3650463003654097	0.3631695005169698	0.14103115637092808	0.22378047118412198	1.4034926251317013	0.1830573046513751
741	-8.950549817985726	-10561.586267223454	4.488961862292117	1.5094071744472808	2.3993061637022746	0.6237509260447098	4.572073505713699	0.3650463003654097	0.3631695005169698	0.14103115637092808	0.22378047118412198	1.4034926251317013	0.1830573046513751
742	-8.971030448776157	-10561.469105799944	4.488961862292117	1.5094071744472808	2.3993061637022746	0.6237509260447098	4.572073505713699	0.3650463003654097	0.3631695005169698	0.14103115637092808	0.22378047118412198	1.4034926251317013	0.1830573046513751
743	-8.971030448776157	-10561.469105799944	4.488961862292117	1.5094071744472808	2.3993061637022746	0.6237509260447098	4.572073505713699	0.3650463003654097	0.3631695005169698	0.14103115637092808	0.22378047118412198	1.4034926251317013	0.1830573046513751
744	-8.958715218471548	-10561.588910847191	4.488961862292117	1.5094071744472808	2.3993061637022746	0.6237509260447098	4.572073505713699	0.3650463003654097	0.3631695005169698	0.14103115637092808	0.22378047118412198	1.4034926251317013	0.1830573046513751
745	-8.961163258941335	-10562.035296952892	4.488961862292117	1.5094071744472808	2.3993061637022746	0.6237509260447098	4.572073505713699	0.3650463003654097	0.3631695005169698	0.14103115637092808	0.22378047118412198	1.4034926251317013	0.1830573046513751
746	-8.961163258941335	-10562.035296952892	4.488961862292117	1.5094071744472808	2.3993061637022746	0.6237509260447098	4.572073505713699	0.3650463003654097	0.3631695005169698	0.14103115637092808	0.22378047118412198	1.4034926251317013	0.1830573046513751
747	-8.961163258941335	-10562.035296952892	4.488961862292117	1.5094071744472808	2.3993061637022746	0.6237509260447098	4.572073505713699	0.3650463003654097	0.3631695005169698	0.14103115637092808	0.22378047118412198	1.4034926251317013	0.1830573046513751
748	-8.961163258941335	-10562.035296952892	4.488961862292117	1.5094071744472808	2.3993061637022746	0.6237509260447098	4.572073505713699	0.3650463003654097	0.3631695005169698	0.14103115637092808	0.22378047118412198	1.4034926251317013	0.1830573046513751
749	-8.961163258941335	-10562.035296952892	4.488961862292117	1.5094071744472808	2.3993061637022746	0.6237509260447098	4.572073505713699	0.3650463003654097	0.3631695005169698	0.14103115637092808	0.22378047118412198	1.4034926251317013	0.1830573046513751
750	-8.961163258941335	-10562.035296952892	4.488961862292117	1.5094071744472808	2.3993061637022746	0.6237509260447098	4.572073505713699	0.3650463003654097	0.3631695005169698	0.14103115637092808	0.22378047118412198	1.4034926251317013	0.1830573046513751
751	-8.961163258941335	-10562.035296952892	4.488961862292117	1.5094071744472808	2.3993061637022746	0.6237509260447098	4.572073505713699	0.3650463003654097	0.3631695005169698	0.14103115637092808	0.22378047118412198	1.4034926251317013	0.1830573046513751
752	-8.961163258941335	-10562.035296952892	4.488961862292117	1.5094071744472808	2.3993061637022746	0.6237509260447098	4.572073505713699	0.3650463003654097	0.3631695005169698	0.14103115637092808	0.22378047118412198	1.4034926251317013	0.1830573046513751
753	-8.961163258941335	-10562.035296952892	4.488961862292117	1.5094071744472808	2.3993061637022746	0.6237509260447098	4.572073505713699	0.3650463003654097	0.3631695005169698	0.14103115637092808	0.22378047118412198	1.4034926251317013	0.1830573046513751
754	-8.961163258941335	-10562.035296952892	4.488961862292117	1.5094071744472808	2.3993061637022746	0.6237509260447098	4.572073505713699	0.3650463003654097	0.3631695005169698	0.14103115637092808	0.22378047118412198	1.4034926251317013	0.1830573046513751
755	-8.961163258941335	-10562.035296952892	4.488961862292117	1.5094071744472808	2.3993061637022746	0.6237509260447098	4.572073505713699	0.3650463003654097	0.3631695005169698	0.14103115637092808	0.22378047118412198	1.4034926251317013	0.1830573046513751
756	-8.961163258941335	-10562.035296952892	4.488961862292117	1.5094071744472808	2.3993061637022746	0.6237509260447098	4.572073505713699	0.3650463003654097	0.3631695005169698	0.14103115637092808	0.22378047118412198	1.4034926251317013	0.1830573046513751
757	-8.976731826723816	-10560.815927526255	4.488961862292117	1.5094071744472808	2.3993061637022746	0.6237509260447098	4.572073505713699	0.3650463003654097	0.3631695005169698	0.14103115637092808	0.22378047118412198	1.4034926251317013	0.1830573046513751
758	-8.976731826723816	-10560.815927526255	4.488961862292117	1.5094071744472808	2.3993061637022746	0.6237509260447098	4.572073505713699	0.3650463003654097	0.3631695005169698	0.14103115637092808	0.22378047118412198	1.4034926251317013	0.1830573046513751
759	-8.976731826723816	-10560.815927526255	4.488961862292117	1.5094071744472808	2.3993061637022746	0.6237509260447098	4.572073505713699	0.3650463003654097	0.3631695005169698	0.14103115637092808	0.22378047118412198	1.4034926251317013	0.1830573046513751
760	-8.976731826723816	-10559.329704494887	4.488961862292117	1.5094071744472808	2.3993061637022746	0.6237509260447098	4.572073505713699	0.3650463003654097	0.3631695005169698	0.14103115637092808	0.22378047118412198	1.4034926251317013	0.1830573046513751
761	-8.976731826723816	-10559.329704494887	4.488961862292117	1.5094071744472808	2.3993061637022746	0.6237509260447098	4.572073505713699	0.3650463003654097	0.3631695005169698	0.14103115637092808	0.22378047118412198	1.4034926251317013	0.1830573046513751
762	-8.976731826723816	-10559.329704494887	4.488961862292117	1.5094071744472808	2.3993061637022746	0.6237509260447098	4.572073505713699	0.3650463003654097	0.3631695005169698	0.14103115637092808	0.22378047118412198	1.4034926251317013	0.1830573046513751
763	-8.976731826723816	-10559.329704494887	4.488961862292117	1.5094071744472808	2.3993061637022746	0.6237509260447098	4.572073505713699	0.3650463003654097	0.3631695005169698	0.14103115637092808	0.22378047118412198	1.4034926251317013	0.1830573046513751
764	-8.976731826723816	-10559.329704494887	4.488961862292117	1.5094071744472808	2.3993061637022746	0.6237509260447098	4.572073505713699	0.3650463003654097	0.3631695005169698	0.14103115637092808	0.22378047118412198	1.4034926251317013	0.1830573046513751
765	-8.967817015276447	-10559.353461250594	4.488961862292117	1.5094071744472808	2.3993061637022746	0.6237509260447098	4.572073505713699	0.3650463003654097	0.3631695005169698	0.14103115637092808	0.22378047118412198	1.4034926251317013	0.1830573046513751
766	-9.068049057535186	-10560.80006178834	4.488961862292117	1.5094071744472808	2.3993061637022746	0.6237509260447098	4.572073505713699	0.3650463003654097	0.3631695005169698	0.14103115637092808	0.22378047118412198	1.4034926251317013	0.1830573046513751
767	-9.019268406641684	-10560.80006178834	4.488961862292117	1.5094071744472808	2.3993061637022746	0.6237509260447098	4.572073505713699	0.3650463003654097	0.3631695005169698	0.14103115637092808	0.22378047118412198	1.4034926251317013	0.166003408056982
768	-7.884475571080082	-10560.80006178834	4.488961862292117	1.5094071744472808	2.3993061637022746	0.6237509260447098	4.572073505713699	0.28570613933958816	0.3892009495642498	0.164394759848362	0.28370236559538003	1.2673122704056874	0.166003408056982
769	-7.884475571080082	-10552.14076095518	4.488961862292117	1.5094071744472808	2.3993061637022746	0.6237509260447098	4.572073505713699	0.28570613933958816	0.3892009495642498	0.164394759848362	0.28370236559538003	1.2673122704056874	0.166003408056982
770	-7.884475571080082	-10552.14076095518	4.488961862292117	1.5094071744472808	2.3993061637022746	0.6237509260447098	4.572073505713699	0.28570613933958816	0.3892009495642498	0.164394759848362	0.28370236559538003	1.2673122704056874	0.166003408056982
771	-7.884475571080082	-10552.14076095518	4.488961862292117	1.5094071744472808	2.3993061637022746	0.6237509260447098	4.572073505713699	0.28570613933958816	0.3892009495642498	0.164394759848362	0.28370236559538003	1.2673122704056874	0.166003408056982
772	-7.897430673370558	-10551.704344385174	4.488961862292117	1.5094071744472808	2.3993061637022746	0.6237509260447098	4.572073505713699	0.28570613933958816	0.3892009495642498	0.164394759848362	0.28370236559538003	1.2673122704056874	0.166003408056982
773	-7.897430673370558	-10551.704344385174	4.488961862292117	1.5094071744472808	2.3993061637022746	0.6237509260447098	4.572073505713699	0.28570613933958816	0.3892009495642498	0.164394759848362	0.28370236559538003	1.2673122704056874	0.166003408056982
774	-7.897430673370558	-10551.704344385174	4.488961862292117	1.5094071744472808	2.3993061637022746	0.6237509260447098	4.572073505713699	0.28570613933958816	0.3892009495642498	0.164394759848362	0.28370236559538003	1.2673122704056874	0.166003408056982
775	-7.897430673370558	-10552.419892400176	4.488961862292117	1.5094071744472808	2.3993061637022746	0.6237509260447098	4.572073505713699	0.28570613933958816	0.3892009495642498	0.164394759848362	0.28370236559538003	1.2673122704056874	0.166003408056982
776	-8.253377222620328	-10552.419892400176	4.488961862292117	1.5094071744472808	2.3993061637022746	0.6237509260447098	4.572073505713699	0.262046477060566	0.32819402403781467	0.19408638755387833	0.2640939352716028	1.4761267534417155	0.166003408056982
777	-8.253377222620328	-10549.940944375112	4.488961862292117	1.5094071744472808	2.3993061637022746	0.6237509260447098	4.572073505713699	0.262046477060566	0.32819402403781467	0.19408638755387833	0.2640939352716028	1.4761267534417155	0.166003408056982
778	-8.253377222620328	-10549.940944375112	4.488961862292117	1.5094071744472808	2.3993061637022746	0.6237509260447098	4.572073505713699	0.262046477060566	0.32819402403781467	0.19408638755387833	0.2640939352716028	1.4761267534417155	0.166003408056982
779	-8.253377222620328	-10549.940944375112	4.488961862292117	1.5094071744472808	2.3993061637022746	0.6237509260447098	4.572073505713699	0.262046477060566	0.32819402403781467	0.19408638755387833	0.2640939352716028	1.4761267534417155	0.166003408056982
780	-8.253377222620328	-10547.487346139153	4.488961862292117	1.5094071744472808	2.3993061637022746	0.6237509260447098	4.572073505713699	0.262046477060566	0.32819402403781467	0.19408638755387833	0.2640939352716028	1.4761267534417155	0.166003408056982
781	-8.253377222620328	-10547.487346139153	4.488961862292117	1.5094071744472808	2.3993061637022746	0.6237509260447098	4.572073505713699	0.262046477060566	0.32819402403781467	0.19408638755387833	0.2640939352716028	1.4761267534417155	0.166003408056982
782	-8.253377222620328	-10547.487346139153	4.488961862292117	1.5094071744472808	2.3993061637022746	0.6237509260447098	4.572073505713699	0.262046477060566	0.32819402403781467	0.19408638755387833	0.2640939352716028	1.4761267534417155	0.166003408056982
783	-8.22208976675041	-10547.487346139153	4.488961862292117	1.5094071744472808	2.3993061637022746	0.6237509260447098	4.572073505713699	0.262046477060566	0.32819402403781467	0.19408638755387833	0.2640939352716028	1.4761267534417155	0.1564262443146202
784	-8.22208976675041	-10547.487346139153	4.488961862292117	1.5094071744472808	2.3993061637022746	0.6237509260447098	4.572073505713699	0.262046477060566	0.32819402403781467	0.19408638755387833	0.2640939352716028	1.4761267534417155	0.1564262443146202
785	-8.22208976675041	-10547.487346139153	4.488961862292117	1.5094071744472808	2.3993061637022746	0.6237509260447098	4.572073505713699	0.262046477060566	0.32819402403781467	0.19408638755387833	0.2640939352716028	1.4761267534417155	0.1564262443146202
786	-8.26888746035585	-10545.257112040228	4.488961862292117	1.5094071744472808	2.3993061637022746	0.6237509260447098	4.572073505713699	0.262046477060566	0.32819402403781467	0.19408638755387833	0.2640939352716028	1.4761267534417155	0.1564262443146202
787	-8.26888746035585	-10545.257112040228	4.488961862292117	1.5094071744472808	2.3993061637022746	0.6237509260447098	4.572073505713699	0.262046477060566	0.32819402403781467	0.19408638755387833	0.2640939352716028	1.4761267534417155	0.1564262443146202
788	-8.26888746035585	-10545.257112040228	4.488961862292117	1.5094071744472808	2.3993061637022746	0.6237509260447098	4.572073505713699	0.262046477060566	0.32819402403781467	0.19408638755387833	0.2640939352716028	1.4761267534417155	0.1564262443146202
789	-8.26888746035585	-10545.257112040228	4.488961862292117	1.5094071744472808	2.3993061637022746	0.6237509260447098	4.572073505713699	0.262046477060566	0.32819402403781467	0.19408638755387833	0.2640939352716028	1.4761267534417155	0.1564262443146202
790	-8.723112050716523	-10541.288513007683	4.488961862292117	1.5094071744472808	2.3993061637022746	0.6237509260447098	4.572073505713699	0.262046477060566	0.32819402403781467	0.19408638755387833	0.2640939352716028	1.4761267534417155	0.1564262443146202
791	-8.723112050716523	-10541.288513007683	4.488961862292117	1.5094071744472808	2.3993061637022746	0.6237509260447098	4.572073505713699	0.262046477060566	0.32819402403781467	0.19408638755387833	0.2640939352716028	1.4761267534417155	0.1564262443146202
792	-8.723112050716523	-10539.629849842175	4.488961862292117	1.5094071744472808	2.3993061637022746	0.6237509260447098	4.572073505713699	0.262046477060566	0.32819402403781467	0.19408638755387833	0.2640939352716028	1.4761267534417155	0.1564262443146202
793	-8.723112050716523	-10537.90769085585	4.488961862292117	1.5094071744472808	2.3993061637022746	0.6237509260447098	4.572073505713699	0.262046477060566	0.32819402403781467	0.19408638755387833	0.2640939352716028	1.4761267534417155	0.1564262443146202
794	-8.719733449367709	-10538.584940637418	4.488961862292117	1.5094071744472808	2.3993061637022746	0.6237509260447098	4.572073505713699	0.262046477060566	0.32819402403781467	0.19408638755387833	0.2640939352716028	1.4761267534417155	0.1564262443146202
795	-8.719733449367709	-10537.845322630807	4.488961862292117	1.5094071744472808	2.3993061637022746	0.6237509260447098	4.572073505713699	0.262046477060566	0.32819402403781467	0.19408638755387833	0.2640939352716028	1.4761267534417155	0.1564262443146202
796	-8.719733449367709	-10537.103261256274	4.488961862292117	1.5094071744472808	2.3993061637022746	0.6237509260447098	4.572073505713699	0.262046477060566	0.32819402403781467	0.19408638755387833	0.2640939352716028	1.4761267534417155	0.1564262443146202
797	-8.774937049544818	-10527.74216759422	4.488961862292117	1.5094071744472808	2.3993061637022746	0.6237509260447098	4.572073505713699	0.262046477060566	0.32819402403781467	0.19408638755387833	0.2640939352716028	1.4761267534417155	0.1564262443146202
798	-8.774937049544818	-10527.65444428697	4.488961862292117	1.5094071744472808	2.3993061637022746	0.6237509260447098	4.572073505713699	0.262046477060566	0.32819402403781467	0.19408638755387833	0.2640939352716028	1.4761267534417155	0.1564262443146202
799	-8.774937049544818	-10526.7079264194	4.488961862292117	1.5094071744472808	2.3993061637022746	0.6237509260447098	4.572073505713699	0.262046477060566	0.32819402403781467	0.19408638755387833	0.2640939352716028	1.4761267534417155	0.1564262443146202
800	-8.850753206609157	-10526.7079264194	4.488961862292117	1.5094071744472808	2.3993061637022746	0.6237509260447098	4.572073505713699	0.262046477060566	0.32819402403781467	0.19408638755387833	0.2640939352716028	1.4761267534417155	0.17955856686593966
801	-8.850753206609157	-10526.803631069324	4.488961862292117	1.5094071744472808	2.3993061637022746	0.6237509260447098	4.572073505713699	0.262046477060566	0.32819402403781467	0.19408638755387833	0.2640939352716028	1.4761267534417155	0.17955856686593966
802	-8.850753206609157	-10526.803631069324	4.488961862292117	1.5094071744472808	2.3993061637022746	0.6237509260447098	4.572073505713699	0.262046477060566	0.32819402403781467	0.19408638755387833	0.2640939352716028	1.4761267534417155	0.17955856686593966
803	-6.84014841361941	-10506.581580358923	4.488961862292117	1.5094071744472808	2.3993061637022746	0.6237509260447098	4.572073505713699	0.262046477060566	0.32819402403781467	0.19408638755387833	0.2640939352716028	1.4761267534417155	0.17955856686593966
804	-6.84014841361941	-10506.581580358923	4.488961862292117	1.5094071744472808	2.3993061637022746	0.6237509260447098	4.572073505713699	0.262046477060566	0.32819402403781467	0.19408638755387833	0.2640939352716028	1.4761267534417155	0.17955856686593966
805	-6.84014841361941	-10506.581580358923	4.488961862292117	1.5094071744472808	2.3993061637022746	0.6237509260447098	4.572073505713699	0.262046477060566	0.32819402403781467	0.19408638755387833	0.2640939352716028	1.4761267534417155	0.17955856686593966
806	-6.84014841361941	-10506.581580358923	4.488961862292117	1.5094071744472808	2.3993061637022746	0.6237509260447098	4.572073505713699	0.262046477060566	0.32819402403781467	0.19408638755387833	0.2640939352716028	1.4761267534417155	0.17955856686593966
807	-6.84014841361941	-10506.581580358923	4.488961862292117	1.5094071744472808	2.3993061637022746	0.6237509260447098	4.572073505713699	0.262046477060566	0.32819402403781467	0.19408638755387833	0.2640939352716028	1.4761267534417155	0.17955856686593966
808	-6.84014841361941	-10506.581580358923	4.488961862292117	1.5094071744472808	2.3993061637022746	0.6237509260447098	4.572073505713699	0.262046477060566	0.32819402403781467	0.19408638755387833	0.2640939352716028	1.4761267534417155	0.17955856686593966
809	-6.84014841361941	-10506.581580358923	4.488961862292117	1.5094071744472808	2.3993061637022746	0.6237509260447098	4.572073505713699	0.262046477060566	0.32819402403781467	0.19408638755387833	0.2640939352716028	1.4761267534417155	0.17955856686593966
810	-6.84014841361941	-10506.581580358923	4.488961862292117	1.5094071744472808	2.3993061637022746	0.6237509260447098	4.572073505713699	0.262046477060566	0.32819402403781467	0.19408638755387833	0.2640939352716028	1.4761267534417155	0.17955856686593966
811	-6.989043292701998	-10495.405083858404	4.488961862292117	1.5094071744472808	2.3993061637022746	0.6237509260447098	4.572073505713699	0.262046477060566	0.32819402403781467	0.19408638755387833	0.2640939352716028	1.4761267534417155	0.17955856686593966
812	-6.989043292701998	-10495.405083858404	4.488961862292117	1.5094071744472808	2.3993061637022746	0.6237509260447098	4.572073505713699	0.262046477060566	0.32819402403781467	0.19408638755387833	0.2640939352716028	1.4761267534417155	0.17955856686593966
813	-6.989043292701998	-10495.405083858404	4.488961862292117	1.5094071744472808	2.3993061637022746	0.6237509260447098	4.572073505713699	0.262046477060566	0.32819402403781467	0.19408638755387833	0.2640939352716028	1.4761267534417155	0.17955856686593966
814	-6.989043292701998	-10484.30545676531	4.488961862292117	1.5094071744472808	2.3993061637022746	0.6237509260447098	4.572073505713699	0.262046477060566	0.32819402403781467	0.19408638755387833	0.2640939352716028	1.4761267534417155	0.17955856686593966
815	-7.448620795803915	-10481.772070657955	4.488961862292117	1.5094071744472808	2.3993061637022746	0.6237509260447098	4.572073505713699	0.262046477060566	0.32819402403781467	0.19408638755387833	0.2640939352716028	1.4761267534417155	0.17955856686593966
816	-7.448620795803915	-10481.772070657955	4.488961862292117	1.5094071744472808	2.3993061637022746	0.6237509260447098	4.572073505713699	0.262046477060566	0.32819402403781467	0.19408638755387833	0.2640939352716028	1.4761267534417155	0.17955856686593966
817	-7.448620795803915	-10481.772070657955	4.488961862292117	1.5094071744472808	2.3993061637022746	0.6237509260447098	4.572073505713699	0.262046477060566	0.32819402403781467	0.19408638755387833	0.2640939352716028	1.4761267534417155	0.17955856686593966
818	-7.448620795803915	-10481.772070657955	4.488961862292117	1.5094071744472808	2.3993061637022746	0.6237509260447098	4.572073505713699	0.262046477060566	0.32819402403781467	0.19408638755387833	0.2640939352716028	1.4761267534417155	0.17955856686593966
819	-7.448620795803915	-10481.772070657955	4.488961862292117	1.5094071744472808	2.3993061637022746	0.6237509260447098	4.572073505713699	0.262046477060566	0.32819402403781467	0.19408638755387833	0.2640939352716028	1.4761267534417155	0.17955856686593966
820	-7.4450140909414095	-10481.510382556722	4.488961862292117	1.5094071744472808	2.3993061637022746	0.6237509260447098	4.572073505713699	0.262046477060566	0.32819402403781467	0.19408638755387833	0.2640939352716028	1.4761267534417155	0.17955856686593966
821	-7.4450140909414095	-10482.123535084265	4.488961862292117	1.5094071744472808	2.3993061637022746	0.6237509260447098	4.572073505713699	0.262046477060566	0.32819402403781467	0.19408638755387833	0.2640939352716028	1.4761267534417155	0.17955856686593966
822	-7.452455892130839	-10481.397865585379	4.488961862292117	1.5094071744472808	2.3993061637022746	0.6237509260447098	4.572073505713699	0.262046477060566	0.32819402403781467	0.19408638755387833	0.2640939352716028	1.4761267534417155	0.17955856686593966
823	-7.452455892130839	-10481.397865585379	4.488961862292117	1.5094071744472808	2.3993061637022746	0.6237509260447098	4.572073505713699	0.262046477060566	0.32819402403781467	0.19408638755387833	0.2640939352716028	1.4761267534417155	0.17955856686593966
824	-7.456439982611311	-10481.778056639738	4.488961862292117	1.5094071744472808	2.3993061637022746	0.6237509260447098	4.572073505713699	0.262046477060566	0.32819402403781467	0.19408638755387833	0.2640939352716028	1.4761267534417155	0.17955856686593966
825	-7.456439982611311	-10482.349789697411	4.488961862292117	1.5094071744472808	2.3993061637022746	0.6237509260447098	4.572073505713699	0.262046477060566	0.32819402403781467	0.19408638755387833	0.2640939352716028	1.4761267534417155	0.17955856686593966
826	-7.456439982611311	-10482.349789697411	4.488961862292117	1.5094071744472808	2.3993061637022746	0.6237509260447098	4.572073505713699	0.262046477060566	0.32819402403781467	0.19408638755387833	0.2640939352716028	1.4761267534417155	0.17955856686593966
827	-7.456439982611311	-10482.349789697411	4.488961862292117	1.5094071744472808	2.3993061637022746	0.6237509260447098	4.572073505713699	0.262046477060566	0.32819402403781467	0.19408638755387833	0.2640939352716028	1.4761267534417155	0.17955856686593966
828	-7.456439982611311	-10482.349789697411	4.488961862292117	1.5094071744472808	2.3993061637022746	0.6237509260447098	4.572073505713699	0.262046477060566	0.32819402403781467	0.19408638755387833	0.2640939352716028	1.4761267534417155	0.17955856686593966
829	-7.456439982611311	-10482.349789697411	4.488961862292117	1.5094071744472808	2.3993061637022746	0.6237509260447098	4.572073505713699	0.262046477060566	0.32819402403781467	0.19408638755387833	0.2640939352716028	1.4761267534417155	0.17955856686593966
830	-7.41500067799117	-10480.386743756726	4.488961862292117	1.5094071744472808	2.3993061637022746	0.6237509260447098	4.572073505713699	0.262046477060566	0.32819402403781467	0.19408638755387833	0.2640939352716028	1.4761267534417155	0.17955856686593966
831	-7.41500067799117	-10478.696157460052	4.488961862292117	1.5094071744472808	2.3993061637022746	0.6237509260447098	4.572073505713699	0.262046477060566	0.32819402403781467	0.19408638755387833	0.2640939352716028	1.4761267534417155	0.17955856686593966
832	-7.414850278737003	-10478.647552865035	4.488961862292117	1.5094071744472808	2.3993061637022746	0.6237509260447098	4.572073505713699	0.262046477060566	0.32819402403781467	0.19408638755387833	0.2640939352716028	1.4761267534417155	0.17955856686593966
833	-7.414850278737003	-10478.647552865035	4.488961862292117	1.5094071744472808	2.3993061637022746	0.6237509260447098	4.572073505713699	0.262046477060566	0.32819402403781467	0.19408638755387833	0.2640939352716028	1.4761267534417155	0.17955856686593966
834	-7.414850278737003	-10478.647552865035	4.488961862292117	1.5094071744472808	2.3993061637022746	0.6237509260447098	4.572073505713699	0.262046477060566	0.32819402403781467	0.19408638755387833	0.2640939352716028	1.4761267534417155	0.17955856686593966
835	-7.416647190517207	-10479.243328386787	4.488961862292117	1.5094071744472808	2.3993061637022746	0.6237509260447098	4.572073505713699	0.262046477060566	0.32819402403781467	0.19408638755387833	0.2640939352716028	1.4761267534417155	0.17955856686593966
836	-7.416647190517207	-10479.243328386787	4.488961862292117	1.5094071744472808	2.3993061637022746	0.6237509260447098	4.572073505713699	0.262046477060566	0.32819402403781467	0.19408638755387833	0.2640939352716028	1.4761267534417155	0.17955856686593966
837	-7.397558197321386	-10479.243328386787	4.488961862292117	1.5094071744472808	2.3993061637022746	0.6237509260447098	4.572073505713699	0.3015366372080847	0.3797431685133698	0.1930029523570044	0.22069492266074195	1.3312662424370918	0.17955856686593966
838	-7.397558197321386	-10479.243328386787	4.488961862292117	1.5094071744472808	2.3993061637022746	0.6237509260447098	4.572073505713699	0.3015366372080847	0.3797431685133698	0.1930029523570044	0.22069492266074195	1.3312662424370918	0.17955856686593966
839	-7.397558197321386	-10479.243328386787	4.488961862292117	1.5094071744472808	2.3993061637022746	0.6237509260447098	4.572073505713699	0.3015366372080847	0.3797431685133698	0.1930029523570044	0.22069492266074195	1.3312662424370918	0.17955856686593966
840	-7.397558197321386	-10479.243328386787	4.488961862292117	1.5094071744472808	2.3993061637022746	0.6237509260447098	4.572073505713699	0.3015366372080847	0.3797431685133698	0.1930029523570044	0.22069492266074195	1.3312662424370918	0.17955856686593966
841	-7.397558197321386	-10479.243328386787	4.488961862292117	1.5094071744472808	2.3993061637022746	0.6237509260447098	4.572073505713699	0.3015366372080847	0.3797431685133698	0.1930029523570044	0.22069492266074195	1.3312662424370918	0.17955856686593966
842	-7.397558197321386	-10479.243328386787	4.488961862292117	1.5094071744472808	2.3993061637022746	0.6237509260447098	4.572073505713699	0.3015366372080847	0.3797431685133698	0.1930029523570044	0.22069492266074195	1.3312662424370918	0.17955856686593966
843	-7.397558197321386	-10479.243328386787	4.488961862292117	1.5094071744472808	2.3993061637022746	0.6237509260447098	4.572073505713699	0.3015366372080847	0.3797431685133698	0.1930029523570044	0.22069492266074195	1.3312662424370918	0.17955856686593966
844	-7.397558197321386	-10479.243328386787	4.488961862292117	1.5094071744472808	2.3993061637022746	0.6237509260447098	4.572073505713699	0.3015366372080847	0.3797431685133698	0.1930029523570044	0.22069492266074195	1.3312662424370918	0.17955856686593966
845	-7.397558197321386	-10479.243328386787	4.488961862292117	1.5094071744472808	2.3993061637022746	0.6237509260447098	4.572073505713699	0.3015366372080847	0.3797431685133698	0.1930029523570044	0.22069492266074195	1.3312662424370918	0.17955856686593966
846	-7.397558197321386	-10475.821249939234	4.488961862292117	1.5094071744472808	2.3993061637022746	0.6237509260447098	4.572073505713699	0.3015366372080847	0.3797431685133698	0.1930029523570044	0.22069492266074195	1.3312662424370918	0.17955856686593966
847	-7.397558197321386	-10475.821249939234	4.488961862292117	1.5094071744472808	2.3993061637022746	0.6237509260447098	4.572073505713699	0.3015366372080847	0.3797431685133698	0.1930029523570044	0.22069492266074195	1.3312662424370918	0.17955856686593966
848	-7.397558197321386	-10475.35912466835	4.488961862292117	1.5094071744472808	2.3993061637022746	0.6237509260447098	4.572073505713699	0.3015366372080847	0.3797431685133698	0.1930029523570044	0.22069492266074195	1.3312662424370918	0.17955856686593966
849	-7.397558197321386	-10474.377289838601	4.488961862292117	1.5094071744472808	2.3993061637022746	0.6237509260447098	4.572073505713699	0.3015366372080847	0.3797431685133698	0.1930029523570044	0.22069492266074195	1.3312662424370918	0.17955856686593966
850	-7.397558197321386	-10474.377289838601	4.488961862292117	1.5094071744472808	2.3993061637022746	0.6237509260447098	4.572073505713699	0.3015366372080847	0.3797431685133698	0.1930029523570044	0.22069492266074195	1.3312662424370918	0.17955856686593966
851	-7.397558197321386	-10474.377289838601	4.488961862292117	1.5094071744472808	2.3993061637022746	0.6237509260447098	4.572073505713699	0.3015366372080847	0.3797431685133698	0.1930029523570044	0.22069492266074195	1.3312662424370918	0.17955856686593966
852	-7.397558197321386	-10474.377289838601	4.488961862292117	1.5094071744472808	2.3993061637022746	0.6237509260447098	4.572073505713699	0.3015366372080847	0.3797431685133698	0.1930029523570044	0.22069492266074195	1.3312662424370918	0.17955856686593966
853	-7.397558197321386	-10474.377289838601	4.488961862292117	1.5094071744472808	2.3993061637022746	0.6237509260447098	4.572073505713699	0.3015366372080847	0.3797431685133698	0.1930029523570044	0.22069492266074195	1.3312662424370918	0.17955856686593966
854	-7.397558197321386	-10474.377289838601	4.488961862292117	1.5094071744472808	2.3993061637022746	0.6237509260447098	4.572073505713699	0.3015366372080847	0.3797431685133698	0.1930029523570044	0.22069492266074195	1.3312662424370918	0.17955856686593966
855	6.678677166072989	-10474.377289838601	5.974685397409283	1.416295669171761	2.9631018895531547	0.7988549655002672	5.833556140027875	0.3015366372080847	0.3797431685133698	0.1930029523570044	0.22069492266074195	1.3312662424370918	0.17955856686593966
856	6.678677166072989	-10474.377289838601	5.974685397409283	1.416295669171761	2.9631018895531547	0.7988549655002672	5.833556140027875	0.3015366372080847	0.3797431685133698	0.1930029523570044	0.22069492266074195	1.3312662424370918	0.17955856686593966
857	6.680852685912912	-10473.839799720818	5.974685397409283	1.416295669171761	2.9631018895531547	0.7988549655002672	5.833556140027875	0.3015366372080847	0.3797431685133698	0.1930029523570044	0.22069492266074195	1.3312662424370918	0.17955856686593966
858	6.680852685912912	-10473.839799720818	5.974685397409283	1.416295669171761	2.9631018895531547	0.7988549655002672	5.833556140027875	0.3015366372080847	0.3797431685133698	0.1930029523570044	0.22069492266074195	1.3312662424370918	0.17955856686593966
859	6.730591334695029	-10473.839799720818	5.974685397409283	1.416295669171761	2.9631018895531547	0.7988549655002672	5.833556140027875	0.3032949307952225	0.4534990294845879	0.15383377236279513	0.19060103333575257	1.3212032642218186	0.17955856686593966
860	6.730591334695029	-10473.839799720818	5.974685397409283	1.416295669171761	2.9631018895531547	0.7988549655002672	5.833556140027875	0.3032949307952225	0.4534990294845879	0.15383377236279513	0.19060103333575257	1.3212032642218186	0.17955856686593966
861	6.730591334695029	-10473.839799720818	5.974685397409283	1.416295669171761	2.9631018895531547	0.7988549655002672	5.833556140027875	0.3032949307952225	0.4534990294845879	0.15383377236279513	0.19060103333575257	1.3212032642218186	0.17955856686593966
862	6.730591334695029	-10473.839799720818	5.974685397409283	1.416295669171761	2.9631018895531547	0.7988549655002672	5.833556140027875	0.3032949307952225	0.4534990294845879	0.15383377236279513	0.19060103333575257	1.3212032642218186	0.17955856686593966
863	6.730591334695029	-10473.839799720818	5.974685397409283	1.416295669171761	2.9631018895531547	0.7988549655002672	5.833556140027875	0.3032949307952225	0.4534990294845879	0.15383377236279513	0.19060103333575257	1.3212032642218186	0.17955856686593966
864	6.730591334695029	-10473.839799720818	5.974685397409283	1.416295669171761	2.9631018895531547	0.7988549655002672	5.833556140027875	0.3032949307952225	0.4534990294845879	0.15383377236279513	0.19060103333575257	1.3212032642218186	0.17955856686593966
865	6.730591334695029	-10473.839799720818	5.974685397409283	1.416295669171761	2.9631018895531547	0.7988549655002672	5.833556140027875	0.3032949307952225	0.4534990294845879	0.15383377236279513	0.19060103333575257	1.3212032642218186	0.17955856686593966
866	6.730591334695029	-10473.839799720818	5.974685397409283	1.416295669171761	2.9631018895531547	0.7988549655002672	5.833556140027875	0.3032949307952225	0.4534990294845879	0.15383377236279513	0.19060103333575257	1.3212032642218186	0.17955856686593966
867	6.730591334695029	-10473.839799720818	5.974685397409283	1.416295669171761	2.9631018895531547	0.7988549655002672	5.833556140027875	0.3032949307952225	0.4534990294845879	0.15383377236279513	0.19060103333575257	1.3212032642218186	0.17955856686593966
868	6.730591334695029	-10473.839799720818	5.974685397409283	1.416295669171761	2.9631018895531547	0.7988549655002672	5.833556140027875	0.3032949307952225	0.4534990294845879	0.15383377236279513	0.19060103333575257	1.3212032642218186	0.17955856686593966
869	6.730591334695029	-10473.839799720818	5.974685397409283	1.416295669171761	2.9631018895531547	0.7988549655002672	5.833556140027875	0.3032949307952225	0.4534990294845879	0.15383377236279513	0.19060103333575257	1.3212032642218186	0.17955856686593966
870	6.718710965642551	-10472.404955353579	5.974685397409283	1.416295669171761	2.9631018895531547	0.7988549655002672	5.833556140027875	0.3032949307952225	0.4534990294845879	0.15383377236279513	0.19060103333575257	1.3212032642218186	0.17955856686593966
871	6.718710965642551	-10472.404955353579	5.974685397409283	1.416295669171761	2.9631018895531547	0.7988549655002672	5.833556140027875	0.3032949307952225	0.4534990294845879	0.15383377236279513	0.19060103333575257	1.3212032642218186	0.17955856686593966
872	6.718710965642551	-10472.404955353579	5.974685397409283	1.416295669171761	2.9631018895531547	0.7988549655002672	5.833556140027875	0.3032949307952225	0.4534990294845879	0.15383377236279513	0.19060103333575257	1.3212032642218186	0.17955856686593966
873	6.718710965642551	-10461.058141167854	5.974685397409283	1.416295669171761	2.9631018895531547	0.7988549655002672	5.833556140027875	0.3032949307952225	0.4534990294845879	0.15383377236279513	0.19060103333575257	1.3212032642218186	0.17955856686593966
874	6.718710965642551	-10461.058141167854	5.974685397409283	1.416295669171761	2.9631018895531547	0.7988549655002672	5.833556140027875	0.3032949307952225	0.4534990294845879	0.15383377236279513	0.19060103333575257	1.3212032642218186	0.17955856686593966
875	6.718710965642551	-10461.058141167854	5.974685397409283	1.416295669171761	2.9631018895531547	0.7988549655002672	5.833556140027875	0.3032949307952225	0.4534990294845879	0.15383377236279513	0.19060103333575257	1.3212032642218186	0.17955856686593966
876	6.716181200837561	-10461.326565628302	5.974685397409283	1.416295669171761	2.9631018895531547	0.7988549655002672	5.833556140027875	0.3032949307952225	0.4534990294845879	0.15383377236279513	0.19060103333575257	1.3212032642218186	0.17955856686593966
877	6.716181200837561	-10461.326565628302	5.974685397409283	1.416295669171761	2.9631018895531547	0.7988549655002672	5.833556140027875	0.3032949307952225	0.4534990294845879	0.15383377236279513	0.19060103333575257	1.3212032642218186	0.17955856686593966
878	6.716181200837561	-10461.326565628302	5.974685397409283	1.416295669171761	2.9631018895531547	0.7988549655002672	5.833556140027875	0.3032949307952225	0.4534990294845879	0.15383377236279513	0.19060103333575257	1.3212032642218186	0.17955856686593966
879	6.716181200837561	-10461.326565628302	5.974685397409283	1.416295669171761	2.9631018895531547	0.7988549655002672	5.833556140027875	0.3032949307952225	0.4534990294845879	0.15383377236279513	0.19060103333575257	1.3212032642218186	0.17955856686593966
880	6.716181200837561	-10461.316489145865	5.974685397409283	1.416295669171761	2.9631018895531547	0.7988549655002672	5.833556140027875	0.3032949307952225	0.4534990294845879	0.15383377236279513	0.19060103333575257	1.3212032642218186	0.17955856686593966
881	6.716181200837561	-10461.316489145865	5.974685397409283	1.416295669171761	2.9631018895531547	0.7988549655002672	5.833556140027875	0.3032949307952225	0.4534990294845879	0.15383377236279513	0.19060103333575257	1.3212032642218186	0.17955856686593966
882	6.716181200837561	-10461.316489145865	5.974685397409283	1.416295669171761	2.9631018895531547	0.7988549655002672	5.833556140027875	0.3032949307952225	0.4534990294845879	0.15383377236279513	0.19060103333575257	1.3212032642218186	0.17955856686593966
883	6.716181200837561	-10461.316489145865	5.974685397409283	1.416295669171761	2.9631018895531547	0.7988549655002672	5.833556140027875	0.3032949307952225	0.4534990294845879	0.15383377236279513	0.19060103333575257	1.3212032642218186	0.17955856686593966
884	7.451026766760477	-10461.462659395096	5.974685397409283	1.416295669171761	2.9631018895531547	0.7988549655002672	5.833556140027875	0.3032949307952225	0.4534990294845879	0.15383377236279513	0.19060103333575257	1.3212032642218186	0.17955856686593966
885	7.451026766760477	-10270.138138859553	5.974685397409283	1.416295669171761	2.9631018895531547	0.7988549655002672	5.833556140027875	0.3032949307952225	0.4534990294845879	0.15383377236279513	0.19060103333575257	1.3212032642218186	0.17955856686593966
886	7.451026766760477	-10270.138138859553	5.974685397409283	1.416295669171761	2.9631018895531547	0.7988549655002672	5.833556140027875	0.3032949307952225	0.4534990294845879	0.15383377236279513	0.19060103333575257	1.3212032642218186	0.17955856686593966
887	7.451026766760477	-10270.138138859553	5.974685397409283	1.416295669171761	2.9631018895531547	0.7988549655002672	5.833556140027875	0.3032949307952225	0.4534990294845879	0.15383377236279513	0.19060103333575257	1.3212032642218186	0.17955856686593966
888	7.451026766760477	-10270.138138859553	5.974685397409283	1.416295669171761	2.9631018895531547	0.7988549655002672	5.833556140027875	0.3032949307952225	0.4534990294845879	0.15383377236279513	0.19060103333575257	1.3212032642218186	0.17955856686593966
889	7.451026766760477	-10270.138138859553	5.974685397409283	1.416295669171761	2.9631018895531547	0.7988549655002672	5.833556140027875	0.3032949307952225	0.4534990294845879	0.15383377236279513	0.19060103333575257	1.3212032642218186	0.17955856686593966
890	7.451026766760477	-10270.138138859553	5.974685397409283	1.416295669171761	2.9631018895531547	0.7988549655002672	5.833556140027875	0.3032949307952225	0.4534990294845879	0.15383377236279513	0.19060103333575257	1.3212032642218186	0.17955856686593966
891	7.451026766760477	-10270.138138859553	5.974685397409283	1.416295669171761	2.9631018895531547	0.7988549655002672	5.833556140027875	0.3032949307952225	0.4534990294845879	0.15383377236279513	0.19060103333575257	1.3212032642218186	0.17955856686593966
892	7.451026766760477	-10270.138138859553	5.974685397409283	1.416295669171761	2.9631018895531547	0.7988549655002672	5.833556140027875	0.3032949307952225	0.4534990294845879	0.15383377236279513	0.19060103333575257	1.3212032642218186	0.17955856686593966
893	7.463877707238521	-10270.138138859553	5.974685397409283	1.416295669171761	2.9631018895531547	0.7988549655002672	5.833556140027875	0.3032949307952225	0.4534990294845879	0.15383377236279513	0.19060103333575257	1.3212032642218186	0.1766505747509737
894	7.310873119180866	-10262.767630226346	5.974685397409283	1.416295669171761	2.9631018895531547	0.7988549655002672	5.833556140027875	0.3032949307952225	0.4534990294845879	0.15383377236279513	0.19060103333575257	1.3212032642218186	0.1766505747509737
895	7.310873119180866	-10206.795944673811	5.974685397409283	1.416295669171761	2.9631018895531547	0.7988549655002672	5.833556140027875	0.3032949307952225	0.4534990294845879	0.15383377236279513	0.19060103333575257	1.3212032642218186	0.1766505747509737
896	7.310873119180866	-10206.795944673811	5.974685397409283	1.416295669171761	2.9631018895531547	0.7988549655002672	5.833556140027875	0.3032949307952225	0.4534990294845879	0.15383377236279513	0.19060103333575257	1.3212032642218186	0.1766505747509737
897	7.310873119180866	-10206.795944673811	5.974685397409283	1.416295669171761	2.9631018895531547	0.7988549655002672	5.833556140027875	0.3032949307952225	0.4534990294845879	0.15383377236279513	0.19060103333575257	1.3212032642218186	0.1766505747509737
898	7.310873119180866	-10206.795944673811	5.974685397409283	1.416295669171761	2.9631018895531547	0.7988549655002672	5.833556140027875	0.3032949307952225	0.4534990294845879	0.15383377236279513	0.19060103333575257	1.3212032642218186	0.1766505747509737
899	7.310873119180866	-10206.528467317132	5.974685397409283	1.416295669171761	2.9631018895531547	0.7988549655002672	5.833556140027875	0.3032949307952225	0.4534990294845879	0.15383377236279513	0.19060103333575257	1.3212032642218186	0.1766505747509737
900	7.310873119180866	-10206.528467317132	5.974685397409283	1.416295669171761	2.9631018895531547	0.7988549655002672	5.833556140027875	0.3032949307952225	0.4534990294845879	0.15383377236279513	0.19060103333575257	1.3212032642218186	0.1766505747509737
901	7.310873119180866	-10206.528467317132	5.974685397409283	1.416295669171761	2.9631018895531547	0.7988549655002672	5.833556140027875	0.3032949307952225	0.4534990294845879	0.15383377236279513	0.19060103333575257	1.3212032642218186	0.1766505747509737
902	7.310873119180866	-10204.138645444154	5.974685397409283	1.416295669171761	2.9631018895531547	0.7988549655002672	5.833556140027875	0.3032949307952225	0.4534990294845879	0.15383377236279513	0.19060103333575257	1.3212032642218186	0.1766505747509737
903	7.310873119180866	-10204.138645444154	5.974685397409283	1.416295669171761	2.9631018895531547	0.7988549655002672	5.833556140027875	0.3032949307952225	0.4534990294845879	0.15383377236279513	0.19060103333575257	1.3212032642218186	0.1766505747509737
904	7.310873119180866	-10204.138645444154	5.974685397409283	1.416295669171761	2.9631018895531547	0.7988549655002672	5.833556140027875	0.3032949307952225	0.4534990294845879	0.15383377236279513	0.19060103333575257	1.3212032642218186	0.1766505747509737
905	7.310873119180866	-10204.138645444154	5.974685397409283	1.416295669171761	2.9631018895531547	0.7988549655002672	5.833556140027875	0.3032949307952225	0.4534990294845879	0.15383377236279513	0.19060103333575257	1.3212032642218186	0.1766505747509737
906	7.310873119180866	-10185.435987774932	5.974685397409283	1.416295669171761	2.9631018895531547	0.7988549655002672	5.833556140027875	0.3032949307952225	0.4534990294845879	0.15383377236279513	0.19060103333575257	1.3212032642218186	0.1766505747509737
907	7.289612203722254	-10183.098957708673	5.974685397409283	1.416295669171761	2.9631018895531547	0.7988549655002672	5.833556140027875	0.3032949307952225	0.4534990294845879	0.15383377236279513	0.19060103333575257	1.3212032642218186	0.1766505747509737
908	7.289612203722254	-10183.098957708673	5.974685397409283	1.416295669171761	2.9631018895531547	0.7988549655002672	5.833556140027875	0.3032949307952225	0.4534990294845879	0.15383377236279513	0.19060103333575257	1.3212032642218186	0.1766505747509737
909	7.289612203722254	-10183.098957708673	5.974685397409283	1.416295669171761	2.9631018895531547	0.7988549655002672	5.833556140027875	0.3032949307952225	0.4534990294845879	0.15383377236279513	0.19060103333575257	1.3212032642218186	0.1766505747509737
910	7.289612203722254	-10183.098957708673	5.974685397409283	1.416295669171761	2.9631018895531547	0.7988549655002672	5.833556140027875	0.3032949307952225	0.4534990294845879	0.15383377236279513	0.19060103333575257	1.3212032642218186	0.1766505747509737
911	7.289612203722254	-10181.720509182836	5.974685397409283	1.416295669171761	2.9631018895531547	0.7988549655002672	5.833556140027875	0.3032949307952225	0.4534990294845879	0.15383377236279513	0.19060103333575257	1.3212032642218186	0.1766505747509737
912	7.289612203722254	-10181.720509182836	5.974685397409283	1.416295669171761	2.9631018895531547	0.7988549655002672	5.833556140027875	0.3032949307952225	0.4534990294845879	0.15383377236279513	0.19060103333575257	1.3212032642218186	0.1766505747509737
913	7.289612203722254	-10181.720509182836	5.974685397409283	1.416295669171761	2.9631018895531547	0.7988549655002672	5.833556140027875	0.3032949307952225	0.4534990294845879	0.15383377236279513	0.19060103333575257	1.3212032642218186	0.1766505747509737
914	7.289612203722254	-10181.720509182836	5.974685397409283	1.416295669171761	2.9631018895531547	0.7988549655002672	5.833556140027875	0.3032949307952225	0.4534990294845879	0.15383377236279513	0.19060103333575257	1.3212032642218186	0.1766505747509737
915	7.289612203722254	-10181.720509182836	5.974685397409283	1.416295669171761	2.9631018895531547	0.7988549655002672	5.833556140027875	0.3032949307952225	0.4534990294845879	0.15383377236279513	0.19060103333575257	1.3212032642218186	0.1766505747509737
916	7.289612203722254	-10181.720509182836	5.974685397409283	1.416295669171761	2.9631018895531547	0.7988549655002672	5.833556140027875	0.3032949307952225	0.4534990294845879	0.15383377236279513	0.19060103333575257	1.3212032642218186	0.1766505747509737
917	7.289612203722254	-10181.720509182836	5.974685397409283	1.416295669171761	2.9631018895531547	0.7988549655002672	5.833556140027875	0.3032949307952225	0.4534990294845879	0.15383377236279513	0.19060103333575257	1.3212032642218186	0.1766505747509737
918	7.289612203722254	-10181.720509182836	5.974685397409283	1.416295669171761	2.9631018895531547	0.7988549655002672	5.833556140027875	0.3032949307952225	0.4534990294845879	0.15383377236279513	0.19060103333575257	1.3212032642218186	0.1766505747509737
919	7.289612203722254	-10181.720509182836	5.974685397409283	1.416295669171761	2.9631018895531547	0.7988549655002672	5.833556140027875	0.3032949307952225	0.4534990294845879	0.15383377236279513	0.19060103333575257	1.3212032642218186	0.1766505747509737
920	7.283834674567996	-10181.435155212424	5.974685397409283	1.416295669171761	2.9631018895531547	0.7988549655002672	5.833556140027875	0.3032949307952225	0.4534990294845879	0.15383377236279513	0.19060103333575257	1.3212032642218186	0.1766505747509737
921	7.283834674567996	-10181.435155212424	5.974685397409283	1.416295669171761	2.9631018895531547	0.7988549655002672	5.833556140027875	0.3032949307952225	0.4534990294845879	0.15383377236279513	0.19060103333575257	1.3212032642218186	0.1766505747509737
922	7.283834674567996	-10181.435155212424	5.974685397409283	1.416295669171761	2.9631018895531547	0.7988549655002672	5.833556140027875	0.3032949307952225	0.4534990294845879	0.15383377236279513	0.19060103333575257	1.3212032642218186	0.1766505747509737
923	7.308133953031171	-10180.542392669022	5.974685397409283	1.416295669171761	2.9631018895531547	0.7988549655002672	5.833556140027875	0.3032949307952225	0.4534990294845879	0.15383377236279513	0.19060103333575257	1.3212032642218186	0.1766505747509737
924	7.308133953031171	-10180.542392669022	5.974685397409283	1.416295669171761	2.9631018895531547	0.7988549655002672	5.833556140027875	0.3032949307952225	0.4534990294845879	0.15383377236279513	0.19060103333575257	1.3212032642218186	0.1766505747509737
925	7.308133953031171	-10182.274587446946	5.974685397409283	1.416295669171761	2.9631018895531547	0.7988549655002672	5.833556140027875	0.3032949307952225	0.4534990294845879	0.15383377236279513	0.19060103333575257	1.3212032642218186	0.1766505747509737
926	7.308133953031171	-10182.274587446946	5.974685397409283	1.416295669171761	2.9631018895531547	0.7988549655002672	5.833556140027875	0.3032949307952225	0.4534990294845879	0.15383377236279513	0.19060103333575257	1.3212032642218186	0.1766505747509737
927	7.308133953031171	-10182.274587446946	5.974685397409283	1.416295669171761	2.9631018895531547	0.7988549655002672	5.833556140027875	0.3032949307952225	0.4534990294845879	0.15383377236279513	0.19060103333575257	1.3212032642218186	0.1766505747509737
928	7.298278957394072	-10181.421255470796	5.974685397409283	1.416295669171761	2.9631018895531547	0.7988549655002672	5.833556140027875	0.3032949307952225	0.4534990294845879	0.15383377236279513	0.19060103333575257	1.3212032642218186	0.1766505747509737
929	15.801821073903355	-10181.421255470796	7.361943335818344	1.7729556600352925	2.414933376023419	0.6607718970873181	5.536611270549201	0.3032949307952225	0.4534990294845879	0.15383377236279513	0.19060103333575257	1.3212032642218186	0.1766505747509737
930	15.801821073903355	-10181.421255470796	7.361943335818344	1.7729556600352925	2.414933376023419	0.6607718970873181	5.536611270549201	0.3032949307952225	0.4534990294845879	0.15383377236279513	0.19060103333575257	1.3212032642218186	0.1766505747509737
931	15.801821073903355	-10181.421255470796	7.361943335818344	1.7729556600352925	2.414933376023419	0.6607718970873181	5.536611270549201	0.3032949307952225	0.4534990294845879	0.15383377236279513	0.19060103333575257	1.3212032642218186	0.1766505747509737
932	15.801821073903355	-10175.95564315825	7.361943335818344	1.7729556600352925	2.414933376023419	0.6607718970873181	5.536611270549201	0.3032949307952225	0.4534990294845879	0.15383377236279513	0.19060103333575257	1.3212032642218186	0.1766505747509737
933	15.801821073903355	-10175.95564315825	7.361943335818344	1.7729556600352925	2.414933376023419	0.6607718970873181	5.536611270549201	0.3032949307952225	0.4534990294845879	0.15383377236279513	0.19060103333575257	1.3212032642218186	0.1766505747509737
934	15.801821073903355	-10164.531327466731	7.361943335818344	1.7729556600352925	2.414933376023419	0.6607718970873181	5.536611270549201	0.3032949307952225	0.4534990294845879	0.15383377236279513	0.19060103333575257	1.3212032642218186	0.1766505747509737
935	15.801821073903355	-10164.478060915104	7.361943335818344	1.7729556600352925	2.414933376023419	0.6607718970873181	5.536611270549201	0.3032949307952225	0.4534990294845879	0.15383377236279513	0.19060103333575257	1.3212032642218186	0.1766505747509737
936	15.801821073903355	-10164.478060915104	7.361943335818344	1.7729556600352925	2.414933376023419	0.6607718970873181	5.536611270549201	0.3032949307952225	0.4534990294845879	0.15383377236279513	0.19060103333575257	1.3212032642218186	0.1766505747509737
937	15.801821073903355	-10164.478060915104	7.361943335818344	1.7729556600352925	2.414933376023419	0.6607718970873181	5.536611270549201	0.3032949307952225	0.4534990294845879	0.15383377236279513	0.19060103333575257	1.3212032642218186	0.1766505747509737
938	15.801821073903355	-10164.478060915104	7.361943335818344	1.7729556600352925	2.414933376023419	0.6607718970873181	5.536611270549201	0.3032949307952225	0.4534990294845879	0.15383377236279513	0.19060103333575257	1.3212032642218186	0.1766505747509737
939	15.801821073903355	-10164.478060915104	7.361943335818344	1.7729556600352925	2.414933376023419	0.6607718970873181	5.536611270549201	0.3032949307952225	0.4534990294845879	0.15383377236279513	0.19060103333575257	1.3212032642218186	0.1766505747509737
940	15.801821073903355	-10164.478060915104	7.361943335818344	1.7729556600352925	2.414933376023419	0.6607718970873181	5.536611270549201	0.3032949307952225	0.4534990294845879	0.15383377236279513	0.19060103333575257	1.3212032642218186	0.1766505747509737
941	15.801821073903355	-10164.478060915104	7.361943335818344	1.7729556600352925	2.414933376023419	0.6607718970873181	5.536611270549201	0.3032949307952225	0.4534990294845879	0.15383377236279513	0.19060103333575257	1.3212032642218186	0.1766505747509737
942	15.801821073903355	-10164.478060915104	7.361943335818344	1.7729556600352925	2.414933376023419	0.6607718970873181	5.536611270549201	0.3032949307952225	0.4534990294845879	0.15383377236279513	0.19060103333575257	1.3212032642218186	0.1766505747509737
943	15.79613933129339	-10164.32300596368	7.361943335818344	1.7729556600352925	2.414933376023419	0.6607718970873181	5.536611270549201	0.3032949307952225	0.4534990294845879	0.15383377236279513	0.19060103333575257	1.3212032642218186	0.1766505747509737
944	15.79613933129339	-10164.32300596368	7.361943335818344	1.7729556600352925	2.414933376023419	0.6607718970873181	5.536611270549201	0.3032949307952225	0.4534990294845879	0.15383377236279513	0.19060103333575257	1.3212032642218186	0.1766505747509737
945	15.795285223000079	-10164.249783986928	7.361943335818344	1.7729556600352925	2.414933376023419	0.6607718970873181	5.536611270549201	0.3032949307952225	0.4534990294845879	0.15383377236279513	0.19060103333575257	1.3212032642218186	0.1766505747509737
946	15.795285223000079	-10164.249783986928	7.361943335818344	1.7729556600352925	2.414933376023419	0.6607718970873181	5.536611270549201	0.3032949307952225	0.4534990294845879	0.15383377236279513	0.19060103333575257	1.3212032642218186	0.1766505747509737
947	15.795285223000079	-10164.249783986928	7.361943335818344	1.7729556600352925	2.414933376023419	0.6607718970873181	5.536611270549201	0.3032949307952225	0.4534990294845879	0.15383377236279513	0.19060103333575257	1.3212032642218186	0.1766505747509737
948	15.795285223000079	-10164.249783986928	7.361943335818344	1.7729556600352925	2.414933376023419	0.6607718970873181	5.536611270549201	0.3032949307952225	0.4534990294845879	0.15383377236279513	0.19060103333575257	1.3212032642218186	0.1766505747509737
949	15.895933784430905	-10164.249783986928	7.361943335818344	1.7729556600352925	2.414933376023419	0.6607718970873181	5.536611270549201	0.3032949307952225	0.4534990294845879	0.15383377236279513	0.19060103333575257	1.3212032642218186	0.15835384413533393
950	15.925487966485218	-10162.958691145808	7.361943335818344	1.7729556600352925	2.414933376023419	0.6607718970873181	5.536611270549201	0.3032949307952225	0.4534990294845879	0.15383377236279513	0.19060103333575257	1.3212032642218186	0.15835384413533393
951	15.925487966485218	-10162.958691145808	7.361943335818344	1.7729556600352925	2.414933376023419	0.6607718970873181	5.536611270549201	0.3032949307952225	0.4534990294845879	0.15383377236279513	0.19060103333575257	1.3212032642218186	0.15835384413533393
952	15.925487966485218	-10162.958691145808	7.361943335818344	1.7729556600352925	2.414933376023419	0.6607718970873181	5.536611270549201	0.3032949307952225	0.4534990294845879	0.15383377236279513	0.19060103333575257	1.3212032642218186	0.15835384413533393
953	15.925487966485218	-10158.994096901431	7.361943335818344	1.7729556600352925	2.414933376023419	0.6607718970873181	5.536611270549201	0.3032949307952225	0.4534990294845879	0.15383377236279513	0.19060103333575257	1.3212032642218186	0.15835384413533393
954	15.925487966485218	-10158.994096901431	7.361943335818344	1.7729556600352925	2.414933376023419	0.6607718970873181	5.536611270549201	0.3032949307952225	0.4534990294845879	0.15383377236279513	0.19060103333575257	1.3212032642218186	0.15835384413533393
955	15.925487966485218	-10158.94383113742	7.361943335818344	1.7729556600352925	2.414933376023419	0.6607718970873181	5.536611270549201	0.3032949307952225	0.4534990294845879	0.15383377236279513	0.19060103333575257	1.3212032642218186	0.15835384413533393
956	15.925487966485218	-10158.94383113742	7.361943335818344	1.7729556600352925	2.414933376023419	0.6607718970873181	5.536611270549201	0.3032949307952225	0.4534990294845879	0.15383377236279513	0.19060103333575257	1.3212032642218186	0.15835384413533393
957	15.925487966485218	-10158.94383113742	7.361943335818344	1.7729556600352925	2.414933376023419	0.6607718970873181	5.536611270549201	0.3032949307952225	0.4534990294845879	0.15383377236279513	0.19060103333575257	1.3212032642218186	0.15835384413533393
958	15.925487966485218	-10158.94383113742	7.361943335818344	1.7729556600352925	2.414933376023419	0.6607718970873181	5.536611270549201	0.3032949307952225	0.4534990294845879	0.15383377236279513	0.19060103333575257	1.3212032642218186	0.15835384413533393
959	15.925487966485218	-10158.94383113742	7.361943335818344	1.7729556600352925	2.414933376023419	0.6607718970873181	5.536611270549201	0.3032949307952225	0.4534990294845879	0.15383377236279513	0.19060103333575257	1.3212032642218186	0.15835384413533393
960	15.925487966485218	-10158.94383113742	7.361943335818344	1.7729556600352925	2.414933376023419	0.6607718970873181	5.536611270549201	0.3032949307952225	0.4534990294845879	0.15383377236279513	0.19060103333575257	1.3212032642218186	0.15835384413533393
961	15.925487966485218	-10158.94383113742	7.361943335818344	1.7729556600352925	2.414933376023419	0.6607718970873181	5.536611270549201	0.3032949307952225	0.4534990294845879	0.15383377236279513	0.19060103333575257	1.3212032642218186	0.15835384413533393
962	15.925487966485218	-10159.645138603626	7.361943335818344	1.7729556600352925	2.414933376023419	0.6607718970873181	5.536611270549201	0.3032949307952225	0.4534990294845879	0.15383377236279513	0.19060103333575257	1.3212032642218186	0.15835384413533393
963	15.925487966485218	-10159.645138603626	7.361943335818344	1.7729556600352925	2.414933376023419	0.6607718970873181	5.536611270549201	0.3032949307952225	0.4534990294845879	0.15383377236279513	0.19060103333575257	1.3212032642218186	0.15835384413533393
964	15.928113350959773	-10158.642762850415	7.361943335818344	1.7729556600352925	2.414933376023419	0.6607718970873181	5.536611270549201	0.3032949307952225	0.4534990294845879	0.15383377236279513	0.19060103333575257	1.3212032642218186	0.15835384413533393
965	15.928113350959773	-10158.642762850415	7.361943335818344	1.7729556600352925	2.414933376023419	0.6607718970873181	5.536611270549201	0.3032949307952225	0.4534990294845879	0.15383377236279513	0.19060103333575257	1.3212032642218186	0.15835384413533393
966	15.928113350959773	-10151.700045772275	7.361943335818344	1.7729556600352925	2.414933376023419	0.6607718970873181	5.536611270549201	0.3032949307952225	0.4534990294845879	0.15383377236279513	0.19060103333575257	1.3212032642218186	0.15835384413533393
967	15.9018818948886	-10150.473782907851	7.361943335818344	1.7729556600352925	2.414933376023419	0.6607718970873181	5.536611270549201	0.3032949307952225	0.4534990294845879	0.15383377236279513	0.19060103333575257	1.3212032642218186	0.15835384413533393
968	15.89059929253828	-10150.628628702962	7.361943335818344	1.7729556600352925	2.414933376023419	0.6607718970873181	5.536611270549201	0.3032949307952225	0.4534990294845879	0.15383377236279513	0.19060103333575257	1.3212032642218186	0.15835384413533393
969	17.47818041507685	-10098.548494960887	7.361943335818344	1.7729556600352925	2.414933376023419	0.6607718970873181	5.536611270549201	0.3032949307952225	0.4534990294845879	0.15383377236279513	0.19060103333575257	1.3212032642218186	0.15835384413533393
970	17.47818041507685	-10098.548494960887	7.361943335818344	1.7729556600352925	2.414933376023419	0.6607718970873181	5.536611270549201	0.3032949307952225	0.4534990294845879	0.15383377236279513	0.19060103333575257	1.3212032642218186	0.15835384413533393
971	17.47818041507685	-10098.548494960887	7.361943335818344	1.7729556600352925	2.414933376023419	0.6607718970873181	5.536611270549201	0.3032949307952225	0.4534990294845879	0.15383377236279513	0.19060103333575257	1.3212032642218186	0.15835384413533393
972	17.47818041507685	-10098.548494960887	7.361943335818344	1.7729556600352925	2.414933376023419	0.6607718970873181	5.536611270549201	0.3032949307952225	0.4534990294845879	0.15383377236279513	0.19060103333575257	1.3212032642218186	0.15835384413533393
973	17.47818041507685	-10098.548494960887	7.361943335818344	1.7729556600352925	2.414933376023419	0.6607718970873181	5.536611270549201	0.3032949307952225	0.4534990294845879	0.15383377236279513	0.19060103333575257	1.3212032642218186	0.15835384413533393
974	17.47818041507685	-10098.548494960887	7.361943335818344	1.7729556600352925	2.414933376023419	0.6607718970873181	5.536611270549201	0.3032949307952225	0.4534990294845879	0.15383377236279513	0.19060103333575257	1.3212032642218186	0.15835384413533393
975	17.47818041507685	-10098.548494960887	7.361943335818344	1.7729556600352925	2.414933376023419	0.6607718970873181	5.536611270549201	0.3032949307952225	0.4534990294845879	0.15383377236279513	0.19060103333575257	1.3212032642218186	0.15835384413533393
976	17.47818041507685	-10098.548494960887	7.361943335818344	1.7729556600352925	2.414933376023419	0.6607718970873181	5.536611270549201	0.3032949307952225	0.4534990294845879	0.15383377236279513	0.19060103333575257	1.3212032642218186	0.15835384413533393
977	17.47818041507685	-10098.548494960887	7.361943335818344	1.7729556600352925	2.414933376023419	0.6607718970873181	5.536611270549201	0.3032949307952225	0.4534990294845879	0.15383377236279513	0.19060103333575257	1.3212032642218186	0.15835384413533393
978	17.47818041507685	-10098.548494960887	7.361943335818344	1.7729556600352925	2.414933376023419	0.6607718970873181	5.536611270549201	0.3032949307952225	0.4534990294845879	0.15383377236279513	0.19060103333575257	1.3212032642218186	0.15835384413533393
979	19.090934170924896	-10095.580587601755	7.361943335818344	1.7729556600352925	2.414933376023419	0.6607718970873181	5.536611270549201	0.3032949307952225	0.4534990294845879	0.15383377236279513	0.19060103333575257	1.3212032642218186	0.15835384413533393
980	19.090934170924896	-10092.487111296836	7.361943335818344	1.7729556600352925	2.414933376023419	0.6607718970873181	5.536611270549201	0.3032949307952225	0.4534990294845879	0.15383377236279513	0.19060103333575257	1.3212032642218186	0.15835384413533393
981	19.090934170924896	-10092.487111296836	7.361943335818344	1.7729556600352925	2.414933376023419	0.6607718970873181	5.536611270549201	0.3032949307952225	0.4534990294845879	0.15383377236279513	0.19060103333575257	1.3212032642218186	0.15835384413533393
982	19.04319115607251	-10080.598548530126	7.361943335818344	1.7729556600352925	2.414933376023419	0.6607718970873181	5.536611270549201	0.3032949307952225	0.4534990294845879	0.15383377236279513	0.19060103333575257	1.3212032642218186	0.15835384413533393
983	27.37503921161623	-10080.598548530126	8.846731613878559	1.592151623353385	2.9706752530962754	0.5374956929878371	5.740302093574588	0.3032949307952225	0.4534990294845879	0.15383377236279513	0.19060103333575257	1.3212032642218186	0.15835384413533393
984	27.37503921161623	-10080.598548530126	8.846731613878559	1.592151623353385	2.9706752530962754	0.5374956929878371	5.740302093574588	0.3032949307952225	0.4534990294845879	0.15383377236279513	0.19060103333575257	1.3212032642218186	0.15835384413533393
985	27.37503921161623	-10080.598548530126	8.846731613878559	1.592151623353385	2.9706752530962754	0.5374956929878371	5.740302093574588	0.3032949307952225	0.4534990294845879	0.15383377236279513	0.19060103333575257	1.3212032642218186	0.15835384413533393
986	27.37503921161623	-10080.598548530126	8.846731613878559	1.592151623353385	2.9706752530962754	0.5374956929878371	5.740302093574588	0.3032949307952225	0.4534990294845879	0.15383377236279513	0.19060103333575257	1.3212032642218186	0.15835384413533393
987	27.37503921161623	-10080.598548530126	8.846731613878559	1.592151623353385	2.9706752530962754	0.5374956929878371	5.740302093574588	0.3032949307952225	0.4534990294845879	0.15383377236279513	0.19060103333575257	1.3212032642218186	0.15835384413533393
988	27.37503921161623	-10080.598548530126	8.846731613878559	1.592151623353385	2.9706752530962754	0.5374956929878371	5.740302093574588	0.3032949307952225	0.4534990294845879	0.15383377236279513	0.19060103333575257	1.3212032642218186	0.15835384413533393
989	27.37503921161623	-10080.791961331584	8.846731613878559	1.592151623353385	2.9706752530962754	0.5374956929878371	5.740302093574588	0.3032949307952225	0.4534990294845879	0.15383377236279513	0.19060103333575257	1.3212032642218186	0.15835384413533393
990	27.37503921161623	-10080.791961331584	8.846731613878559	1.592151623353385	2.9706752530962754	0.5374956929878371	5.740302093574588	0.3032949307952225	0.4534990294845879	0.15383377236279513	0.19060103333575257	1.3212032642218186	0.15835384413533393
991	27.37503921161623	-10080.791961331584	8.846731613878559	1.592151623353385	2.9706752530962754	0.5374956929878371	5.740302093574588	0.3032949307952225	0.4534990294845879	0.15383377236279513	0.19060103333575257	1.3212032642218186	0.15835384413533393
992	27.37503921161623	-10080.791961331584	8.846731613878559	1.592151623353385	2.9706752530962754	0.5374956929878371	5.740302093574588	0.3032949307952225	0.4534990294845879	0.15383377236279513	0.19060103333575257	1.3212032642218186	0.15835384413533393
993	27.37503921161623	-10080.791961331584	8.846731613878559	1.592151623353385	2.9706752530962754	0.5374956929878371	5.740302093574588	0.3032949307952225	0.4534990294845879	0.15383377236279513	0.19060103333575257	1.3212032642218186	0.15835384413533393
994	29.105469832937448	-10081.464869324753	8.846731613878559	1.592151623353385	2.9706752530962754	0.5374956929878371	5.740302093574588	0.3032949307952225	0.4534990294845879	0.15383377236279513	0.19060103333575257	1.3212032642218186	0.15835384413533393
995	27.352521849092586	-10080.903055425162	8.846731613878559	1.592151623353385	2.9706752530962754	0.5374956929878371	5.740302093574588	0.3032949307952225	0.4534990294845879	0.15383377236279513	0.19060103333575257	1.3212032642218186	0.15835384413533393
996	27.352521849092586	-10080.903055425162	8.846731613878559	1.592151623353385	2.9706752530962754	0.5374956929878371	5.740302093574588	0.3032949307952225	0.4534990294845879	0.15383377236279513	0.19060103333575257	1.3212032642218186	0.15835384413533393
997	27.352521849092586	-10080.903055425162	8.846731613878559	1.592151623353385	2.9706752530962754	0.5374956929878371	5.740302093574588	0.3032949307952225	0.4534990294845879	0.15383377236279513	0.19060103333575257	1.3212032642218186	0.15835384413533393
998	27.352521849092586	-10080.903055425162	8.846731613878559	1.592151623353385	2.9706752530962754	0.5374956929878371	5.740302093574588	0.3032949307952225	0.4534990294845879	0.15383377236279513	0.19060103333575257	1.3212032642218186	0.15835384413533393
999	27.352521849092586	-10080.903055425162	8.846731613878559	1.592151623353385	2.9706752530962754	0.5374956929878371	5.740302093574588	0.3032949307952225	0.4534990294845879	0.15383377236279513	0.19060103333575257	1.3212032642218186	0.15835384413533393
