#
#model:
#
#<?xml version="1.0" encoding="UTF-8" standalone="no"?><input id="posterior" spec="beast.base.inference.CompoundDistribution">
#    <distribution id="prior" spec="beast.base.inference.CompoundDistribution">
#        <distribution id="birthDeath" originIsRootEdge="true" spec="bdsky.evolution.speciation.BirthDeathSkylineModel">
#            <parameter dimension="5" id="intervalTimes" name="intervalTimes" spec="beast.base.inference.parameter.RealParameter">0.0 0.01 0.02 0.03 0.04</parameter>
#            <reverseTimeArrays dimension="5" id="reverseTimeArrays" spec="beast.base.inference.parameter.BooleanParameter">true true true false false</reverseTimeArrays>
#            <parameter id="origin" lower="0.05" name="origin" spec="beast.base.inference.parameter.RealParameter">0.5</parameter>
#            <parameter dimension="5" id="birthRate" lower="0.0" name="birthRate" spec="beast.base.inference.parameter.RealParameter">1.0 1.2 0.9 1.4 1.1</parameter>
#            <deathRate expression="birthRate deathRate *" id="death" spec="beast.base.inference.util.RPNcalculator">
#                <parameter idref="birthRate"/>
#                <parameter dimension="5" id="deathRate" lower="0.0" spec="beast.base.inference.parameter.RealParameter">0.5 0.45 0.55 0.4 0.6</parameter>
#            </deathRate>
#            <parameter dimension="5" id="samplingRate" lower="0.0" name="samplingRate" spec="beast.base.inference.parameter.RealParameter">0.25 0.25 0.25 0.25 0.25</parameter>
#            <tree IsLabelledNewick="true" adjustTipHeights="false" id="tree" newick="(((AF271852i_2685:0.13485022388767737,((AF271861i_3452:0.044938442268639876,(AF271885i_3289:0.009877310064721364,AF271838i_1803:0.009877310064721364):0.035061132203918516):0.04776379381323232,(((AF271874i_1359:0.0019230507078066622,AF271872i_4053:0.0019230507078066622):0.018078054544105073,((AF271873i_4055:0.010326640464516356,AF271835i_1767:0.010326640464516356):6.691823246665844E-4,(AF271884i_2659:7.271618491540825E-4,AF271854i_2856:7.271618491540825E-4):0.010268660940028857):0.009005282462728796):0.020364894203838493,((AF271882i_2153:0.003395986997383218,AF271866i_3465:0.003395986997383218):0.00658253443199398,AF271850i_2673:0.009978521429377198):0.03038747802637303):0.05233623662612197):0.04214798780580517):0.6375851514450108,((((((AF271836i_1796:0.05169983777759623,AF271843i_2147:0.05169983777759623):0.010272424497478873,((AF271887i_3405:0.04428061140044273,AF271839i_1997:0.04428061140044273):0.0046896880119626505,(AF271864i_3461:0.030147846840854635,(AF271831i_1164:0.02398309208276277,(AF271858i_3318:1.1512805904653285E-4,AF271862i_3458:1.1512805904653285E-4):0.023867964023716236):0.006164754758091865):0.018822452571550748):0.01300196286266972):0.12554138328517472,(((AF271880i_2115:0.019908338762199898,(AF271869i_4020:0.01573751002502666,AF271833i_1240:0.01573751002502666):0.004170828737173237):0.14266649854497382,(AF271829i_0923:0.0024642750872121456,AF271844i_2150:0.0024642750872121456):0.16011056221996156):0.016719352192174075,((AF271865i_3463:0.029262576178137382,AF271868i_3471:0.029262576178137382):0.07723382671065279,((AF271877i_1999:0.02514285819343654,AF271840i_2130:0.02514285819343654):0.014025532540322197,(AF271826i_0873:0.008795393863556829,(AF271846i_2429:0.00394942233304547,(AF271842i_2141:0.002140370181304716,AF271860i_3400:0.002140370181304716):0.0018090521517407539):0.004845971530511359):0.03037299687020191):0.06732801215503142):0.07279778661055761):0.008219456060902047):0.28533717561845773,(AF271878i_2000:0.3170022267994642,((((AF271875i_1380:0.0039599228619936295,AF271849i_2663:0.0039599228619936295):0.0021383652632776173,AF271876i_1797:0.006098288125271247):0.11194589205128644,((AF271886i_3319:0.03465192004670318,AF271855i_2862:0.03465192004670318):0.010552573079621111,(AF271834i_1339:0.010986413514016384,AF271828i_0922:0.010986413514016384):0.034218079612307904):0.07283968705023339):0.06864812465966152,((AF271837i_1801:0.04712983622462497,AF271857i_2957:0.04712983622462497):0.007189059218821459,AF271859i_3393:0.05431889544344643):0.13237340939277278):0.130309921963245):0.15584859437924337):0.022208720320151254,((AF271867i_3468:0.07566245220714256,(AF271827i_0883:0.025458135177596992,AF271847i_2438:0.025458135177596992):0.050204317029545566):0.29888329225148275,((AF271845i_2386:0.015002295400564077,AF271825i_0800:0.015002295400564077):0.34641892239624983,AF271848i_2446:0.3614212177968139):0.013124526661811409):0.12051379704023352):0.06682508054287822,(((((AF271863i_3460:0.019900613777813016,AF271871i_4036:0.019900613777813016):0.024365219137367815,(AF271856i_2926:6.312249097633727E-4,AF271841i_2134:6.312249097633727E-4):0.043634608005417456):0.003277450733616294,(AF271870i_4033:0.023509431187541514,AF271851i_2681:0.023509431187541514):0.02403385246125561):0.11390559951975099,((AF271881i_2116:0.023528010586812566,AF271830i_1150:0.023528010586812566):0.13306123321732607,AF271853i_2852:0.15658924380413863):0.004859639364409474):0.25181956742347134,AF271832i_1226:0.41326845059201944):0.14861617144971762):0.2105507532909512):0.8836734942709736,(AF271883i_2432:0.0793735467473457,AF271879i_2113:0.0793735467473457):1.5767353228563161);" spec="beast.base.evolution.tree.TreeParser">
#                <taxonset id="TaxonSet" spec="beast.base.evolution.alignment.TaxonSet">
#                    <taxon id="AF271852i_2685" spec="beast.base.evolution.alignment.Taxon"/>
#                    <taxon id="AF271861i_3452" spec="beast.base.evolution.alignment.Taxon"/>
#                    <taxon id="AF271885i_3289" spec="beast.base.evolution.alignment.Taxon"/>
#                    <taxon id="AF271838i_1803" spec="beast.base.evolution.alignment.Taxon"/>
#                    <taxon id="AF271874i_1359" spec="beast.base.evolution.alignment.Taxon"/>
#                    <taxon id="AF271872i_4053" spec="beast.base.evolution.alignment.Taxon"/>
#                    <taxon id="AF271873i_4055" spec="beast.base.evolution.alignment.Taxon"/>
#                    <taxon id="AF271835i_1767" spec="beast.base.evolution.alignment.Taxon"/>
#                    <taxon id="AF271884i_2659" spec="beast.base.evolution.alignment.Taxon"/>
#                    <taxon id="AF271854i_2856" spec="beast.base.evolution.alignment.Taxon"/>
#                    <taxon id="AF271882i_2153" spec="beast.base.evolution.alignment.Taxon"/>
#                    <taxon id="AF271866i_3465" spec="beast.base.evolution.alignment.Taxon"/>
#                    <taxon id="AF271850i_2673" spec="beast.base.evolution.alignment.Taxon"/>
#                    <taxon id="AF271836i_1796" spec="beast.base.evolution.alignment.Taxon"/>
#                    <taxon id="AF271843i_2147" spec="beast.base.evolution.alignment.Taxon"/>
#                    <taxon id="AF271887i_3405" spec="beast.base.evolution.alignment.Taxon"/>
#                    <taxon id="AF271839i_1997" spec="beast.base.evolution.alignment.Taxon"/>
#                    <taxon id="AF271864i_3461" spec="beast.base.evolution.alignment.Taxon"/>
#                    <taxon id="AF271831i_1164" spec="beast.base.evolution.alignment.Taxon"/>
#                    <taxon id="AF271858i_3318" spec="beast.base.evolution.alignment.Taxon"/>
#                    <taxon id="AF271862i_3458" spec="beast.base.evolution.alignment.Taxon"/>
#                    <taxon id="AF271880i_2115" spec="beast.base.evolution.alignment.Taxon"/>
#                    <taxon id="AF271869i_4020" spec="beast.base.evolution.alignment.Taxon"/>
#                    <taxon id="AF271833i_1240" spec="beast.base.evolution.alignment.Taxon"/>
#                    <taxon id="AF271829i_0923" spec="beast.base.evolution.alignment.Taxon"/>
#                    <taxon id="AF271844i_2150" spec="beast.base.evolution.alignment.Taxon"/>
#                    <taxon id="AF271865i_3463" spec="beast.base.evolution.alignment.Taxon"/>
#                    <taxon id="AF271868i_3471" spec="beast.base.evolution.alignment.Taxon"/>
#                    <taxon id="AF271877i_1999" spec="beast.base.evolution.alignment.Taxon"/>
#                    <taxon id="AF271840i_2130" spec="beast.base.evolution.alignment.Taxon"/>
#                    <taxon id="AF271826i_0873" spec="beast.base.evolution.alignment.Taxon"/>
#                    <taxon id="AF271846i_2429" spec="beast.base.evolution.alignment.Taxon"/>
#                    <taxon id="AF271842i_2141" spec="beast.base.evolution.alignment.Taxon"/>
#                    <taxon id="AF271860i_3400" spec="beast.base.evolution.alignment.Taxon"/>
#                    <taxon id="AF271878i_2000" spec="beast.base.evolution.alignment.Taxon"/>
#                    <taxon id="AF271875i_1380" spec="beast.base.evolution.alignment.Taxon"/>
#                    <taxon id="AF271849i_2663" spec="beast.base.evolution.alignment.Taxon"/>
#                    <taxon id="AF271876i_1797" spec="beast.base.evolution.alignment.Taxon"/>
#                    <taxon id="AF271886i_3319" spec="beast.base.evolution.alignment.Taxon"/>
#                    <taxon id="AF271855i_2862" spec="beast.base.evolution.alignment.Taxon"/>
#                    <taxon id="AF271834i_1339" spec="beast.base.evolution.alignment.Taxon"/>
#                    <taxon id="AF271828i_0922" spec="beast.base.evolution.alignment.Taxon"/>
#                    <taxon id="AF271837i_1801" spec="beast.base.evolution.alignment.Taxon"/>
#                    <taxon id="AF271857i_2957" spec="beast.base.evolution.alignment.Taxon"/>
#                    <taxon id="AF271859i_3393" spec="beast.base.evolution.alignment.Taxon"/>
#                    <taxon id="AF271867i_3468" spec="beast.base.evolution.alignment.Taxon"/>
#                    <taxon id="AF271827i_0883" spec="beast.base.evolution.alignment.Taxon"/>
#                    <taxon id="AF271847i_2438" spec="beast.base.evolution.alignment.Taxon"/>
#                    <taxon id="AF271845i_2386" spec="beast.base.evolution.alignment.Taxon"/>
#                    <taxon id="AF271825i_0800" spec="beast.base.evolution.alignment.Taxon"/>
#                    <taxon id="AF271848i_2446" spec="beast.base.evolution.alignment.Taxon"/>
#                    <taxon id="AF271863i_3460" spec="beast.base.evolution.alignment.Taxon"/>
#                    <taxon id="AF271871i_4036" spec="beast.base.evolution.alignment.Taxon"/>
#                    <taxon id="AF271856i_2926" spec="beast.base.evolution.alignment.Taxon"/>
#                    <taxon id="AF271841i_2134" spec="beast.base.evolution.alignment.Taxon"/>
#                    <taxon id="AF271870i_4033" spec="beast.base.evolution.alignment.Taxon"/>
#                    <taxon id="AF271851i_2681" spec="beast.base.evolution.alignment.Taxon"/>
#                    <taxon id="AF271881i_2116" spec="beast.base.evolution.alignment.Taxon"/>
#                    <taxon id="AF271830i_1150" spec="beast.base.evolution.alignment.Taxon"/>
#                    <taxon id="AF271853i_2852" spec="beast.base.evolution.alignment.Taxon"/>
#                    <taxon id="AF271832i_1226" spec="beast.base.evolution.alignment.Taxon"/>
#                    <taxon id="AF271883i_2432" spec="beast.base.evolution.alignment.Taxon"/>
#                    <taxon id="AF271879i_2113" spec="beast.base.evolution.alignment.Taxon"/>
#                </taxonset>
#            </tree>
#        </distribution>
#    </distribution>
#    <distribution id="likelihood" spec="beast.base.evolution.likelihood.TreeLikelihood" tree="@tree">
#        <siteModel id="siteModel" spec="beast.base.evolution.sitemodel.SiteModel">
#            <substModel id="jc" spec="beast.base.evolution.substitutionmodel.JukesCantor"/>
#        </siteModel>
#        <branchRateModel id="strictClock" spec="beast.base.evolution.branchratemodel.StrictClockModel">
#            <parameter id="clockRate" name="clock.rate" spec="beast.base.inference.parameter.RealParameter">1.0</parameter>
#        </branchRateModel>
#    </distribution>
#</input>
#
Sample	birthDeath	likelihood	birthRate0	birthRate1	birthRate2	birthRate3	birthRate4	deathRate0	deathRate1	deathRate2	deathRate3	deathRate4	origin
0	-82.9374101519446	-14854.706507453719	1.0	1.2	0.9	1.4	1.1	0.5	0.45	0.55	0.4	0.6	0.5
1	-82.9374101519446	-14854.706507453719	1.0	1.2	0.9	1.4	1.1	0.5	0.45	0.55	0.4	0.6	0.5
2	-82.9374101519446	-14854.706507453719	1.0	1.2	0.9	1.4	1.1	0.5	0.45	0.55	0.4	0.6	0.5
3	-82.94040317893814	-14852.547296604247	1.0	1.2	0.9	1.4	1.1	0.5	0.45	0.55	0.4	0.6	0.5
4	-82.94112615716078	-14849.911905749608	1.0	1.2	0.9	1.4	1.1	0.5	0.45	0.55	0.4	0.6	0.5
5	-82.94112615716078	-14849.911905749608	1.0	1.2	0.9	1.4	1.1	0.5	0.45	0.55	0.4	0.6	0.5
6	-82.94112615716078	-14849.911905749608	1.0	1.2	0.9	1.4	1.1	0.5	0.45	0.55	0.4	0.6	0.5
7	-82.80921557085165	-14720.850232141736	1.0	1.2	0.9	1.4	1.1	0.5	0.45	0.55	0.4	0.6	0.5
8	-82.80921557085165	-14716.246670156805	1.0	1.2	0.9	1.4	1.1	0.5	0.45	0.55	0.4	0.6	0.5
9	-82.80921557085165	-14716.246670156805	1.0	1.2	0.9	1.4	1.1	0.5	0.45	0.55	0.4	0.6	0.5
10	-82.80921557085165	-14716.246670156805	1.0	1.2	0.9	1.4	1.1	0.5	0.45	0.55	0.4	0.6	0.5
11	-82.80921557085165	-14716.246670156805	1.0	1.2	0.9	1.4	1.1	0.5	0.45	0.55	0.4	0.6	0.5
12	-82.80921557085165	-14716.246670156805	1.0	1.2	0.9	1.4	1.1	0.5	0.45	0.55	0.4	0.6	0.5
13	-82.80921557085165	-14716.246670156805	1.0	1.2	0.9	1.4	1.1	0.5	0.45	0.55	0.4	0.6	0.5
14	-82.80921557085165	-14704.14070371418	1.0	1.2	0.9	1.4	1.1	0.5	0.45	0.55	0.4	0.6	0.5
15	-82.80414291261425	-14698.887565394527	1.0	1.2	0.9	1.4	1.1	0.5	0.45	0.55	0.4	0.6	0.5
16	-82.80414291261425	-14698.887565394527	1.0	1.2	0.9	1.4	1.1	0.5	0.45	0.55	0.4	0.6	0.5
17	-82.80414291261425	-14698.887565394527	1.0	1.2	0.9	1.4	1.1	0.5	0.45	0.55	0.4	0.6	0.5
18	-82.96894626334105	-14698.887565394527	1.0	1.2	0.9	1.4	1.1	0.5	0.45	0.55	0.4	0.6	0.66478440612234
19	-83.29012667014472	-14697.373790012127	1.0	1.2	0.9	1.4	1.1	0.5	0.45	0.55	0.4	0.6	0.66478440612234
20	-83.29012667014472	-14697.373790012127	1.0	1.2	0.9	1.4	1.1	0.5	0.45	0.55	0.4	0.6	0.66478440612234
21	-82.57003176552753	-14697.373790012127	1.0	1.2	0.9	1.4	1.1	0.3996009002732478	0.44802827756535935	0.5930383355247992	0.3553909617201509	0.5191100982560763	0.66478440612234
22	-82.5555388994281	-14697.81053107818	1.0	1.2	0.9	1.4	1.1	0.3996009002732478	0.44802827756535935	0.5930383355247992	0.3553909617201509	0.5191100982560763	0.66478440612234
23	-82.5555388994281	-14697.81053107818	1.0	1.2	0.9	1.4	1.1	0.3996009002732478	0.44802827756535935	0.5930383355247992	0.3553909617201509	0.5191100982560763	0.66478440612234
24	-82.5555388994281	-14697.81053107818	1.0	1.2	0.9	1.4	1.1	0.3996009002732478	0.44802827756535935	0.5930383355247992	0.3553909617201509	0.5191100982560763	0.66478440612234
25	-82.5555388994281	-14697.81053107818	1.0	1.2	0.9	1.4	1.1	0.3996009002732478	0.44802827756535935	0.5930383355247992	0.3553909617201509	0.5191100982560763	0.66478440612234
26	-82.5555388994281	-14697.81053107818	1.0	1.2	0.9	1.4	1.1	0.3996009002732478	0.44802827756535935	0.5930383355247992	0.3553909617201509	0.5191100982560763	0.66478440612234
27	-82.5555388994281	-14697.81053107818	1.0	1.2	0.9	1.4	1.1	0.3996009002732478	0.44802827756535935	0.5930383355247992	0.3553909617201509	0.5191100982560763	0.66478440612234
28	-82.5555388994281	-14687.535524481911	1.0	1.2	0.9	1.4	1.1	0.3996009002732478	0.44802827756535935	0.5930383355247992	0.3553909617201509	0.5191100982560763	0.66478440612234
29	-82.5555388994281	-14687.535524481911	1.0	1.2	0.9	1.4	1.1	0.3996009002732478	0.44802827756535935	0.5930383355247992	0.3553909617201509	0.5191100982560763	0.66478440612234
30	-82.5555388994281	-14687.535524481911	1.0	1.2	0.9	1.4	1.1	0.3996009002732478	0.44802827756535935	0.5930383355247992	0.3553909617201509	0.5191100982560763	0.66478440612234
31	-82.5555388994281	-14687.204190126433	1.0	1.2	0.9	1.4	1.1	0.3996009002732478	0.44802827756535935	0.5930383355247992	0.3553909617201509	0.5191100982560763	0.66478440612234
32	-82.55154718706127	-14675.297196912967	1.0	1.2	0.9	1.4	1.1	0.3996009002732478	0.44802827756535935	0.5930383355247992	0.3553909617201509	0.5191100982560763	0.66478440612234
33	-82.55154718706127	-14675.297196912967	1.0	1.2	0.9	1.4	1.1	0.3996009002732478	0.44802827756535935	0.5930383355247992	0.3553909617201509	0.5191100982560763	0.66478440612234
34	-82.55154718706127	-14675.297196912967	1.0	1.2	0.9	1.4	1.1	0.3996009002732478	0.44802827756535935	0.5930383355247992	0.3553909617201509	0.5191100982560763	0.66478440612234
35	-82.55154718706127	-14675.297196912967	1.0	1.2	0.9	1.4	1.1	0.3996009002732478	0.44802827756535935	0.5930383355247992	0.3553909617201509	0.5191100982560763	0.66478440612234
36	-82.55154718706127	-14661.005016385727	1.0	1.2	0.9	1.4	1.1	0.3996009002732478	0.44802827756535935	0.5930383355247992	0.3553909617201509	0.5191100982560763	0.66478440612234
37	-82.55154718706127	-14661.005016385727	1.0	1.2	0.9	1.4	1.1	0.3996009002732478	0.44802827756535935	0.5930383355247992	0.3553909617201509	0.5191100982560763	0.66478440612234
38	-82.55154718706127	-14661.005016385727	1.0	1.2	0.9	1.4	1.1	0.3996009002732478	0.44802827756535935	0.5930383355247992	0.3553909617201509	0.5191100982560763	0.66478440612234
39	-82.55096787989582	-14659.897681149985	1.0	1.2	0.9	1.4	1.1	0.3996009002732478	0.44802827756535935	0.5930383355247992	0.3553909617201509	0.5191100982560763	0.66478440612234
40	-82.55096787989582	-14659.897681149985	1.0	1.2	0.9	1.4	1.1	0.3996009002732478	0.44802827756535935	0.5930383355247992	0.3553909617201509	0.5191100982560763	0.66478440612234
41	-82.55096787989582	-14659.897681149985	1.0	1.2	0.9	1.4	1.1	0.3996009002732478	0.44802827756535935	0.5930383355247992	0.3553909617201509	0.5191100982560763	0.66478440612234
42	-82.55096787989582	-14659.897681149985	1.0	1.2	0.9	1.4	1.1	0.3996009002732478	0.44802827756535935	0.5930383355247992	0.3553909617201509	0.5191100982560763	0.66478440612234
43	-79.01986890312786	-14659.897681149985	1.2071503154338339	1.3818656998858412	0.6966138252189514	1.3435794721758594	0.9545474039704405	0.3996009002732478	0.44802827756535935	0.5930383355247992	0.3553909617201509	0.5191100982560763	0.66478440612234
44	-79.01986890312786	-14660.232340393744	1.2071503154338339	1.3818656998858412	0.6966138252189514	1.3435794721758594	0.9545474039704405	0.3996009002732478	0.44802827756535935	0.5930383355247992	0.3553909617201509	0.5191100982560763	0.66478440612234
45	-79.00245682033128	-14660.232340393744	1.2071503154338339	1.3818656998858412	0.6966138252189514	1.3435794721758594	0.9545474039704405	0.3996009002732478	0.44802827756535935	0.5930383355247992	0.3553909617201509	0.5191100982560763	0.649309934214384
46	-79.00245682033128	-14660.232340393744	1.2071503154338339	1.3818656998858412	0.6966138252189514	1.3435794721758594	0.9545474039704405	0.3996009002732478	0.44802827756535935	0.5930383355247992	0.3553909617201509	0.5191100982560763	0.649309934214384
47	-79.00245682033128	-14472.755284534862	1.2071503154338339	1.3818656998858412	0.6966138252189514	1.3435794721758594	0.9545474039704405	0.3996009002732478	0.44802827756535935	0.5930383355247992	0.3553909617201509	0.5191100982560763	0.649309934214384
48	-79.00245682033128	-14472.755284534862	1.2071503154338339	1.3818656998858412	0.6966138252189514	1.3435794721758594	0.9545474039704405	0.3996009002732478	0.44802827756535935	0.5930383355247992	0.3553909617201509	0.5191100982560763	0.649309934214384
49	-79.00245682033128	-14466.895290689656	1.2071503154338339	1.3818656998858412	0.6966138252189514	1.3435794721758594	0.9545474039704405	0.3996009002732478	0.44802827756535935	0.5930383355247992	0.3553909617201509	0.5191100982560763	0.649309934214384
50	-79.00245682033128	-14466.895290689656	1.2071503154338339	1.3818656998858412	0.6966138252189514	1.3435794721758594	0.9545474039704405	0.3996009002732478	0.44802827756535935	0.5930383355247992	0.3553909617201509	0.5191100982560763	0.649309934214384
51	-78.99858940696419	-14463.372450089262	1.2071503154338339	1.3818656998858412	0.6966138252189514	1.3435794721758594	0.9545474039704405	0.3996009002732478	0.44802827756535935	0.5930383355247992	0.3553909617201509	0.5191100982560763	0.649309934214384
52	-78.99858940696419	-14463.372450089262	1.2071503154338339	1.3818656998858412	0.6966138252189514	1.3435794721758594	0.9545474039704405	0.3996009002732478	0.44802827756535935	0.5930383355247992	0.3553909617201509	0.5191100982560763	0.649309934214384
53	-78.99858940696419	-14454.719735195045	1.2071503154338339	1.3818656998858412	0.6966138252189514	1.3435794721758594	0.9545474039704405	0.3996009002732478	0.44802827756535935	0.5930383355247992	0.3553909617201509	0.5191100982560763	0.649309934214384
54	-78.99858940696419	-14454.719735195045	1.2071503154338339	1.3818656998858412	0.6966138252189514	1.3435794721758594	0.9545474039704405	0.3996009002732478	0.44802827756535935	0.5930383355247992	0.3553909617201509	0.5191100982560763	0.649309934214384
55	-78.99858940696419	-14454.719735195045	1.2071503154338339	1.3818656998858412	0.6966138252189514	1.3435794721758594	0.9545474039704405	0.3996009002732478	0.44802827756535935	0.5930383355247992	0.3553909617201509	0.5191100982560763	0.649309934214384
56	-78.44115531711385	-14446.3102341627	1.2071503154338339	1.3818656998858412	0.6966138252189514	1.3435794721758594	0.9545474039704405	0.3996009002732478	0.44802827756535935	0.5930383355247992	0.3553909617201509	0.5191100982560763	0.649309934214384
57	-78.43970111396449	-14310.23195182208	1.2071503154338339	1.3818656998858412	0.6966138252189514	1.3435794721758594	0.9545474039704405	0.3996009002732478	0.44802827756535935	0.5930383355247992	0.3553909617201509	0.5191100982560763	0.649309934214384
58	-78.43970111396449	-14310.23195182208	1.2071503154338339	1.3818656998858412	0.6966138252189514	1.3435794721758594	0.9545474039704405	0.3996009002732478	0.44802827756535935	0.5930383355247992	0.3553909617201509	0.5191100982560763	0.649309934214384
59	-78.43869851700703	-14221.892286302842	1.2071503154338339	1.3818656998858412	0.6966138252189514	1.3435794721758594	0.9545474039704405	0.3996009002732478	0.44802827756535935	0.5930383355247992	0.3553909617201509	0.5191100982560763	0.649309934214384
60	-78.43869851700703	-14221.892286302842	1.2071503154338339	1.3818656998858412	0.6966138252189514	1.3435794721758594	0.9545474039704405	0.3996009002732478	0.44802827756535935	0.5930383355247992	0.3553909617201509	0.5191100982560763	0.649309934214384
61	-78.44114768414848	-14221.358405477275	1.2071503154338339	1.3818656998858412	0.6966138252189514	1.3435794721758594	0.9545474039704405	0.3996009002732478	0.44802827756535935	0.5930383355247992	0.3553909617201509	0.5191100982560763	0.649309934214384
62	-78.44114768414848	-14220.542748385302	1.2071503154338339	1.3818656998858412	0.6966138252189514	1.3435794721758594	0.9545474039704405	0.3996009002732478	0.44802827756535935	0.5930383355247992	0.3553909617201509	0.5191100982560763	0.649309934214384
63	-78.44114768414848	-14220.542748385302	1.2071503154338339	1.3818656998858412	0.6966138252189514	1.3435794721758594	0.9545474039704405	0.3996009002732478	0.44802827756535935	0.5930383355247992	0.3553909617201509	0.5191100982560763	0.649309934214384
64	-78.44114768414848	-14220.542748385302	1.2071503154338339	1.3818656998858412	0.6966138252189514	1.3435794721758594	0.9545474039704405	0.3996009002732478	0.44802827756535935	0.5930383355247992	0.3553909617201509	0.5191100982560763	0.649309934214384
65	-78.44114768414848	-14201.008485510532	1.2071503154338339	1.3818656998858412	0.6966138252189514	1.3435794721758594	0.9545474039704405	0.3996009002732478	0.44802827756535935	0.5930383355247992	0.3553909617201509	0.5191100982560763	0.649309934214384
66	-78.43927746698004	-14200.521397291634	1.2071503154338339	1.3818656998858412	0.6966138252189514	1.3435794721758594	0.9545474039704405	0.3996009002732478	0.44802827756535935	0.5930383355247992	0.3553909617201509	0.5191100982560763	0.649309934214384
67	-78.43927746698004	-14200.521397291634	1.2071503154338339	1.3818656998858412	0.6966138252189514	1.3435794721758594	0.9545474039704405	0.3996009002732478	0.44802827756535935	0.5930383355247992	0.3553909617201509	0.5191100982560763	0.649309934214384
68	-78.43927746698004	-14199.826572467973	1.2071503154338339	1.3818656998858412	0.6966138252189514	1.3435794721758594	0.9545474039704405	0.3996009002732478	0.44802827756535935	0.5930383355247992	0.3553909617201509	0.5191100982560763	0.649309934214384
69	-78.43927746698004	-14199.826572467973	1.2071503154338339	1.3818656998858412	0.6966138252189514	1.3435794721758594	0.9545474039704405	0.3996009002732478	0.44802827756535935	0.5930383355247992	0.3553909617201509	0.5191100982560763	0.649309934214384
70	-78.43821676370786	-14065.066934143168	1.2071503154338339	1.3818656998858412	0.6966138252189514	1.3435794721758594	0.9545474039704405	0.3996009002732478	0.44802827756535935	0.5930383355247992	0.3553909617201509	0.5191100982560763	0.649309934214384
71	-78.43821676370786	-14065.066934143168	1.2071503154338339	1.3818656998858412	0.6966138252189514	1.3435794721758594	0.9545474039704405	0.3996009002732478	0.44802827756535935	0.5930383355247992	0.3553909617201509	0.5191100982560763	0.649309934214384
72	-78.43821676370786	-14063.43582193901	1.2071503154338339	1.3818656998858412	0.6966138252189514	1.3435794721758594	0.9545474039704405	0.3996009002732478	0.44802827756535935	0.5930383355247992	0.3553909617201509	0.5191100982560763	0.649309934214384
73	-78.52347076495018	-14063.43582193901	1.2071503154338339	1.3818656998858412	0.6966138252189514	1.3435794721758594	0.9545474039704405	0.3996009002732478	0.44802827756535935	0.5930383355247992	0.3553909617201509	0.5191100982560763	0.7249631844667687
74	-78.52347076495018	-14015.090508527306	1.2071503154338339	1.3818656998858412	0.6966138252189514	1.3435794721758594	0.9545474039704405	0.3996009002732478	0.44802827756535935	0.5930383355247992	0.3553909617201509	0.5191100982560763	0.7249631844667687
75	-78.52347076495018	-14015.090508527306	1.2071503154338339	1.3818656998858412	0.6966138252189514	1.3435794721758594	0.9545474039704405	0.3996009002732478	0.44802827756535935	0.5930383355247992	0.3553909617201509	0.5191100982560763	0.7249631844667687
76	-78.52347076495018	-14011.453175913184	1.2071503154338339	1.3818656998858412	0.6966138252189514	1.3435794721758594	0.9545474039704405	0.3996009002732478	0.44802827756535935	0.5930383355247992	0.3553909617201509	0.5191100982560763	0.7249631844667687
77	-78.52347076495018	-14011.453175913184	1.2071503154338339	1.3818656998858412	0.6966138252189514	1.3435794721758594	0.9545474039704405	0.3996009002732478	0.44802827756535935	0.5930383355247992	0.3553909617201509	0.5191100982560763	0.7249631844667687
78	-78.52347076495018	-14011.453175913184	1.2071503154338339	1.3818656998858412	0.6966138252189514	1.3435794721758594	0.9545474039704405	0.3996009002732478	0.44802827756535935	0.5930383355247992	0.3553909617201509	0.5191100982560763	0.7249631844667687
79	-78.62517644405891	-13758.758131251101	1.2071503154338339	1.3818656998858412	0.6966138252189514	1.3435794721758594	0.9545474039704405	0.3996009002732478	0.44802827756535935	0.5930383355247992	0.3553909617201509	0.5191100982560763	0.7249631844667687
80	-78.62517644405891	-13758.758131251101	1.2071503154338339	1.3818656998858412	0.6966138252189514	1.3435794721758594	0.9545474039704405	0.3996009002732478	0.44802827756535935	0.5930383355247992	0.3553909617201509	0.5191100982560763	0.7249631844667687
81	-78.62517644405891	-13758.758131251101	1.2071503154338339	1.3818656998858412	0.6966138252189514	1.3435794721758594	0.9545474039704405	0.3996009002732478	0.44802827756535935	0.5930383355247992	0.3553909617201509	0.5191100982560763	0.7249631844667687
82	-78.62517644405891	-13758.758131251101	1.2071503154338339	1.3818656998858412	0.6966138252189514	1.3435794721758594	0.9545474039704405	0.3996009002732478	0.44802827756535935	0.5930383355247992	0.3553909617201509	0.5191100982560763	0.7249631844667687
83	-78.62517644405891	-13759.584361656462	1.2071503154338339	1.3818656998858412	0.6966138252189514	1.3435794721758594	0.9545474039704405	0.3996009002732478	0.44802827756535935	0.5930383355247992	0.3553909617201509	0.5191100982560763	0.7249631844667687
84	-78.62517644405891	-13759.584361656462	1.2071503154338339	1.3818656998858412	0.6966138252189514	1.3435794721758594	0.9545474039704405	0.3996009002732478	0.44802827756535935	0.5930383355247992	0.3553909617201509	0.5191100982560763	0.7249631844667687
85	-78.62517644405891	-13754.521503378774	1.2071503154338339	1.3818656998858412	0.6966138252189514	1.3435794721758594	0.9545474039704405	0.3996009002732478	0.44802827756535935	0.5930383355247992	0.3553909617201509	0.5191100982560763	0.7249631844667687
86	-75.44079705411009	-13754.521503378774	1.3257739855487616	1.1862415095563623	0.776462912250602	1.0774164861821371	1.0346246284204996	0.3996009002732478	0.44802827756535935	0.5930383355247992	0.3553909617201509	0.5191100982560763	0.7249631844667687
87	-75.44079705411009	-13754.521503378774	1.3257739855487616	1.1862415095563623	0.776462912250602	1.0774164861821371	1.0346246284204996	0.3996009002732478	0.44802827756535935	0.5930383355247992	0.3553909617201509	0.5191100982560763	0.7249631844667687
88	-75.44079705411009	-13754.521503378774	1.3257739855487616	1.1862415095563623	0.776462912250602	1.0774164861821371	1.0346246284204996	0.3996009002732478	0.44802827756535935	0.5930383355247992	0.3553909617201509	0.5191100982560763	0.7249631844667687
89	-75.44079705411009	-13747.43554507578	1.3257739855487616	1.1862415095563623	0.776462912250602	1.0774164861821371	1.0346246284204996	0.3996009002732478	0.44802827756535935	0.5930383355247992	0.3553909617201509	0.5191100982560763	0.7249631844667687
90	-75.44079705411009	-13747.43554507578	1.3257739855487616	1.1862415095563623	0.776462912250602	1.0774164861821371	1.0346246284204996	0.3996009002732478	0.44802827756535935	0.5930383355247992	0.3553909617201509	0.5191100982560763	0.7249631844667687
91	-75.44079705411009	-13747.43554507578	1.3257739855487616	1.1862415095563623	0.776462912250602	1.0774164861821371	1.0346246284204996	0.3996009002732478	0.44802827756535935	0.5930383355247992	0.3553909617201509	0.5191100982560763	0.7249631844667687
92	-75.44079705411009	-13747.43554507578	1.3257739855487616	1.1862415095563623	0.776462912250602	1.0774164861821371	1.0346246284204996	0.3996009002732478	0.44802827756535935	0.5930383355247992	0.3553909617201509	0.5191100982560763	0.7249631844667687
93	-75.44079705411009	-13747.43554507578	1.3257739855487616	1.1862415095563623	0.776462912250602	1.0774164861821371	1.0346246284204996	0.3996009002732478	0.44802827756535935	0.5930383355247992	0.3553909617201509	0.5191100982560763	0.7249631844667687
94	-75.44070674028718	-13739.857763761607	1.3257739855487616	1.1862415095563623	0.776462912250602	1.0774164861821371	1.0346246284204996	0.3996009002732478	0.44802827756535935	0.5930383355247992	0.3553909617201509	0.5191100982560763	0.7249631844667687
95	-75.39507562174252	-13728.926441162996	1.3257739855487616	1.1862415095563623	0.776462912250602	1.0774164861821371	1.0346246284204996	0.3996009002732478	0.44802827756535935	0.5930383355247992	0.3553909617201509	0.5191100982560763	0.7249631844667687
96	-75.38123943603325	-13723.314697354364	1.3257739855487616	1.1862415095563623	0.776462912250602	1.0774164861821371	1.0346246284204996	0.3996009002732478	0.44802827756535935	0.5930383355247992	0.3553909617201509	0.5191100982560763	0.7249631844667687
97	-75.38181097361341	-13723.137608291641	1.3257739855487616	1.1862415095563623	0.776462912250602	1.0774164861821371	1.0346246284204996	0.3996009002732478	0.44802827756535935	0.5930383355247992	0.3553909617201509	0.5191100982560763	0.7249631844667687
98	-75.38181097361341	-13723.137608291641	1.3257739855487616	1.1862415095563623	0.776462912250602	1.0774164861821371	1.0346246284204996	0.3996009002732478	0.44802827756535935	0.5930383355247992	0.3553909617201509	0.5191100982560763	0.7249631844667687
99	-75.38181097361341	-13723.137608291641	1.3257739855487616	1.1862415095563623	0.776462912250602	1.0774164861821371	1.0346246284204996	0.3996009002732478	0.44802827756535935	0.5930383355247992	0.3553909617201509	0.5191100982560763	0.7249631844667687
100	-75.38181097361341	-13723.137608291641	1.3257739855487616	1.1862415095563623	0.776462912250602	1.0774164861821371	1.0346246284204996	0.3996009002732478	0.44802827756535935	0.5930383355247992	0.3553909617201509	0.5191100982560763	0.7249631844667687
101	-75.38181097361341	-13723.137608291641	1.3257739855487616	1.1862415095563623	0.776462912250602	1.0774164861821371	1.0346246284204996	0.3996009002732478	0.44802827756535935	0.5930383355247992	0.3553909617201509	0.5191100982560763	0.7249631844667687
102	-75.38181097361341	-13723.137608291641	1.3257739855487616	1.1862415095563623	0.776462912250602	1.0774164861821371	1.0346246284204996	0.3996009002732478	0.44802827756535935	0.5930383355247992	0.3553909617201509	0.5191100982560763	0.7249631844667687
103	-75.38181097361341	-13723.137608291641	1.3257739855487616	1.1862415095563623	0.776462912250602	1.0774164861821371	1.0346246284204996	0.3996009002732478	0.44802827756535935	0.5930383355247992	0.3553909617201509	0.5191100982560763	0.7249631844667687
104	-75.38181097361341	-13722.436853959225	1.3257739855487616	1.1862415095563623	0.776462912250602	1.0774164861821371	1.0346246284204996	0.3996009002732478	0.44802827756535935	0.5930383355247992	0.3553909617201509	0.5191100982560763	0.7249631844667687
105	-75.38181097361341	-13722.436853959225	1.3257739855487616	1.1862415095563623	0.776462912250602	1.0774164861821371	1.0346246284204996	0.3996009002732478	0.44802827756535935	0.5930383355247992	0.3553909617201509	0.5191100982560763	0.7249631844667687
106	-75.38181097361341	-13722.436853959225	1.3257739855487616	1.1862415095563623	0.776462912250602	1.0774164861821371	1.0346246284204996	0.3996009002732478	0.44802827756535935	0.5930383355247992	0.3553909617201509	0.5191100982560763	0.7249631844667687
107	-75.38181097361341	-13722.436853959225	1.3257739855487616	1.1862415095563623	0.776462912250602	1.0774164861821371	1.0346246284204996	0.3996009002732478	0.44802827756535935	0.5930383355247992	0.3553909617201509	0.5191100982560763	0.7249631844667687
108	-75.38181097361341	-13722.436853959225	1.3257739855487616	1.1862415095563623	0.776462912250602	1.0774164861821371	1.0346246284204996	0.3996009002732478	0.44802827756535935	0.5930383355247992	0.3553909617201509	0.5191100982560763	0.7249631844667687
109	-75.38181097361341	-13722.436853959225	1.3257739855487616	1.1862415095563623	0.776462912250602	1.0774164861821371	1.0346246284204996	0.3996009002732478	0.44802827756535935	0.5930383355247992	0.3553909617201509	0.5191100982560763	0.7249631844667687
110	-75.37248450329078	-13722.663075467945	1.3257739855487616	1.1862415095563623	0.776462912250602	1.0774164861821371	1.0346246284204996	0.3996009002732478	0.44802827756535935	0.5930383355247992	0.3553909617201509	0.5191100982560763	0.7249631844667687
111	-75.37248450329078	-13722.663075467945	1.3257739855487616	1.1862415095563623	0.776462912250602	1.0774164861821371	1.0346246284204996	0.3996009002732478	0.44802827756535935	0.5930383355247992	0.3553909617201509	0.5191100982560763	0.7249631844667687
112	-75.37248450329078	-13722.663075467945	1.3257739855487616	1.1862415095563623	0.776462912250602	1.0774164861821371	1.0346246284204996	0.3996009002732478	0.44802827756535935	0.5930383355247992	0.3553909617201509	0.5191100982560763	0.7249631844667687
113	-75.06157402664132	-13703.79418167869	1.3257739855487616	1.1862415095563623	0.776462912250602	1.0774164861821371	1.0346246284204996	0.3996009002732478	0.44802827756535935	0.5930383355247992	0.3553909617201509	0.5191100982560763	0.7249631844667687
114	-74.764229066288	-13697.495207913438	1.3257739855487616	1.1862415095563623	0.776462912250602	1.0774164861821371	1.0346246284204996	0.3996009002732478	0.44802827756535935	0.5930383355247992	0.3553909617201509	0.5191100982560763	0.7249631844667687
115	-74.56870552516862	-13697.495207913438	1.3257739855487616	1.1862415095563623	0.776462912250602	1.0774164861821371	1.0346246284204996	0.3996009002732478	0.44802827756535935	0.5930383355247992	0.3553909617201509	0.5191100982560763	0.5614982412914878
116	-74.56870552516862	-13697.495207913438	1.3257739855487616	1.1862415095563623	0.776462912250602	1.0774164861821371	1.0346246284204996	0.3996009002732478	0.44802827756535935	0.5930383355247992	0.3553909617201509	0.5191100982560763	0.5614982412914878
117	-74.56870552516862	-13694.691445677849	1.3257739855487616	1.1862415095563623	0.776462912250602	1.0774164861821371	1.0346246284204996	0.3996009002732478	0.44802827756535935	0.5930383355247992	0.3553909617201509	0.5191100982560763	0.5614982412914878
118	-74.56870552516862	-13694.691445677849	1.3257739855487616	1.1862415095563623	0.776462912250602	1.0774164861821371	1.0346246284204996	0.3996009002732478	0.44802827756535935	0.5930383355247992	0.3553909617201509	0.5191100982560763	0.5614982412914878
119	-74.56870552516862	-13629.942116608903	1.3257739855487616	1.1862415095563623	0.776462912250602	1.0774164861821371	1.0346246284204996	0.3996009002732478	0.44802827756535935	0.5930383355247992	0.3553909617201509	0.5191100982560763	0.5614982412914878
120	-74.56870552516862	-13613.588053082784	1.3257739855487616	1.1862415095563623	0.776462912250602	1.0774164861821371	1.0346246284204996	0.3996009002732478	0.44802827756535935	0.5930383355247992	0.3553909617201509	0.5191100982560763	0.5614982412914878
121	-74.56870552516862	-13613.588053082784	1.3257739855487616	1.1862415095563623	0.776462912250602	1.0774164861821371	1.0346246284204996	0.3996009002732478	0.44802827756535935	0.5930383355247992	0.3553909617201509	0.5191100982560763	0.5614982412914878
122	-74.56870552516862	-13613.588053082784	1.3257739855487616	1.1862415095563623	0.776462912250602	1.0774164861821371	1.0346246284204996	0.3996009002732478	0.44802827756535935	0.5930383355247992	0.3553909617201509	0.5191100982560763	0.5614982412914878
123	-74.56870552516862	-13613.588053082784	1.3257739855487616	1.1862415095563623	0.776462912250602	1.0774164861821371	1.0346246284204996	0.3996009002732478	0.44802827756535935	0.5930383355247992	0.3553909617201509	0.5191100982560763	0.5614982412914878
124	-74.56870552516862	-13613.588053082784	1.3257739855487616	1.1862415095563623	0.776462912250602	1.0774164861821371	1.0346246284204996	0.3996009002732478	0.44802827756535935	0.5930383355247992	0.3553909617201509	0.5191100982560763	0.5614982412914878
125	-74.56870552516862	-13613.588053082784	1.3257739855487616	1.1862415095563623	0.776462912250602	1.0774164861821371	1.0346246284204996	0.3996009002732478	0.44802827756535935	0.5930383355247992	0.3553909617201509	0.5191100982560763	0.5614982412914878
126	-74.5240917066882	-13585.300300483357	1.3257739855487616	1.1862415095563623	0.776462912250602	1.0774164861821371	1.0346246284204996	0.3996009002732478	0.44802827756535935	0.5930383355247992	0.3553909617201509	0.5191100982560763	0.5614982412914878
127	-74.5240917066882	-13566.760078281433	1.3257739855487616	1.1862415095563623	0.776462912250602	1.0774164861821371	1.0346246284204996	0.3996009002732478	0.44802827756535935	0.5930383355247992	0.3553909617201509	0.5191100982560763	0.5614982412914878
128	-74.5240917066882	-13566.760078281433	1.3257739855487616	1.1862415095563623	0.776462912250602	1.0774164861821371	1.0346246284204996	0.3996009002732478	0.44802827756535935	0.5930383355247992	0.3553909617201509	0.5191100982560763	0.5614982412914878
129	-74.5240917066882	-13554.551999449115	1.3257739855487616	1.1862415095563623	0.776462912250602	1.0774164861821371	1.0346246284204996	0.3996009002732478	0.44802827756535935	0.5930383355247992	0.3553909617201509	0.5191100982560763	0.5614982412914878
130	-74.5240917066882	-13552.674684056106	1.3257739855487616	1.1862415095563623	0.776462912250602	1.0774164861821371	1.0346246284204996	0.3996009002732478	0.44802827756535935	0.5930383355247992	0.3553909617201509	0.5191100982560763	0.5614982412914878
131	-74.5240917066882	-13548.28835449368	1.3257739855487616	1.1862415095563623	0.776462912250602	1.0774164861821371	1.0346246284204996	0.3996009002732478	0.44802827756535935	0.5930383355247992	0.3553909617201509	0.5191100982560763	0.5614982412914878
132	-74.52341811450856	-13544.166655878356	1.3257739855487616	1.1862415095563623	0.776462912250602	1.0774164861821371	1.0346246284204996	0.3996009002732478	0.44802827756535935	0.5930383355247992	0.3553909617201509	0.5191100982560763	0.5614982412914878
133	-74.52341811450856	-13544.166655878356	1.3257739855487616	1.1862415095563623	0.776462912250602	1.0774164861821371	1.0346246284204996	0.3996009002732478	0.44802827756535935	0.5930383355247992	0.3553909617201509	0.5191100982560763	0.5614982412914878
134	-74.52341811450856	-13542.555828138957	1.3257739855487616	1.1862415095563623	0.776462912250602	1.0774164861821371	1.0346246284204996	0.3996009002732478	0.44802827756535935	0.5930383355247992	0.3553909617201509	0.5191100982560763	0.5614982412914878
135	-74.52341811450856	-13542.555828138957	1.3257739855487616	1.1862415095563623	0.776462912250602	1.0774164861821371	1.0346246284204996	0.3996009002732478	0.44802827756535935	0.5930383355247992	0.3553909617201509	0.5191100982560763	0.5614982412914878
136	-74.52341811450856	-13542.555828138957	1.3257739855487616	1.1862415095563623	0.776462912250602	1.0774164861821371	1.0346246284204996	0.3996009002732478	0.44802827756535935	0.5930383355247992	0.3553909617201509	0.5191100982560763	0.5614982412914878
137	-74.52341811450856	-13542.555828138957	1.3257739855487616	1.1862415095563623	0.776462912250602	1.0774164861821371	1.0346246284204996	0.3996009002732478	0.44802827756535935	0.5930383355247992	0.3553909617201509	0.5191100982560763	0.5614982412914878
138	-74.52328834376634	-13543.25187381519	1.3257739855487616	1.1862415095563623	0.776462912250602	1.0774164861821371	1.0346246284204996	0.3996009002732478	0.44802827756535935	0.5930383355247992	0.3553909617201509	0.5191100982560763	0.5614982412914878
139	-74.52840493496944	-13539.561015472804	1.3257739855487616	1.1862415095563623	0.776462912250602	1.0774164861821371	1.0346246284204996	0.3996009002732478	0.44802827756535935	0.5930383355247992	0.3553909617201509	0.5191100982560763	0.5614982412914878
140	-74.52840493496944	-13143.06633323907	1.3257739855487616	1.1862415095563623	0.776462912250602	1.0774164861821371	1.0346246284204996	0.3996009002732478	0.44802827756535935	0.5930383355247992	0.3553909617201509	0.5191100982560763	0.5614982412914878
141	-74.52840493496944	-13143.06633323907	1.3257739855487616	1.1862415095563623	0.776462912250602	1.0774164861821371	1.0346246284204996	0.3996009002732478	0.44802827756535935	0.5930383355247992	0.3553909617201509	0.5191100982560763	0.5614982412914878
142	-74.8556363636582	-13138.036036203199	1.3257739855487616	1.1862415095563623	0.776462912250602	1.0774164861821371	1.0346246284204996	0.3996009002732478	0.44802827756535935	0.5930383355247992	0.3553909617201509	0.5191100982560763	0.5614982412914878
143	-74.85546700281343	-13138.104150257457	1.3257739855487616	1.1862415095563623	0.776462912250602	1.0774164861821371	1.0346246284204996	0.3996009002732478	0.44802827756535935	0.5930383355247992	0.3553909617201509	0.5191100982560763	0.5614982412914878
144	-74.85546700281343	-13138.104150257457	1.3257739855487616	1.1862415095563623	0.776462912250602	1.0774164861821371	1.0346246284204996	0.3996009002732478	0.44802827756535935	0.5930383355247992	0.3553909617201509	0.5191100982560763	0.5614982412914878
145	-74.85546700281343	-13111.219413737965	1.3257739855487616	1.1862415095563623	0.776462912250602	1.0774164861821371	1.0346246284204996	0.3996009002732478	0.44802827756535935	0.5930383355247992	0.3553909617201509	0.5191100982560763	0.5614982412914878
146	-74.85946759078453	-13106.623113168418	1.3257739855487616	1.1862415095563623	0.776462912250602	1.0774164861821371	1.0346246284204996	0.3996009002732478	0.44802827756535935	0.5930383355247992	0.3553909617201509	0.5191100982560763	0.5614982412914878
147	-74.85397085554519	-13100.412591905275	1.3257739855487616	1.1862415095563623	0.776462912250602	1.0774164861821371	1.0346246284204996	0.3996009002732478	0.44802827756535935	0.5930383355247992	0.3553909617201509	0.5191100982560763	0.5614982412914878
148	-74.85397085554519	-13027.463016078244	1.3257739855487616	1.1862415095563623	0.776462912250602	1.0774164861821371	1.0346246284204996	0.3996009002732478	0.44802827756535935	0.5930383355247992	0.3553909617201509	0.5191100982560763	0.5614982412914878
149	-74.85397085554519	-13027.463016078244	1.3257739855487616	1.1862415095563623	0.776462912250602	1.0774164861821371	1.0346246284204996	0.3996009002732478	0.44802827756535935	0.5930383355247992	0.3553909617201509	0.5191100982560763	0.5614982412914878
150	-74.42882195213323	-13027.045563377585	1.3257739855487616	1.1862415095563623	0.776462912250602	1.0774164861821371	1.0346246284204996	0.3996009002732478	0.44802827756535935	0.5930383355247992	0.3553909617201509	0.5191100982560763	0.5614982412914878
151	-74.41304188088134	-13022.089278638128	1.3257739855487616	1.1862415095563623	0.776462912250602	1.0774164861821371	1.0346246284204996	0.3996009002732478	0.44802827756535935	0.5930383355247992	0.3553909617201509	0.5191100982560763	0.5614982412914878
152	-74.56043947626621	-12995.43684873584	1.3257739855487616	1.1862415095563623	0.776462912250602	1.0774164861821371	1.0346246284204996	0.3996009002732478	0.44802827756535935	0.5930383355247992	0.3553909617201509	0.5191100982560763	0.5614982412914878
153	-74.56043947626621	-12941.371293496399	1.3257739855487616	1.1862415095563623	0.776462912250602	1.0774164861821371	1.0346246284204996	0.3996009002732478	0.44802827756535935	0.5930383355247992	0.3553909617201509	0.5191100982560763	0.5614982412914878
154	-74.59404705576716	-12941.371293496399	1.3257739855487616	1.1862415095563623	0.776462912250602	1.0774164861821371	1.0346246284204996	0.3996009002732478	0.44802827756535935	0.5930383355247992	0.3553909617201509	0.5191100982560763	0.5897107729471419
155	-74.59404705576716	-12941.371293496399	1.3257739855487616	1.1862415095563623	0.776462912250602	1.0774164861821371	1.0346246284204996	0.3996009002732478	0.44802827756535935	0.5930383355247992	0.3553909617201509	0.5191100982560763	0.5897107729471419
156	-74.59404705576716	-12941.371293496399	1.3257739855487616	1.1862415095563623	0.776462912250602	1.0774164861821371	1.0346246284204996	0.3996009002732478	0.44802827756535935	0.5930383355247992	0.3553909617201509	0.5191100982560763	0.5897107729471419
157	-74.33510250668262	-12860.810880100733	1.3257739855487616	1.1862415095563623	0.776462912250602	1.0774164861821371	1.0346246284204996	0.3996009002732478	0.44802827756535935	0.5930383355247992	0.3553909617201509	0.5191100982560763	0.5897107729471419
158	-74.33510250668262	-12860.810880100733	1.3257739855487616	1.1862415095563623	0.776462912250602	1.0774164861821371	1.0346246284204996	0.3996009002732478	0.44802827756535935	0.5930383355247992	0.3553909617201509	0.5191100982560763	0.5897107729471419
159	-74.33510250668262	-12852.91121814646	1.3257739855487616	1.1862415095563623	0.776462912250602	1.0774164861821371	1.0346246284204996	0.3996009002732478	0.44802827756535935	0.5930383355247992	0.3553909617201509	0.5191100982560763	0.5897107729471419
160	-74.33510250668262	-12852.91121814646	1.3257739855487616	1.1862415095563623	0.776462912250602	1.0774164861821371	1.0346246284204996	0.3996009002732478	0.44802827756535935	0.5930383355247992	0.3553909617201509	0.5191100982560763	0.5897107729471419
161	-74.33510250668262	-12852.91121814646	1.3257739855487616	1.1862415095563623	0.776462912250602	1.0774164861821371	1.0346246284204996	0.3996009002732478	0.44802827756535935	0.5930383355247992	0.3553909617201509	0.5191100982560763	0.5897107729471419
162	-74.33510250668262	-12852.91121814646	1.3257739855487616	1.1862415095563623	0.776462912250602	1.0774164861821371	1.0346246284204996	0.3996009002732478	0.44802827756535935	0.5930383355247992	0.3553909617201509	0.5191100982560763	0.5897107729471419
163	-74.33510250668262	-12852.91121814646	1.3257739855487616	1.1862415095563623	0.776462912250602	1.0774164861821371	1.0346246284204996	0.3996009002732478	0.44802827756535935	0.5930383355247992	0.3553909617201509	0.5191100982560763	0.5897107729471419
164	-74.33510250668262	-12852.91121814646	1.3257739855487616	1.1862415095563623	0.776462912250602	1.0774164861821371	1.0346246284204996	0.3996009002732478	0.44802827756535935	0.5930383355247992	0.3553909617201509	0.5191100982560763	0.5897107729471419
165	-74.33510250668262	-12852.91121814646	1.3257739855487616	1.1862415095563623	0.776462912250602	1.0774164861821371	1.0346246284204996	0.3996009002732478	0.44802827756535935	0.5930383355247992	0.3553909617201509	0.5191100982560763	0.5897107729471419
166	-73.77862587650371	-12839.580630381082	1.3257739855487616	1.1862415095563623	0.776462912250602	1.0774164861821371	1.0346246284204996	0.3996009002732478	0.44802827756535935	0.5930383355247992	0.3553909617201509	0.5191100982560763	0.5897107729471419
167	-73.77862587650371	-12839.580630381082	1.3257739855487616	1.1862415095563623	0.776462912250602	1.0774164861821371	1.0346246284204996	0.3996009002732478	0.44802827756535935	0.5930383355247992	0.3553909617201509	0.5191100982560763	0.5897107729471419
168	-73.77862587650371	-12839.580630381082	1.3257739855487616	1.1862415095563623	0.776462912250602	1.0774164861821371	1.0346246284204996	0.3996009002732478	0.44802827756535935	0.5930383355247992	0.3553909617201509	0.5191100982560763	0.5897107729471419
169	-73.77862587650371	-12839.580630381082	1.3257739855487616	1.1862415095563623	0.776462912250602	1.0774164861821371	1.0346246284204996	0.3996009002732478	0.44802827756535935	0.5930383355247992	0.3553909617201509	0.5191100982560763	0.5897107729471419
170	-73.77862587650371	-12836.340918636346	1.3257739855487616	1.1862415095563623	0.776462912250602	1.0774164861821371	1.0346246284204996	0.3996009002732478	0.44802827756535935	0.5930383355247992	0.3553909617201509	0.5191100982560763	0.5897107729471419
171	-73.77862587650371	-12836.340918636346	1.3257739855487616	1.1862415095563623	0.776462912250602	1.0774164861821371	1.0346246284204996	0.3996009002732478	0.44802827756535935	0.5930383355247992	0.3553909617201509	0.5191100982560763	0.5897107729471419
172	-74.20338225434394	-12833.778918872122	1.3257739855487616	1.1862415095563623	0.776462912250602	1.0774164861821371	1.0346246284204996	0.3996009002732478	0.44802827756535935	0.5930383355247992	0.3553909617201509	0.5191100982560763	0.5897107729471419
173	-74.20338225434394	-12833.320959507371	1.3257739855487616	1.1862415095563623	0.776462912250602	1.0774164861821371	1.0346246284204996	0.3996009002732478	0.44802827756535935	0.5930383355247992	0.3553909617201509	0.5191100982560763	0.5897107729471419
174	-74.20338225434394	-12833.320959507371	1.3257739855487616	1.1862415095563623	0.776462912250602	1.0774164861821371	1.0346246284204996	0.3996009002732478	0.44802827756535935	0.5930383355247992	0.3553909617201509	0.5191100982560763	0.5897107729471419
175	-74.20338225434394	-12833.320959507371	1.3257739855487616	1.1862415095563623	0.776462912250602	1.0774164861821371	1.0346246284204996	0.3996009002732478	0.44802827756535935	0.5930383355247992	0.3553909617201509	0.5191100982560763	0.5897107729471419
176	-74.20338225434394	-12832.695261750117	1.3257739855487616	1.1862415095563623	0.776462912250602	1.0774164861821371	1.0346246284204996	0.3996009002732478	0.44802827756535935	0.5930383355247992	0.3553909617201509	0.5191100982560763	0.5897107729471419
177	-74.20338225434394	-12737.425286208801	1.3257739855487616	1.1862415095563623	0.776462912250602	1.0774164861821371	1.0346246284204996	0.3996009002732478	0.44802827756535935	0.5930383355247992	0.3553909617201509	0.5191100982560763	0.5897107729471419
178	-74.20338225434394	-12730.890213477971	1.3257739855487616	1.1862415095563623	0.776462912250602	1.0774164861821371	1.0346246284204996	0.3996009002732478	0.44802827756535935	0.5930383355247992	0.3553909617201509	0.5191100982560763	0.5897107729471419
179	-74.20338225434394	-12730.890213477971	1.3257739855487616	1.1862415095563623	0.776462912250602	1.0774164861821371	1.0346246284204996	0.3996009002732478	0.44802827756535935	0.5930383355247992	0.3553909617201509	0.5191100982560763	0.5897107729471419
180	-74.20338225434394	-12730.890213477971	1.3257739855487616	1.1862415095563623	0.776462912250602	1.0774164861821371	1.0346246284204996	0.3996009002732478	0.44802827756535935	0.5930383355247992	0.3553909617201509	0.5191100982560763	0.5897107729471419
181	-74.20338225434394	-12731.043857881932	1.3257739855487616	1.1862415095563623	0.776462912250602	1.0774164861821371	1.0346246284204996	0.3996009002732478	0.44802827756535935	0.5930383355247992	0.3553909617201509	0.5191100982560763	0.5897107729471419
182	-74.20338225434394	-12731.043857881932	1.3257739855487616	1.1862415095563623	0.776462912250602	1.0774164861821371	1.0346246284204996	0.3996009002732478	0.44802827756535935	0.5930383355247992	0.3553909617201509	0.5191100982560763	0.5897107729471419
183	-74.20338225434394	-12731.043857881932	1.3257739855487616	1.1862415095563623	0.776462912250602	1.0774164861821371	1.0346246284204996	0.3996009002732478	0.44802827756535935	0.5930383355247992	0.3553909617201509	0.5191100982560763	0.5897107729471419
184	-74.20338225434394	-12730.876472489897	1.3257739855487616	1.1862415095563623	0.776462912250602	1.0774164861821371	1.0346246284204996	0.3996009002732478	0.44802827756535935	0.5930383355247992	0.3553909617201509	0.5191100982560763	0.5897107729471419
185	-74.20338225434394	-12730.876472489897	1.3257739855487616	1.1862415095563623	0.776462912250602	1.0774164861821371	1.0346246284204996	0.3996009002732478	0.44802827756535935	0.5930383355247992	0.3553909617201509	0.5191100982560763	0.5897107729471419
186	-74.20338225434394	-12730.876472489897	1.3257739855487616	1.1862415095563623	0.776462912250602	1.0774164861821371	1.0346246284204996	0.3996009002732478	0.44802827756535935	0.5930383355247992	0.3553909617201509	0.5191100982560763	0.5897107729471419
187	-74.20338225434394	-12730.187150440612	1.3257739855487616	1.1862415095563623	0.776462912250602	1.0774164861821371	1.0346246284204996	0.3996009002732478	0.44802827756535935	0.5930383355247992	0.3553909617201509	0.5191100982560763	0.5897107729471419
188	-74.22170494217664	-12716.455016453747	1.3257739855487616	1.1862415095563623	0.776462912250602	1.0774164861821371	1.0346246284204996	0.3996009002732478	0.44802827756535935	0.5930383355247992	0.3553909617201509	0.5191100982560763	0.5897107729471419
189	-74.22170494217664	-12716.455016453747	1.3257739855487616	1.1862415095563623	0.776462912250602	1.0774164861821371	1.0346246284204996	0.3996009002732478	0.44802827756535935	0.5930383355247992	0.3553909617201509	0.5191100982560763	0.5897107729471419
190	-74.22170494217664	-12716.455016453747	1.3257739855487616	1.1862415095563623	0.776462912250602	1.0774164861821371	1.0346246284204996	0.3996009002732478	0.44802827756535935	0.5930383355247992	0.3553909617201509	0.5191100982560763	0.5897107729471419
191	-74.22170494217664	-12716.455016453747	1.3257739855487616	1.1862415095563623	0.776462912250602	1.0774164861821371	1.0346246284204996	0.3996009002732478	0.44802827756535935	0.5930383355247992	0.3553909617201509	0.5191100982560763	0.5897107729471419
192	-74.22170494217664	-12716.455016453747	1.3257739855487616	1.1862415095563623	0.776462912250602	1.0774164861821371	1.0346246284204996	0.3996009002732478	0.44802827756535935	0.5930383355247992	0.3553909617201509	0.5191100982560763	0.5897107729471419
193	-74.22170494217664	-12716.455016453747	1.3257739855487616	1.1862415095563623	0.776462912250602	1.0774164861821371	1.0346246284204996	0.3996009002732478	0.44802827756535935	0.5930383355247992	0.3553909617201509	0.5191100982560763	0.5897107729471419
194	-74.22170494217664	-12713.272015052069	1.3257739855487616	1.1862415095563623	0.776462912250602	1.0774164861821371	1.0346246284204996	0.3996009002732478	0.44802827756535935	0.5930383355247992	0.3553909617201509	0.5191100982560763	0.5897107729471419
195	-74.22170494217664	-12713.272015052069	1.3257739855487616	1.1862415095563623	0.776462912250602	1.0774164861821371	1.0346246284204996	0.3996009002732478	0.44802827756535935	0.5930383355247992	0.3553909617201509	0.5191100982560763	0.5897107729471419
196	-74.21989632478423	-12713.473461755171	1.3257739855487616	1.1862415095563623	0.776462912250602	1.0774164861821371	1.0346246284204996	0.3996009002732478	0.44802827756535935	0.5930383355247992	0.3553909617201509	0.5191100982560763	0.5897107729471419
197	-74.21989632478423	-12713.473461755171	1.3257739855487616	1.1862415095563623	0.776462912250602	1.0774164861821371	1.0346246284204996	0.3996009002732478	0.44802827756535935	0.5930383355247992	0.3553909617201509	0.5191100982560763	0.5897107729471419
198	-74.21989632478423	-12705.861764142446	1.3257739855487616	1.1862415095563623	0.776462912250602	1.0774164861821371	1.0346246284204996	0.3996009002732478	0.44802827756535935	0.5930383355247992	0.3553909617201509	0.5191100982560763	0.5897107729471419
199	-74.21989632478423	-12705.861764142446	1.3257739855487616	1.1862415095563623	0.776462912250602	1.0774164861821371	1.0346246284204996	0.3996009002732478	0.44802827756535935	0.5930383355247992	0.3553909617201509	0.5191100982560763	0.5897107729471419
200	-74.21989632478423	-12705.861764142446	1.3257739855487616	1.1862415095563623	0.776462912250602	1.0774164861821371	1.0346246284204996	0.3996009002732478	0.44802827756535935	0.5930383355247992	0.3553909617201509	0.5191100982560763	0.5897107729471419
201	-74.21989632478423	-12705.861764142446	1.3257739855487616	1.1862415095563623	0.776462912250602	1.0774164861821371	1.0346246284204996	0.3996009002732478	0.44802827756535935	0.5930383355247992	0.3553909617201509	0.5191100982560763	0.5897107729471419
202	-73.67404844752357	-12704.5409870351	1.3257739855487616	1.1862415095563623	0.776462912250602	1.0774164861821371	1.0346246284204996	0.3996009002732478	0.44802827756535935	0.5930383355247992	0.3553909617201509	0.5191100982560763	0.5897107729471419
203	-73.67404844752357	-12704.5409870351	1.3257739855487616	1.1862415095563623	0.776462912250602	1.0774164861821371	1.0346246284204996	0.3996009002732478	0.44802827756535935	0.5930383355247992	0.3553909617201509	0.5191100982560763	0.5897107729471419
204	-73.67404844752357	-12704.5409870351	1.3257739855487616	1.1862415095563623	0.776462912250602	1.0774164861821371	1.0346246284204996	0.3996009002732478	0.44802827756535935	0.5930383355247992	0.3553909617201509	0.5191100982560763	0.5897107729471419
205	-73.67404844752357	-12704.5409870351	1.3257739855487616	1.1862415095563623	0.776462912250602	1.0774164861821371	1.0346246284204996	0.3996009002732478	0.44802827756535935	0.5930383355247992	0.3553909617201509	0.5191100982560763	0.5897107729471419
206	-73.99970768478312	-12693.033353789	1.3257739855487616	1.1862415095563623	0.776462912250602	1.0774164861821371	1.0346246284204996	0.3996009002732478	0.44802827756535935	0.5930383355247992	0.3553909617201509	0.5191100982560763	0.5897107729471419
207	-73.99970768478312	-12693.033353789	1.3257739855487616	1.1862415095563623	0.776462912250602	1.0774164861821371	1.0346246284204996	0.3996009002732478	0.44802827756535935	0.5930383355247992	0.3553909617201509	0.5191100982560763	0.5897107729471419
208	-73.99955216452753	-12688.13021094704	1.3257739855487616	1.1862415095563623	0.776462912250602	1.0774164861821371	1.0346246284204996	0.3996009002732478	0.44802827756535935	0.5930383355247992	0.3553909617201509	0.5191100982560763	0.5897107729471419
209	-73.99955216452753	-12688.13021094704	1.3257739855487616	1.1862415095563623	0.776462912250602	1.0774164861821371	1.0346246284204996	0.3996009002732478	0.44802827756535935	0.5930383355247992	0.3553909617201509	0.5191100982560763	0.5897107729471419
210	-73.99955216452753	-12688.13021094704	1.3257739855487616	1.1862415095563623	0.776462912250602	1.0774164861821371	1.0346246284204996	0.3996009002732478	0.44802827756535935	0.5930383355247992	0.3553909617201509	0.5191100982560763	0.5897107729471419
211	-73.99955216452753	-12688.13021094704	1.3257739855487616	1.1862415095563623	0.776462912250602	1.0774164861821371	1.0346246284204996	0.3996009002732478	0.44802827756535935	0.5930383355247992	0.3553909617201509	0.5191100982560763	0.5897107729471419
212	-73.99955216452753	-12688.13021094704	1.3257739855487616	1.1862415095563623	0.776462912250602	1.0774164861821371	1.0346246284204996	0.3996009002732478	0.44802827756535935	0.5930383355247992	0.3553909617201509	0.5191100982560763	0.5897107729471419
213	-73.99955216452753	-12688.13021094704	1.3257739855487616	1.1862415095563623	0.776462912250602	1.0774164861821371	1.0346246284204996	0.3996009002732478	0.44802827756535935	0.5930383355247992	0.3553909617201509	0.5191100982560763	0.5897107729471419
214	-73.99955216452753	-12677.824749684118	1.3257739855487616	1.1862415095563623	0.776462912250602	1.0774164861821371	1.0346246284204996	0.3996009002732478	0.44802827756535935	0.5930383355247992	0.3553909617201509	0.5191100982560763	0.5897107729471419
215	-73.99955216452753	-12672.670450695485	1.3257739855487616	1.1862415095563623	0.776462912250602	1.0774164861821371	1.0346246284204996	0.3996009002732478	0.44802827756535935	0.5930383355247992	0.3553909617201509	0.5191100982560763	0.5897107729471419
216	-73.99955216452753	-12672.670450695485	1.3257739855487616	1.1862415095563623	0.776462912250602	1.0774164861821371	1.0346246284204996	0.3996009002732478	0.44802827756535935	0.5930383355247992	0.3553909617201509	0.5191100982560763	0.5897107729471419
217	-73.99955216452753	-12672.670450695485	1.3257739855487616	1.1862415095563623	0.776462912250602	1.0774164861821371	1.0346246284204996	0.3996009002732478	0.44802827756535935	0.5930383355247992	0.3553909617201509	0.5191100982560763	0.5897107729471419
218	-73.99955216452753	-12672.670450695485	1.3257739855487616	1.1862415095563623	0.776462912250602	1.0774164861821371	1.0346246284204996	0.3996009002732478	0.44802827756535935	0.5930383355247992	0.3553909617201509	0.5191100982560763	0.5897107729471419
219	-73.99955216452753	-12667.485978705083	1.3257739855487616	1.1862415095563623	0.776462912250602	1.0774164861821371	1.0346246284204996	0.3996009002732478	0.44802827756535935	0.5930383355247992	0.3553909617201509	0.5191100982560763	0.5897107729471419
220	-74.01171392509158	-12658.724066337918	1.3257739855487616	1.1862415095563623	0.776462912250602	1.0774164861821371	1.0346246284204996	0.3996009002732478	0.44802827756535935	0.5930383355247992	0.3553909617201509	0.5191100982560763	0.5897107729471419
221	-74.01171392509158	-12658.780074844995	1.3257739855487616	1.1862415095563623	0.776462912250602	1.0774164861821371	1.0346246284204996	0.3996009002732478	0.44802827756535935	0.5930383355247992	0.3553909617201509	0.5191100982560763	0.5897107729471419
222	-74.01171392509158	-12525.068503503215	1.3257739855487616	1.1862415095563623	0.776462912250602	1.0774164861821371	1.0346246284204996	0.3996009002732478	0.44802827756535935	0.5930383355247992	0.3553909617201509	0.5191100982560763	0.5897107729471419
223	-74.01171392509158	-12505.495767471688	1.3257739855487616	1.1862415095563623	0.776462912250602	1.0774164861821371	1.0346246284204996	0.3996009002732478	0.44802827756535935	0.5930383355247992	0.3553909617201509	0.5191100982560763	0.5897107729471419
224	-74.01171392509158	-12505.495767471688	1.3257739855487616	1.1862415095563623	0.776462912250602	1.0774164861821371	1.0346246284204996	0.3996009002732478	0.44802827756535935	0.5930383355247992	0.3553909617201509	0.5191100982560763	0.5897107729471419
225	-73.97928341938874	-12505.495767471688	1.3257739855487616	1.1862415095563623	0.776462912250602	1.0774164861821371	1.0346246284204996	0.3782813349757427	0.596465290464098	0.7815708742979995	0.40410395638094576	0.4654209675835619	0.5897107729471419
226	-73.97928341938874	-12503.837323053707	1.3257739855487616	1.1862415095563623	0.776462912250602	1.0774164861821371	1.0346246284204996	0.3782813349757427	0.596465290464098	0.7815708742979995	0.40410395638094576	0.4654209675835619	0.5897107729471419
227	-73.97928341938874	-12503.837323053707	1.3257739855487616	1.1862415095563623	0.776462912250602	1.0774164861821371	1.0346246284204996	0.3782813349757427	0.596465290464098	0.7815708742979995	0.40410395638094576	0.4654209675835619	0.5897107729471419
228	-73.97928341938874	-12503.837323053707	1.3257739855487616	1.1862415095563623	0.776462912250602	1.0774164861821371	1.0346246284204996	0.3782813349757427	0.596465290464098	0.7815708742979995	0.40410395638094576	0.4654209675835619	0.5897107729471419
229	-73.97928341938874	-12503.837323053707	1.3257739855487616	1.1862415095563623	0.776462912250602	1.0774164861821371	1.0346246284204996	0.3782813349757427	0.596465290464098	0.7815708742979995	0.40410395638094576	0.4654209675835619	0.5897107729471419
230	-73.97928341938874	-12503.837323053707	1.3257739855487616	1.1862415095563623	0.776462912250602	1.0774164861821371	1.0346246284204996	0.3782813349757427	0.596465290464098	0.7815708742979995	0.40410395638094576	0.4654209675835619	0.5897107729471419
231	-73.97928341938874	-12503.837323053707	1.3257739855487616	1.1862415095563623	0.776462912250602	1.0774164861821371	1.0346246284204996	0.3782813349757427	0.596465290464098	0.7815708742979995	0.40410395638094576	0.4654209675835619	0.5897107729471419
232	-73.96502919360773	-12505.460684224994	1.3257739855487616	1.1862415095563623	0.776462912250602	1.0774164861821371	1.0346246284204996	0.3782813349757427	0.596465290464098	0.7815708742979995	0.40410395638094576	0.4654209675835619	0.5897107729471419
233	-73.96502919360773	-12505.460684224994	1.3257739855487616	1.1862415095563623	0.776462912250602	1.0774164861821371	1.0346246284204996	0.3782813349757427	0.596465290464098	0.7815708742979995	0.40410395638094576	0.4654209675835619	0.5897107729471419
234	-73.96502919360773	-12505.509296830201	1.3257739855487616	1.1862415095563623	0.776462912250602	1.0774164861821371	1.0346246284204996	0.3782813349757427	0.596465290464098	0.7815708742979995	0.40410395638094576	0.4654209675835619	0.5897107729471419
235	-73.96502919360773	-12505.509296830201	1.3257739855487616	1.1862415095563623	0.776462912250602	1.0774164861821371	1.0346246284204996	0.3782813349757427	0.596465290464098	0.7815708742979995	0.40410395638094576	0.4654209675835619	0.5897107729471419
236	-73.96502919360773	-12505.509296830201	1.3257739855487616	1.1862415095563623	0.776462912250602	1.0774164861821371	1.0346246284204996	0.3782813349757427	0.596465290464098	0.7815708742979995	0.40410395638094576	0.4654209675835619	0.5897107729471419
237	-73.96502919360773	-12506.412945875709	1.3257739855487616	1.1862415095563623	0.776462912250602	1.0774164861821371	1.0346246284204996	0.3782813349757427	0.596465290464098	0.7815708742979995	0.40410395638094576	0.4654209675835619	0.5897107729471419
238	-73.96502919360773	-12506.412945875709	1.3257739855487616	1.1862415095563623	0.776462912250602	1.0774164861821371	1.0346246284204996	0.3782813349757427	0.596465290464098	0.7815708742979995	0.40410395638094576	0.4654209675835619	0.5897107729471419
239	-73.96502919360773	-12508.39876996026	1.3257739855487616	1.1862415095563623	0.776462912250602	1.0774164861821371	1.0346246284204996	0.3782813349757427	0.596465290464098	0.7815708742979995	0.40410395638094576	0.4654209675835619	0.5897107729471419
240	-73.96502919360773	-12508.39876996026	1.3257739855487616	1.1862415095563623	0.776462912250602	1.0774164861821371	1.0346246284204996	0.3782813349757427	0.596465290464098	0.7815708742979995	0.40410395638094576	0.4654209675835619	0.5897107729471419
241	-73.96502919360773	-12508.39876996026	1.3257739855487616	1.1862415095563623	0.776462912250602	1.0774164861821371	1.0346246284204996	0.3782813349757427	0.596465290464098	0.7815708742979995	0.40410395638094576	0.4654209675835619	0.5897107729471419
242	-73.9789754396758	-12499.04851021035	1.3257739855487616	1.1862415095563623	0.776462912250602	1.0774164861821371	1.0346246284204996	0.3782813349757427	0.596465290464098	0.7815708742979995	0.40410395638094576	0.4654209675835619	0.5897107729471419
243	-73.9789754396758	-12498.328898007161	1.3257739855487616	1.1862415095563623	0.776462912250602	1.0774164861821371	1.0346246284204996	0.3782813349757427	0.596465290464098	0.7815708742979995	0.40410395638094576	0.4654209675835619	0.5897107729471419
244	-73.9789754396758	-12498.328898007161	1.3257739855487616	1.1862415095563623	0.776462912250602	1.0774164861821371	1.0346246284204996	0.3782813349757427	0.596465290464098	0.7815708742979995	0.40410395638094576	0.4654209675835619	0.5897107729471419
245	-73.9789754396758	-12498.328898007161	1.3257739855487616	1.1862415095563623	0.776462912250602	1.0774164861821371	1.0346246284204996	0.3782813349757427	0.596465290464098	0.7815708742979995	0.40410395638094576	0.4654209675835619	0.5897107729471419
246	-73.9789754396758	-12493.293006374397	1.3257739855487616	1.1862415095563623	0.776462912250602	1.0774164861821371	1.0346246284204996	0.3782813349757427	0.596465290464098	0.7815708742979995	0.40410395638094576	0.4654209675835619	0.5897107729471419
247	-73.98798978458551	-12484.563617351963	1.3257739855487616	1.1862415095563623	0.776462912250602	1.0774164861821371	1.0346246284204996	0.3782813349757427	0.596465290464098	0.7815708742979995	0.40410395638094576	0.4654209675835619	0.5897107729471419
248	-73.94875247980829	-12468.860911483542	1.3257739855487616	1.1862415095563623	0.776462912250602	1.0774164861821371	1.0346246284204996	0.3782813349757427	0.596465290464098	0.7815708742979995	0.40410395638094576	0.4654209675835619	0.5897107729471419
249	-73.94875247980829	-12468.860911483542	1.3257739855487616	1.1862415095563623	0.776462912250602	1.0774164861821371	1.0346246284204996	0.3782813349757427	0.596465290464098	0.7815708742979995	0.40410395638094576	0.4654209675835619	0.5897107729471419
250	-73.94875247980829	-12468.860911483542	1.3257739855487616	1.1862415095563623	0.776462912250602	1.0774164861821371	1.0346246284204996	0.3782813349757427	0.596465290464098	0.7815708742979995	0.40410395638094576	0.4654209675835619	0.5897107729471419
251	-73.98998536211317	-12420.561812071232	1.3257739855487616	1.1862415095563623	0.776462912250602	1.0774164861821371	1.0346246284204996	0.3782813349757427	0.596465290464098	0.7815708742979995	0.40410395638094576	0.4654209675835619	0.5897107729471419
252	-73.98998536211317	-12419.854785489364	1.3257739855487616	1.1862415095563623	0.776462912250602	1.0774164861821371	1.0346246284204996	0.3782813349757427	0.596465290464098	0.7815708742979995	0.40410395638094576	0.4654209675835619	0.5897107729471419
253	-73.98544117963006	-12419.152564863352	1.3257739855487616	1.1862415095563623	0.776462912250602	1.0774164861821371	1.0346246284204996	0.3782813349757427	0.596465290464098	0.7815708742979995	0.40410395638094576	0.4654209675835619	0.5897107729471419
254	-73.98544117963006	-12419.152564863352	1.3257739855487616	1.1862415095563623	0.776462912250602	1.0774164861821371	1.0346246284204996	0.3782813349757427	0.596465290464098	0.7815708742979995	0.40410395638094576	0.4654209675835619	0.5897107729471419
255	-73.98544117963006	-12419.152564863352	1.3257739855487616	1.1862415095563623	0.776462912250602	1.0774164861821371	1.0346246284204996	0.3782813349757427	0.596465290464098	0.7815708742979995	0.40410395638094576	0.4654209675835619	0.5897107729471419
256	-73.98544117963006	-12419.152564863352	1.3257739855487616	1.1862415095563623	0.776462912250602	1.0774164861821371	1.0346246284204996	0.3782813349757427	0.596465290464098	0.7815708742979995	0.40410395638094576	0.4654209675835619	0.5897107729471419
257	-73.98544117963006	-12418.590555015646	1.3257739855487616	1.1862415095563623	0.776462912250602	1.0774164861821371	1.0346246284204996	0.3782813349757427	0.596465290464098	0.7815708742979995	0.40410395638094576	0.4654209675835619	0.5897107729471419
258	-73.98544117963006	-12418.590555015646	1.3257739855487616	1.1862415095563623	0.776462912250602	1.0774164861821371	1.0346246284204996	0.3782813349757427	0.596465290464098	0.7815708742979995	0.40410395638094576	0.4654209675835619	0.5897107729471419
259	-73.98544117963006	-12418.590555015646	1.3257739855487616	1.1862415095563623	0.776462912250602	1.0774164861821371	1.0346246284204996	0.3782813349757427	0.596465290464098	0.7815708742979995	0.40410395638094576	0.4654209675835619	0.5897107729471419
260	-73.98544117963006	-12418.590555015646	1.3257739855487616	1.1862415095563623	0.776462912250602	1.0774164861821371	1.0346246284204996	0.3782813349757427	0.596465290464098	0.7815708742979995	0.40410395638094576	0.4654209675835619	0.5897107729471419
261	-73.98544117963006	-12418.590555015646	1.3257739855487616	1.1862415095563623	0.776462912250602	1.0774164861821371	1.0346246284204996	0.3782813349757427	0.596465290464098	0.7815708742979995	0.40410395638094576	0.4654209675835619	0.5897107729471419
262	-73.98544117963006	-12418.590555015646	1.3257739855487616	1.1862415095563623	0.776462912250602	1.0774164861821371	1.0346246284204996	0.3782813349757427	0.596465290464098	0.7815708742979995	0.40410395638094576	0.4654209675835619	0.5897107729471419
263	-73.98544117963006	-12418.615600153264	1.3257739855487616	1.1862415095563623	0.776462912250602	1.0774164861821371	1.0346246284204996	0.3782813349757427	0.596465290464098	0.7815708742979995	0.40410395638094576	0.4654209675835619	0.5897107729471419
264	-73.98544117963006	-12418.615600153264	1.3257739855487616	1.1862415095563623	0.776462912250602	1.0774164861821371	1.0346246284204996	0.3782813349757427	0.596465290464098	0.7815708742979995	0.40410395638094576	0.4654209675835619	0.5897107729471419
265	-64.7728945902268	-12418.615600153264	1.6112271268003604	1.259237152492109	0.9902815790236982	1.3871317910847438	0.9262844171953196	0.3782813349757427	0.596465290464098	0.7815708742979995	0.40410395638094576	0.4654209675835619	0.5897107729471419
266	-64.7728945902268	-12415.065857453592	1.6112271268003604	1.259237152492109	0.9902815790236982	1.3871317910847438	0.9262844171953196	0.3782813349757427	0.596465290464098	0.7815708742979995	0.40410395638094576	0.4654209675835619	0.5897107729471419
267	-64.7728945902268	-12415.065857453592	1.6112271268003604	1.259237152492109	0.9902815790236982	1.3871317910847438	0.9262844171953196	0.3782813349757427	0.596465290464098	0.7815708742979995	0.40410395638094576	0.4654209675835619	0.5897107729471419
268	-64.7728945902268	-12414.9722040733	1.6112271268003604	1.259237152492109	0.9902815790236982	1.3871317910847438	0.9262844171953196	0.3782813349757427	0.596465290464098	0.7815708742979995	0.40410395638094576	0.4654209675835619	0.5897107729471419
269	-64.7728945902268	-12414.9722040733	1.6112271268003604	1.259237152492109	0.9902815790236982	1.3871317910847438	0.9262844171953196	0.3782813349757427	0.596465290464098	0.7815708742979995	0.40410395638094576	0.4654209675835619	0.5897107729471419
270	-64.7728945902268	-12414.9722040733	1.6112271268003604	1.259237152492109	0.9902815790236982	1.3871317910847438	0.9262844171953196	0.3782813349757427	0.596465290464098	0.7815708742979995	0.40410395638094576	0.4654209675835619	0.5897107729471419
271	-64.7728945902268	-12414.9722040733	1.6112271268003604	1.259237152492109	0.9902815790236982	1.3871317910847438	0.9262844171953196	0.3782813349757427	0.596465290464098	0.7815708742979995	0.40410395638094576	0.4654209675835619	0.5897107729471419
272	-64.7728945902268	-12414.9722040733	1.6112271268003604	1.259237152492109	0.9902815790236982	1.3871317910847438	0.9262844171953196	0.3782813349757427	0.596465290464098	0.7815708742979995	0.40410395638094576	0.4654209675835619	0.5897107729471419
273	-64.7728945902268	-12414.9722040733	1.6112271268003604	1.259237152492109	0.9902815790236982	1.3871317910847438	0.9262844171953196	0.3782813349757427	0.596465290464098	0.7815708742979995	0.40410395638094576	0.4654209675835619	0.5897107729471419
274	-64.7728945902268	-12414.9722040733	1.6112271268003604	1.259237152492109	0.9902815790236982	1.3871317910847438	0.9262844171953196	0.3782813349757427	0.596465290464098	0.7815708742979995	0.40410395638094576	0.4654209675835619	0.5897107729471419
275	-64.7728945902268	-12414.9722040733	1.6112271268003604	1.259237152492109	0.9902815790236982	1.3871317910847438	0.9262844171953196	0.3782813349757427	0.596465290464098	0.7815708742979995	0.40410395638094576	0.4654209675835619	0.5897107729471419
276	-64.81052949677944	-12415.218434238386	1.6112271268003604	1.259237152492109	0.9902815790236982	1.3871317910847438	0.9262844171953196	0.3782813349757427	0.596465290464098	0.7815708742979995	0.40410395638094576	0.4654209675835619	0.5897107729471419
277	-64.81052949677944	-12375.376686382779	1.6112271268003604	1.259237152492109	0.9902815790236982	1.3871317910847438	0.9262844171953196	0.3782813349757427	0.596465290464098	0.7815708742979995	0.40410395638094576	0.4654209675835619	0.5897107729471419
278	-64.8145475123224	-12376.036418467682	1.6112271268003604	1.259237152492109	0.9902815790236982	1.3871317910847438	0.9262844171953196	0.3782813349757427	0.596465290464098	0.7815708742979995	0.40410395638094576	0.4654209675835619	0.5897107729471419
279	-64.8145475123224	-12375.956425621005	1.6112271268003604	1.259237152492109	0.9902815790236982	1.3871317910847438	0.9262844171953196	0.3782813349757427	0.596465290464098	0.7815708742979995	0.40410395638094576	0.4654209675835619	0.5897107729471419
280	-64.8145475123224	-12375.956425621005	1.6112271268003604	1.259237152492109	0.9902815790236982	1.3871317910847438	0.9262844171953196	0.3782813349757427	0.596465290464098	0.7815708742979995	0.40410395638094576	0.4654209675835619	0.5897107729471419
281	-64.8145475123224	-12375.956425621005	1.6112271268003604	1.259237152492109	0.9902815790236982	1.3871317910847438	0.9262844171953196	0.3782813349757427	0.596465290464098	0.7815708742979995	0.40410395638094576	0.4654209675835619	0.5897107729471419
282	-64.8145475123224	-12375.956425621005	1.6112271268003604	1.259237152492109	0.9902815790236982	1.3871317910847438	0.9262844171953196	0.3782813349757427	0.596465290464098	0.7815708742979995	0.40410395638094576	0.4654209675835619	0.5897107729471419
283	-64.8145475123224	-12375.956425621005	1.6112271268003604	1.259237152492109	0.9902815790236982	1.3871317910847438	0.9262844171953196	0.3782813349757427	0.596465290464098	0.7815708742979995	0.40410395638094576	0.4654209675835619	0.5897107729471419
284	-64.8145475123224	-12371.63334609112	1.6112271268003604	1.259237152492109	0.9902815790236982	1.3871317910847438	0.9262844171953196	0.3782813349757427	0.596465290464098	0.7815708742979995	0.40410395638094576	0.4654209675835619	0.5897107729471419
285	-64.76876234795186	-12371.63334609112	1.6112271268003604	1.259237152492109	0.9902815790236982	1.3871317910847438	0.9262844171953196	0.3782813349757427	0.596465290464098	0.7815708742979995	0.40410395638094576	0.4654209675835619	0.556542900543148
286	-64.76876234795186	-12371.63334609112	1.6112271268003604	1.259237152492109	0.9902815790236982	1.3871317910847438	0.9262844171953196	0.3782813349757427	0.596465290464098	0.7815708742979995	0.40410395638094576	0.4654209675835619	0.556542900543148
287	-64.78042635238106	-12367.181367164862	1.6112271268003604	1.259237152492109	0.9902815790236982	1.3871317910847438	0.9262844171953196	0.3782813349757427	0.596465290464098	0.7815708742979995	0.40410395638094576	0.4654209675835619	0.556542900543148
288	-64.78042635238106	-12367.181367164862	1.6112271268003604	1.259237152492109	0.9902815790236982	1.3871317910847438	0.9262844171953196	0.3782813349757427	0.596465290464098	0.7815708742979995	0.40410395638094576	0.4654209675835619	0.556542900543148
289	-64.78042635238106	-12367.181367164862	1.6112271268003604	1.259237152492109	0.9902815790236982	1.3871317910847438	0.9262844171953196	0.3782813349757427	0.596465290464098	0.7815708742979995	0.40410395638094576	0.4654209675835619	0.556542900543148
290	-64.78042635238106	-12367.181367164862	1.6112271268003604	1.259237152492109	0.9902815790236982	1.3871317910847438	0.9262844171953196	0.3782813349757427	0.596465290464098	0.7815708742979995	0.40410395638094576	0.4654209675835619	0.556542900543148
291	-64.78042635238106	-12350.53334902246	1.6112271268003604	1.259237152492109	0.9902815790236982	1.3871317910847438	0.9262844171953196	0.3782813349757427	0.596465290464098	0.7815708742979995	0.40410395638094576	0.4654209675835619	0.556542900543148
292	-64.78042635238106	-12342.609605739119	1.6112271268003604	1.259237152492109	0.9902815790236982	1.3871317910847438	0.9262844171953196	0.3782813349757427	0.596465290464098	0.7815708742979995	0.40410395638094576	0.4654209675835619	0.556542900543148
293	-64.37335731513117	-12341.944707514856	1.6112271268003604	1.259237152492109	0.9902815790236982	1.3871317910847438	0.9262844171953196	0.3782813349757427	0.596465290464098	0.7815708742979995	0.40410395638094576	0.4654209675835619	0.556542900543148
294	-64.37335731513117	-12341.944707514856	1.6112271268003604	1.259237152492109	0.9902815790236982	1.3871317910847438	0.9262844171953196	0.3782813349757427	0.596465290464098	0.7815708742979995	0.40410395638094576	0.4654209675835619	0.556542900543148
295	-64.37335731513117	-12341.944707514856	1.6112271268003604	1.259237152492109	0.9902815790236982	1.3871317910847438	0.9262844171953196	0.3782813349757427	0.596465290464098	0.7815708742979995	0.40410395638094576	0.4654209675835619	0.556542900543148
296	-64.37335731513117	-12341.944707514856	1.6112271268003604	1.259237152492109	0.9902815790236982	1.3871317910847438	0.9262844171953196	0.3782813349757427	0.596465290464098	0.7815708742979995	0.40410395638094576	0.4654209675835619	0.556542900543148
297	-63.96386160940718	-12097.044581257287	1.6112271268003604	1.259237152492109	0.9902815790236982	1.3871317910847438	0.9262844171953196	0.3782813349757427	0.596465290464098	0.7815708742979995	0.40410395638094576	0.4654209675835619	0.556542900543148
298	-63.96386160940718	-12098.15588006109	1.6112271268003604	1.259237152492109	0.9902815790236982	1.3871317910847438	0.9262844171953196	0.3782813349757427	0.596465290464098	0.7815708742979995	0.40410395638094576	0.4654209675835619	0.556542900543148
299	-63.96386160940718	-12098.15588006109	1.6112271268003604	1.259237152492109	0.9902815790236982	1.3871317910847438	0.9262844171953196	0.3782813349757427	0.596465290464098	0.7815708742979995	0.40410395638094576	0.4654209675835619	0.556542900543148
300	-63.96386160940718	-12098.15588006109	1.6112271268003604	1.259237152492109	0.9902815790236982	1.3871317910847438	0.9262844171953196	0.3782813349757427	0.596465290464098	0.7815708742979995	0.40410395638094576	0.4654209675835619	0.556542900543148
301	-63.96386160940718	-12098.15588006109	1.6112271268003604	1.259237152492109	0.9902815790236982	1.3871317910847438	0.9262844171953196	0.3782813349757427	0.596465290464098	0.7815708742979995	0.40410395638094576	0.4654209675835619	0.556542900543148
302	-63.89117705101686	-12092.60559863839	1.6112271268003604	1.259237152492109	0.9902815790236982	1.3871317910847438	0.9262844171953196	0.3782813349757427	0.596465290464098	0.7815708742979995	0.40410395638094576	0.4654209675835619	0.556542900543148
303	-63.485533643289365	-12089.667098298	1.6112271268003604	1.259237152492109	0.9902815790236982	1.3871317910847438	0.9262844171953196	0.3782813349757427	0.596465290464098	0.7815708742979995	0.40410395638094576	0.4654209675835619	0.556542900543148
304	-63.485533643289365	-12089.667098298	1.6112271268003604	1.259237152492109	0.9902815790236982	1.3871317910847438	0.9262844171953196	0.3782813349757427	0.596465290464098	0.7815708742979995	0.40410395638094576	0.4654209675835619	0.556542900543148
305	-63.245228755451635	-12082.021912905353	1.6112271268003604	1.259237152492109	0.9902815790236982	1.3871317910847438	0.9262844171953196	0.3782813349757427	0.596465290464098	0.7815708742979995	0.40410395638094576	0.4654209675835619	0.556542900543148
306	-63.245228755451635	-12082.021912905353	1.6112271268003604	1.259237152492109	0.9902815790236982	1.3871317910847438	0.9262844171953196	0.3782813349757427	0.596465290464098	0.7815708742979995	0.40410395638094576	0.4654209675835619	0.556542900543148
307	-63.245228755451635	-12082.021912905353	1.6112271268003604	1.259237152492109	0.9902815790236982	1.3871317910847438	0.9262844171953196	0.3782813349757427	0.596465290464098	0.7815708742979995	0.40410395638094576	0.4654209675835619	0.556542900543148
308	-63.245228755451635	-12082.021912905353	1.6112271268003604	1.259237152492109	0.9902815790236982	1.3871317910847438	0.9262844171953196	0.3782813349757427	0.596465290464098	0.7815708742979995	0.40410395638094576	0.4654209675835619	0.556542900543148
309	-63.245228755451635	-12082.021912905353	1.6112271268003604	1.259237152492109	0.9902815790236982	1.3871317910847438	0.9262844171953196	0.3782813349757427	0.596465290464098	0.7815708742979995	0.40410395638094576	0.4654209675835619	0.556542900543148
310	-63.2509894002271	-12080.921765122803	1.6112271268003604	1.259237152492109	0.9902815790236982	1.3871317910847438	0.9262844171953196	0.3782813349757427	0.596465290464098	0.7815708742979995	0.40410395638094576	0.4654209675835619	0.556542900543148
311	-63.2509894002271	-12080.921765122803	1.6112271268003604	1.259237152492109	0.9902815790236982	1.3871317910847438	0.9262844171953196	0.3782813349757427	0.596465290464098	0.7815708742979995	0.40410395638094576	0.4654209675835619	0.556542900543148
312	-63.2509894002271	-12080.921765122803	1.6112271268003604	1.259237152492109	0.9902815790236982	1.3871317910847438	0.9262844171953196	0.3782813349757427	0.596465290464098	0.7815708742979995	0.40410395638094576	0.4654209675835619	0.556542900543148
313	-63.2509894002271	-12080.921765122803	1.6112271268003604	1.259237152492109	0.9902815790236982	1.3871317910847438	0.9262844171953196	0.3782813349757427	0.596465290464098	0.7815708742979995	0.40410395638094576	0.4654209675835619	0.556542900543148
314	-63.2509894002271	-12081.566230027238	1.6112271268003604	1.259237152492109	0.9902815790236982	1.3871317910847438	0.9262844171953196	0.3782813349757427	0.596465290464098	0.7815708742979995	0.40410395638094576	0.4654209675835619	0.556542900543148
315	-63.2509894002271	-12081.566230027238	1.6112271268003604	1.259237152492109	0.9902815790236982	1.3871317910847438	0.9262844171953196	0.3782813349757427	0.596465290464098	0.7815708742979995	0.40410395638094576	0.4654209675835619	0.556542900543148
316	-63.2509894002271	-12081.566230027238	1.6112271268003604	1.259237152492109	0.9902815790236982	1.3871317910847438	0.9262844171953196	0.3782813349757427	0.596465290464098	0.7815708742979995	0.40410395638094576	0.4654209675835619	0.556542900543148
317	-63.499111382588225	-12081.566230027238	1.6112271268003604	1.259237152492109	0.9902815790236982	1.3871317910847438	0.9262844171953196	0.3782813349757427	0.596465290464098	0.7815708742979995	0.40410395638094576	0.4654209675835619	0.735268444007416
318	-63.499111382588225	-12081.566230027238	1.6112271268003604	1.259237152492109	0.9902815790236982	1.3871317910847438	0.9262844171953196	0.3782813349757427	0.596465290464098	0.7815708742979995	0.40410395638094576	0.4654209675835619	0.735268444007416
319	-63.499111382588225	-12053.328335798136	1.6112271268003604	1.259237152492109	0.9902815790236982	1.3871317910847438	0.9262844171953196	0.3782813349757427	0.596465290464098	0.7815708742979995	0.40410395638094576	0.4654209675835619	0.735268444007416
320	-63.499111382588225	-12053.328335798136	1.6112271268003604	1.259237152492109	0.9902815790236982	1.3871317910847438	0.9262844171953196	0.3782813349757427	0.596465290464098	0.7815708742979995	0.40410395638094576	0.4654209675835619	0.735268444007416
321	-63.499111382588225	-12053.328335798136	1.6112271268003604	1.259237152492109	0.9902815790236982	1.3871317910847438	0.9262844171953196	0.3782813349757427	0.596465290464098	0.7815708742979995	0.40410395638094576	0.4654209675835619	0.735268444007416
322	-63.499111382588225	-12053.328335798136	1.6112271268003604	1.259237152492109	0.9902815790236982	1.3871317910847438	0.9262844171953196	0.3782813349757427	0.596465290464098	0.7815708742979995	0.40410395638094576	0.4654209675835619	0.735268444007416
323	-63.499111382588225	-12053.328335798136	1.6112271268003604	1.259237152492109	0.9902815790236982	1.3871317910847438	0.9262844171953196	0.3782813349757427	0.596465290464098	0.7815708742979995	0.40410395638094576	0.4654209675835619	0.735268444007416
324	-63.499111382588225	-12034.75516399013	1.6112271268003604	1.259237152492109	0.9902815790236982	1.3871317910847438	0.9262844171953196	0.3782813349757427	0.596465290464098	0.7815708742979995	0.40410395638094576	0.4654209675835619	0.735268444007416
325	-63.539111324774936	-12031.865648923205	1.6112271268003604	1.259237152492109	0.9902815790236982	1.3871317910847438	0.9262844171953196	0.3782813349757427	0.596465290464098	0.7815708742979995	0.40410395638094576	0.4654209675835619	0.735268444007416
326	-63.539111324774936	-12031.865648923205	1.6112271268003604	1.259237152492109	0.9902815790236982	1.3871317910847438	0.9262844171953196	0.3782813349757427	0.596465290464098	0.7815708742979995	0.40410395638094576	0.4654209675835619	0.735268444007416
327	-63.539111324774936	-12032.85365208809	1.6112271268003604	1.259237152492109	0.9902815790236982	1.3871317910847438	0.9262844171953196	0.3782813349757427	0.596465290464098	0.7815708742979995	0.40410395638094576	0.4654209675835619	0.735268444007416
328	-63.539111324774936	-12032.85365208809	1.6112271268003604	1.259237152492109	0.9902815790236982	1.3871317910847438	0.9262844171953196	0.3782813349757427	0.596465290464098	0.7815708742979995	0.40410395638094576	0.4654209675835619	0.735268444007416
329	-63.70433674601817	-12032.85365208809	1.6112271268003604	1.259237152492109	0.9902815790236982	1.3871317910847438	0.9262844171953196	0.3782813349757427	0.596465290464098	0.7815708742979995	0.40410395638094576	0.4654209675835619	0.8530291688183682
330	-63.70433674601817	-12032.85365208809	1.6112271268003604	1.259237152492109	0.9902815790236982	1.3871317910847438	0.9262844171953196	0.3782813349757427	0.596465290464098	0.7815708742979995	0.40410395638094576	0.4654209675835619	0.8530291688183682
331	-63.70433674601817	-12032.85365208809	1.6112271268003604	1.259237152492109	0.9902815790236982	1.3871317910847438	0.9262844171953196	0.3782813349757427	0.596465290464098	0.7815708742979995	0.40410395638094576	0.4654209675835619	0.8530291688183682
332	-63.70433674601817	-12032.85365208809	1.6112271268003604	1.259237152492109	0.9902815790236982	1.3871317910847438	0.9262844171953196	0.3782813349757427	0.596465290464098	0.7815708742979995	0.40410395638094576	0.4654209675835619	0.8530291688183682
333	-63.70433674601817	-12032.85365208809	1.6112271268003604	1.259237152492109	0.9902815790236982	1.3871317910847438	0.9262844171953196	0.3782813349757427	0.596465290464098	0.7815708742979995	0.40410395638094576	0.4654209675835619	0.8530291688183682
334	-63.70433674601817	-12032.85365208809	1.6112271268003604	1.259237152492109	0.9902815790236982	1.3871317910847438	0.9262844171953196	0.3782813349757427	0.596465290464098	0.7815708742979995	0.40410395638094576	0.4654209675835619	0.8530291688183682
335	-63.70433674601817	-12029.833068616086	1.6112271268003604	1.259237152492109	0.9902815790236982	1.3871317910847438	0.9262844171953196	0.3782813349757427	0.596465290464098	0.7815708742979995	0.40410395638094576	0.4654209675835619	0.8530291688183682
336	-63.70433674601817	-12029.833068616086	1.6112271268003604	1.259237152492109	0.9902815790236982	1.3871317910847438	0.9262844171953196	0.3782813349757427	0.596465290464098	0.7815708742979995	0.40410395638094576	0.4654209675835619	0.8530291688183682
337	-63.86893498802207	-12029.833068616086	1.6112271268003604	1.259237152492109	0.9902815790236982	1.3871317910847438	0.9262844171953196	0.3782813349757427	0.596465290464098	0.7815708742979995	0.40410395638094576	0.4654209675835619	0.9695020702693518
338	-63.86893498802207	-12029.833068616086	1.6112271268003604	1.259237152492109	0.9902815790236982	1.3871317910847438	0.9262844171953196	0.3782813349757427	0.596465290464098	0.7815708742979995	0.40410395638094576	0.4654209675835619	0.9695020702693518
339	-63.86893498802207	-12024.646161315684	1.6112271268003604	1.259237152492109	0.9902815790236982	1.3871317910847438	0.9262844171953196	0.3782813349757427	0.596465290464098	0.7815708742979995	0.40410395638094576	0.4654209675835619	0.9695020702693518
340	-64.67811419667258	-12024.646161315684	1.6112271268003604	1.259237152492109	0.9902815790236982	1.3871317910847438	0.9262844171953196	0.4612776581582494	0.7211572697388482	0.8000549345101405	0.3250527605689413	0.5795468576055071	0.9695020702693518
341	-64.67293072649457	-12012.091337521326	1.6112271268003604	1.259237152492109	0.9902815790236982	1.3871317910847438	0.9262844171953196	0.4612776581582494	0.7211572697388482	0.8000549345101405	0.3250527605689413	0.5795468576055071	0.9695020702693518
342	-64.67293072649457	-12012.091337521326	1.6112271268003604	1.259237152492109	0.9902815790236982	1.3871317910847438	0.9262844171953196	0.4612776581582494	0.7211572697388482	0.8000549345101405	0.3250527605689413	0.5795468576055071	0.9695020702693518
343	-64.67293072649457	-12012.091337521326	1.6112271268003604	1.259237152492109	0.9902815790236982	1.3871317910847438	0.9262844171953196	0.4612776581582494	0.7211572697388482	0.8000549345101405	0.3250527605689413	0.5795468576055071	0.9695020702693518
344	-64.67293072649457	-12012.091337521326	1.6112271268003604	1.259237152492109	0.9902815790236982	1.3871317910847438	0.9262844171953196	0.4612776581582494	0.7211572697388482	0.8000549345101405	0.3250527605689413	0.5795468576055071	0.9695020702693518
345	-64.67293072649457	-11914.355094447345	1.6112271268003604	1.259237152492109	0.9902815790236982	1.3871317910847438	0.9262844171953196	0.4612776581582494	0.7211572697388482	0.8000549345101405	0.3250527605689413	0.5795468576055071	0.9695020702693518
346	-64.67293072649457	-11878.905141526086	1.6112271268003604	1.259237152492109	0.9902815790236982	1.3871317910847438	0.9262844171953196	0.4612776581582494	0.7211572697388482	0.8000549345101405	0.3250527605689413	0.5795468576055071	0.9695020702693518
347	-64.67293072649457	-11878.905141526086	1.6112271268003604	1.259237152492109	0.9902815790236982	1.3871317910847438	0.9262844171953196	0.4612776581582494	0.7211572697388482	0.8000549345101405	0.3250527605689413	0.5795468576055071	0.9695020702693518
348	-64.67293072649457	-11878.905141526086	1.6112271268003604	1.259237152492109	0.9902815790236982	1.3871317910847438	0.9262844171953196	0.4612776581582494	0.7211572697388482	0.8000549345101405	0.3250527605689413	0.5795468576055071	0.9695020702693518
349	-64.67293072649457	-11878.905141526086	1.6112271268003604	1.259237152492109	0.9902815790236982	1.3871317910847438	0.9262844171953196	0.4612776581582494	0.7211572697388482	0.8000549345101405	0.3250527605689413	0.5795468576055071	0.9695020702693518
350	-64.67293072649457	-11878.905141526086	1.6112271268003604	1.259237152492109	0.9902815790236982	1.3871317910847438	0.9262844171953196	0.4612776581582494	0.7211572697388482	0.8000549345101405	0.3250527605689413	0.5795468576055071	0.9695020702693518
351	-64.67293072649457	-11878.905141526086	1.6112271268003604	1.259237152492109	0.9902815790236982	1.3871317910847438	0.9262844171953196	0.4612776581582494	0.7211572697388482	0.8000549345101405	0.3250527605689413	0.5795468576055071	0.9695020702693518
352	-64.67293072649457	-11878.905141526086	1.6112271268003604	1.259237152492109	0.9902815790236982	1.3871317910847438	0.9262844171953196	0.4612776581582494	0.7211572697388482	0.8000549345101405	0.3250527605689413	0.5795468576055071	0.9695020702693518
353	-65.42425738006229	-11796.851257154318	1.6112271268003604	1.259237152492109	0.9902815790236982	1.3871317910847438	0.9262844171953196	0.4612776581582494	0.7211572697388482	0.8000549345101405	0.3250527605689413	0.5795468576055071	0.9695020702693518
354	-65.42425738006229	-11796.851257154318	1.6112271268003604	1.259237152492109	0.9902815790236982	1.3871317910847438	0.9262844171953196	0.4612776581582494	0.7211572697388482	0.8000549345101405	0.3250527605689413	0.5795468576055071	0.9695020702693518
355	-65.42425738006229	-11796.851257154318	1.6112271268003604	1.259237152492109	0.9902815790236982	1.3871317910847438	0.9262844171953196	0.4612776581582494	0.7211572697388482	0.8000549345101405	0.3250527605689413	0.5795468576055071	0.9695020702693518
356	-65.42425738006229	-11796.851257154318	1.6112271268003604	1.259237152492109	0.9902815790236982	1.3871317910847438	0.9262844171953196	0.4612776581582494	0.7211572697388482	0.8000549345101405	0.3250527605689413	0.5795468576055071	0.9695020702693518
357	-65.17521671069386	-11796.535814030347	1.6112271268003604	1.259237152492109	0.9902815790236982	1.3871317910847438	0.9262844171953196	0.4612776581582494	0.7211572697388482	0.8000549345101405	0.3250527605689413	0.5795468576055071	0.9695020702693518
358	-65.17521671069386	-11796.535814030347	1.6112271268003604	1.259237152492109	0.9902815790236982	1.3871317910847438	0.9262844171953196	0.4612776581582494	0.7211572697388482	0.8000549345101405	0.3250527605689413	0.5795468576055071	0.9695020702693518
359	-65.17521671069386	-11796.406515176148	1.6112271268003604	1.259237152492109	0.9902815790236982	1.3871317910847438	0.9262844171953196	0.4612776581582494	0.7211572697388482	0.8000549345101405	0.3250527605689413	0.5795468576055071	0.9695020702693518
360	-65.17521671069386	-11796.406515176148	1.6112271268003604	1.259237152492109	0.9902815790236982	1.3871317910847438	0.9262844171953196	0.4612776581582494	0.7211572697388482	0.8000549345101405	0.3250527605689413	0.5795468576055071	0.9695020702693518
361	-65.17521671069386	-11796.406515176148	1.6112271268003604	1.259237152492109	0.9902815790236982	1.3871317910847438	0.9262844171953196	0.4612776581582494	0.7211572697388482	0.8000549345101405	0.3250527605689413	0.5795468576055071	0.9695020702693518
362	-65.17521671069386	-11796.406515176148	1.6112271268003604	1.259237152492109	0.9902815790236982	1.3871317910847438	0.9262844171953196	0.4612776581582494	0.7211572697388482	0.8000549345101405	0.3250527605689413	0.5795468576055071	0.9695020702693518
363	-65.17521671069386	-11796.406515176148	1.6112271268003604	1.259237152492109	0.9902815790236982	1.3871317910847438	0.9262844171953196	0.4612776581582494	0.7211572697388482	0.8000549345101405	0.3250527605689413	0.5795468576055071	0.9695020702693518
364	-65.17521671069386	-11778.590413732056	1.6112271268003604	1.259237152492109	0.9902815790236982	1.3871317910847438	0.9262844171953196	0.4612776581582494	0.7211572697388482	0.8000549345101405	0.3250527605689413	0.5795468576055071	0.9695020702693518
365	-65.2013144594703	-11770.741047612548	1.6112271268003604	1.259237152492109	0.9902815790236982	1.3871317910847438	0.9262844171953196	0.4612776581582494	0.7211572697388482	0.8000549345101405	0.3250527605689413	0.5795468576055071	0.9695020702693518
366	-65.2013144594703	-11770.741047612548	1.6112271268003604	1.259237152492109	0.9902815790236982	1.3871317910847438	0.9262844171953196	0.4612776581582494	0.7211572697388482	0.8000549345101405	0.3250527605689413	0.5795468576055071	0.9695020702693518
367	-65.2013144594703	-11770.741047612548	1.6112271268003604	1.259237152492109	0.9902815790236982	1.3871317910847438	0.9262844171953196	0.4612776581582494	0.7211572697388482	0.8000549345101405	0.3250527605689413	0.5795468576055071	0.9695020702693518
368	-65.2013144594703	-11770.741047612548	1.6112271268003604	1.259237152492109	0.9902815790236982	1.3871317910847438	0.9262844171953196	0.4612776581582494	0.7211572697388482	0.8000549345101405	0.3250527605689413	0.5795468576055071	0.9695020702693518
369	-65.2013144594703	-11770.741047612548	1.6112271268003604	1.259237152492109	0.9902815790236982	1.3871317910847438	0.9262844171953196	0.4612776581582494	0.7211572697388482	0.8000549345101405	0.3250527605689413	0.5795468576055071	0.9695020702693518
370	-65.20481583182034	-11760.609285829381	1.6112271268003604	1.259237152492109	0.9902815790236982	1.3871317910847438	0.9262844171953196	0.4612776581582494	0.7211572697388482	0.8000549345101405	0.3250527605689413	0.5795468576055071	0.9695020702693518
371	-65.20481583182034	-11762.316629279458	1.6112271268003604	1.259237152492109	0.9902815790236982	1.3871317910847438	0.9262844171953196	0.4612776581582494	0.7211572697388482	0.8000549345101405	0.3250527605689413	0.5795468576055071	0.9695020702693518
372	-65.20481583182034	-11762.025476015986	1.6112271268003604	1.259237152492109	0.9902815790236982	1.3871317910847438	0.9262844171953196	0.4612776581582494	0.7211572697388482	0.8000549345101405	0.3250527605689413	0.5795468576055071	0.9695020702693518
373	-65.20481583182034	-11762.025476015986	1.6112271268003604	1.259237152492109	0.9902815790236982	1.3871317910847438	0.9262844171953196	0.4612776581582494	0.7211572697388482	0.8000549345101405	0.3250527605689413	0.5795468576055071	0.9695020702693518
374	-65.20481583182034	-11760.81877887726	1.6112271268003604	1.259237152492109	0.9902815790236982	1.3871317910847438	0.9262844171953196	0.4612776581582494	0.7211572697388482	0.8000549345101405	0.3250527605689413	0.5795468576055071	0.9695020702693518
375	-65.20481583182034	-11760.81877887726	1.6112271268003604	1.259237152492109	0.9902815790236982	1.3871317910847438	0.9262844171953196	0.4612776581582494	0.7211572697388482	0.8000549345101405	0.3250527605689413	0.5795468576055071	0.9695020702693518
376	-65.20481583182034	-11760.547992780368	1.6112271268003604	1.259237152492109	0.9902815790236982	1.3871317910847438	0.9262844171953196	0.4612776581582494	0.7211572697388482	0.8000549345101405	0.3250527605689413	0.5795468576055071	0.9695020702693518
377	-65.20481583182034	-11760.547992780368	1.6112271268003604	1.259237152492109	0.9902815790236982	1.3871317910847438	0.9262844171953196	0.4612776581582494	0.7211572697388482	0.8000549345101405	0.3250527605689413	0.5795468576055071	0.9695020702693518
378	-65.20481583182034	-11760.547992780368	1.6112271268003604	1.259237152492109	0.9902815790236982	1.3871317910847438	0.9262844171953196	0.4612776581582494	0.7211572697388482	0.8000549345101405	0.3250527605689413	0.5795468576055071	0.9695020702693518
379	-65.20481583182034	-11757.727175345164	1.6112271268003604	1.259237152492109	0.9902815790236982	1.3871317910847438	0.9262844171953196	0.4612776581582494	0.7211572697388482	0.8000549345101405	0.3250527605689413	0.5795468576055071	0.9695020702693518
380	-64.93353969732918	-11755.694966053288	1.6112271268003604	1.259237152492109	0.9902815790236982	1.3871317910847438	0.9262844171953196	0.4612776581582494	0.7211572697388482	0.8000549345101405	0.3250527605689413	0.5795468576055071	0.9695020702693518
381	-64.93353969732918	-11755.694966053288	1.6112271268003604	1.259237152492109	0.9902815790236982	1.3871317910847438	0.9262844171953196	0.4612776581582494	0.7211572697388482	0.8000549345101405	0.3250527605689413	0.5795468576055071	0.9695020702693518
382	-64.47098504588135	-11755.694966053288	1.6112271268003604	1.259237152492109	0.9902815790236982	1.3871317910847438	0.9262844171953196	0.3996453525633283	0.6689554179639225	0.7743203293875244	0.3307325390499634	0.676684321664446	0.9695020702693518
383	-64.47098504588135	-11754.447845144932	1.6112271268003604	1.259237152492109	0.9902815790236982	1.3871317910847438	0.9262844171953196	0.3996453525633283	0.6689554179639225	0.7743203293875244	0.3307325390499634	0.676684321664446	0.9695020702693518
384	-64.47098504588135	-11754.447845144932	1.6112271268003604	1.259237152492109	0.9902815790236982	1.3871317910847438	0.9262844171953196	0.3996453525633283	0.6689554179639225	0.7743203293875244	0.3307325390499634	0.676684321664446	0.9695020702693518
385	-64.47098504588135	-11754.447845144932	1.6112271268003604	1.259237152492109	0.9902815790236982	1.3871317910847438	0.9262844171953196	0.3996453525633283	0.6689554179639225	0.7743203293875244	0.3307325390499634	0.676684321664446	0.9695020702693518
386	-64.47735570943075	-11752.09075159411	1.6112271268003604	1.259237152492109	0.9902815790236982	1.3871317910847438	0.9262844171953196	0.3996453525633283	0.6689554179639225	0.7743203293875244	0.3307325390499634	0.676684321664446	0.9695020702693518
387	-64.47735570943075	-11752.09075159411	1.6112271268003604	1.259237152492109	0.9902815790236982	1.3871317910847438	0.9262844171953196	0.3996453525633283	0.6689554179639225	0.7743203293875244	0.3307325390499634	0.676684321664446	0.9695020702693518
388	-64.47735570943075	-11752.09075159411	1.6112271268003604	1.259237152492109	0.9902815790236982	1.3871317910847438	0.9262844171953196	0.3996453525633283	0.6689554179639225	0.7743203293875244	0.3307325390499634	0.676684321664446	0.9695020702693518
389	-63.89120646424753	-11680.67644341266	1.6112271268003604	1.259237152492109	0.9902815790236982	1.3871317910847438	0.9262844171953196	0.3996453525633283	0.6689554179639225	0.7743203293875244	0.3307325390499634	0.676684321664446	0.9695020702693518
390	-63.89120646424753	-11680.098208643392	1.6112271268003604	1.259237152492109	0.9902815790236982	1.3871317910847438	0.9262844171953196	0.3996453525633283	0.6689554179639225	0.7743203293875244	0.3307325390499634	0.676684321664446	0.9695020702693518
391	-63.911806410011025	-11666.940192319053	1.6112271268003604	1.259237152492109	0.9902815790236982	1.3871317910847438	0.9262844171953196	0.3996453525633283	0.6689554179639225	0.7743203293875244	0.3307325390499634	0.676684321664446	0.9695020702693518
392	-63.911806410011025	-11666.940192319053	1.6112271268003604	1.259237152492109	0.9902815790236982	1.3871317910847438	0.9262844171953196	0.3996453525633283	0.6689554179639225	0.7743203293875244	0.3307325390499634	0.676684321664446	0.9695020702693518
393	-63.911806410011025	-11666.940192319053	1.6112271268003604	1.259237152492109	0.9902815790236982	1.3871317910847438	0.9262844171953196	0.3996453525633283	0.6689554179639225	0.7743203293875244	0.3307325390499634	0.676684321664446	0.9695020702693518
394	-63.911806410011025	-11662.182120059402	1.6112271268003604	1.259237152492109	0.9902815790236982	1.3871317910847438	0.9262844171953196	0.3996453525633283	0.6689554179639225	0.7743203293875244	0.3307325390499634	0.676684321664446	0.9695020702693518
395	-63.911806410011025	-11662.182120059402	1.6112271268003604	1.259237152492109	0.9902815790236982	1.3871317910847438	0.9262844171953196	0.3996453525633283	0.6689554179639225	0.7743203293875244	0.3307325390499634	0.676684321664446	0.9695020702693518
396	-63.911806410011025	-11662.182120059402	1.6112271268003604	1.259237152492109	0.9902815790236982	1.3871317910847438	0.9262844171953196	0.3996453525633283	0.6689554179639225	0.7743203293875244	0.3307325390499634	0.676684321664446	0.9695020702693518
397	-63.670245870988055	-11640.142400153774	1.6112271268003604	1.259237152492109	0.9902815790236982	1.3871317910847438	0.9262844171953196	0.3996453525633283	0.6689554179639225	0.7743203293875244	0.3307325390499634	0.676684321664446	0.9695020702693518
398	-63.670245870988055	-11640.142400153774	1.6112271268003604	1.259237152492109	0.9902815790236982	1.3871317910847438	0.9262844171953196	0.3996453525633283	0.6689554179639225	0.7743203293875244	0.3307325390499634	0.676684321664446	0.9695020702693518
399	-63.68822775224227	-11636.224685758478	1.6112271268003604	1.259237152492109	0.9902815790236982	1.3871317910847438	0.9262844171953196	0.3996453525633283	0.6689554179639225	0.7743203293875244	0.3307325390499634	0.676684321664446	0.9695020702693518
400	-63.68822775224227	-11636.224685758478	1.6112271268003604	1.259237152492109	0.9902815790236982	1.3871317910847438	0.9262844171953196	0.3996453525633283	0.6689554179639225	0.7743203293875244	0.3307325390499634	0.676684321664446	0.9695020702693518
401	-63.68822775224227	-11636.297161675677	1.6112271268003604	1.259237152492109	0.9902815790236982	1.3871317910847438	0.9262844171953196	0.3996453525633283	0.6689554179639225	0.7743203293875244	0.3307325390499634	0.676684321664446	0.9695020702693518
402	-63.68822775224227	-11636.297161675677	1.6112271268003604	1.259237152492109	0.9902815790236982	1.3871317910847438	0.9262844171953196	0.3996453525633283	0.6689554179639225	0.7743203293875244	0.3307325390499634	0.676684321664446	0.9695020702693518
403	-56.43304071429895	-11636.297161675677	1.914179308788703	1.2990919507206327	0.8924294571506128	1.629113629241278	0.8331383292714417	0.3996453525633283	0.6689554179639225	0.7743203293875244	0.3307325390499634	0.676684321664446	0.9695020702693518
404	-56.43304071429895	-11636.297161675677	1.914179308788703	1.2990919507206327	0.8924294571506128	1.629113629241278	0.8331383292714417	0.3996453525633283	0.6689554179639225	0.7743203293875244	0.3307325390499634	0.676684321664446	0.9695020702693518
405	-56.43304071429895	-11636.297161675677	1.914179308788703	1.2990919507206327	0.8924294571506128	1.629113629241278	0.8331383292714417	0.3996453525633283	0.6689554179639225	0.7743203293875244	0.3307325390499634	0.676684321664446	0.9695020702693518
406	-56.43304071429895	-11633.593042084878	1.914179308788703	1.2990919507206327	0.8924294571506128	1.629113629241278	0.8331383292714417	0.3996453525633283	0.6689554179639225	0.7743203293875244	0.3307325390499634	0.676684321664446	0.9695020702693518
407	-56.43304071429895	-11633.593042084878	1.914179308788703	1.2990919507206327	0.8924294571506128	1.629113629241278	0.8331383292714417	0.3996453525633283	0.6689554179639225	0.7743203293875244	0.3307325390499634	0.676684321664446	0.9695020702693518
408	-56.43304071429895	-11629.466968751938	1.914179308788703	1.2990919507206327	0.8924294571506128	1.629113629241278	0.8331383292714417	0.3996453525633283	0.6689554179639225	0.7743203293875244	0.3307325390499634	0.676684321664446	0.9695020702693518
409	-56.43304071429895	-11629.466968751938	1.914179308788703	1.2990919507206327	0.8924294571506128	1.629113629241278	0.8331383292714417	0.3996453525633283	0.6689554179639225	0.7743203293875244	0.3307325390499634	0.676684321664446	0.9695020702693518
410	-57.233626327406164	-11624.682158838881	1.914179308788703	1.2990919507206327	0.8924294571506128	1.629113629241278	0.8331383292714417	0.3996453525633283	0.6689554179639225	0.7743203293875244	0.3307325390499634	0.676684321664446	0.9695020702693518
411	-57.233626327406164	-11624.682158838881	1.914179308788703	1.2990919507206327	0.8924294571506128	1.629113629241278	0.8331383292714417	0.3996453525633283	0.6689554179639225	0.7743203293875244	0.3307325390499634	0.676684321664446	0.9695020702693518
412	-57.233626327406164	-11624.682158838881	1.914179308788703	1.2990919507206327	0.8924294571506128	1.629113629241278	0.8331383292714417	0.3996453525633283	0.6689554179639225	0.7743203293875244	0.3307325390499634	0.676684321664446	0.9695020702693518
413	-57.233626327406164	-11624.682158838881	1.914179308788703	1.2990919507206327	0.8924294571506128	1.629113629241278	0.8331383292714417	0.3996453525633283	0.6689554179639225	0.7743203293875244	0.3307325390499634	0.676684321664446	0.9695020702693518
414	-57.744076251654	-11624.682158838881	1.914179308788703	1.2990919507206327	0.8924294571506128	1.629113629241278	0.8331383292714417	0.444825019102015	0.7472140313047124	0.9626879497210022	0.43209868074996993	0.5131778041508653	0.9695020702693518
415	-57.744076251654	-11624.682158838881	1.914179308788703	1.2990919507206327	0.8924294571506128	1.629113629241278	0.8331383292714417	0.444825019102015	0.7472140313047124	0.9626879497210022	0.43209868074996993	0.5131778041508653	0.9695020702693518
416	-57.74401832658318	-11624.932075932791	1.914179308788703	1.2990919507206327	0.8924294571506128	1.629113629241278	0.8331383292714417	0.444825019102015	0.7472140313047124	0.9626879497210022	0.43209868074996993	0.5131778041508653	0.9695020702693518
417	-57.74401832658318	-11624.932075932791	1.914179308788703	1.2990919507206327	0.8924294571506128	1.629113629241278	0.8331383292714417	0.444825019102015	0.7472140313047124	0.9626879497210022	0.43209868074996993	0.5131778041508653	0.9695020702693518
418	-57.77150924879298	-11609.681174425563	1.914179308788703	1.2990919507206327	0.8924294571506128	1.629113629241278	0.8331383292714417	0.444825019102015	0.7472140313047124	0.9626879497210022	0.43209868074996993	0.5131778041508653	0.9695020702693518
419	-57.77150924879298	-11609.681174425563	1.914179308788703	1.2990919507206327	0.8924294571506128	1.629113629241278	0.8331383292714417	0.444825019102015	0.7472140313047124	0.9626879497210022	0.43209868074996993	0.5131778041508653	0.9695020702693518
420	-57.77150924879298	-11609.681174425563	1.914179308788703	1.2990919507206327	0.8924294571506128	1.629113629241278	0.8331383292714417	0.444825019102015	0.7472140313047124	0.9626879497210022	0.43209868074996993	0.5131778041508653	0.9695020702693518
421	-57.77150924879298	-11609.681174425563	1.914179308788703	1.2990919507206327	0.8924294571506128	1.629113629241278	0.8331383292714417	0.444825019102015	0.7472140313047124	0.9626879497210022	0.43209868074996993	0.5131778041508653	0.9695020702693518
422	-57.77150924879298	-11609.681174425563	1.914179308788703	1.2990919507206327	0.8924294571506128	1.629113629241278	0.8331383292714417	0.444825019102015	0.7472140313047124	0.9626879497210022	0.43209868074996993	0.5131778041508653	0.9695020702693518
423	-57.77150924879298	-11583.832168023397	1.914179308788703	1.2990919507206327	0.8924294571506128	1.629113629241278	0.8331383292714417	0.444825019102015	0.7472140313047124	0.9626879497210022	0.43209868074996993	0.5131778041508653	0.9695020702693518
424	-58.37101665007778	-11539.113976674098	1.914179308788703	1.2990919507206327	0.8924294571506128	1.629113629241278	0.8331383292714417	0.444825019102015	0.7472140313047124	0.9626879497210022	0.43209868074996993	0.5131778041508653	0.9695020702693518
425	-58.37101665007778	-11539.113976674098	1.914179308788703	1.2990919507206327	0.8924294571506128	1.629113629241278	0.8331383292714417	0.444825019102015	0.7472140313047124	0.9626879497210022	0.43209868074996993	0.5131778041508653	0.9695020702693518
426	-58.37101665007778	-11539.113976674098	1.914179308788703	1.2990919507206327	0.8924294571506128	1.629113629241278	0.8331383292714417	0.444825019102015	0.7472140313047124	0.9626879497210022	0.43209868074996993	0.5131778041508653	0.9695020702693518
427	-58.37101665007778	-11539.60642751887	1.914179308788703	1.2990919507206327	0.8924294571506128	1.629113629241278	0.8331383292714417	0.444825019102015	0.7472140313047124	0.9626879497210022	0.43209868074996993	0.5131778041508653	0.9695020702693518
428	-58.37101665007778	-11539.966976735022	1.914179308788703	1.2990919507206327	0.8924294571506128	1.629113629241278	0.8331383292714417	0.444825019102015	0.7472140313047124	0.9626879497210022	0.43209868074996993	0.5131778041508653	0.9695020702693518
429	-58.37101665007778	-11539.966976735022	1.914179308788703	1.2990919507206327	0.8924294571506128	1.629113629241278	0.8331383292714417	0.444825019102015	0.7472140313047124	0.9626879497210022	0.43209868074996993	0.5131778041508653	0.9695020702693518
430	-58.37101665007778	-11539.966976735022	1.914179308788703	1.2990919507206327	0.8924294571506128	1.629113629241278	0.8331383292714417	0.444825019102015	0.7472140313047124	0.9626879497210022	0.43209868074996993	0.5131778041508653	0.9695020702693518
431	-58.37101665007778	-11539.966976735022	1.914179308788703	1.2990919507206327	0.8924294571506128	1.629113629241278	0.8331383292714417	0.444825019102015	0.7472140313047124	0.9626879497210022	0.43209868074996993	0.5131778041508653	0.9695020702693518
432	-58.37101665007778	-11539.966976735022	1.914179308788703	1.2990919507206327	0.8924294571506128	1.629113629241278	0.8331383292714417	0.444825019102015	0.7472140313047124	0.9626879497210022	0.43209868074996993	0.5131778041508653	0.9695020702693518
433	-58.37101665007778	-11539.966976735022	1.914179308788703	1.2990919507206327	0.8924294571506128	1.629113629241278	0.8331383292714417	0.444825019102015	0.7472140313047124	0.9626879497210022	0.43209868074996993	0.5131778041508653	0.9695020702693518
434	-58.37101665007778	-11539.966976735022	1.914179308788703	1.2990919507206327	0.8924294571506128	1.629113629241278	0.8331383292714417	0.444825019102015	0.7472140313047124	0.9626879497210022	0.43209868074996993	0.5131778041508653	0.9695020702693518
435	-58.37101665007778	-11539.966976735022	1.914179308788703	1.2990919507206327	0.8924294571506128	1.629113629241278	0.8331383292714417	0.444825019102015	0.7472140313047124	0.9626879497210022	0.43209868074996993	0.5131778041508653	0.9695020702693518
436	-58.37101665007778	-11539.966976735022	1.914179308788703	1.2990919507206327	0.8924294571506128	1.629113629241278	0.8331383292714417	0.444825019102015	0.7472140313047124	0.9626879497210022	0.43209868074996993	0.5131778041508653	0.9695020702693518
437	-58.37101665007778	-11539.966976735022	1.914179308788703	1.2990919507206327	0.8924294571506128	1.629113629241278	0.8331383292714417	0.444825019102015	0.7472140313047124	0.9626879497210022	0.43209868074996993	0.5131778041508653	0.9695020702693518
438	-58.37101665007778	-11539.966976735022	1.914179308788703	1.2990919507206327	0.8924294571506128	1.629113629241278	0.8331383292714417	0.444825019102015	0.7472140313047124	0.9626879497210022	0.43209868074996993	0.5131778041508653	0.9695020702693518
439	-58.37101665007778	-11539.309551298997	1.914179308788703	1.2990919507206327	0.8924294571506128	1.629113629241278	0.8331383292714417	0.444825019102015	0.7472140313047124	0.9626879497210022	0.43209868074996993	0.5131778041508653	0.9695020702693518
440	-58.384012300468896	-11533.4174463849	1.914179308788703	1.2990919507206327	0.8924294571506128	1.629113629241278	0.8331383292714417	0.444825019102015	0.7472140313047124	0.9626879497210022	0.43209868074996993	0.5131778041508653	0.9695020702693518
441	-58.384012300468896	-11533.4174463849	1.914179308788703	1.2990919507206327	0.8924294571506128	1.629113629241278	0.8331383292714417	0.444825019102015	0.7472140313047124	0.9626879497210022	0.43209868074996993	0.5131778041508653	0.9695020702693518
442	-58.34507365485677	-11512.744932431451	1.914179308788703	1.2990919507206327	0.8924294571506128	1.629113629241278	0.8331383292714417	0.444825019102015	0.7472140313047124	0.9626879497210022	0.43209868074996993	0.5131778041508653	0.9695020702693518
443	-58.34507365485677	-11512.744932431451	1.914179308788703	1.2990919507206327	0.8924294571506128	1.629113629241278	0.8331383292714417	0.444825019102015	0.7472140313047124	0.9626879497210022	0.43209868074996993	0.5131778041508653	0.9695020702693518
444	-58.34507365485677	-11512.744932431451	1.914179308788703	1.2990919507206327	0.8924294571506128	1.629113629241278	0.8331383292714417	0.444825019102015	0.7472140313047124	0.9626879497210022	0.43209868074996993	0.5131778041508653	0.9695020702693518
445	-58.34507365485677	-11512.744932431451	1.914179308788703	1.2990919507206327	0.8924294571506128	1.629113629241278	0.8331383292714417	0.444825019102015	0.7472140313047124	0.9626879497210022	0.43209868074996993	0.5131778041508653	0.9695020702693518
446	-58.34507365485677	-11512.744932431451	1.914179308788703	1.2990919507206327	0.8924294571506128	1.629113629241278	0.8331383292714417	0.444825019102015	0.7472140313047124	0.9626879497210022	0.43209868074996993	0.5131778041508653	0.9695020702693518
447	-58.34507365485677	-11512.744932431451	1.914179308788703	1.2990919507206327	0.8924294571506128	1.629113629241278	0.8331383292714417	0.444825019102015	0.7472140313047124	0.9626879497210022	0.43209868074996993	0.5131778041508653	0.9695020702693518
448	-58.34507365485677	-11512.744932431451	1.914179308788703	1.2990919507206327	0.8924294571506128	1.629113629241278	0.8331383292714417	0.444825019102015	0.7472140313047124	0.9626879497210022	0.43209868074996993	0.5131778041508653	0.9695020702693518
449	-58.34507365485677	-11512.744932431451	1.914179308788703	1.2990919507206327	0.8924294571506128	1.629113629241278	0.8331383292714417	0.444825019102015	0.7472140313047124	0.9626879497210022	0.43209868074996993	0.5131778041508653	0.9695020702693518
450	-58.34507365485677	-11513.059826617899	1.914179308788703	1.2990919507206327	0.8924294571506128	1.629113629241278	0.8331383292714417	0.444825019102015	0.7472140313047124	0.9626879497210022	0.43209868074996993	0.5131778041508653	0.9695020702693518
451	-57.489639209613614	-11499.631893173762	1.914179308788703	1.2990919507206327	0.8924294571506128	1.629113629241278	0.8331383292714417	0.444825019102015	0.7472140313047124	0.9626879497210022	0.43209868074996993	0.5131778041508653	0.9695020702693518
452	-57.489639209613614	-11499.631893173762	1.914179308788703	1.2990919507206327	0.8924294571506128	1.629113629241278	0.8331383292714417	0.444825019102015	0.7472140313047124	0.9626879497210022	0.43209868074996993	0.5131778041508653	0.9695020702693518
453	-57.489639209613614	-11486.407127234956	1.914179308788703	1.2990919507206327	0.8924294571506128	1.629113629241278	0.8331383292714417	0.444825019102015	0.7472140313047124	0.9626879497210022	0.43209868074996993	0.5131778041508653	0.9695020702693518
454	-57.489639209613614	-11486.407127234956	1.914179308788703	1.2990919507206327	0.8924294571506128	1.629113629241278	0.8331383292714417	0.444825019102015	0.7472140313047124	0.9626879497210022	0.43209868074996993	0.5131778041508653	0.9695020702693518
455	-57.489639209613614	-11486.407127234956	1.914179308788703	1.2990919507206327	0.8924294571506128	1.629113629241278	0.8331383292714417	0.444825019102015	0.7472140313047124	0.9626879497210022	0.43209868074996993	0.5131778041508653	0.9695020702693518
456	-57.489639209613614	-11486.407127234956	1.914179308788703	1.2990919507206327	0.8924294571506128	1.629113629241278	0.8331383292714417	0.444825019102015	0.7472140313047124	0.9626879497210022	0.43209868074996993	0.5131778041508653	0.9695020702693518
457	-57.489639209613614	-11486.407127234956	1.914179308788703	1.2990919507206327	0.8924294571506128	1.629113629241278	0.8331383292714417	0.444825019102015	0.7472140313047124	0.9626879497210022	0.43209868074996993	0.5131778041508653	0.9695020702693518
458	-57.498258385285546	-11481.705729855847	1.914179308788703	1.2990919507206327	0.8924294571506128	1.629113629241278	0.8331383292714417	0.444825019102015	0.7472140313047124	0.9626879497210022	0.43209868074996993	0.5131778041508653	0.9695020702693518
459	-57.498258385285546	-11476.36793357291	1.914179308788703	1.2990919507206327	0.8924294571506128	1.629113629241278	0.8331383292714417	0.444825019102015	0.7472140313047124	0.9626879497210022	0.43209868074996993	0.5131778041508653	0.9695020702693518
460	-57.498258385285546	-11476.36793357291	1.914179308788703	1.2990919507206327	0.8924294571506128	1.629113629241278	0.8331383292714417	0.444825019102015	0.7472140313047124	0.9626879497210022	0.43209868074996993	0.5131778041508653	0.9695020702693518
461	-57.498258385285546	-11476.36793357291	1.914179308788703	1.2990919507206327	0.8924294571506128	1.629113629241278	0.8331383292714417	0.444825019102015	0.7472140313047124	0.9626879497210022	0.43209868074996993	0.5131778041508653	0.9695020702693518
462	-46.71500575415479	-11476.36793357291	2.5456378780463518	1.4094497706495193	0.7183013455052565	1.4483093575539545	1.0112633308711454	0.444825019102015	0.7472140313047124	0.9626879497210022	0.43209868074996993	0.5131778041508653	0.9695020702693518
463	-46.71500575415479	-11476.36793357291	2.5456378780463518	1.4094497706495193	0.7183013455052565	1.4483093575539545	1.0112633308711454	0.444825019102015	0.7472140313047124	0.9626879497210022	0.43209868074996993	0.5131778041508653	0.9695020702693518
464	-46.71500575415479	-11476.36793357291	2.5456378780463518	1.4094497706495193	0.7183013455052565	1.4483093575539545	1.0112633308711454	0.444825019102015	0.7472140313047124	0.9626879497210022	0.43209868074996993	0.5131778041508653	0.9695020702693518
465	-46.71500575415479	-11475.940768768172	2.5456378780463518	1.4094497706495193	0.7183013455052565	1.4483093575539545	1.0112633308711454	0.444825019102015	0.7472140313047124	0.9626879497210022	0.43209868074996993	0.5131778041508653	0.9695020702693518
466	-46.71500575415479	-11475.940768768172	2.5456378780463518	1.4094497706495193	0.7183013455052565	1.4483093575539545	1.0112633308711454	0.444825019102015	0.7472140313047124	0.9626879497210022	0.43209868074996993	0.5131778041508653	0.9695020702693518
467	-46.71500575415479	-11438.025268709127	2.5456378780463518	1.4094497706495193	0.7183013455052565	1.4483093575539545	1.0112633308711454	0.444825019102015	0.7472140313047124	0.9626879497210022	0.43209868074996993	0.5131778041508653	0.9695020702693518
468	-46.83841860233946	-11438.025268709127	2.5456378780463518	1.4094497706495193	0.7183013455052565	1.4483093575539545	1.0112633308711454	0.42003962605085315	0.9591928149218486	1.2681885053868653	0.5729315147201225	0.5516666100923795	0.9695020702693518
469	-46.83841860233946	-11438.025268709127	2.5456378780463518	1.4094497706495193	0.7183013455052565	1.4483093575539545	1.0112633308711454	0.42003962605085315	0.9591928149218486	1.2681885053868653	0.5729315147201225	0.5516666100923795	0.9695020702693518
470	-46.86071314881498	-11440.33587072567	2.5456378780463518	1.4094497706495193	0.7183013455052565	1.4483093575539545	1.0112633308711454	0.42003962605085315	0.9591928149218486	1.2681885053868653	0.5729315147201225	0.5516666100923795	0.9695020702693518
471	-46.86071314881498	-11439.932309716309	2.5456378780463518	1.4094497706495193	0.7183013455052565	1.4483093575539545	1.0112633308711454	0.42003962605085315	0.9591928149218486	1.2681885053868653	0.5729315147201225	0.5516666100923795	0.9695020702693518
472	-46.86071314881498	-11439.932309716309	2.5456378780463518	1.4094497706495193	0.7183013455052565	1.4483093575539545	1.0112633308711454	0.42003962605085315	0.9591928149218486	1.2681885053868653	0.5729315147201225	0.5516666100923795	0.9695020702693518
473	-46.86071314881498	-11439.932309716309	2.5456378780463518	1.4094497706495193	0.7183013455052565	1.4483093575539545	1.0112633308711454	0.42003962605085315	0.9591928149218486	1.2681885053868653	0.5729315147201225	0.5516666100923795	0.9695020702693518
474	-46.1906502176012	-11427.862838459612	2.5456378780463518	1.4094497706495193	0.7183013455052565	1.4483093575539545	1.0112633308711454	0.42003962605085315	0.9591928149218486	1.2681885053868653	0.5729315147201225	0.5516666100923795	0.9695020702693518
475	-45.519955021339875	-11424.374420495158	2.5456378780463518	1.4094497706495193	0.7183013455052565	1.4483093575539545	1.0112633308711454	0.42003962605085315	0.9591928149218486	1.2681885053868653	0.5729315147201225	0.5516666100923795	0.9695020702693518
476	-45.51657118731507	-11424.797734167018	2.5456378780463518	1.4094497706495193	0.7183013455052565	1.4483093575539545	1.0112633308711454	0.42003962605085315	0.9591928149218486	1.2681885053868653	0.5729315147201225	0.5516666100923795	0.9695020702693518
477	-45.51657118731507	-11424.797734167018	2.5456378780463518	1.4094497706495193	0.7183013455052565	1.4483093575539545	1.0112633308711454	0.42003962605085315	0.9591928149218486	1.2681885053868653	0.5729315147201225	0.5516666100923795	0.9695020702693518
478	-45.51657118731507	-11425.81388330538	2.5456378780463518	1.4094497706495193	0.7183013455052565	1.4483093575539545	1.0112633308711454	0.42003962605085315	0.9591928149218486	1.2681885053868653	0.5729315147201225	0.5516666100923795	0.9695020702693518
479	-45.51657118731507	-11425.81388330538	2.5456378780463518	1.4094497706495193	0.7183013455052565	1.4483093575539545	1.0112633308711454	0.42003962605085315	0.9591928149218486	1.2681885053868653	0.5729315147201225	0.5516666100923795	0.9695020702693518
480	-47.334489626475	-11394.097501216573	2.5456378780463518	1.4094497706495193	0.7183013455052565	1.4483093575539545	1.0112633308711454	0.42003962605085315	0.9591928149218486	1.2681885053868653	0.5729315147201225	0.5516666100923795	0.9695020702693518
481	-47.334489626475	-11394.097501216573	2.5456378780463518	1.4094497706495193	0.7183013455052565	1.4483093575539545	1.0112633308711454	0.42003962605085315	0.9591928149218486	1.2681885053868653	0.5729315147201225	0.5516666100923795	0.9695020702693518
482	-47.334489626475	-11393.07619273551	2.5456378780463518	1.4094497706495193	0.7183013455052565	1.4483093575539545	1.0112633308711454	0.42003962605085315	0.9591928149218486	1.2681885053868653	0.5729315147201225	0.5516666100923795	0.9695020702693518
483	-47.334489626475	-11393.07619273551	2.5456378780463518	1.4094497706495193	0.7183013455052565	1.4483093575539545	1.0112633308711454	0.42003962605085315	0.9591928149218486	1.2681885053868653	0.5729315147201225	0.5516666100923795	0.9695020702693518
484	-47.334489626475	-11393.07619273551	2.5456378780463518	1.4094497706495193	0.7183013455052565	1.4483093575539545	1.0112633308711454	0.42003962605085315	0.9591928149218486	1.2681885053868653	0.5729315147201225	0.5516666100923795	0.9695020702693518
485	-47.40986211942633	-11392.264944093684	2.5456378780463518	1.4094497706495193	0.7183013455052565	1.4483093575539545	1.0112633308711454	0.42003962605085315	0.9591928149218486	1.2681885053868653	0.5729315147201225	0.5516666100923795	0.9695020702693518
486	-47.40986211942633	-11390.477037815977	2.5456378780463518	1.4094497706495193	0.7183013455052565	1.4483093575539545	1.0112633308711454	0.42003962605085315	0.9591928149218486	1.2681885053868653	0.5729315147201225	0.5516666100923795	0.9695020702693518
487	-47.40986211942633	-11390.477037815977	2.5456378780463518	1.4094497706495193	0.7183013455052565	1.4483093575539545	1.0112633308711454	0.42003962605085315	0.9591928149218486	1.2681885053868653	0.5729315147201225	0.5516666100923795	0.9695020702693518
488	-47.078165135453254	-11369.101690290849	2.5456378780463518	1.4094497706495193	0.7183013455052565	1.4483093575539545	1.0112633308711454	0.42003962605085315	0.9591928149218486	1.2681885053868653	0.5729315147201225	0.5516666100923795	0.9695020702693518
489	-47.083012141715336	-11367.42542155835	2.5456378780463518	1.4094497706495193	0.7183013455052565	1.4483093575539545	1.0112633308711454	0.42003962605085315	0.9591928149218486	1.2681885053868653	0.5729315147201225	0.5516666100923795	0.9695020702693518
490	-47.083012141715336	-11367.42542155835	2.5456378780463518	1.4094497706495193	0.7183013455052565	1.4483093575539545	1.0112633308711454	0.42003962605085315	0.9591928149218486	1.2681885053868653	0.5729315147201225	0.5516666100923795	0.9695020702693518
491	-47.084386848053036	-11366.91711218406	2.5456378780463518	1.4094497706495193	0.7183013455052565	1.4483093575539545	1.0112633308711454	0.42003962605085315	0.9591928149218486	1.2681885053868653	0.5729315147201225	0.5516666100923795	0.9695020702693518
492	-47.084386848053036	-11366.38253751855	2.5456378780463518	1.4094497706495193	0.7183013455052565	1.4483093575539545	1.0112633308711454	0.42003962605085315	0.9591928149218486	1.2681885053868653	0.5729315147201225	0.5516666100923795	0.9695020702693518
493	-47.084386848053036	-11364.889549926278	2.5456378780463518	1.4094497706495193	0.7183013455052565	1.4483093575539545	1.0112633308711454	0.42003962605085315	0.9591928149218486	1.2681885053868653	0.5729315147201225	0.5516666100923795	0.9695020702693518
494	-47.084386848053036	-11364.889549926278	2.5456378780463518	1.4094497706495193	0.7183013455052565	1.4483093575539545	1.0112633308711454	0.42003962605085315	0.9591928149218486	1.2681885053868653	0.5729315147201225	0.5516666100923795	0.9695020702693518
495	-47.084386848053036	-11364.889549926278	2.5456378780463518	1.4094497706495193	0.7183013455052565	1.4483093575539545	1.0112633308711454	0.42003962605085315	0.9591928149218486	1.2681885053868653	0.5729315147201225	0.5516666100923795	0.9695020702693518
496	-47.084386848053036	-11364.889549926278	2.5456378780463518	1.4094497706495193	0.7183013455052565	1.4483093575539545	1.0112633308711454	0.42003962605085315	0.9591928149218486	1.2681885053868653	0.5729315147201225	0.5516666100923795	0.9695020702693518
497	-47.62374310681227	-11364.889549926278	2.5456378780463518	1.4094497706495193	0.7183013455052565	1.4483093575539545	1.0112633308711454	0.47295698456870783	0.9883079212730393	1.5601525443932365	0.5825163134421364	0.4304977898105645	0.9695020702693518
498	-47.62374310681227	-11363.48972285927	2.5456378780463518	1.4094497706495193	0.7183013455052565	1.4483093575539545	1.0112633308711454	0.47295698456870783	0.9883079212730393	1.5601525443932365	0.5825163134421364	0.4304977898105645	0.9695020702693518
499	-47.62374310681227	-11363.48972285927	2.5456378780463518	1.4094497706495193	0.7183013455052565	1.4483093575539545	1.0112633308711454	0.47295698456870783	0.9883079212730393	1.5601525443932365	0.5825163134421364	0.4304977898105645	0.9695020702693518
500	-47.62374310681227	-11363.48972285927	2.5456378780463518	1.4094497706495193	0.7183013455052565	1.4483093575539545	1.0112633308711454	0.47295698456870783	0.9883079212730393	1.5601525443932365	0.5825163134421364	0.4304977898105645	0.9695020702693518
501	-47.62374310681227	-11363.22755080496	2.5456378780463518	1.4094497706495193	0.7183013455052565	1.4483093575539545	1.0112633308711454	0.47295698456870783	0.9883079212730393	1.5601525443932365	0.5825163134421364	0.4304977898105645	0.9695020702693518
502	-47.62374310681227	-11363.22755080496	2.5456378780463518	1.4094497706495193	0.7183013455052565	1.4483093575539545	1.0112633308711454	0.47295698456870783	0.9883079212730393	1.5601525443932365	0.5825163134421364	0.4304977898105645	0.9695020702693518
503	-47.62374310681227	-11363.22755080496	2.5456378780463518	1.4094497706495193	0.7183013455052565	1.4483093575539545	1.0112633308711454	0.47295698456870783	0.9883079212730393	1.5601525443932365	0.5825163134421364	0.4304977898105645	0.9695020702693518
504	-47.62374310681227	-11361.371299866005	2.5456378780463518	1.4094497706495193	0.7183013455052565	1.4483093575539545	1.0112633308711454	0.47295698456870783	0.9883079212730393	1.5601525443932365	0.5825163134421364	0.4304977898105645	0.9695020702693518
505	-47.62374310681227	-11324.748637645353	2.5456378780463518	1.4094497706495193	0.7183013455052565	1.4483093575539545	1.0112633308711454	0.47295698456870783	0.9883079212730393	1.5601525443932365	0.5825163134421364	0.4304977898105645	0.9695020702693518
506	-47.62374310681227	-11320.446922983458	2.5456378780463518	1.4094497706495193	0.7183013455052565	1.4483093575539545	1.0112633308711454	0.47295698456870783	0.9883079212730393	1.5601525443932365	0.5825163134421364	0.4304977898105645	0.9695020702693518
507	-47.62374310681227	-11320.446922983458	2.5456378780463518	1.4094497706495193	0.7183013455052565	1.4483093575539545	1.0112633308711454	0.47295698456870783	0.9883079212730393	1.5601525443932365	0.5825163134421364	0.4304977898105645	0.9695020702693518
508	-47.574574754155876	-11319.7953487397	2.5456378780463518	1.4094497706495193	0.7183013455052565	1.4483093575539545	1.0112633308711454	0.47295698456870783	0.9883079212730393	1.5601525443932365	0.5825163134421364	0.4304977898105645	0.9695020702693518
509	-47.574574754155876	-11319.7953487397	2.5456378780463518	1.4094497706495193	0.7183013455052565	1.4483093575539545	1.0112633308711454	0.47295698456870783	0.9883079212730393	1.5601525443932365	0.5825163134421364	0.4304977898105645	0.9695020702693518
510	-47.574574754155876	-11319.203357365559	2.5456378780463518	1.4094497706495193	0.7183013455052565	1.4483093575539545	1.0112633308711454	0.47295698456870783	0.9883079212730393	1.5601525443932365	0.5825163134421364	0.4304977898105645	0.9695020702693518
511	-47.574574754155876	-11319.203357365559	2.5456378780463518	1.4094497706495193	0.7183013455052565	1.4483093575539545	1.0112633308711454	0.47295698456870783	0.9883079212730393	1.5601525443932365	0.5825163134421364	0.4304977898105645	0.9695020702693518
512	-47.574574754155876	-11319.203357365559	2.5456378780463518	1.4094497706495193	0.7183013455052565	1.4483093575539545	1.0112633308711454	0.47295698456870783	0.9883079212730393	1.5601525443932365	0.5825163134421364	0.4304977898105645	0.9695020702693518
513	-47.607795924101495	-11299.896667492347	2.5456378780463518	1.4094497706495193	0.7183013455052565	1.4483093575539545	1.0112633308711454	0.47295698456870783	0.9883079212730393	1.5601525443932365	0.5825163134421364	0.4304977898105645	0.9695020702693518
514	-47.607795924101495	-11299.896667492347	2.5456378780463518	1.4094497706495193	0.7183013455052565	1.4483093575539545	1.0112633308711454	0.47295698456870783	0.9883079212730393	1.5601525443932365	0.5825163134421364	0.4304977898105645	0.9695020702693518
515	-47.47008076950564	-11299.896667492347	2.5456378780463518	1.4094497706495193	0.7183013455052565	1.4483093575539545	1.0112633308711454	0.47295698456870783	0.9883079212730393	1.5601525443932365	0.5825163134421364	0.4304977898105645	0.8961848858168088
516	-47.47008076950564	-11299.896667492347	2.5456378780463518	1.4094497706495193	0.7183013455052565	1.4483093575539545	1.0112633308711454	0.47295698456870783	0.9883079212730393	1.5601525443932365	0.5825163134421364	0.4304977898105645	0.8961848858168088
517	-47.47008076950564	-11296.04333426464	2.5456378780463518	1.4094497706495193	0.7183013455052565	1.4483093575539545	1.0112633308711454	0.47295698456870783	0.9883079212730393	1.5601525443932365	0.5825163134421364	0.4304977898105645	0.8961848858168088
518	-47.47008076950564	-11296.089721864517	2.5456378780463518	1.4094497706495193	0.7183013455052565	1.4483093575539545	1.0112633308711454	0.47295698456870783	0.9883079212730393	1.5601525443932365	0.5825163134421364	0.4304977898105645	0.8961848858168088
519	-47.47842590300479	-11296.089721864517	2.5019475663103665	1.4266972750907643	0.9092699254742906	1.0881794744640576	1.2667081961638282	0.47295698456870783	0.9883079212730393	1.5601525443932365	0.5825163134421364	0.4304977898105645	0.8961848858168088
520	-47.46688069698688	-11296.13592455317	2.5019475663103665	1.4266972750907643	0.9092699254742906	1.0881794744640576	1.2667081961638282	0.47295698456870783	0.9883079212730393	1.5601525443932365	0.5825163134421364	0.4304977898105645	0.8961848858168088
521	-47.46688069698688	-11296.13592455317	2.5019475663103665	1.4266972750907643	0.9092699254742906	1.0881794744640576	1.2667081961638282	0.47295698456870783	0.9883079212730393	1.5601525443932365	0.5825163134421364	0.4304977898105645	0.8961848858168088
522	-47.46688069698688	-11296.13592455317	2.5019475663103665	1.4266972750907643	0.9092699254742906	1.0881794744640576	1.2667081961638282	0.47295698456870783	0.9883079212730393	1.5601525443932365	0.5825163134421364	0.4304977898105645	0.8961848858168088
523	-42.62133845232207	-11296.13592455317	3.0128615214039485	1.3506250264110942	0.7317657598036216	0.9426588499112095	1.3579337012527115	0.47295698456870783	0.9883079212730393	1.5601525443932365	0.5825163134421364	0.4304977898105645	0.8961848858168088
524	-42.62133845232207	-11296.13592455317	3.0128615214039485	1.3506250264110942	0.7317657598036216	0.9426588499112095	1.3579337012527115	0.47295698456870783	0.9883079212730393	1.5601525443932365	0.5825163134421364	0.4304977898105645	0.8961848858168088
525	-42.596480268023775	-11295.612741040395	3.0128615214039485	1.3506250264110942	0.7317657598036216	0.9426588499112095	1.3579337012527115	0.47295698456870783	0.9883079212730393	1.5601525443932365	0.5825163134421364	0.4304977898105645	0.8961848858168088
526	-42.596480268023775	-11295.612741040395	3.0128615214039485	1.3506250264110942	0.7317657598036216	0.9426588499112095	1.3579337012527115	0.47295698456870783	0.9883079212730393	1.5601525443932365	0.5825163134421364	0.4304977898105645	0.8961848858168088
527	-42.57540988273016	-11286.237502853066	3.0128615214039485	1.3506250264110942	0.7317657598036216	0.9426588499112095	1.3579337012527115	0.47295698456870783	0.9883079212730393	1.5601525443932365	0.5825163134421364	0.4304977898105645	0.8961848858168088
528	-42.57540988273016	-11286.237502853066	3.0128615214039485	1.3506250264110942	0.7317657598036216	0.9426588499112095	1.3579337012527115	0.47295698456870783	0.9883079212730393	1.5601525443932365	0.5825163134421364	0.4304977898105645	0.8961848858168088
529	-42.57540988273016	-11286.237502853066	3.0128615214039485	1.3506250264110942	0.7317657598036216	0.9426588499112095	1.3579337012527115	0.47295698456870783	0.9883079212730393	1.5601525443932365	0.5825163134421364	0.4304977898105645	0.8961848858168088
530	-42.57540988273016	-11286.237502853066	3.0128615214039485	1.3506250264110942	0.7317657598036216	0.9426588499112095	1.3579337012527115	0.47295698456870783	0.9883079212730393	1.5601525443932365	0.5825163134421364	0.4304977898105645	0.8961848858168088
531	-42.57540988273016	-11286.237502853066	3.0128615214039485	1.3506250264110942	0.7317657598036216	0.9426588499112095	1.3579337012527115	0.47295698456870783	0.9883079212730393	1.5601525443932365	0.5825163134421364	0.4304977898105645	0.8961848858168088
532	-42.57540988273016	-11286.237502853066	3.0128615214039485	1.3506250264110942	0.7317657598036216	0.9426588499112095	1.3579337012527115	0.47295698456870783	0.9883079212730393	1.5601525443932365	0.5825163134421364	0.4304977898105645	0.8961848858168088
533	-42.57540988273016	-11281.73621532617	3.0128615214039485	1.3506250264110942	0.7317657598036216	0.9426588499112095	1.3579337012527115	0.47295698456870783	0.9883079212730393	1.5601525443932365	0.5825163134421364	0.4304977898105645	0.8961848858168088
534	-42.57540988273016	-11281.73621532617	3.0128615214039485	1.3506250264110942	0.7317657598036216	0.9426588499112095	1.3579337012527115	0.47295698456870783	0.9883079212730393	1.5601525443932365	0.5825163134421364	0.4304977898105645	0.8961848858168088
535	-42.57540988273016	-11281.73621532617	3.0128615214039485	1.3506250264110942	0.7317657598036216	0.9426588499112095	1.3579337012527115	0.47295698456870783	0.9883079212730393	1.5601525443932365	0.5825163134421364	0.4304977898105645	0.8961848858168088
536	-42.57540988273016	-11281.73621532617	3.0128615214039485	1.3506250264110942	0.7317657598036216	0.9426588499112095	1.3579337012527115	0.47295698456870783	0.9883079212730393	1.5601525443932365	0.5825163134421364	0.4304977898105645	0.8961848858168088
537	-42.57540988273016	-11281.73621532617	3.0128615214039485	1.3506250264110942	0.7317657598036216	0.9426588499112095	1.3579337012527115	0.47295698456870783	0.9883079212730393	1.5601525443932365	0.5825163134421364	0.4304977898105645	0.8961848858168088
538	-42.57540988273016	-11281.73621532617	3.0128615214039485	1.3506250264110942	0.7317657598036216	0.9426588499112095	1.3579337012527115	0.47295698456870783	0.9883079212730393	1.5601525443932365	0.5825163134421364	0.4304977898105645	0.8961848858168088
539	-35.188375029034205	-11281.73621532617	3.976950849467993	1.0570370410750087	0.8016003377650209	0.788308586983775	1.2150279171675589	0.47295698456870783	0.9883079212730393	1.5601525443932365	0.5825163134421364	0.4304977898105645	0.8961848858168088
540	-35.188375029034205	-11281.73621532617	3.976950849467993	1.0570370410750087	0.8016003377650209	0.788308586983775	1.2150279171675589	0.47295698456870783	0.9883079212730393	1.5601525443932365	0.5825163134421364	0.4304977898105645	0.8961848858168088
541	-35.1773499213613	-11280.890370461055	3.976950849467993	1.0570370410750087	0.8016003377650209	0.788308586983775	1.2150279171675589	0.47295698456870783	0.9883079212730393	1.5601525443932365	0.5825163134421364	0.4304977898105645	0.8961848858168088
542	-35.1773499213613	-11280.890370461055	3.976950849467993	1.0570370410750087	0.8016003377650209	0.788308586983775	1.2150279171675589	0.47295698456870783	0.9883079212730393	1.5601525443932365	0.5825163134421364	0.4304977898105645	0.8961848858168088
543	-35.1773499213613	-11280.890370461055	3.976950849467993	1.0570370410750087	0.8016003377650209	0.788308586983775	1.2150279171675589	0.47295698456870783	0.9883079212730393	1.5601525443932365	0.5825163134421364	0.4304977898105645	0.8961848858168088
544	-35.1773499213613	-11280.890370461055	3.976950849467993	1.0570370410750087	0.8016003377650209	0.788308586983775	1.2150279171675589	0.47295698456870783	0.9883079212730393	1.5601525443932365	0.5825163134421364	0.4304977898105645	0.8961848858168088
545	-35.20923149686554	-11279.241953386909	3.976950849467993	1.0570370410750087	0.8016003377650209	0.788308586983775	1.2150279171675589	0.47295698456870783	0.9883079212730393	1.5601525443932365	0.5825163134421364	0.4304977898105645	0.8961848858168088
546	-36.79995827261687	-11279.241953386909	3.8782114068585676	0.9760824092317752	1.0304612467268734	0.7422874204669213	0.9705598086911353	0.47295698456870783	0.9883079212730393	1.5601525443932365	0.5825163134421364	0.4304977898105645	0.8961848858168088
547	-36.79995827261687	-11279.241953386909	3.8782114068585676	0.9760824092317752	1.0304612467268734	0.7422874204669213	0.9705598086911353	0.47295698456870783	0.9883079212730393	1.5601525443932365	0.5825163134421364	0.4304977898105645	0.8961848858168088
548	-36.8496162563141	-11275.773909627242	3.8782114068585676	0.9760824092317752	1.0304612467268734	0.7422874204669213	0.9705598086911353	0.47295698456870783	0.9883079212730393	1.5601525443932365	0.5825163134421364	0.4304977898105645	0.8961848858168088
549	-36.840123323842526	-11275.965465362622	3.8782114068585676	0.9760824092317752	1.0304612467268734	0.7422874204669213	0.9705598086911353	0.47295698456870783	0.9883079212730393	1.5601525443932365	0.5825163134421364	0.4304977898105645	0.8961848858168088
550	-25.144500588455642	-11275.965465362622	5.0353168938883	1.1758181865660144	0.9714865334308953	0.9207238882435526	0.7959826976198682	0.47295698456870783	0.9883079212730393	1.5601525443932365	0.5825163134421364	0.4304977898105645	0.8961848858168088
551	-24.996863896374634	-11266.818729073644	5.0353168938883	1.1758181865660144	0.9714865334308953	0.9207238882435526	0.7959826976198682	0.47295698456870783	0.9883079212730393	1.5601525443932365	0.5825163134421364	0.4304977898105645	0.8961848858168088
552	-24.996863896374634	-11266.818729073644	5.0353168938883	1.1758181865660144	0.9714865334308953	0.9207238882435526	0.7959826976198682	0.47295698456870783	0.9883079212730393	1.5601525443932365	0.5825163134421364	0.4304977898105645	0.8961848858168088
553	-24.996863896374634	-11267.390583876442	5.0353168938883	1.1758181865660144	0.9714865334308953	0.9207238882435526	0.7959826976198682	0.47295698456870783	0.9883079212730393	1.5601525443932365	0.5825163134421364	0.4304977898105645	0.8961848858168088
554	-16.901551247077307	-11267.390583876442	6.016131653863126	1.0747464538195608	1.2014223164707425	0.982151739059993	0.9299383366527357	0.47295698456870783	0.9883079212730393	1.5601525443932365	0.5825163134421364	0.4304977898105645	0.8961848858168088
555	-16.899650659940477	-11266.865837891099	6.016131653863126	1.0747464538195608	1.2014223164707425	0.982151739059993	0.9299383366527357	0.47295698456870783	0.9883079212730393	1.5601525443932365	0.5825163134421364	0.4304977898105645	0.8961848858168088
556	-16.899650659940477	-11266.581838657443	6.016131653863126	1.0747464538195608	1.2014223164707425	0.982151739059993	0.9299383366527357	0.47295698456870783	0.9883079212730393	1.5601525443932365	0.5825163134421364	0.4304977898105645	0.8961848858168088
557	-16.899650659940477	-11266.469961197616	6.016131653863126	1.0747464538195608	1.2014223164707425	0.982151739059993	0.9299383366527357	0.47295698456870783	0.9883079212730393	1.5601525443932365	0.5825163134421364	0.4304977898105645	0.8961848858168088
558	-16.899650659940477	-11266.469961197616	6.016131653863126	1.0747464538195608	1.2014223164707425	0.982151739059993	0.9299383366527357	0.47295698456870783	0.9883079212730393	1.5601525443932365	0.5825163134421364	0.4304977898105645	0.8961848858168088
559	-16.899650659940477	-11266.469961197616	6.016131653863126	1.0747464538195608	1.2014223164707425	0.982151739059993	0.9299383366527357	0.47295698456870783	0.9883079212730393	1.5601525443932365	0.5825163134421364	0.4304977898105645	0.8961848858168088
560	-16.899650659940477	-11266.469961197616	6.016131653863126	1.0747464538195608	1.2014223164707425	0.982151739059993	0.9299383366527357	0.47295698456870783	0.9883079212730393	1.5601525443932365	0.5825163134421364	0.4304977898105645	0.8961848858168088
561	-16.899650659940477	-11258.97877603391	6.016131653863126	1.0747464538195608	1.2014223164707425	0.982151739059993	0.9299383366527357	0.47295698456870783	0.9883079212730393	1.5601525443932365	0.5825163134421364	0.4304977898105645	0.8961848858168088
562	-16.899650659940477	-11249.600357288433	6.016131653863126	1.0747464538195608	1.2014223164707425	0.982151739059993	0.9299383366527357	0.47295698456870783	0.9883079212730393	1.5601525443932365	0.5825163134421364	0.4304977898105645	0.8961848858168088
563	-15.828502775914748	-11249.600357288433	6.016131653863126	1.0747464538195608	1.2014223164707425	0.982151739059993	0.9299383366527357	0.3751774632366702	0.9463006680067655	1.5139346413317236	0.6101026401805202	0.478276208396674	0.8961848858168088
564	-15.857506201664526	-11249.490035109362	6.016131653863126	1.0747464538195608	1.2014223164707425	0.982151739059993	0.9299383366527357	0.3751774632366702	0.9463006680067655	1.5139346413317236	0.6101026401805202	0.478276208396674	0.8961848858168088
565	-15.857506201664526	-11249.490035109362	6.016131653863126	1.0747464538195608	1.2014223164707425	0.982151739059993	0.9299383366527357	0.3751774632366702	0.9463006680067655	1.5139346413317236	0.6101026401805202	0.478276208396674	0.8961848858168088
566	-15.857506201664526	-11249.490035109362	6.016131653863126	1.0747464538195608	1.2014223164707425	0.982151739059993	0.9299383366527357	0.3751774632366702	0.9463006680067655	1.5139346413317236	0.6101026401805202	0.478276208396674	0.8961848858168088
567	-15.857506201664526	-11249.490035109362	6.016131653863126	1.0747464538195608	1.2014223164707425	0.982151739059993	0.9299383366527357	0.3751774632366702	0.9463006680067655	1.5139346413317236	0.6101026401805202	0.478276208396674	0.8961848858168088
568	-15.924496932889204	-11242.623710928734	6.016131653863126	1.0747464538195608	1.2014223164707425	0.982151739059993	0.9299383366527357	0.3751774632366702	0.9463006680067655	1.5139346413317236	0.6101026401805202	0.478276208396674	0.8961848858168088
569	-15.924496932889204	-11222.7858106351	6.016131653863126	1.0747464538195608	1.2014223164707425	0.982151739059993	0.9299383366527357	0.3751774632366702	0.9463006680067655	1.5139346413317236	0.6101026401805202	0.478276208396674	0.8961848858168088
570	-15.920978683358348	-11223.281082885233	6.016131653863126	1.0747464538195608	1.2014223164707425	0.982151739059993	0.9299383366527357	0.3751774632366702	0.9463006680067655	1.5139346413317236	0.6101026401805202	0.478276208396674	0.8961848858168088
571	-22.616809954349726	-11157.576827338207	6.016131653863126	1.0747464538195608	1.2014223164707425	0.982151739059993	0.9299383366527357	0.3751774632366702	0.9463006680067655	1.5139346413317236	0.6101026401805202	0.478276208396674	0.8961848858168088
572	-22.616809954349726	-11157.576827338207	6.016131653863126	1.0747464538195608	1.2014223164707425	0.982151739059993	0.9299383366527357	0.3751774632366702	0.9463006680067655	1.5139346413317236	0.6101026401805202	0.478276208396674	0.8961848858168088
573	-22.616809954349726	-11157.576827338207	6.016131653863126	1.0747464538195608	1.2014223164707425	0.982151739059993	0.9299383366527357	0.3751774632366702	0.9463006680067655	1.5139346413317236	0.6101026401805202	0.478276208396674	0.8961848858168088
574	-22.616809954349726	-11157.576827338207	6.016131653863126	1.0747464538195608	1.2014223164707425	0.982151739059993	0.9299383366527357	0.3751774632366702	0.9463006680067655	1.5139346413317236	0.6101026401805202	0.478276208396674	0.8961848858168088
575	-22.616809954349726	-11157.576827338207	6.016131653863126	1.0747464538195608	1.2014223164707425	0.982151739059993	0.9299383366527357	0.3751774632366702	0.9463006680067655	1.5139346413317236	0.6101026401805202	0.478276208396674	0.8961848858168088
576	-14.773497536552961	-11157.576827338207	7.053184046939813	1.2917455581952757	1.4130077550030817	0.9182365738011976	0.9784780284473805	0.3751774632366702	0.9463006680067655	1.5139346413317236	0.6101026401805202	0.478276208396674	0.8961848858168088
577	-14.773497536552961	-11157.576827338207	7.053184046939813	1.2917455581952757	1.4130077550030817	0.9182365738011976	0.9784780284473805	0.3751774632366702	0.9463006680067655	1.5139346413317236	0.6101026401805202	0.478276208396674	0.8961848858168088
578	-14.773497536552961	-11157.576827338207	7.053184046939813	1.2917455581952757	1.4130077550030817	0.9182365738011976	0.9784780284473805	0.3751774632366702	0.9463006680067655	1.5139346413317236	0.6101026401805202	0.478276208396674	0.8961848858168088
579	-14.777339379020285	-11155.147652006906	7.053184046939813	1.2917455581952757	1.4130077550030817	0.9182365738011976	0.9784780284473805	0.3751774632366702	0.9463006680067655	1.5139346413317236	0.6101026401805202	0.478276208396674	0.8961848858168088
580	-14.777339379020285	-11155.147652006906	7.053184046939813	1.2917455581952757	1.4130077550030817	0.9182365738011976	0.9784780284473805	0.3751774632366702	0.9463006680067655	1.5139346413317236	0.6101026401805202	0.478276208396674	0.8961848858168088
581	-14.777339379020285	-11155.147652006906	7.053184046939813	1.2917455581952757	1.4130077550030817	0.9182365738011976	0.9784780284473805	0.3751774632366702	0.9463006680067655	1.5139346413317236	0.6101026401805202	0.478276208396674	0.8961848858168088
582	-14.777339379020285	-11155.147652006906	7.053184046939813	1.2917455581952757	1.4130077550030817	0.9182365738011976	0.9784780284473805	0.3751774632366702	0.9463006680067655	1.5139346413317236	0.6101026401805202	0.478276208396674	0.8961848858168088
583	-14.777339379020285	-11155.147652006906	7.053184046939813	1.2917455581952757	1.4130077550030817	0.9182365738011976	0.9784780284473805	0.3751774632366702	0.9463006680067655	1.5139346413317236	0.6101026401805202	0.478276208396674	0.8961848858168088
584	-14.777339379020285	-11155.147652006906	7.053184046939813	1.2917455581952757	1.4130077550030817	0.9182365738011976	0.9784780284473805	0.3751774632366702	0.9463006680067655	1.5139346413317236	0.6101026401805202	0.478276208396674	0.8961848858168088
585	-14.67755452940686	-11155.147652006906	7.053184046939813	1.2917455581952757	1.4130077550030817	0.9182365738011976	0.9784780284473805	0.3751774632366702	0.9463006680067655	1.5139346413317236	0.6101026401805202	0.478276208396674	0.875942293192602
586	-14.67755452940686	-11155.147652006906	7.053184046939813	1.2917455581952757	1.4130077550030817	0.9182365738011976	0.9784780284473805	0.3751774632366702	0.9463006680067655	1.5139346413317236	0.6101026401805202	0.478276208396674	0.875942293192602
587	-14.67755452940686	-11155.147652006906	7.053184046939813	1.2917455581952757	1.4130077550030817	0.9182365738011976	0.9784780284473805	0.3751774632366702	0.9463006680067655	1.5139346413317236	0.6101026401805202	0.478276208396674	0.875942293192602
588	-14.67755452940686	-11155.147652006906	7.053184046939813	1.2917455581952757	1.4130077550030817	0.9182365738011976	0.9784780284473805	0.3751774632366702	0.9463006680067655	1.5139346413317236	0.6101026401805202	0.478276208396674	0.875942293192602
589	-14.67755452940686	-11155.147652006906	7.053184046939813	1.2917455581952757	1.4130077550030817	0.9182365738011976	0.9784780284473805	0.3751774632366702	0.9463006680067655	1.5139346413317236	0.6101026401805202	0.478276208396674	0.875942293192602
590	-14.67755452940686	-11155.246092263023	7.053184046939813	1.2917455581952757	1.4130077550030817	0.9182365738011976	0.9784780284473805	0.3751774632366702	0.9463006680067655	1.5139346413317236	0.6101026401805202	0.478276208396674	0.875942293192602
591	-14.740367733139374	-11154.910218412017	7.053184046939813	1.2917455581952757	1.4130077550030817	0.9182365738011976	0.9784780284473805	0.3751774632366702	0.9463006680067655	1.5139346413317236	0.6101026401805202	0.478276208396674	0.875942293192602
592	-14.740367733139374	-11154.910218412017	7.053184046939813	1.2917455581952757	1.4130077550030817	0.9182365738011976	0.9784780284473805	0.3751774632366702	0.9463006680067655	1.5139346413317236	0.6101026401805202	0.478276208396674	0.875942293192602
593	-14.502633516240087	-11154.910218412017	7.053184046939813	1.2917455581952757	1.4130077550030817	0.9182365738011976	0.9784780284473805	0.33973773166417237	0.7550616151120967	1.557588410940715	0.8132604758994958	0.39918318806024616	0.875942293192602
594	-14.502633516240087	-11154.910218412017	7.053184046939813	1.2917455581952757	1.4130077550030817	0.9182365738011976	0.9784780284473805	0.33973773166417237	0.7550616151120967	1.557588410940715	0.8132604758994958	0.39918318806024616	0.875942293192602
595	-14.502633516240087	-11154.910218412017	7.053184046939813	1.2917455581952757	1.4130077550030817	0.9182365738011976	0.9784780284473805	0.33973773166417237	0.7550616151120967	1.557588410940715	0.8132604758994958	0.39918318806024616	0.875942293192602
596	-3.7594370317836	-11154.910218412017	8.961357174649487	1.7207764040054419	1.6776309060282848	0.8633694720511716	1.0553218502133892	0.33973773166417237	0.7550616151120967	1.557588410940715	0.8132604758994958	0.39918318806024616	0.875942293192602
597	-3.7594370317836	-11151.435016258929	8.961357174649487	1.7207764040054419	1.6776309060282848	0.8633694720511716	1.0553218502133892	0.33973773166417237	0.7550616151120967	1.557588410940715	0.8132604758994958	0.39918318806024616	0.875942293192602
598	-3.7594370317836	-11151.435016258929	8.961357174649487	1.7207764040054419	1.6776309060282848	0.8633694720511716	1.0553218502133892	0.33973773166417237	0.7550616151120967	1.557588410940715	0.8132604758994958	0.39918318806024616	0.875942293192602
599	-3.7594370317836	-11132.218846805557	8.961357174649487	1.7207764040054419	1.6776309060282848	0.8633694720511716	1.0553218502133892	0.33973773166417237	0.7550616151120967	1.557588410940715	0.8132604758994958	0.39918318806024616	0.875942293192602
600	-3.7359741194616394	-11130.829308798237	8.961357174649487	1.7207764040054419	1.6776309060282848	0.8633694720511716	1.0553218502133892	0.33973773166417237	0.7550616151120967	1.557588410940715	0.8132604758994958	0.39918318806024616	0.875942293192602
601	-3.7359741194616394	-11130.829308798237	8.961357174649487	1.7207764040054419	1.6776309060282848	0.8633694720511716	1.0553218502133892	0.33973773166417237	0.7550616151120967	1.557588410940715	0.8132604758994958	0.39918318806024616	0.875942293192602
602	0.02080183019912396	-11130.829308798237	10.75383871422872	1.7496383808146978	1.8591428141190307	0.6859919653004324	0.8650470854361577	0.33973773166417237	0.7550616151120967	1.557588410940715	0.8132604758994958	0.39918318806024616	0.875942293192602
603	0.02080183019912396	-11130.829308798237	10.75383871422872	1.7496383808146978	1.8591428141190307	0.6859919653004324	0.8650470854361577	0.33973773166417237	0.7550616151120967	1.557588410940715	0.8132604758994958	0.39918318806024616	0.875942293192602
604	0.02080183019912396	-11130.879141407788	10.75383871422872	1.7496383808146978	1.8591428141190307	0.6859919653004324	0.8650470854361577	0.33973773166417237	0.7550616151120967	1.557588410940715	0.8132604758994958	0.39918318806024616	0.875942293192602
605	0.02080183019912396	-11130.879141407788	10.75383871422872	1.7496383808146978	1.8591428141190307	0.6859919653004324	0.8650470854361577	0.33973773166417237	0.7550616151120967	1.557588410940715	0.8132604758994958	0.39918318806024616	0.875942293192602
606	0.02080183019912396	-11130.879141407788	10.75383871422872	1.7496383808146978	1.8591428141190307	0.6859919653004324	0.8650470854361577	0.33973773166417237	0.7550616151120967	1.557588410940715	0.8132604758994958	0.39918318806024616	0.875942293192602
607	0.02080183019912396	-11130.879141407788	10.75383871422872	1.7496383808146978	1.8591428141190307	0.6859919653004324	0.8650470854361577	0.33973773166417237	0.7550616151120967	1.557588410940715	0.8132604758994958	0.39918318806024616	0.875942293192602
608	0.02080183019912396	-11130.879141407788	10.75383871422872	1.7496383808146978	1.8591428141190307	0.6859919653004324	0.8650470854361577	0.33973773166417237	0.7550616151120967	1.557588410940715	0.8132604758994958	0.39918318806024616	0.875942293192602
609	0.02080183019912396	-11130.879141407788	10.75383871422872	1.7496383808146978	1.8591428141190307	0.6859919653004324	0.8650470854361577	0.33973773166417237	0.7550616151120967	1.557588410940715	0.8132604758994958	0.39918318806024616	0.875942293192602
610	0.02076102675964875	-11131.089181202808	10.75383871422872	1.7496383808146978	1.8591428141190307	0.6859919653004324	0.8650470854361577	0.33973773166417237	0.7550616151120967	1.557588410940715	0.8132604758994958	0.39918318806024616	0.875942293192602
611	0.02076102675964875	-11131.51552283587	10.75383871422872	1.7496383808146978	1.8591428141190307	0.6859919653004324	0.8650470854361577	0.33973773166417237	0.7550616151120967	1.557588410940715	0.8132604758994958	0.39918318806024616	0.875942293192602
612	0.02076102675964875	-11131.51552283587	10.75383871422872	1.7496383808146978	1.8591428141190307	0.6859919653004324	0.8650470854361577	0.33973773166417237	0.7550616151120967	1.557588410940715	0.8132604758994958	0.39918318806024616	0.875942293192602
613	0.02076102675964875	-11131.51552283587	10.75383871422872	1.7496383808146978	1.8591428141190307	0.6859919653004324	0.8650470854361577	0.33973773166417237	0.7550616151120967	1.557588410940715	0.8132604758994958	0.39918318806024616	0.875942293192602
614	0.02076102675964875	-11131.51552283587	10.75383871422872	1.7496383808146978	1.8591428141190307	0.6859919653004324	0.8650470854361577	0.33973773166417237	0.7550616151120967	1.557588410940715	0.8132604758994958	0.39918318806024616	0.875942293192602
615	0.02076102675964875	-11131.51552283587	10.75383871422872	1.7496383808146978	1.8591428141190307	0.6859919653004324	0.8650470854361577	0.33973773166417237	0.7550616151120967	1.557588410940715	0.8132604758994958	0.39918318806024616	0.875942293192602
616	0.7789437332856137	-11079.195870315707	10.75383871422872	1.7496383808146978	1.8591428141190307	0.6859919653004324	0.8650470854361577	0.33973773166417237	0.7550616151120967	1.557588410940715	0.8132604758994958	0.39918318806024616	0.875942293192602
617	0.7789437332856137	-11079.195870315707	10.75383871422872	1.7496383808146978	1.8591428141190307	0.6859919653004324	0.8650470854361577	0.33973773166417237	0.7550616151120967	1.557588410940715	0.8132604758994958	0.39918318806024616	0.875942293192602
618	0.7789437332856137	-11079.195870315707	10.75383871422872	1.7496383808146978	1.8591428141190307	0.6859919653004324	0.8650470854361577	0.33973773166417237	0.7550616151120967	1.557588410940715	0.8132604758994958	0.39918318806024616	0.875942293192602
619	0.7789437332856137	-11079.195870315707	10.75383871422872	1.7496383808146978	1.8591428141190307	0.6859919653004324	0.8650470854361577	0.33973773166417237	0.7550616151120967	1.557588410940715	0.8132604758994958	0.39918318806024616	0.875942293192602
620	0.7789437332856137	-11079.195870315707	10.75383871422872	1.7496383808146978	1.8591428141190307	0.6859919653004324	0.8650470854361577	0.33973773166417237	0.7550616151120967	1.557588410940715	0.8132604758994958	0.39918318806024616	0.875942293192602
621	0.7789437332856137	-11079.195870315707	10.75383871422872	1.7496383808146978	1.8591428141190307	0.6859919653004324	0.8650470854361577	0.33973773166417237	0.7550616151120967	1.557588410940715	0.8132604758994958	0.39918318806024616	0.875942293192602
622	0.7789437332856137	-11079.195870315707	10.75383871422872	1.7496383808146978	1.8591428141190307	0.6859919653004324	0.8650470854361577	0.33973773166417237	0.7550616151120967	1.557588410940715	0.8132604758994958	0.39918318806024616	0.875942293192602
623	0.7789437332856137	-11079.195870315707	10.75383871422872	1.7496383808146978	1.8591428141190307	0.6859919653004324	0.8650470854361577	0.33973773166417237	0.7550616151120967	1.557588410940715	0.8132604758994958	0.39918318806024616	0.875942293192602
624	0.7789437332856137	-11079.195870315707	10.75383871422872	1.7496383808146978	1.8591428141190307	0.6859919653004324	0.8650470854361577	0.33973773166417237	0.7550616151120967	1.557588410940715	0.8132604758994958	0.39918318806024616	0.875942293192602
625	0.7789437332856137	-11079.195870315707	10.75383871422872	1.7496383808146978	1.8591428141190307	0.6859919653004324	0.8650470854361577	0.33973773166417237	0.7550616151120967	1.557588410940715	0.8132604758994958	0.39918318806024616	0.875942293192602
626	0.7789437332856137	-11079.195870315707	10.75383871422872	1.7496383808146978	1.8591428141190307	0.6859919653004324	0.8650470854361577	0.33973773166417237	0.7550616151120967	1.557588410940715	0.8132604758994958	0.39918318806024616	0.875942293192602
627	0.7789437332856137	-11079.195870315707	10.75383871422872	1.7496383808146978	1.8591428141190307	0.6859919653004324	0.8650470854361577	0.33973773166417237	0.7550616151120967	1.557588410940715	0.8132604758994958	0.39918318806024616	0.875942293192602
628	0.7789437332856137	-10963.263941092457	10.75383871422872	1.7496383808146978	1.8591428141190307	0.6859919653004324	0.8650470854361577	0.33973773166417237	0.7550616151120967	1.557588410940715	0.8132604758994958	0.39918318806024616	0.875942293192602
629	0.7789437332856137	-10963.263941092457	10.75383871422872	1.7496383808146978	1.8591428141190307	0.6859919653004324	0.8650470854361577	0.33973773166417237	0.7550616151120967	1.557588410940715	0.8132604758994958	0.39918318806024616	0.875942293192602
630	0.7789437332856137	-10963.263941092457	10.75383871422872	1.7496383808146978	1.8591428141190307	0.6859919653004324	0.8650470854361577	0.33973773166417237	0.7550616151120967	1.557588410940715	0.8132604758994958	0.39918318806024616	0.875942293192602
631	0.712065730744962	-10954.308943657974	10.75383871422872	1.7496383808146978	1.8591428141190307	0.6859919653004324	0.8650470854361577	0.33973773166417237	0.7550616151120967	1.557588410940715	0.8132604758994958	0.39918318806024616	0.875942293192602
632	0.712065730744962	-10954.308943657974	10.75383871422872	1.7496383808146978	1.8591428141190307	0.6859919653004324	0.8650470854361577	0.33973773166417237	0.7550616151120967	1.557588410940715	0.8132604758994958	0.39918318806024616	0.875942293192602
633	0.712065730744962	-10953.87154729744	10.75383871422872	1.7496383808146978	1.8591428141190307	0.6859919653004324	0.8650470854361577	0.33973773166417237	0.7550616151120967	1.557588410940715	0.8132604758994958	0.39918318806024616	0.875942293192602
634	0.7214085956545178	-10947.994083933694	10.75383871422872	1.7496383808146978	1.8591428141190307	0.6859919653004324	0.8650470854361577	0.33973773166417237	0.7550616151120967	1.557588410940715	0.8132604758994958	0.39918318806024616	0.875942293192602
635	10.626411026828873	-10947.994083933694	14.049359210748491	2.119661747369632	1.8793529899995027	0.8885984880966411	0.886850454490325	0.33973773166417237	0.7550616151120967	1.557588410940715	0.8132604758994958	0.39918318806024616	0.875942293192602
636	10.626411026828873	-10947.994083933694	14.049359210748491	2.119661747369632	1.8793529899995027	0.8885984880966411	0.886850454490325	0.33973773166417237	0.7550616151120967	1.557588410940715	0.8132604758994958	0.39918318806024616	0.875942293192602
637	10.626411026828873	-10947.994083933694	14.049359210748491	2.119661747369632	1.8793529899995027	0.8885984880966411	0.886850454490325	0.33973773166417237	0.7550616151120967	1.557588410940715	0.8132604758994958	0.39918318806024616	0.875942293192602
638	10.74566422082594	-10944.605981055478	14.049359210748491	2.119661747369632	1.8793529899995027	0.8885984880966411	0.886850454490325	0.33973773166417237	0.7550616151120967	1.557588410940715	0.8132604758994958	0.39918318806024616	0.875942293192602
639	10.74566422082594	-10925.187146358436	14.049359210748491	2.119661747369632	1.8793529899995027	0.8885984880966411	0.886850454490325	0.33973773166417237	0.7550616151120967	1.557588410940715	0.8132604758994958	0.39918318806024616	0.875942293192602
640	10.74566422082594	-10925.187146358436	14.049359210748491	2.119661747369632	1.8793529899995027	0.8885984880966411	0.886850454490325	0.33973773166417237	0.7550616151120967	1.557588410940715	0.8132604758994958	0.39918318806024616	0.875942293192602
641	10.74566422082594	-10925.671216947798	14.049359210748491	2.119661747369632	1.8793529899995027	0.8885984880966411	0.886850454490325	0.33973773166417237	0.7550616151120967	1.557588410940715	0.8132604758994958	0.39918318806024616	0.875942293192602
642	10.74566422082594	-10925.671216947798	14.049359210748491	2.119661747369632	1.8793529899995027	0.8885984880966411	0.886850454490325	0.33973773166417237	0.7550616151120967	1.557588410940715	0.8132604758994958	0.39918318806024616	0.875942293192602
643	12.768535241367786	-10895.97413147362	14.049359210748491	2.119661747369632	1.8793529899995027	0.8885984880966411	0.886850454490325	0.33973773166417237	0.7550616151120967	1.557588410940715	0.8132604758994958	0.39918318806024616	0.875942293192602
644	12.768535241367786	-10895.024184020023	14.049359210748491	2.119661747369632	1.8793529899995027	0.8885984880966411	0.886850454490325	0.33973773166417237	0.7550616151120967	1.557588410940715	0.8132604758994958	0.39918318806024616	0.875942293192602
645	14.67978531896911	-10895.806152135108	14.049359210748491	2.119661747369632	1.8793529899995027	0.8885984880966411	0.886850454490325	0.33973773166417237	0.7550616151120967	1.557588410940715	0.8132604758994958	0.39918318806024616	0.875942293192602
646	14.67978531896911	-10895.806152135108	14.049359210748491	2.119661747369632	1.8793529899995027	0.8885984880966411	0.886850454490325	0.33973773166417237	0.7550616151120967	1.557588410940715	0.8132604758994958	0.39918318806024616	0.875942293192602
647	16.857238885337697	-10893.694092084086	14.049359210748491	2.119661747369632	1.8793529899995027	0.8885984880966411	0.886850454490325	0.33973773166417237	0.7550616151120967	1.557588410940715	0.8132604758994958	0.39918318806024616	0.875942293192602
648	16.857238885337697	-10893.694092084086	14.049359210748491	2.119661747369632	1.8793529899995027	0.8885984880966411	0.886850454490325	0.33973773166417237	0.7550616151120967	1.557588410940715	0.8132604758994958	0.39918318806024616	0.875942293192602
649	16.822679647393475	-10894.873591191064	14.049359210748491	2.119661747369632	1.8793529899995027	0.8885984880966411	0.886850454490325	0.33973773166417237	0.7550616151120967	1.557588410940715	0.8132604758994958	0.39918318806024616	0.875942293192602
650	16.822679647393475	-10895.941300392535	14.049359210748491	2.119661747369632	1.8793529899995027	0.8885984880966411	0.886850454490325	0.33973773166417237	0.7550616151120967	1.557588410940715	0.8132604758994958	0.39918318806024616	0.875942293192602
651	16.822679647393475	-10895.941300392535	14.049359210748491	2.119661747369632	1.8793529899995027	0.8885984880966411	0.886850454490325	0.33973773166417237	0.7550616151120967	1.557588410940715	0.8132604758994958	0.39918318806024616	0.875942293192602
652	16.822679647393475	-10895.941300392535	14.049359210748491	2.119661747369632	1.8793529899995027	0.8885984880966411	0.886850454490325	0.33973773166417237	0.7550616151120967	1.557588410940715	0.8132604758994958	0.39918318806024616	0.875942293192602
653	18.839317182528333	-10892.231714590745	14.049359210748491	2.119661747369632	1.8793529899995027	0.8885984880966411	0.886850454490325	0.33973773166417237	0.7550616151120967	1.557588410940715	0.8132604758994958	0.39918318806024616	0.875942293192602
654	18.839317182528333	-10892.231714590745	14.049359210748491	2.119661747369632	1.8793529899995027	0.8885984880966411	0.886850454490325	0.33973773166417237	0.7550616151120967	1.557588410940715	0.8132604758994958	0.39918318806024616	0.875942293192602
655	18.839317182528333	-10889.498950689604	14.049359210748491	2.119661747369632	1.8793529899995027	0.8885984880966411	0.886850454490325	0.33973773166417237	0.7550616151120967	1.557588410940715	0.8132604758994958	0.39918318806024616	0.875942293192602
656	18.839317182528333	-10889.498950689604	14.049359210748491	2.119661747369632	1.8793529899995027	0.8885984880966411	0.886850454490325	0.33973773166417237	0.7550616151120967	1.557588410940715	0.8132604758994958	0.39918318806024616	0.875942293192602
657	18.839317182528333	-10889.498950689604	14.049359210748491	2.119661747369632	1.8793529899995027	0.8885984880966411	0.886850454490325	0.33973773166417237	0.7550616151120967	1.557588410940715	0.8132604758994958	0.39918318806024616	0.875942293192602
658	18.839317182528333	-10889.498950689604	14.049359210748491	2.119661747369632	1.8793529899995027	0.8885984880966411	0.886850454490325	0.33973773166417237	0.7550616151120967	1.557588410940715	0.8132604758994958	0.39918318806024616	0.875942293192602
659	18.839317182528333	-10889.498950689604	14.049359210748491	2.119661747369632	1.8793529899995027	0.8885984880966411	0.886850454490325	0.33973773166417237	0.7550616151120967	1.557588410940715	0.8132604758994958	0.39918318806024616	0.875942293192602
660	18.839317182528333	-10889.498950689604	14.049359210748491	2.119661747369632	1.8793529899995027	0.8885984880966411	0.886850454490325	0.33973773166417237	0.7550616151120967	1.557588410940715	0.8132604758994958	0.39918318806024616	0.875942293192602
661	18.839317182528333	-10889.498950689604	14.049359210748491	2.119661747369632	1.8793529899995027	0.8885984880966411	0.886850454490325	0.33973773166417237	0.7550616151120967	1.557588410940715	0.8132604758994958	0.39918318806024616	0.875942293192602
662	18.839317182528333	-10889.498950689604	14.049359210748491	2.119661747369632	1.8793529899995027	0.8885984880966411	0.886850454490325	0.33973773166417237	0.7550616151120967	1.557588410940715	0.8132604758994958	0.39918318806024616	0.875942293192602
663	18.839317182528333	-10889.498950689604	14.049359210748491	2.119661747369632	1.8793529899995027	0.8885984880966411	0.886850454490325	0.33973773166417237	0.7550616151120967	1.557588410940715	0.8132604758994958	0.39918318806024616	0.875942293192602
664	18.839317182528333	-10889.498950689604	14.049359210748491	2.119661747369632	1.8793529899995027	0.8885984880966411	0.886850454490325	0.33973773166417237	0.7550616151120967	1.557588410940715	0.8132604758994958	0.39918318806024616	0.875942293192602
665	22.923415930226472	-10882.040665240393	14.049359210748491	2.119661747369632	1.8793529899995027	0.8885984880966411	0.886850454490325	0.33973773166417237	0.7550616151120967	1.557588410940715	0.8132604758994958	0.39918318806024616	0.875942293192602
666	22.923415930226472	-10882.040665240393	14.049359210748491	2.119661747369632	1.8793529899995027	0.8885984880966411	0.886850454490325	0.33973773166417237	0.7550616151120967	1.557588410940715	0.8132604758994958	0.39918318806024616	0.875942293192602
667	22.923312442735696	-10882.475596470966	14.049359210748491	2.119661747369632	1.8793529899995027	0.8885984880966411	0.886850454490325	0.33973773166417237	0.7550616151120967	1.557588410940715	0.8132604758994958	0.39918318806024616	0.875942293192602
668	22.923312442735696	-10882.475596470966	14.049359210748491	2.119661747369632	1.8793529899995027	0.8885984880966411	0.886850454490325	0.33973773166417237	0.7550616151120967	1.557588410940715	0.8132604758994958	0.39918318806024616	0.875942293192602
669	22.923312442735696	-10882.043382524262	14.049359210748491	2.119661747369632	1.8793529899995027	0.8885984880966411	0.886850454490325	0.33973773166417237	0.7550616151120967	1.557588410940715	0.8132604758994958	0.39918318806024616	0.875942293192602
670	22.923312442735696	-10882.043382524262	14.049359210748491	2.119661747369632	1.8793529899995027	0.8885984880966411	0.886850454490325	0.33973773166417237	0.7550616151120967	1.557588410940715	0.8132604758994958	0.39918318806024616	0.875942293192602
671	22.923312442735696	-10882.043382524262	14.049359210748491	2.119661747369632	1.8793529899995027	0.8885984880966411	0.886850454490325	0.33973773166417237	0.7550616151120967	1.557588410940715	0.8132604758994958	0.39918318806024616	0.875942293192602
672	22.923312442735696	-10882.418898333559	14.049359210748491	2.119661747369632	1.8793529899995027	0.8885984880966411	0.886850454490325	0.33973773166417237	0.7550616151120967	1.557588410940715	0.8132604758994958	0.39918318806024616	0.875942293192602
673	22.923312442735696	-10882.418898333559	14.049359210748491	2.119661747369632	1.8793529899995027	0.8885984880966411	0.886850454490325	0.33973773166417237	0.7550616151120967	1.557588410940715	0.8132604758994958	0.39918318806024616	0.875942293192602
674	22.923312442735696	-10882.418898333559	14.049359210748491	2.119661747369632	1.8793529899995027	0.8885984880966411	0.886850454490325	0.33973773166417237	0.7550616151120967	1.557588410940715	0.8132604758994958	0.39918318806024616	0.875942293192602
675	22.923312442735696	-10880.788778963944	14.049359210748491	2.119661747369632	1.8793529899995027	0.8885984880966411	0.886850454490325	0.33973773166417237	0.7550616151120967	1.557588410940715	0.8132604758994958	0.39918318806024616	0.875942293192602
676	22.923312442735696	-10880.788778963944	14.049359210748491	2.119661747369632	1.8793529899995027	0.8885984880966411	0.886850454490325	0.33973773166417237	0.7550616151120967	1.557588410940715	0.8132604758994958	0.39918318806024616	0.875942293192602
677	23.66777128445126	-10866.80119072189	14.049359210748491	2.119661747369632	1.8793529899995027	0.8885984880966411	0.886850454490325	0.33973773166417237	0.7550616151120967	1.557588410940715	0.8132604758994958	0.39918318806024616	0.875942293192602
678	23.66777128445126	-10866.80119072189	14.049359210748491	2.119661747369632	1.8793529899995027	0.8885984880966411	0.886850454490325	0.33973773166417237	0.7550616151120967	1.557588410940715	0.8132604758994958	0.39918318806024616	0.875942293192602
679	23.66777128445126	-10866.80119072189	14.049359210748491	2.119661747369632	1.8793529899995027	0.8885984880966411	0.886850454490325	0.33973773166417237	0.7550616151120967	1.557588410940715	0.8132604758994958	0.39918318806024616	0.875942293192602
680	23.66777128445126	-10866.80119072189	14.049359210748491	2.119661747369632	1.8793529899995027	0.8885984880966411	0.886850454490325	0.33973773166417237	0.7550616151120967	1.557588410940715	0.8132604758994958	0.39918318806024616	0.875942293192602
681	23.66777128445126	-10866.299640448095	14.049359210748491	2.119661747369632	1.8793529899995027	0.8885984880966411	0.886850454490325	0.33973773166417237	0.7550616151120967	1.557588410940715	0.8132604758994958	0.39918318806024616	0.875942293192602
682	23.66777128445126	-10866.299640448095	14.049359210748491	2.119661747369632	1.8793529899995027	0.8885984880966411	0.886850454490325	0.33973773166417237	0.7550616151120967	1.557588410940715	0.8132604758994958	0.39918318806024616	0.875942293192602
683	23.62988251982345	-10865.200774618601	14.049359210748491	2.119661747369632	1.8793529899995027	0.8885984880966411	0.886850454490325	0.33973773166417237	0.7550616151120967	1.557588410940715	0.8132604758994958	0.39918318806024616	0.875942293192602
684	23.62988251982345	-10848.599704348337	14.049359210748491	2.119661747369632	1.8793529899995027	0.8885984880966411	0.886850454490325	0.33973773166417237	0.7550616151120967	1.557588410940715	0.8132604758994958	0.39918318806024616	0.875942293192602
685	23.559995072009496	-10845.444655318335	14.049359210748491	2.119661747369632	1.8793529899995027	0.8885984880966411	0.886850454490325	0.33973773166417237	0.7550616151120967	1.557588410940715	0.8132604758994958	0.39918318806024616	0.875942293192602
686	23.559995072009496	-10845.444655318335	14.049359210748491	2.119661747369632	1.8793529899995027	0.8885984880966411	0.886850454490325	0.33973773166417237	0.7550616151120967	1.557588410940715	0.8132604758994958	0.39918318806024616	0.875942293192602
687	23.559995072009496	-10845.444655318335	14.049359210748491	2.119661747369632	1.8793529899995027	0.8885984880966411	0.886850454490325	0.33973773166417237	0.7550616151120967	1.557588410940715	0.8132604758994958	0.39918318806024616	0.875942293192602
688	23.559995072009496	-10845.444655318335	14.049359210748491	2.119661747369632	1.8793529899995027	0.8885984880966411	0.886850454490325	0.33973773166417237	0.7550616151120967	1.557588410940715	0.8132604758994958	0.39918318806024616	0.875942293192602
689	23.67709011712374	-10842.371533215846	14.049359210748491	2.119661747369632	1.8793529899995027	0.8885984880966411	0.886850454490325	0.33973773166417237	0.7550616151120967	1.557588410940715	0.8132604758994958	0.39918318806024616	0.875942293192602
690	23.67709011712374	-10842.371533215846	14.049359210748491	2.119661747369632	1.8793529899995027	0.8885984880966411	0.886850454490325	0.33973773166417237	0.7550616151120967	1.557588410940715	0.8132604758994958	0.39918318806024616	0.875942293192602
691	23.67709011712374	-10842.371533215846	14.049359210748491	2.119661747369632	1.8793529899995027	0.8885984880966411	0.886850454490325	0.33973773166417237	0.7550616151120967	1.557588410940715	0.8132604758994958	0.39918318806024616	0.875942293192602
692	23.67709011712374	-10830.849429251979	14.049359210748491	2.119661747369632	1.8793529899995027	0.8885984880966411	0.886850454490325	0.33973773166417237	0.7550616151120967	1.557588410940715	0.8132604758994958	0.39918318806024616	0.875942293192602
693	23.67709011712374	-10830.849429251979	14.049359210748491	2.119661747369632	1.8793529899995027	0.8885984880966411	0.886850454490325	0.33973773166417237	0.7550616151120967	1.557588410940715	0.8132604758994958	0.39918318806024616	0.875942293192602
694	23.67709011712374	-10830.849429251979	14.049359210748491	2.119661747369632	1.8793529899995027	0.8885984880966411	0.886850454490325	0.33973773166417237	0.7550616151120967	1.557588410940715	0.8132604758994958	0.39918318806024616	0.875942293192602
695	23.67709011712374	-10830.849429251979	14.049359210748491	2.119661747369632	1.8793529899995027	0.8885984880966411	0.886850454490325	0.33973773166417237	0.7550616151120967	1.557588410940715	0.8132604758994958	0.39918318806024616	0.875942293192602
696	23.67709011712374	-10688.555047423946	14.049359210748491	2.119661747369632	1.8793529899995027	0.8885984880966411	0.886850454490325	0.33973773166417237	0.7550616151120967	1.557588410940715	0.8132604758994958	0.39918318806024616	0.875942293192602
697	23.67709011712374	-10688.555047423946	14.049359210748491	2.119661747369632	1.8793529899995027	0.8885984880966411	0.886850454490325	0.33973773166417237	0.7550616151120967	1.557588410940715	0.8132604758994958	0.39918318806024616	0.875942293192602
698	23.67709011712374	-10688.555047423946	14.049359210748491	2.119661747369632	1.8793529899995027	0.8885984880966411	0.886850454490325	0.33973773166417237	0.7550616151120967	1.557588410940715	0.8132604758994958	0.39918318806024616	0.875942293192602
699	23.13969386643275	-10662.793691697312	14.049359210748491	2.119661747369632	1.8793529899995027	0.8885984880966411	0.886850454490325	0.33973773166417237	0.7550616151120967	1.557588410940715	0.8132604758994958	0.39918318806024616	0.875942293192602
700	23.13969386643275	-10662.793691697312	14.049359210748491	2.119661747369632	1.8793529899995027	0.8885984880966411	0.886850454490325	0.33973773166417237	0.7550616151120967	1.557588410940715	0.8132604758994958	0.39918318806024616	0.875942293192602
701	23.13969386643275	-10662.793691697312	14.049359210748491	2.119661747369632	1.8793529899995027	0.8885984880966411	0.886850454490325	0.33973773166417237	0.7550616151120967	1.557588410940715	0.8132604758994958	0.39918318806024616	0.875942293192602
702	23.13969386643275	-10662.793691697312	14.049359210748491	2.119661747369632	1.8793529899995027	0.8885984880966411	0.886850454490325	0.33973773166417237	0.7550616151120967	1.557588410940715	0.8132604758994958	0.39918318806024616	0.875942293192602
703	23.13969386643275	-10662.793691697312	14.049359210748491	2.119661747369632	1.8793529899995027	0.8885984880966411	0.886850454490325	0.33973773166417237	0.7550616151120967	1.557588410940715	0.8132604758994958	0.39918318806024616	0.875942293192602
704	23.13969386643275	-10663.638636353979	14.049359210748491	2.119661747369632	1.8793529899995027	0.8885984880966411	0.886850454490325	0.33973773166417237	0.7550616151120967	1.557588410940715	0.8132604758994958	0.39918318806024616	0.875942293192602
705	23.13969386643275	-10663.638636353979	14.049359210748491	2.119661747369632	1.8793529899995027	0.8885984880966411	0.886850454490325	0.33973773166417237	0.7550616151120967	1.557588410940715	0.8132604758994958	0.39918318806024616	0.875942293192602
706	23.13969386643275	-10663.468988598002	14.049359210748491	2.119661747369632	1.8793529899995027	0.8885984880966411	0.886850454490325	0.33973773166417237	0.7550616151120967	1.557588410940715	0.8132604758994958	0.39918318806024616	0.875942293192602
707	23.13969386643275	-10663.468988598002	14.049359210748491	2.119661747369632	1.8793529899995027	0.8885984880966411	0.886850454490325	0.33973773166417237	0.7550616151120967	1.557588410940715	0.8132604758994958	0.39918318806024616	0.875942293192602
708	23.13969386643275	-10663.468988598002	14.049359210748491	2.119661747369632	1.8793529899995027	0.8885984880966411	0.886850454490325	0.33973773166417237	0.7550616151120967	1.557588410940715	0.8132604758994958	0.39918318806024616	0.875942293192602
709	23.13969386643275	-10663.468988598002	14.049359210748491	2.119661747369632	1.8793529899995027	0.8885984880966411	0.886850454490325	0.33973773166417237	0.7550616151120967	1.557588410940715	0.8132604758994958	0.39918318806024616	0.875942293192602
710	23.13969386643275	-10663.468988598002	14.049359210748491	2.119661747369632	1.8793529899995027	0.8885984880966411	0.886850454490325	0.33973773166417237	0.7550616151120967	1.557588410940715	0.8132604758994958	0.39918318806024616	0.875942293192602
711	23.13969386643275	-10663.468988598002	14.049359210748491	2.119661747369632	1.8793529899995027	0.8885984880966411	0.886850454490325	0.33973773166417237	0.7550616151120967	1.557588410940715	0.8132604758994958	0.39918318806024616	0.875942293192602
712	23.13969386643275	-10663.468988598002	14.049359210748491	2.119661747369632	1.8793529899995027	0.8885984880966411	0.886850454490325	0.33973773166417237	0.7550616151120967	1.557588410940715	0.8132604758994958	0.39918318806024616	0.875942293192602
713	23.13969386643275	-10663.468988598002	14.049359210748491	2.119661747369632	1.8793529899995027	0.8885984880966411	0.886850454490325	0.33973773166417237	0.7550616151120967	1.557588410940715	0.8132604758994958	0.39918318806024616	0.875942293192602
714	23.13969386643275	-10663.468988598002	14.049359210748491	2.119661747369632	1.8793529899995027	0.8885984880966411	0.886850454490325	0.33973773166417237	0.7550616151120967	1.557588410940715	0.8132604758994958	0.39918318806024616	0.875942293192602
715	23.13969386643275	-10663.468988598002	14.049359210748491	2.119661747369632	1.8793529899995027	0.8885984880966411	0.886850454490325	0.33973773166417237	0.7550616151120967	1.557588410940715	0.8132604758994958	0.39918318806024616	0.875942293192602
716	23.13969386643275	-10663.468988598002	14.049359210748491	2.119661747369632	1.8793529899995027	0.8885984880966411	0.886850454490325	0.33973773166417237	0.7550616151120967	1.557588410940715	0.8132604758994958	0.39918318806024616	0.875942293192602
717	29.27559554091289	-10663.468988598002	17.49762527047057	2.5153056769672144	1.7070304691122258	0.9089892039576994	0.9477144578129029	0.33973773166417237	0.7550616151120967	1.557588410940715	0.8132604758994958	0.39918318806024616	0.875942293192602
718	29.290299248699966	-10662.995129685947	17.49762527047057	2.5153056769672144	1.7070304691122258	0.9089892039576994	0.9477144578129029	0.33973773166417237	0.7550616151120967	1.557588410940715	0.8132604758994958	0.39918318806024616	0.875942293192602
719	29.290299248699966	-10662.995129685947	17.49762527047057	2.5153056769672144	1.7070304691122258	0.9089892039576994	0.9477144578129029	0.33973773166417237	0.7550616151120967	1.557588410940715	0.8132604758994958	0.39918318806024616	0.875942293192602
720	29.290299248699966	-10662.995129685947	17.49762527047057	2.5153056769672144	1.7070304691122258	0.9089892039576994	0.9477144578129029	0.33973773166417237	0.7550616151120967	1.557588410940715	0.8132604758994958	0.39918318806024616	0.875942293192602
721	29.290299248699966	-10662.995129685947	17.49762527047057	2.5153056769672144	1.7070304691122258	0.9089892039576994	0.9477144578129029	0.33973773166417237	0.7550616151120967	1.557588410940715	0.8132604758994958	0.39918318806024616	0.875942293192602
722	29.290299248699966	-10662.995129685947	17.49762527047057	2.5153056769672144	1.7070304691122258	0.9089892039576994	0.9477144578129029	0.33973773166417237	0.7550616151120967	1.557588410940715	0.8132604758994958	0.39918318806024616	0.875942293192602
723	29.290299248699966	-10661.717253403498	17.49762527047057	2.5153056769672144	1.7070304691122258	0.9089892039576994	0.9477144578129029	0.33973773166417237	0.7550616151120967	1.557588410940715	0.8132604758994958	0.39918318806024616	0.875942293192602
724	29.290299248699966	-10661.717253403498	17.49762527047057	2.5153056769672144	1.7070304691122258	0.9089892039576994	0.9477144578129029	0.33973773166417237	0.7550616151120967	1.557588410940715	0.8132604758994958	0.39918318806024616	0.875942293192602
725	29.290299248699966	-10661.717253403498	17.49762527047057	2.5153056769672144	1.7070304691122258	0.9089892039576994	0.9477144578129029	0.33973773166417237	0.7550616151120967	1.557588410940715	0.8132604758994958	0.39918318806024616	0.875942293192602
726	29.292092435099732	-10661.74297360402	17.49762527047057	2.5153056769672144	1.7070304691122258	0.9089892039576994	0.9477144578129029	0.33973773166417237	0.7550616151120967	1.557588410940715	0.8132604758994958	0.39918318806024616	0.875942293192602
727	29.292092435099732	-10661.74297360402	17.49762527047057	2.5153056769672144	1.7070304691122258	0.9089892039576994	0.9477144578129029	0.33973773166417237	0.7550616151120967	1.557588410940715	0.8132604758994958	0.39918318806024616	0.875942293192602
728	29.292092435099732	-10661.74297360402	17.49762527047057	2.5153056769672144	1.7070304691122258	0.9089892039576994	0.9477144578129029	0.33973773166417237	0.7550616151120967	1.557588410940715	0.8132604758994958	0.39918318806024616	0.875942293192602
729	29.292092435099732	-10661.74297360402	17.49762527047057	2.5153056769672144	1.7070304691122258	0.9089892039576994	0.9477144578129029	0.33973773166417237	0.7550616151120967	1.557588410940715	0.8132604758994958	0.39918318806024616	0.875942293192602
730	29.292092435099732	-10662.172451758697	17.49762527047057	2.5153056769672144	1.7070304691122258	0.9089892039576994	0.9477144578129029	0.33973773166417237	0.7550616151120967	1.557588410940715	0.8132604758994958	0.39918318806024616	0.875942293192602
731	29.292092435099732	-10662.172451758697	17.49762527047057	2.5153056769672144	1.7070304691122258	0.9089892039576994	0.9477144578129029	0.33973773166417237	0.7550616151120967	1.557588410940715	0.8132604758994958	0.39918318806024616	0.875942293192602
732	29.292092435099732	-10662.172451758697	17.49762527047057	2.5153056769672144	1.7070304691122258	0.9089892039576994	0.9477144578129029	0.33973773166417237	0.7550616151120967	1.557588410940715	0.8132604758994958	0.39918318806024616	0.875942293192602
733	31.78479098884208	-10649.232187926475	17.49762527047057	2.5153056769672144	1.7070304691122258	0.9089892039576994	0.9477144578129029	0.33973773166417237	0.7550616151120967	1.557588410940715	0.8132604758994958	0.39918318806024616	0.875942293192602
734	31.78479098884208	-10650.62588816316	17.49762527047057	2.5153056769672144	1.7070304691122258	0.9089892039576994	0.9477144578129029	0.33973773166417237	0.7550616151120967	1.557588410940715	0.8132604758994958	0.39918318806024616	0.875942293192602
735	31.78479098884208	-10647.406871547897	17.49762527047057	2.5153056769672144	1.7070304691122258	0.9089892039576994	0.9477144578129029	0.33973773166417237	0.7550616151120967	1.557588410940715	0.8132604758994958	0.39918318806024616	0.875942293192602
736	31.78479098884208	-10647.406871547897	17.49762527047057	2.5153056769672144	1.7070304691122258	0.9089892039576994	0.9477144578129029	0.33973773166417237	0.7550616151120967	1.557588410940715	0.8132604758994958	0.39918318806024616	0.875942293192602
737	31.757296549092676	-10647.64424812115	17.49762527047057	2.5153056769672144	1.7070304691122258	0.9089892039576994	0.9477144578129029	0.33973773166417237	0.7550616151120967	1.557588410940715	0.8132604758994958	0.39918318806024616	0.875942293192602
738	31.757296549092676	-10647.64424812115	17.49762527047057	2.5153056769672144	1.7070304691122258	0.9089892039576994	0.9477144578129029	0.33973773166417237	0.7550616151120967	1.557588410940715	0.8132604758994958	0.39918318806024616	0.875942293192602
739	31.757296549092676	-10647.64424812115	17.49762527047057	2.5153056769672144	1.7070304691122258	0.9089892039576994	0.9477144578129029	0.33973773166417237	0.7550616151120967	1.557588410940715	0.8132604758994958	0.39918318806024616	0.875942293192602
740	31.761057813347154	-10647.563407843247	17.49762527047057	2.5153056769672144	1.7070304691122258	0.9089892039576994	0.9477144578129029	0.33973773166417237	0.7550616151120967	1.557588410940715	0.8132604758994958	0.39918318806024616	0.875942293192602
741	31.761057813347154	-10647.563407843247	17.49762527047057	2.5153056769672144	1.7070304691122258	0.9089892039576994	0.9477144578129029	0.33973773166417237	0.7550616151120967	1.557588410940715	0.8132604758994958	0.39918318806024616	0.875942293192602
742	31.761057813347154	-10646.181759632591	17.49762527047057	2.5153056769672144	1.7070304691122258	0.9089892039576994	0.9477144578129029	0.33973773166417237	0.7550616151120967	1.557588410940715	0.8132604758994958	0.39918318806024616	0.875942293192602
743	31.761057813347154	-10646.181759632591	17.49762527047057	2.5153056769672144	1.7070304691122258	0.9089892039576994	0.9477144578129029	0.33973773166417237	0.7550616151120967	1.557588410940715	0.8132604758994958	0.39918318806024616	0.875942293192602
744	31.761057813347154	-10646.181759632591	17.49762527047057	2.5153056769672144	1.7070304691122258	0.9089892039576994	0.9477144578129029	0.33973773166417237	0.7550616151120967	1.557588410940715	0.8132604758994958	0.39918318806024616	0.875942293192602
745	31.13709762321545	-10644.538464296911	17.49762527047057	2.5153056769672144	1.7070304691122258	0.9089892039576994	0.9477144578129029	0.33973773166417237	0.7550616151120967	1.557588410940715	0.8132604758994958	0.39918318806024616	0.875942293192602
746	30.872001787877277	-10615.897341326629	17.49762527047057	2.5153056769672144	1.7070304691122258	0.9089892039576994	0.9477144578129029	0.33973773166417237	0.7550616151120967	1.557588410940715	0.8132604758994958	0.39918318806024616	0.875942293192602
747	30.872001787877277	-10615.897341326629	17.49762527047057	2.5153056769672144	1.7070304691122258	0.9089892039576994	0.9477144578129029	0.33973773166417237	0.7550616151120967	1.557588410940715	0.8132604758994958	0.39918318806024616	0.875942293192602
748	30.872001787877277	-10615.897341326629	17.49762527047057	2.5153056769672144	1.7070304691122258	0.9089892039576994	0.9477144578129029	0.33973773166417237	0.7550616151120967	1.557588410940715	0.8132604758994958	0.39918318806024616	0.875942293192602
749	30.872001787877277	-10615.897341326629	17.49762527047057	2.5153056769672144	1.7070304691122258	0.9089892039576994	0.9477144578129029	0.33973773166417237	0.7550616151120967	1.557588410940715	0.8132604758994958	0.39918318806024616	0.875942293192602
750	30.872001787877277	-10617.302632817225	17.49762527047057	2.5153056769672144	1.7070304691122258	0.9089892039576994	0.9477144578129029	0.33973773166417237	0.7550616151120967	1.557588410940715	0.8132604758994958	0.39918318806024616	0.875942293192602
751	24.701911939193348	-10610.882835870703	17.49762527047057	2.5153056769672144	1.7070304691122258	0.9089892039576994	0.9477144578129029	0.33973773166417237	0.7550616151120967	1.557588410940715	0.8132604758994958	0.39918318806024616	0.875942293192602
752	24.701911939193348	-10611.018743367906	17.49762527047057	2.5153056769672144	1.7070304691122258	0.9089892039576994	0.9477144578129029	0.33973773166417237	0.7550616151120967	1.557588410940715	0.8132604758994958	0.39918318806024616	0.875942293192602
753	24.701911939193348	-10611.018743367906	17.49762527047057	2.5153056769672144	1.7070304691122258	0.9089892039576994	0.9477144578129029	0.33973773166417237	0.7550616151120967	1.557588410940715	0.8132604758994958	0.39918318806024616	0.875942293192602
754	24.690705743992208	-10602.607958364786	17.49762527047057	2.5153056769672144	1.7070304691122258	0.9089892039576994	0.9477144578129029	0.33973773166417237	0.7550616151120967	1.557588410940715	0.8132604758994958	0.39918318806024616	0.875942293192602
755	24.623784756905348	-10602.692390137343	17.49762527047057	2.5153056769672144	1.7070304691122258	0.9089892039576994	0.9477144578129029	0.33973773166417237	0.7550616151120967	1.557588410940715	0.8132604758994958	0.39918318806024616	0.875942293192602
756	24.623784756905348	-10602.692390137343	17.49762527047057	2.5153056769672144	1.7070304691122258	0.9089892039576994	0.9477144578129029	0.33973773166417237	0.7550616151120967	1.557588410940715	0.8132604758994958	0.39918318806024616	0.875942293192602
757	24.623784756905348	-10602.692390137343	17.49762527047057	2.5153056769672144	1.7070304691122258	0.9089892039576994	0.9477144578129029	0.33973773166417237	0.7550616151120967	1.557588410940715	0.8132604758994958	0.39918318806024616	0.875942293192602
758	24.623784756905348	-10602.692390137343	17.49762527047057	2.5153056769672144	1.7070304691122258	0.9089892039576994	0.9477144578129029	0.33973773166417237	0.7550616151120967	1.557588410940715	0.8132604758994958	0.39918318806024616	0.875942293192602
759	24.623784756905348	-10602.692390137343	17.49762527047057	2.5153056769672144	1.7070304691122258	0.9089892039576994	0.9477144578129029	0.33973773166417237	0.7550616151120967	1.557588410940715	0.8132604758994958	0.39918318806024616	0.875942293192602
760	24.623784756905348	-10602.692390137343	17.49762527047057	2.5153056769672144	1.7070304691122258	0.9089892039576994	0.9477144578129029	0.33973773166417237	0.7550616151120967	1.557588410940715	0.8132604758994958	0.39918318806024616	0.875942293192602
761	24.623784756905348	-10602.692390137343	17.49762527047057	2.5153056769672144	1.7070304691122258	0.9089892039576994	0.9477144578129029	0.33973773166417237	0.7550616151120967	1.557588410940715	0.8132604758994958	0.39918318806024616	0.875942293192602
762	24.623784756905348	-10602.692390137343	17.49762527047057	2.5153056769672144	1.7070304691122258	0.9089892039576994	0.9477144578129029	0.33973773166417237	0.7550616151120967	1.557588410940715	0.8132604758994958	0.39918318806024616	0.875942293192602
763	24.958148654866687	-10600.968954173737	17.49762527047057	2.5153056769672144	1.7070304691122258	0.9089892039576994	0.9477144578129029	0.33973773166417237	0.7550616151120967	1.557588410940715	0.8132604758994958	0.39918318806024616	0.875942293192602
764	24.958148654866687	-10600.243616798845	17.49762527047057	2.5153056769672144	1.7070304691122258	0.9089892039576994	0.9477144578129029	0.33973773166417237	0.7550616151120967	1.557588410940715	0.8132604758994958	0.39918318806024616	0.875942293192602
765	24.958148654866687	-10600.243616798845	17.49762527047057	2.5153056769672144	1.7070304691122258	0.9089892039576994	0.9477144578129029	0.33973773166417237	0.7550616151120967	1.557588410940715	0.8132604758994958	0.39918318806024616	0.875942293192602
766	24.958148654866687	-10602.674039142976	17.49762527047057	2.5153056769672144	1.7070304691122258	0.9089892039576994	0.9477144578129029	0.33973773166417237	0.7550616151120967	1.557588410940715	0.8132604758994958	0.39918318806024616	0.875942293192602
767	24.925749977962692	-10602.569943663959	17.49762527047057	2.5153056769672144	1.7070304691122258	0.9089892039576994	0.9477144578129029	0.33973773166417237	0.7550616151120967	1.557588410940715	0.8132604758994958	0.39918318806024616	0.875942293192602
768	24.925749977962692	-10602.569943663959	17.49762527047057	2.5153056769672144	1.7070304691122258	0.9089892039576994	0.9477144578129029	0.33973773166417237	0.7550616151120967	1.557588410940715	0.8132604758994958	0.39918318806024616	0.875942293192602
769	24.925749977962692	-10600.09383359023	17.49762527047057	2.5153056769672144	1.7070304691122258	0.9089892039576994	0.9477144578129029	0.33973773166417237	0.7550616151120967	1.557588410940715	0.8132604758994958	0.39918318806024616	0.875942293192602
770	24.925749977962692	-10600.09383359023	17.49762527047057	2.5153056769672144	1.7070304691122258	0.9089892039576994	0.9477144578129029	0.33973773166417237	0.7550616151120967	1.557588410940715	0.8132604758994958	0.39918318806024616	0.875942293192602
771	24.925749977962692	-10600.09383359023	17.49762527047057	2.5153056769672144	1.7070304691122258	0.9089892039576994	0.9477144578129029	0.33973773166417237	0.7550616151120967	1.557588410940715	0.8132604758994958	0.39918318806024616	0.875942293192602
772	24.925749977962692	-10598.89369857889	17.49762527047057	2.5153056769672144	1.7070304691122258	0.9089892039576994	0.9477144578129029	0.33973773166417237	0.7550616151120967	1.557588410940715	0.8132604758994958	0.39918318806024616	0.875942293192602
773	24.925749977962692	-10598.89369857889	17.49762527047057	2.5153056769672144	1.7070304691122258	0.9089892039576994	0.9477144578129029	0.33973773166417237	0.7550616151120967	1.557588410940715	0.8132604758994958	0.39918318806024616	0.875942293192602
774	24.925749977962692	-10598.89369857889	17.49762527047057	2.5153056769672144	1.7070304691122258	0.9089892039576994	0.9477144578129029	0.33973773166417237	0.7550616151120967	1.557588410940715	0.8132604758994958	0.39918318806024616	0.875942293192602
775	24.925749977962692	-10598.89369857889	17.49762527047057	2.5153056769672144	1.7070304691122258	0.9089892039576994	0.9477144578129029	0.33973773166417237	0.7550616151120967	1.557588410940715	0.8132604758994958	0.39918318806024616	0.875942293192602
776	24.925749977962692	-10598.89369857889	17.49762527047057	2.5153056769672144	1.7070304691122258	0.9089892039576994	0.9477144578129029	0.33973773166417237	0.7550616151120967	1.557588410940715	0.8132604758994958	0.39918318806024616	0.875942293192602
777	24.925749977962692	-10598.89369857889	17.49762527047057	2.5153056769672144	1.7070304691122258	0.9089892039576994	0.9477144578129029	0.33973773166417237	0.7550616151120967	1.557588410940715	0.8132604758994958	0.39918318806024616	0.875942293192602
778	25.307167785150906	-10588.956876300716	17.49762527047057	2.5153056769672144	1.7070304691122258	0.9089892039576994	0.9477144578129029	0.33973773166417237	0.7550616151120967	1.557588410940715	0.8132604758994958	0.39918318806024616	0.875942293192602
779	25.307167785150906	-10570.746871658763	17.49762527047057	2.5153056769672144	1.7070304691122258	0.9089892039576994	0.9477144578129029	0.33973773166417237	0.7550616151120967	1.557588410940715	0.8132604758994958	0.39918318806024616	0.875942293192602
780	31.774334258893575	-10570.746871658763	20.59185941190172	3.123395879715865	2.1116821089613773	0.9458861296266523	0.9549294971587955	0.33973773166417237	0.7550616151120967	1.557588410940715	0.8132604758994958	0.39918318806024616	0.875942293192602
781	31.80626480773124	-10571.67224962656	20.59185941190172	3.123395879715865	2.1116821089613773	0.9458861296266523	0.9549294971587955	0.33973773166417237	0.7550616151120967	1.557588410940715	0.8132604758994958	0.39918318806024616	0.875942293192602
782	33.71746565842617	-10567.845211055877	20.59185941190172	3.123395879715865	2.1116821089613773	0.9458861296266523	0.9549294971587955	0.33973773166417237	0.7550616151120967	1.557588410940715	0.8132604758994958	0.39918318806024616	0.875942293192602
783	33.71746565842617	-10567.845211055877	20.59185941190172	3.123395879715865	2.1116821089613773	0.9458861296266523	0.9549294971587955	0.33973773166417237	0.7550616151120967	1.557588410940715	0.8132604758994958	0.39918318806024616	0.875942293192602
784	33.71746565842617	-10567.845211055877	20.59185941190172	3.123395879715865	2.1116821089613773	0.9458861296266523	0.9549294971587955	0.33973773166417237	0.7550616151120967	1.557588410940715	0.8132604758994958	0.39918318806024616	0.875942293192602
785	34.50939249564317	-10559.015187968747	20.59185941190172	3.123395879715865	2.1116821089613773	0.9458861296266523	0.9549294971587955	0.33973773166417237	0.7550616151120967	1.557588410940715	0.8132604758994958	0.39918318806024616	0.875942293192602
786	34.50939249564317	-10558.629187616523	20.59185941190172	3.123395879715865	2.1116821089613773	0.9458861296266523	0.9549294971587955	0.33973773166417237	0.7550616151120967	1.557588410940715	0.8132604758994958	0.39918318806024616	0.875942293192602
787	34.50939249564317	-10558.534195311342	20.59185941190172	3.123395879715865	2.1116821089613773	0.9458861296266523	0.9549294971587955	0.33973773166417237	0.7550616151120967	1.557588410940715	0.8132604758994958	0.39918318806024616	0.875942293192602
788	34.50939249564317	-10558.534195311342	20.59185941190172	3.123395879715865	2.1116821089613773	0.9458861296266523	0.9549294971587955	0.33973773166417237	0.7550616151120967	1.557588410940715	0.8132604758994958	0.39918318806024616	0.875942293192602
789	34.50939249564317	-10558.534195311342	20.59185941190172	3.123395879715865	2.1116821089613773	0.9458861296266523	0.9549294971587955	0.33973773166417237	0.7550616151120967	1.557588410940715	0.8132604758994958	0.39918318806024616	0.875942293192602
790	36.41340518854429	-10558.085838458977	20.59185941190172	3.123395879715865	2.1116821089613773	0.9458861296266523	0.9549294971587955	0.33973773166417237	0.7550616151120967	1.557588410940715	0.8132604758994958	0.39918318806024616	0.875942293192602
791	36.41340518854429	-10558.085838458977	20.59185941190172	3.123395879715865	2.1116821089613773	0.9458861296266523	0.9549294971587955	0.33973773166417237	0.7550616151120967	1.557588410940715	0.8132604758994958	0.39918318806024616	0.875942293192602
792	36.41340518854429	-10558.085838458977	20.59185941190172	3.123395879715865	2.1116821089613773	0.9458861296266523	0.9549294971587955	0.33973773166417237	0.7550616151120967	1.557588410940715	0.8132604758994958	0.39918318806024616	0.875942293192602
793	36.406546826447	-10558.076181647963	20.59185941190172	3.123395879715865	2.1116821089613773	0.9458861296266523	0.9549294971587955	0.33973773166417237	0.7550616151120967	1.557588410940715	0.8132604758994958	0.39918318806024616	0.875942293192602
794	36.406546826447	-10553.819832932348	20.59185941190172	3.123395879715865	2.1116821089613773	0.9458861296266523	0.9549294971587955	0.33973773166417237	0.7550616151120967	1.557588410940715	0.8132604758994958	0.39918318806024616	0.875942293192602
795	36.406546826447	-10553.819832932348	20.59185941190172	3.123395879715865	2.1116821089613773	0.9458861296266523	0.9549294971587955	0.33973773166417237	0.7550616151120967	1.557588410940715	0.8132604758994958	0.39918318806024616	0.875942293192602
796	36.42934654487159	-10552.693372214666	20.59185941190172	3.123395879715865	2.1116821089613773	0.9458861296266523	0.9549294971587955	0.33973773166417237	0.7550616151120967	1.557588410940715	0.8132604758994958	0.39918318806024616	0.875942293192602
797	36.42934654487159	-10552.693372214666	20.59185941190172	3.123395879715865	2.1116821089613773	0.9458861296266523	0.9549294971587955	0.33973773166417237	0.7550616151120967	1.557588410940715	0.8132604758994958	0.39918318806024616	0.875942293192602
798	36.42934654487159	-10553.37159242246	20.59185941190172	3.123395879715865	2.1116821089613773	0.9458861296266523	0.9549294971587955	0.33973773166417237	0.7550616151120967	1.557588410940715	0.8132604758994958	0.39918318806024616	0.875942293192602
799	36.42934654487159	-10553.155602086574	20.59185941190172	3.123395879715865	2.1116821089613773	0.9458861296266523	0.9549294971587955	0.33973773166417237	0.7550616151120967	1.557588410940715	0.8132604758994958	0.39918318806024616	0.875942293192602
800	36.42934654487159	-10553.155602086574	20.59185941190172	3.123395879715865	2.1116821089613773	0.9458861296266523	0.9549294971587955	0.33973773166417237	0.7550616151120967	1.557588410940715	0.8132604758994958	0.39918318806024616	0.875942293192602
801	36.42934654487159	-10553.155602086574	20.59185941190172	3.123395879715865	2.1116821089613773	0.9458861296266523	0.9549294971587955	0.33973773166417237	0.7550616151120967	1.557588410940715	0.8132604758994958	0.39918318806024616	0.875942293192602
802	37.221025000919106	-10545.244165840386	20.59185941190172	3.123395879715865	2.1116821089613773	0.9458861296266523	0.9549294971587955	0.33973773166417237	0.7550616151120967	1.557588410940715	0.8132604758994958	0.39918318806024616	0.875942293192602
803	37.221025000919106	-10545.244165840386	20.59185941190172	3.123395879715865	2.1116821089613773	0.9458861296266523	0.9549294971587955	0.33973773166417237	0.7550616151120967	1.557588410940715	0.8132604758994958	0.39918318806024616	0.875942293192602
804	37.221025000919106	-10545.244165840386	20.59185941190172	3.123395879715865	2.1116821089613773	0.9458861296266523	0.9549294971587955	0.33973773166417237	0.7550616151120967	1.557588410940715	0.8132604758994958	0.39918318806024616	0.875942293192602
805	37.221025000919106	-10545.244165840386	20.59185941190172	3.123395879715865	2.1116821089613773	0.9458861296266523	0.9549294971587955	0.33973773166417237	0.7550616151120967	1.557588410940715	0.8132604758994958	0.39918318806024616	0.875942293192602
806	37.221025000919106	-10545.861706202793	20.59185941190172	3.123395879715865	2.1116821089613773	0.9458861296266523	0.9549294971587955	0.33973773166417237	0.7550616151120967	1.557588410940715	0.8132604758994958	0.39918318806024616	0.875942293192602
807	37.221025000919106	-10545.861706202793	20.59185941190172	3.123395879715865	2.1116821089613773	0.9458861296266523	0.9549294971587955	0.33973773166417237	0.7550616151120967	1.557588410940715	0.8132604758994958	0.39918318806024616	0.875942293192602
808	37.221025000919106	-10544.419226809232	20.59185941190172	3.123395879715865	2.1116821089613773	0.9458861296266523	0.9549294971587955	0.33973773166417237	0.7550616151120967	1.557588410940715	0.8132604758994958	0.39918318806024616	0.875942293192602
809	37.221025000919106	-10544.419226809232	20.59185941190172	3.123395879715865	2.1116821089613773	0.9458861296266523	0.9549294971587955	0.33973773166417237	0.7550616151120967	1.557588410940715	0.8132604758994958	0.39918318806024616	0.875942293192602
810	37.221025000919106	-10544.419226809232	20.59185941190172	3.123395879715865	2.1116821089613773	0.9458861296266523	0.9549294971587955	0.33973773166417237	0.7550616151120967	1.557588410940715	0.8132604758994958	0.39918318806024616	0.875942293192602
811	37.221025000919106	-10544.419226809232	20.59185941190172	3.123395879715865	2.1116821089613773	0.9458861296266523	0.9549294971587955	0.33973773166417237	0.7550616151120967	1.557588410940715	0.8132604758994958	0.39918318806024616	0.875942293192602
812	37.221025000919106	-10540.408494966456	20.59185941190172	3.123395879715865	2.1116821089613773	0.9458861296266523	0.9549294971587955	0.33973773166417237	0.7550616151120967	1.557588410940715	0.8132604758994958	0.39918318806024616	0.875942293192602
813	37.221025000919106	-10540.408494966456	20.59185941190172	3.123395879715865	2.1116821089613773	0.9458861296266523	0.9549294971587955	0.33973773166417237	0.7550616151120967	1.557588410940715	0.8132604758994958	0.39918318806024616	0.875942293192602
814	41.28443967641091	-10540.408494966456	26.689200995569024	2.9002776330149556	2.684323761493723	0.9394806280626931	1.0780602270753392	0.33973773166417237	0.7550616151120967	1.557588410940715	0.8132604758994958	0.39918318806024616	0.875942293192602
815	41.28443967641091	-10540.408494966456	26.689200995569024	2.9002776330149556	2.684323761493723	0.9394806280626931	1.0780602270753392	0.33973773166417237	0.7550616151120967	1.557588410940715	0.8132604758994958	0.39918318806024616	0.875942293192602
816	44.125663109969935	-10540.408494966456	26.689200995569024	2.9002776330149556	2.684323761493723	0.9394806280626931	1.0780602270753392	0.33973773166417237	0.7550616151120967	1.557588410940715	0.8132604758994958	0.39918318806024616	0.7191745264483348
817	44.125663109969935	-10540.408494966456	26.689200995569024	2.9002776330149556	2.684323761493723	0.9394806280626931	1.0780602270753392	0.33973773166417237	0.7550616151120967	1.557588410940715	0.8132604758994958	0.39918318806024616	0.7191745264483348
818	44.125663109969935	-10540.408494966456	26.689200995569024	2.9002776330149556	2.684323761493723	0.9394806280626931	1.0780602270753392	0.33973773166417237	0.7550616151120967	1.557588410940715	0.8132604758994958	0.39918318806024616	0.7191745264483348
819	44.125663109969935	-10540.408494966456	26.689200995569024	2.9002776330149556	2.684323761493723	0.9394806280626931	1.0780602270753392	0.33973773166417237	0.7550616151120967	1.557588410940715	0.8132604758994958	0.39918318806024616	0.7191745264483348
820	44.125663109969935	-10536.393275354734	26.689200995569024	2.9002776330149556	2.684323761493723	0.9394806280626931	1.0780602270753392	0.33973773166417237	0.7550616151120967	1.557588410940715	0.8132604758994958	0.39918318806024616	0.7191745264483348
821	44.125663109969935	-10535.95455045131	26.689200995569024	2.9002776330149556	2.684323761493723	0.9394806280626931	1.0780602270753392	0.33973773166417237	0.7550616151120967	1.557588410940715	0.8132604758994958	0.39918318806024616	0.7191745264483348
822	44.125663109969935	-10535.95455045131	26.689200995569024	2.9002776330149556	2.684323761493723	0.9394806280626931	1.0780602270753392	0.33973773166417237	0.7550616151120967	1.557588410940715	0.8132604758994958	0.39918318806024616	0.7191745264483348
823	44.125663109969935	-10535.95455045131	26.689200995569024	2.9002776330149556	2.684323761493723	0.9394806280626931	1.0780602270753392	0.33973773166417237	0.7550616151120967	1.557588410940715	0.8132604758994958	0.39918318806024616	0.7191745264483348
824	44.125663109969935	-10535.95455045131	26.689200995569024	2.9002776330149556	2.684323761493723	0.9394806280626931	1.0780602270753392	0.33973773166417237	0.7550616151120967	1.557588410940715	0.8132604758994958	0.39918318806024616	0.7191745264483348
825	44.125663109969935	-10535.95455045131	26.689200995569024	2.9002776330149556	2.684323761493723	0.9394806280626931	1.0780602270753392	0.33973773166417237	0.7550616151120967	1.557588410940715	0.8132604758994958	0.39918318806024616	0.7191745264483348
826	44.1985860547822	-10533.364170108554	26.689200995569024	2.9002776330149556	2.684323761493723	0.9394806280626931	1.0780602270753392	0.33973773166417237	0.7550616151120967	1.557588410940715	0.8132604758994958	0.39918318806024616	0.7191745264483348
827	43.568982522222484	-10526.21185623469	26.689200995569024	2.9002776330149556	2.684323761493723	0.9394806280626931	1.0780602270753392	0.33973773166417237	0.7550616151120967	1.557588410940715	0.8132604758994958	0.39918318806024616	0.7191745264483348
828	43.568982522222484	-10526.21185623469	26.689200995569024	2.9002776330149556	2.684323761493723	0.9394806280626931	1.0780602270753392	0.33973773166417237	0.7550616151120967	1.557588410940715	0.8132604758994958	0.39918318806024616	0.7191745264483348
829	43.568982522222484	-10526.21185623469	26.689200995569024	2.9002776330149556	2.684323761493723	0.9394806280626931	1.0780602270753392	0.33973773166417237	0.7550616151120967	1.557588410940715	0.8132604758994958	0.39918318806024616	0.7191745264483348
830	43.568982522222484	-10526.21185623469	26.689200995569024	2.9002776330149556	2.684323761493723	0.9394806280626931	1.0780602270753392	0.33973773166417237	0.7550616151120967	1.557588410940715	0.8132604758994958	0.39918318806024616	0.7191745264483348
831	43.568982522222484	-10526.21185623469	26.689200995569024	2.9002776330149556	2.684323761493723	0.9394806280626931	1.0780602270753392	0.33973773166417237	0.7550616151120967	1.557588410940715	0.8132604758994958	0.39918318806024616	0.7191745264483348
832	43.568982522222484	-10526.102565437854	26.689200995569024	2.9002776330149556	2.684323761493723	0.9394806280626931	1.0780602270753392	0.33973773166417237	0.7550616151120967	1.557588410940715	0.8132604758994958	0.39918318806024616	0.7191745264483348
833	43.568982522222484	-10526.102565437854	26.689200995569024	2.9002776330149556	2.684323761493723	0.9394806280626931	1.0780602270753392	0.33973773166417237	0.7550616151120967	1.557588410940715	0.8132604758994958	0.39918318806024616	0.7191745264483348
834	43.568982522222484	-10526.102565437854	26.689200995569024	2.9002776330149556	2.684323761493723	0.9394806280626931	1.0780602270753392	0.33973773166417237	0.7550616151120967	1.557588410940715	0.8132604758994958	0.39918318806024616	0.7191745264483348
835	43.568982522222484	-10526.102565437854	26.689200995569024	2.9002776330149556	2.684323761493723	0.9394806280626931	1.0780602270753392	0.33973773166417237	0.7550616151120967	1.557588410940715	0.8132604758994958	0.39918318806024616	0.7191745264483348
836	43.568982522222484	-10526.102565437854	26.689200995569024	2.9002776330149556	2.684323761493723	0.9394806280626931	1.0780602270753392	0.33973773166417237	0.7550616151120967	1.557588410940715	0.8132604758994958	0.39918318806024616	0.7191745264483348
837	43.568982522222484	-10526.102565437854	26.689200995569024	2.9002776330149556	2.684323761493723	0.9394806280626931	1.0780602270753392	0.33973773166417237	0.7550616151120967	1.557588410940715	0.8132604758994958	0.39918318806024616	0.7191745264483348
838	43.568982522222484	-10526.102565437854	26.689200995569024	2.9002776330149556	2.684323761493723	0.9394806280626931	1.0780602270753392	0.33973773166417237	0.7550616151120967	1.557588410940715	0.8132604758994958	0.39918318806024616	0.7191745264483348
839	43.568982522222484	-10525.627521097807	26.689200995569024	2.9002776330149556	2.684323761493723	0.9394806280626931	1.0780602270753392	0.33973773166417237	0.7550616151120967	1.557588410940715	0.8132604758994958	0.39918318806024616	0.7191745264483348
840	43.568982522222484	-10525.627521097807	26.689200995569024	2.9002776330149556	2.684323761493723	0.9394806280626931	1.0780602270753392	0.33973773166417237	0.7550616151120967	1.557588410940715	0.8132604758994958	0.39918318806024616	0.7191745264483348
841	43.568982522222484	-10525.627521097807	26.689200995569024	2.9002776330149556	2.684323761493723	0.9394806280626931	1.0780602270753392	0.33973773166417237	0.7550616151120967	1.557588410940715	0.8132604758994958	0.39918318806024616	0.7191745264483348
842	43.568982522222484	-10525.627521097807	26.689200995569024	2.9002776330149556	2.684323761493723	0.9394806280626931	1.0780602270753392	0.33973773166417237	0.7550616151120967	1.557588410940715	0.8132604758994958	0.39918318806024616	0.7191745264483348
843	43.56770862544366	-10525.279131981983	26.689200995569024	2.9002776330149556	2.684323761493723	0.9394806280626931	1.0780602270753392	0.33973773166417237	0.7550616151120967	1.557588410940715	0.8132604758994958	0.39918318806024616	0.7191745264483348
844	43.56869277463926	-10525.45302417215	26.689200995569024	2.9002776330149556	2.684323761493723	0.9394806280626931	1.0780602270753392	0.33973773166417237	0.7550616151120967	1.557588410940715	0.8132604758994958	0.39918318806024616	0.7191745264483348
845	43.56869277463926	-10524.817924635181	26.689200995569024	2.9002776330149556	2.684323761493723	0.9394806280626931	1.0780602270753392	0.33973773166417237	0.7550616151120967	1.557588410940715	0.8132604758994958	0.39918318806024616	0.7191745264483348
846	43.56869277463926	-10524.817924635181	26.689200995569024	2.9002776330149556	2.684323761493723	0.9394806280626931	1.0780602270753392	0.33973773166417237	0.7550616151120967	1.557588410940715	0.8132604758994958	0.39918318806024616	0.7191745264483348
847	43.56869277463926	-10526.607415120381	26.689200995569024	2.9002776330149556	2.684323761493723	0.9394806280626931	1.0780602270753392	0.33973773166417237	0.7550616151120967	1.557588410940715	0.8132604758994958	0.39918318806024616	0.7191745264483348
848	46.487201648441726	-10526.607415120381	26.689200995569024	2.9002776330149556	2.684323761493723	0.9394806280626931	1.0780602270753392	0.4504548787761187	0.764227435789643	1.7685817011964822	0.7789197475434472	0.3483077704950072	0.7191745264483348
849	46.487201648441726	-10526.607415120381	26.689200995569024	2.9002776330149556	2.684323761493723	0.9394806280626931	1.0780602270753392	0.4504548787761187	0.764227435789643	1.7685817011964822	0.7789197475434472	0.3483077704950072	0.7191745264483348
850	46.487201648441726	-10526.607415120381	26.689200995569024	2.9002776330149556	2.684323761493723	0.9394806280626931	1.0780602270753392	0.4504548787761187	0.764227435789643	1.7685817011964822	0.7789197475434472	0.3483077704950072	0.7191745264483348
851	46.487201648441726	-10522.899671450868	26.689200995569024	2.9002776330149556	2.684323761493723	0.9394806280626931	1.0780602270753392	0.4504548787761187	0.764227435789643	1.7685817011964822	0.7789197475434472	0.3483077704950072	0.7191745264483348
852	46.487201648441726	-10522.899671450868	26.689200995569024	2.9002776330149556	2.684323761493723	0.9394806280626931	1.0780602270753392	0.4504548787761187	0.764227435789643	1.7685817011964822	0.7789197475434472	0.3483077704950072	0.7191745264483348
853	46.487201648441726	-10522.899671450868	26.689200995569024	2.9002776330149556	2.684323761493723	0.9394806280626931	1.0780602270753392	0.4504548787761187	0.764227435789643	1.7685817011964822	0.7789197475434472	0.3483077704950072	0.7191745264483348
854	46.487201648441726	-10522.899671450868	26.689200995569024	2.9002776330149556	2.684323761493723	0.9394806280626931	1.0780602270753392	0.4504548787761187	0.764227435789643	1.7685817011964822	0.7789197475434472	0.3483077704950072	0.7191745264483348
855	46.487201648441726	-10522.899671450868	26.689200995569024	2.9002776330149556	2.684323761493723	0.9394806280626931	1.0780602270753392	0.4504548787761187	0.764227435789643	1.7685817011964822	0.7789197475434472	0.3483077704950072	0.7191745264483348
856	46.53127694689235	-10517.237686216453	26.689200995569024	2.9002776330149556	2.684323761493723	0.9394806280626931	1.0780602270753392	0.4504548787761187	0.764227435789643	1.7685817011964822	0.7789197475434472	0.3483077704950072	0.7191745264483348
857	46.53127694689235	-10517.237686216453	26.689200995569024	2.9002776330149556	2.684323761493723	0.9394806280626931	1.0780602270753392	0.4504548787761187	0.764227435789643	1.7685817011964822	0.7789197475434472	0.3483077704950072	0.7191745264483348
858	46.53127694689235	-10517.56700748231	26.689200995569024	2.9002776330149556	2.684323761493723	0.9394806280626931	1.0780602270753392	0.4504548787761187	0.764227435789643	1.7685817011964822	0.7789197475434472	0.3483077704950072	0.7191745264483348
859	46.53127694689235	-10517.56700748231	26.689200995569024	2.9002776330149556	2.684323761493723	0.9394806280626931	1.0780602270753392	0.4504548787761187	0.764227435789643	1.7685817011964822	0.7789197475434472	0.3483077704950072	0.7191745264483348
860	46.51192590905134	-10517.813092214843	26.689200995569024	2.9002776330149556	2.684323761493723	0.9394806280626931	1.0780602270753392	0.4504548787761187	0.764227435789643	1.7685817011964822	0.7789197475434472	0.3483077704950072	0.7191745264483348
861	46.51192590905134	-10517.813092214843	26.689200995569024	2.9002776330149556	2.684323761493723	0.9394806280626931	1.0780602270753392	0.4504548787761187	0.764227435789643	1.7685817011964822	0.7789197475434472	0.3483077704950072	0.7191745264483348
862	46.31888580125272	-10512.91881939288	26.689200995569024	2.9002776330149556	2.684323761493723	0.9394806280626931	1.0780602270753392	0.4504548787761187	0.764227435789643	1.7685817011964822	0.7789197475434472	0.3483077704950072	0.7191745264483348
863	46.28694968733835	-10512.91881939288	30.376690848905636	2.99621062981133	2.2101244471637287	0.9789612691248649	1.0190495209383537	0.4504548787761187	0.764227435789643	1.7685817011964822	0.7789197475434472	0.3483077704950072	0.7191745264483348
864	46.28694968733835	-10512.91881939288	30.376690848905636	2.99621062981133	2.2101244471637287	0.9789612691248649	1.0190495209383537	0.4504548787761187	0.764227435789643	1.7685817011964822	0.7789197475434472	0.3483077704950072	0.7191745264483348
865	46.28694968733835	-10512.91881939288	30.376690848905636	2.99621062981133	2.2101244471637287	0.9789612691248649	1.0190495209383537	0.4504548787761187	0.764227435789643	1.7685817011964822	0.7789197475434472	0.3483077704950072	0.7191745264483348
866	46.28694968733835	-10512.91881939288	30.376690848905636	2.99621062981133	2.2101244471637287	0.9789612691248649	1.0190495209383537	0.4504548787761187	0.764227435789643	1.7685817011964822	0.7789197475434472	0.3483077704950072	0.7191745264483348
867	46.28694968733835	-10512.91881939288	30.376690848905636	2.99621062981133	2.2101244471637287	0.9789612691248649	1.0190495209383537	0.4504548787761187	0.764227435789643	1.7685817011964822	0.7789197475434472	0.3483077704950072	0.7191745264483348
868	46.28694968733835	-10500.293777476494	30.376690848905636	2.99621062981133	2.2101244471637287	0.9789612691248649	1.0190495209383537	0.4504548787761187	0.764227435789643	1.7685817011964822	0.7789197475434472	0.3483077704950072	0.7191745264483348
869	46.28694968733835	-10500.293777476494	30.376690848905636	2.99621062981133	2.2101244471637287	0.9789612691248649	1.0190495209383537	0.4504548787761187	0.764227435789643	1.7685817011964822	0.7789197475434472	0.3483077704950072	0.7191745264483348
870	46.28694968733835	-10500.293777476494	30.376690848905636	2.99621062981133	2.2101244471637287	0.9789612691248649	1.0190495209383537	0.4504548787761187	0.764227435789643	1.7685817011964822	0.7789197475434472	0.3483077704950072	0.7191745264483348
871	46.28694968733835	-10500.293777476494	30.376690848905636	2.99621062981133	2.2101244471637287	0.9789612691248649	1.0190495209383537	0.4504548787761187	0.764227435789643	1.7685817011964822	0.7789197475434472	0.3483077704950072	0.7191745264483348
872	46.28694968733835	-10500.293777476494	30.376690848905636	2.99621062981133	2.2101244471637287	0.9789612691248649	1.0190495209383537	0.4504548787761187	0.764227435789643	1.7685817011964822	0.7789197475434472	0.3483077704950072	0.7191745264483348
873	46.28694968733835	-10500.293777476494	30.376690848905636	2.99621062981133	2.2101244471637287	0.9789612691248649	1.0190495209383537	0.4504548787761187	0.764227435789643	1.7685817011964822	0.7789197475434472	0.3483077704950072	0.7191745264483348
874	46.28694968733835	-10500.293777476494	30.376690848905636	2.99621062981133	2.2101244471637287	0.9789612691248649	1.0190495209383537	0.4504548787761187	0.764227435789643	1.7685817011964822	0.7789197475434472	0.3483077704950072	0.7191745264483348
875	46.28694968733835	-10500.293777476494	30.376690848905636	2.99621062981133	2.2101244471637287	0.9789612691248649	1.0190495209383537	0.4504548787761187	0.764227435789643	1.7685817011964822	0.7789197475434472	0.3483077704950072	0.7191745264483348
876	46.28694968733835	-10500.293777476494	30.376690848905636	2.99621062981133	2.2101244471637287	0.9789612691248649	1.0190495209383537	0.4504548787761187	0.764227435789643	1.7685817011964822	0.7789197475434472	0.3483077704950072	0.7191745264483348
877	46.28694968733835	-10500.293777476494	30.376690848905636	2.99621062981133	2.2101244471637287	0.9789612691248649	1.0190495209383537	0.4504548787761187	0.764227435789643	1.7685817011964822	0.7789197475434472	0.3483077704950072	0.7191745264483348
878	46.203836165435874	-10498.833585879196	30.376690848905636	2.99621062981133	2.2101244471637287	0.9789612691248649	1.0190495209383537	0.4504548787761187	0.764227435789643	1.7685817011964822	0.7789197475434472	0.3483077704950072	0.7191745264483348
879	46.203836165435874	-10493.223183740398	30.376690848905636	2.99621062981133	2.2101244471637287	0.9789612691248649	1.0190495209383537	0.4504548787761187	0.764227435789643	1.7685817011964822	0.7789197475434472	0.3483077704950072	0.7191745264483348
880	46.203836165435874	-10493.223183740398	30.376690848905636	2.99621062981133	2.2101244471637287	0.9789612691248649	1.0190495209383537	0.4504548787761187	0.764227435789643	1.7685817011964822	0.7789197475434472	0.3483077704950072	0.7191745264483348
881	46.203836165435874	-10493.223183740398	30.376690848905636	2.99621062981133	2.2101244471637287	0.9789612691248649	1.0190495209383537	0.4504548787761187	0.764227435789643	1.7685817011964822	0.7789197475434472	0.3483077704950072	0.7191745264483348
882	46.203836165435874	-10493.223183740398	30.376690848905636	2.99621062981133	2.2101244471637287	0.9789612691248649	1.0190495209383537	0.4504548787761187	0.764227435789643	1.7685817011964822	0.7789197475434472	0.3483077704950072	0.7191745264483348
883	46.203836165435874	-10493.223183740398	30.376690848905636	2.99621062981133	2.2101244471637287	0.9789612691248649	1.0190495209383537	0.4504548787761187	0.764227435789643	1.7685817011964822	0.7789197475434472	0.3483077704950072	0.7191745264483348
884	46.203836165435874	-10493.223183740398	30.376690848905636	2.99621062981133	2.2101244471637287	0.9789612691248649	1.0190495209383537	0.4504548787761187	0.764227435789643	1.7685817011964822	0.7789197475434472	0.3483077704950072	0.7191745264483348
885	46.203836165435874	-10493.223183740398	30.376690848905636	2.99621062981133	2.2101244471637287	0.9789612691248649	1.0190495209383537	0.4504548787761187	0.764227435789643	1.7685817011964822	0.7789197475434472	0.3483077704950072	0.7191745264483348
886	46.203836165435874	-10493.223183740398	30.376690848905636	2.99621062981133	2.2101244471637287	0.9789612691248649	1.0190495209383537	0.4504548787761187	0.764227435789643	1.7685817011964822	0.7789197475434472	0.3483077704950072	0.7191745264483348
887	51.36303310006753	-10481.856609192584	30.376690848905636	2.99621062981133	2.2101244471637287	0.9789612691248649	1.0190495209383537	0.4504548787761187	0.764227435789643	1.7685817011964822	0.7789197475434472	0.3483077704950072	0.7191745264483348
888	51.36303310006753	-10481.856609192584	30.376690848905636	2.99621062981133	2.2101244471637287	0.9789612691248649	1.0190495209383537	0.4504548787761187	0.764227435789643	1.7685817011964822	0.7789197475434472	0.3483077704950072	0.7191745264483348
889	51.36303310006753	-10481.856609192584	30.376690848905636	2.99621062981133	2.2101244471637287	0.9789612691248649	1.0190495209383537	0.4504548787761187	0.764227435789643	1.7685817011964822	0.7789197475434472	0.3483077704950072	0.7191745264483348
890	51.348561738106135	-10481.78595546529	30.376690848905636	2.99621062981133	2.2101244471637287	0.9789612691248649	1.0190495209383537	0.4504548787761187	0.764227435789643	1.7685817011964822	0.7789197475434472	0.3483077704950072	0.7191745264483348
891	54.07566936566111	-10481.78595546529	30.376690848905636	2.99621062981133	2.2101244471637287	0.9789612691248649	1.0190495209383537	0.5348315671452656	0.5762773166476451	1.808850121557521	0.6452990739571128	0.2826409086650133	0.7191745264483348
892	54.07566936566111	-10481.78595546529	30.376690848905636	2.99621062981133	2.2101244471637287	0.9789612691248649	1.0190495209383537	0.5348315671452656	0.5762773166476451	1.808850121557521	0.6452990739571128	0.2826409086650133	0.7191745264483348
893	54.07566936566111	-10481.78595546529	30.376690848905636	2.99621062981133	2.2101244471637287	0.9789612691248649	1.0190495209383537	0.5348315671452656	0.5762773166476451	1.808850121557521	0.6452990739571128	0.2826409086650133	0.7191745264483348
894	54.07566936566111	-10481.78595546529	30.376690848905636	2.99621062981133	2.2101244471637287	0.9789612691248649	1.0190495209383537	0.5348315671452656	0.5762773166476451	1.808850121557521	0.6452990739571128	0.2826409086650133	0.7191745264483348
895	54.07566936566111	-10481.78595546529	30.376690848905636	2.99621062981133	2.2101244471637287	0.9789612691248649	1.0190495209383537	0.5348315671452656	0.5762773166476451	1.808850121557521	0.6452990739571128	0.2826409086650133	0.7191745264483348
896	55.906344513575085	-10481.78595546529	40.376989152200885	3.4745795830356654	2.3377450558552244	0.8249134087694848	0.9165980607032883	0.5348315671452656	0.5762773166476451	1.808850121557521	0.6452990739571128	0.2826409086650133	0.7191745264483348
897	55.906344513575085	-10481.78595546529	40.376989152200885	3.4745795830356654	2.3377450558552244	0.8249134087694848	0.9165980607032883	0.5348315671452656	0.5762773166476451	1.808850121557521	0.6452990739571128	0.2826409086650133	0.7191745264483348
898	55.906344513575085	-10481.78595546529	40.376989152200885	3.4745795830356654	2.3377450558552244	0.8249134087694848	0.9165980607032883	0.5348315671452656	0.5762773166476451	1.808850121557521	0.6452990739571128	0.2826409086650133	0.7191745264483348
899	55.906344513575085	-10481.78595546529	40.376989152200885	3.4745795830356654	2.3377450558552244	0.8249134087694848	0.9165980607032883	0.5348315671452656	0.5762773166476451	1.808850121557521	0.6452990739571128	0.2826409086650133	0.7191745264483348
900	55.906344513575085	-10481.78595546529	40.376989152200885	3.4745795830356654	2.3377450558552244	0.8249134087694848	0.9165980607032883	0.5348315671452656	0.5762773166476451	1.808850121557521	0.6452990739571128	0.2826409086650133	0.7191745264483348
901	55.906344513575085	-10481.78595546529	40.376989152200885	3.4745795830356654	2.3377450558552244	0.8249134087694848	0.9165980607032883	0.5348315671452656	0.5762773166476451	1.808850121557521	0.6452990739571128	0.2826409086650133	0.7191745264483348
902	55.906344513575085	-10481.78595546529	40.376989152200885	3.4745795830356654	2.3377450558552244	0.8249134087694848	0.9165980607032883	0.5348315671452656	0.5762773166476451	1.808850121557521	0.6452990739571128	0.2826409086650133	0.7191745264483348
903	55.906344513575085	-10481.799505138368	40.376989152200885	3.4745795830356654	2.3377450558552244	0.8249134087694848	0.9165980607032883	0.5348315671452656	0.5762773166476451	1.808850121557521	0.6452990739571128	0.2826409086650133	0.7191745264483348
904	55.906344513575085	-10481.799505138368	40.376989152200885	3.4745795830356654	2.3377450558552244	0.8249134087694848	0.9165980607032883	0.5348315671452656	0.5762773166476451	1.808850121557521	0.6452990739571128	0.2826409086650133	0.7191745264483348
905	55.906344513575085	-10481.799505138368	40.376989152200885	3.4745795830356654	2.3377450558552244	0.8249134087694848	0.9165980607032883	0.5348315671452656	0.5762773166476451	1.808850121557521	0.6452990739571128	0.2826409086650133	0.7191745264483348
906	55.75420851538107	-10372.009135792587	40.376989152200885	3.4745795830356654	2.3377450558552244	0.8249134087694848	0.9165980607032883	0.5348315671452656	0.5762773166476451	1.808850121557521	0.6452990739571128	0.2826409086650133	0.7191745264483348
907	55.75420851538107	-10372.009135792587	40.376989152200885	3.4745795830356654	2.3377450558552244	0.8249134087694848	0.9165980607032883	0.5348315671452656	0.5762773166476451	1.808850121557521	0.6452990739571128	0.2826409086650133	0.7191745264483348
908	55.75420851538107	-10372.009135792587	40.376989152200885	3.4745795830356654	2.3377450558552244	0.8249134087694848	0.9165980607032883	0.5348315671452656	0.5762773166476451	1.808850121557521	0.6452990739571128	0.2826409086650133	0.7191745264483348
909	56.14813784536276	-10372.705284705466	40.376989152200885	3.4745795830356654	2.3377450558552244	0.8249134087694848	0.9165980607032883	0.5348315671452656	0.5762773166476451	1.808850121557521	0.6452990739571128	0.2826409086650133	0.7191745264483348
910	56.14813784536276	-10372.611256225928	40.376989152200885	3.4745795830356654	2.3377450558552244	0.8249134087694848	0.9165980607032883	0.5348315671452656	0.5762773166476451	1.808850121557521	0.6452990739571128	0.2826409086650133	0.7191745264483348
911	56.14137083246843	-10371.853600218821	40.376989152200885	3.4745795830356654	2.3377450558552244	0.8249134087694848	0.9165980607032883	0.5348315671452656	0.5762773166476451	1.808850121557521	0.6452990739571128	0.2826409086650133	0.7191745264483348
912	56.14137083246843	-10371.853600218821	40.376989152200885	3.4745795830356654	2.3377450558552244	0.8249134087694848	0.9165980607032883	0.5348315671452656	0.5762773166476451	1.808850121557521	0.6452990739571128	0.2826409086650133	0.7191745264483348
913	55.98915063495176	-10372.2125404863	40.376989152200885	3.4745795830356654	2.3377450558552244	0.8249134087694848	0.9165980607032883	0.5348315671452656	0.5762773166476451	1.808850121557521	0.6452990739571128	0.2826409086650133	0.7191745264483348
914	56.01410195758735	-10372.240209931948	40.376989152200885	3.4745795830356654	2.3377450558552244	0.8249134087694848	0.9165980607032883	0.5348315671452656	0.5762773166476451	1.808850121557521	0.6452990739571128	0.2826409086650133	0.7191745264483348
915	56.01410195758735	-10372.240209931948	40.376989152200885	3.4745795830356654	2.3377450558552244	0.8249134087694848	0.9165980607032883	0.5348315671452656	0.5762773166476451	1.808850121557521	0.6452990739571128	0.2826409086650133	0.7191745264483348
916	56.01410195758735	-10367.470745043423	40.376989152200885	3.4745795830356654	2.3377450558552244	0.8249134087694848	0.9165980607032883	0.5348315671452656	0.5762773166476451	1.808850121557521	0.6452990739571128	0.2826409086650133	0.7191745264483348
917	58.578781804931715	-10371.587404432974	40.376989152200885	3.4745795830356654	2.3377450558552244	0.8249134087694848	0.9165980607032883	0.5348315671452656	0.5762773166476451	1.808850121557521	0.6452990739571128	0.2826409086650133	0.7191745264483348
918	58.578781804931715	-10370.292531851583	40.376989152200885	3.4745795830356654	2.3377450558552244	0.8249134087694848	0.9165980607032883	0.5348315671452656	0.5762773166476451	1.808850121557521	0.6452990739571128	0.2826409086650133	0.7191745264483348
919	58.578781804931715	-10370.292531851583	40.376989152200885	3.4745795830356654	2.3377450558552244	0.8249134087694848	0.9165980607032883	0.5348315671452656	0.5762773166476451	1.808850121557521	0.6452990739571128	0.2826409086650133	0.7191745264483348
920	58.578781804931715	-10370.292531851583	40.376989152200885	3.4745795830356654	2.3377450558552244	0.8249134087694848	0.9165980607032883	0.5348315671452656	0.5762773166476451	1.808850121557521	0.6452990739571128	0.2826409086650133	0.7191745264483348
921	58.578781804931715	-10370.292531851583	40.376989152200885	3.4745795830356654	2.3377450558552244	0.8249134087694848	0.9165980607032883	0.5348315671452656	0.5762773166476451	1.808850121557521	0.6452990739571128	0.2826409086650133	0.7191745264483348
922	58.834873894131086	-10368.146914777373	40.376989152200885	3.4745795830356654	2.3377450558552244	0.8249134087694848	0.9165980607032883	0.5348315671452656	0.5762773166476451	1.808850121557521	0.6452990739571128	0.2826409086650133	0.7191745264483348
923	58.834873894131086	-10368.146914777373	40.376989152200885	3.4745795830356654	2.3377450558552244	0.8249134087694848	0.9165980607032883	0.5348315671452656	0.5762773166476451	1.808850121557521	0.6452990739571128	0.2826409086650133	0.7191745264483348
924	58.834873894131086	-10368.146914777373	40.376989152200885	3.4745795830356654	2.3377450558552244	0.8249134087694848	0.9165980607032883	0.5348315671452656	0.5762773166476451	1.808850121557521	0.6452990739571128	0.2826409086650133	0.7191745264483348
925	58.834873894131086	-10368.146914777373	40.376989152200885	3.4745795830356654	2.3377450558552244	0.8249134087694848	0.9165980607032883	0.5348315671452656	0.5762773166476451	1.808850121557521	0.6452990739571128	0.2826409086650133	0.7191745264483348
926	59.45635943830269	-10363.799408352861	40.376989152200885	3.4745795830356654	2.3377450558552244	0.8249134087694848	0.9165980607032883	0.5348315671452656	0.5762773166476451	1.808850121557521	0.6452990739571128	0.2826409086650133	0.7191745264483348
927	59.500719749969626	-10363.64323489835	40.376989152200885	3.4745795830356654	2.3377450558552244	0.8249134087694848	0.9165980607032883	0.5348315671452656	0.5762773166476451	1.808850121557521	0.6452990739571128	0.2826409086650133	0.7191745264483348
928	59.500719749969626	-10363.64323489835	40.376989152200885	3.4745795830356654	2.3377450558552244	0.8249134087694848	0.9165980607032883	0.5348315671452656	0.5762773166476451	1.808850121557521	0.6452990739571128	0.2826409086650133	0.7191745264483348
929	59.52098675210383	-10363.201295076495	40.376989152200885	3.4745795830356654	2.3377450558552244	0.8249134087694848	0.9165980607032883	0.5348315671452656	0.5762773166476451	1.808850121557521	0.6452990739571128	0.2826409086650133	0.7191745264483348
930	59.52098675210383	-10363.201295076495	40.376989152200885	3.4745795830356654	2.3377450558552244	0.8249134087694848	0.9165980607032883	0.5348315671452656	0.5762773166476451	1.808850121557521	0.6452990739571128	0.2826409086650133	0.7191745264483348
931	59.52098675210383	-10363.201295076495	40.376989152200885	3.4745795830356654	2.3377450558552244	0.8249134087694848	0.9165980607032883	0.5348315671452656	0.5762773166476451	1.808850121557521	0.6452990739571128	0.2826409086650133	0.7191745264483348
932	54.256471821818394	-10272.060911146267	40.376989152200885	3.4745795830356654	2.3377450558552244	0.8249134087694848	0.9165980607032883	0.5348315671452656	0.5762773166476451	1.808850121557521	0.6452990739571128	0.2826409086650133	0.7191745264483348
933	54.256471821818394	-10272.060911146267	40.376989152200885	3.4745795830356654	2.3377450558552244	0.8249134087694848	0.9165980607032883	0.5348315671452656	0.5762773166476451	1.808850121557521	0.6452990739571128	0.2826409086650133	0.7191745264483348
934	54.256471821818394	-10272.060911146267	40.376989152200885	3.4745795830356654	2.3377450558552244	0.8249134087694848	0.9165980607032883	0.5348315671452656	0.5762773166476451	1.808850121557521	0.6452990739571128	0.2826409086650133	0.7191745264483348
935	54.256471821818394	-10272.170130452554	40.376989152200885	3.4745795830356654	2.3377450558552244	0.8249134087694848	0.9165980607032883	0.5348315671452656	0.5762773166476451	1.808850121557521	0.6452990739571128	0.2826409086650133	0.7191745264483348
936	57.83764696284654	-10222.357363712352	40.376989152200885	3.4745795830356654	2.3377450558552244	0.8249134087694848	0.9165980607032883	0.5348315671452656	0.5762773166476451	1.808850121557521	0.6452990739571128	0.2826409086650133	0.7191745264483348
937	57.83764696284654	-10222.357363712352	40.376989152200885	3.4745795830356654	2.3377450558552244	0.8249134087694848	0.9165980607032883	0.5348315671452656	0.5762773166476451	1.808850121557521	0.6452990739571128	0.2826409086650133	0.7191745264483348
938	57.83764696284654	-10222.357363712352	40.376989152200885	3.4745795830356654	2.3377450558552244	0.8249134087694848	0.9165980607032883	0.5348315671452656	0.5762773166476451	1.808850121557521	0.6452990739571128	0.2826409086650133	0.7191745264483348
939	57.83764696284654	-10222.357363712352	40.376989152200885	3.4745795830356654	2.3377450558552244	0.8249134087694848	0.9165980607032883	0.5348315671452656	0.5762773166476451	1.808850121557521	0.6452990739571128	0.2826409086650133	0.7191745264483348
940	57.83764696284654	-10222.357363712352	40.376989152200885	3.4745795830356654	2.3377450558552244	0.8249134087694848	0.9165980607032883	0.5348315671452656	0.5762773166476451	1.808850121557521	0.6452990739571128	0.2826409086650133	0.7191745264483348
941	57.83764696284654	-10222.357363712352	40.376989152200885	3.4745795830356654	2.3377450558552244	0.8249134087694848	0.9165980607032883	0.5348315671452656	0.5762773166476451	1.808850121557521	0.6452990739571128	0.2826409086650133	0.7191745264483348
942	57.83764696284654	-10222.357363712352	40.376989152200885	3.4745795830356654	2.3377450558552244	0.8249134087694848	0.9165980607032883	0.5348315671452656	0.5762773166476451	1.808850121557521	0.6452990739571128	0.2826409086650133	0.7191745264483348
943	57.83764696284654	-10222.357363712352	40.376989152200885	3.4745795830356654	2.3377450558552244	0.8249134087694848	0.9165980607032883	0.5348315671452656	0.5762773166476451	1.808850121557521	0.6452990739571128	0.2826409086650133	0.7191745264483348
944	57.83764696284654	-10222.357363712352	40.376989152200885	3.4745795830356654	2.3377450558552244	0.8249134087694848	0.9165980607032883	0.5348315671452656	0.5762773166476451	1.808850121557521	0.6452990739571128	0.2826409086650133	0.7191745264483348
945	57.573417731464524	-10217.585083018323	40.376989152200885	3.4745795830356654	2.3377450558552244	0.8249134087694848	0.9165980607032883	0.5348315671452656	0.5762773166476451	1.808850121557521	0.6452990739571128	0.2826409086650133	0.7191745264483348
946	57.573417731464524	-10217.585083018323	40.376989152200885	3.4745795830356654	2.3377450558552244	0.8249134087694848	0.9165980607032883	0.5348315671452656	0.5762773166476451	1.808850121557521	0.6452990739571128	0.2826409086650133	0.7191745264483348
947	57.573417731464524	-10217.585083018323	40.376989152200885	3.4745795830356654	2.3377450558552244	0.8249134087694848	0.9165980607032883	0.5348315671452656	0.5762773166476451	1.808850121557521	0.6452990739571128	0.2826409086650133	0.7191745264483348
948	57.573417731464524	-10217.585083018323	40.376989152200885	3.4745795830356654	2.3377450558552244	0.8249134087694848	0.9165980607032883	0.5348315671452656	0.5762773166476451	1.808850121557521	0.6452990739571128	0.2826409086650133	0.7191745264483348
949	57.573417731464524	-10215.92985230552	40.376989152200885	3.4745795830356654	2.3377450558552244	0.8249134087694848	0.9165980607032883	0.5348315671452656	0.5762773166476451	1.808850121557521	0.6452990739571128	0.2826409086650133	0.7191745264483348
950	57.573417731464524	-10215.92985230552	40.376989152200885	3.4745795830356654	2.3377450558552244	0.8249134087694848	0.9165980607032883	0.5348315671452656	0.5762773166476451	1.808850121557521	0.6452990739571128	0.2826409086650133	0.7191745264483348
951	54.50705784488275	-10195.86598783583	40.376989152200885	3.4745795830356654	2.3377450558552244	0.8249134087694848	0.9165980607032883	0.5348315671452656	0.5762773166476451	1.808850121557521	0.6452990739571128	0.2826409086650133	0.7191745264483348
952	54.50705784488275	-10195.86598783583	40.376989152200885	3.4745795830356654	2.3377450558552244	0.8249134087694848	0.9165980607032883	0.5348315671452656	0.5762773166476451	1.808850121557521	0.6452990739571128	0.2826409086650133	0.7191745264483348
953	54.50705784488275	-10196.2940562832	40.376989152200885	3.4745795830356654	2.3377450558552244	0.8249134087694848	0.9165980607032883	0.5348315671452656	0.5762773166476451	1.808850121557521	0.6452990739571128	0.2826409086650133	0.7191745264483348
954	54.508721650918716	-10195.539542578997	40.376989152200885	3.4745795830356654	2.3377450558552244	0.8249134087694848	0.9165980607032883	0.5348315671452656	0.5762773166476451	1.808850121557521	0.6452990739571128	0.2826409086650133	0.7191745264483348
955	54.508721650918716	-10192.938465554382	40.376989152200885	3.4745795830356654	2.3377450558552244	0.8249134087694848	0.9165980607032883	0.5348315671452656	0.5762773166476451	1.808850121557521	0.6452990739571128	0.2826409086650133	0.7191745264483348
956	54.508721650918716	-10192.938465554382	40.376989152200885	3.4745795830356654	2.3377450558552244	0.8249134087694848	0.9165980607032883	0.5348315671452656	0.5762773166476451	1.808850121557521	0.6452990739571128	0.2826409086650133	0.7191745264483348
957	54.508721650918716	-10165.240236840478	40.376989152200885	3.4745795830356654	2.3377450558552244	0.8249134087694848	0.9165980607032883	0.5348315671452656	0.5762773166476451	1.808850121557521	0.6452990739571128	0.2826409086650133	0.7191745264483348
958	57.00184073803695	-10146.485064074957	40.376989152200885	3.4745795830356654	2.3377450558552244	0.8249134087694848	0.9165980607032883	0.5348315671452656	0.5762773166476451	1.808850121557521	0.6452990739571128	0.2826409086650133	0.7191745264483348
959	57.00184073803695	-10146.485064074957	40.376989152200885	3.4745795830356654	2.3377450558552244	0.8249134087694848	0.9165980607032883	0.5348315671452656	0.5762773166476451	1.808850121557521	0.6452990739571128	0.2826409086650133	0.7191745264483348
960	57.00184073803695	-10146.485064074957	40.376989152200885	3.4745795830356654	2.3377450558552244	0.8249134087694848	0.9165980607032883	0.5348315671452656	0.5762773166476451	1.808850121557521	0.6452990739571128	0.2826409086650133	0.7191745264483348
961	57.00184073803695	-10146.485064074957	40.376989152200885	3.4745795830356654	2.3377450558552244	0.8249134087694848	0.9165980607032883	0.5348315671452656	0.5762773166476451	1.808850121557521	0.6452990739571128	0.2826409086650133	0.7191745264483348
962	57.00184073803695	-10146.485064074957	40.376989152200885	3.4745795830356654	2.3377450558552244	0.8249134087694848	0.9165980607032883	0.5348315671452656	0.5762773166476451	1.808850121557521	0.6452990739571128	0.2826409086650133	0.7191745264483348
963	56.943266836658864	-10146.321616004729	40.376989152200885	3.4745795830356654	2.3377450558552244	0.8249134087694848	0.9165980607032883	0.5348315671452656	0.5762773166476451	1.808850121557521	0.6452990739571128	0.2826409086650133	0.7191745264483348
964	56.943266836658864	-10146.321616004729	40.376989152200885	3.4745795830356654	2.3377450558552244	0.8249134087694848	0.9165980607032883	0.5348315671452656	0.5762773166476451	1.808850121557521	0.6452990739571128	0.2826409086650133	0.7191745264483348
965	56.943266836658864	-10146.321616004729	40.376989152200885	3.4745795830356654	2.3377450558552244	0.8249134087694848	0.9165980607032883	0.5348315671452656	0.5762773166476451	1.808850121557521	0.6452990739571128	0.2826409086650133	0.7191745264483348
966	56.943266836658864	-10146.321616004729	40.376989152200885	3.4745795830356654	2.3377450558552244	0.8249134087694848	0.9165980607032883	0.5348315671452656	0.5762773166476451	1.808850121557521	0.6452990739571128	0.2826409086650133	0.7191745264483348
967	56.943266836658864	-10145.935882835694	40.376989152200885	3.4745795830356654	2.3377450558552244	0.8249134087694848	0.9165980607032883	0.5348315671452656	0.5762773166476451	1.808850121557521	0.6452990739571128	0.2826409086650133	0.7191745264483348
968	56.943266836658864	-10145.935882835694	40.376989152200885	3.4745795830356654	2.3377450558552244	0.8249134087694848	0.9165980607032883	0.5348315671452656	0.5762773166476451	1.808850121557521	0.6452990739571128	0.2826409086650133	0.7191745264483348
969	56.943266836658864	-10145.935882835694	40.376989152200885	3.4745795830356654	2.3377450558552244	0.8249134087694848	0.9165980607032883	0.5348315671452656	0.5762773166476451	1.808850121557521	0.6452990739571128	0.2826409086650133	0.7191745264483348
970	56.84776379304449	-10144.823499014045	40.376989152200885	3.4745795830356654	2.3377450558552244	0.8249134087694848	0.9165980607032883	0.5348315671452656	0.5762773166476451	1.808850121557521	0.6452990739571128	0.2826409086650133	0.7191745264483348
971	56.84776379304449	-10144.823499014045	40.376989152200885	3.4745795830356654	2.3377450558552244	0.8249134087694848	0.9165980607032883	0.5348315671452656	0.5762773166476451	1.808850121557521	0.6452990739571128	0.2826409086650133	0.7191745264483348
972	56.84776379304449	-10144.823499014045	40.376989152200885	3.4745795830356654	2.3377450558552244	0.8249134087694848	0.9165980607032883	0.5348315671452656	0.5762773166476451	1.808850121557521	0.6452990739571128	0.2826409086650133	0.7191745264483348
973	57.05601868821958	-10138.460398347746	40.376989152200885	3.4745795830356654	2.3377450558552244	0.8249134087694848	0.9165980607032883	0.5348315671452656	0.5762773166476451	1.808850121557521	0.6452990739571128	0.2826409086650133	0.7191745264483348
974	57.05601868821958	-10138.460398347746	40.376989152200885	3.4745795830356654	2.3377450558552244	0.8249134087694848	0.9165980607032883	0.5348315671452656	0.5762773166476451	1.808850121557521	0.6452990739571128	0.2826409086650133	0.7191745264483348
975	58.09054008254571	-10134.678255360199	40.376989152200885	3.4745795830356654	2.3377450558552244	0.8249134087694848	0.9165980607032883	0.5348315671452656	0.5762773166476451	1.808850121557521	0.6452990739571128	0.2826409086650133	0.7191745264483348
976	58.09054008254571	-10134.678255360199	40.376989152200885	3.4745795830356654	2.3377450558552244	0.8249134087694848	0.9165980607032883	0.5348315671452656	0.5762773166476451	1.808850121557521	0.6452990739571128	0.2826409086650133	0.7191745264483348
977	58.09054008254571	-10134.678255360199	40.376989152200885	3.4745795830356654	2.3377450558552244	0.8249134087694848	0.9165980607032883	0.5348315671452656	0.5762773166476451	1.808850121557521	0.6452990739571128	0.2826409086650133	0.7191745264483348
978	58.09054008254571	-10134.678255360199	40.376989152200885	3.4745795830356654	2.3377450558552244	0.8249134087694848	0.9165980607032883	0.5348315671452656	0.5762773166476451	1.808850121557521	0.6452990739571128	0.2826409086650133	0.7191745264483348
979	58.09054008254571	-10132.792967696374	40.376989152200885	3.4745795830356654	2.3377450558552244	0.8249134087694848	0.9165980607032883	0.5348315671452656	0.5762773166476451	1.808850121557521	0.6452990739571128	0.2826409086650133	0.7191745264483348
980	58.09054008254571	-10132.792967696374	40.376989152200885	3.4745795830356654	2.3377450558552244	0.8249134087694848	0.9165980607032883	0.5348315671452656	0.5762773166476451	1.808850121557521	0.6452990739571128	0.2826409086650133	0.7191745264483348
981	58.09054008254571	-10132.792967696374	40.376989152200885	3.4745795830356654	2.3377450558552244	0.8249134087694848	0.9165980607032883	0.5348315671452656	0.5762773166476451	1.808850121557521	0.6452990739571128	0.2826409086650133	0.7191745264483348
982	58.48615782025802	-10131.920048129734	40.376989152200885	3.4745795830356654	2.3377450558552244	0.8249134087694848	0.9165980607032883	0.5348315671452656	0.5762773166476451	1.808850121557521	0.6452990739571128	0.2826409086650133	0.7191745264483348
983	58.48615782025802	-10131.920048129734	40.376989152200885	3.4745795830356654	2.3377450558552244	0.8249134087694848	0.9165980607032883	0.5348315671452656	0.5762773166476451	1.808850121557521	0.6452990739571128	0.2826409086650133	0.7191745264483348
984	60.86240045603005	-10131.920048129734	40.376989152200885	3.4745795830356654	2.3377450558552244	0.8249134087694848	0.9165980607032883	0.5348315671452656	0.5762773166476451	1.808850121557521	0.6452990739571128	0.2826409086650133	0.5978832995794493
985	60.86240045603005	-10131.920048129734	40.376989152200885	3.4745795830356654	2.3377450558552244	0.8249134087694848	0.9165980607032883	0.5348315671452656	0.5762773166476451	1.808850121557521	0.6452990739571128	0.2826409086650133	0.5978832995794493
986	60.86240045603005	-10131.920048129734	40.376989152200885	3.4745795830356654	2.3377450558552244	0.8249134087694848	0.9165980607032883	0.5348315671452656	0.5762773166476451	1.808850121557521	0.6452990739571128	0.2826409086650133	0.5978832995794493
987	60.86240045603005	-10131.920048129734	40.376989152200885	3.4745795830356654	2.3377450558552244	0.8249134087694848	0.9165980607032883	0.5348315671452656	0.5762773166476451	1.808850121557521	0.6452990739571128	0.2826409086650133	0.5978832995794493
988	63.64519529267644	-10131.861974034704	40.376989152200885	3.4745795830356654	2.3377450558552244	0.8249134087694848	0.9165980607032883	0.5348315671452656	0.5762773166476451	1.808850121557521	0.6452990739571128	0.2826409086650133	0.5978832995794493
989	63.64519529267644	-10131.861974034704	40.376989152200885	3.4745795830356654	2.3377450558552244	0.8249134087694848	0.9165980607032883	0.5348315671452656	0.5762773166476451	1.808850121557521	0.6452990739571128	0.2826409086650133	0.5978832995794493
990	63.64519529267644	-10131.861974034704	40.376989152200885	3.4745795830356654	2.3377450558552244	0.8249134087694848	0.9165980607032883	0.5348315671452656	0.5762773166476451	1.808850121557521	0.6452990739571128	0.2826409086650133	0.5978832995794493
991	63.55538594920207	-10126.933632712933	40.376989152200885	3.4745795830356654	2.3377450558552244	0.8249134087694848	0.9165980607032883	0.5348315671452656	0.5762773166476451	1.808850121557521	0.6452990739571128	0.2826409086650133	0.5978832995794493
992	63.55538594920207	-10126.933632712933	40.376989152200885	3.4745795830356654	2.3377450558552244	0.8249134087694848	0.9165980607032883	0.5348315671452656	0.5762773166476451	1.808850121557521	0.6452990739571128	0.2826409086650133	0.5978832995794493
993	63.55538594920207	-10126.933632712933	40.376989152200885	3.4745795830356654	2.3377450558552244	0.8249134087694848	0.9165980607032883	0.5348315671452656	0.5762773166476451	1.808850121557521	0.6452990739571128	0.2826409086650133	0.5978832995794493
994	63.55538594920207	-10127.06915714699	40.376989152200885	3.4745795830356654	2.3377450558552244	0.8249134087694848	0.9165980607032883	0.5348315671452656	0.5762773166476451	1.808850121557521	0.6452990739571128	0.2826409086650133	0.5978832995794493
995	63.55538594920207	-10127.06915714699	40.376989152200885	3.4745795830356654	2.3377450558552244	0.8249134087694848	0.9165980607032883	0.5348315671452656	0.5762773166476451	1.808850121557521	0.6452990739571128	0.2826409086650133	0.5978832995794493
996	63.55538594920207	-10127.06915714699	40.376989152200885	3.4745795830356654	2.3377450558552244	0.8249134087694848	0.9165980607032883	0.5348315671452656	0.5762773166476451	1.808850121557521	0.6452990739571128	0.2826409086650133	0.5978832995794493
997	63.55538594920207	-10127.06915714699	40.376989152200885	3.4745795830356654	2.3377450558552244	0.8249134087694848	0.9165980607032883	0.5348315671452656	0.5762773166476451	1.808850121557521	0.6452990739571128	0.2826409086650133	0.5978832995794493
998	63.55538594920207	-10127.06915714699	40.376989152200885	3.4745795830356654	2.3377450558552244	0.8249134087694848	0.9165980607032883	0.5348315671452656	0.5762773166476451	1.808850121557521	0.6452990739571128	0.2826409086650133	0.5978832995794493
999	63.55538594920207	-10127.06915714699	40.376989152200885	3.4745795830356654	2.3377450558552244	0.8249134087694848	0.9165980607032883	0.5348315671452656	0.5762773166476451	1.808850121557521	0.6452990739571128	0.2826409086650133	0.5978832995794493
