#
#model:
#
#<?xml version="1.0" encoding="UTF-8" standalone="no"?><input id="posterior" spec="beast.base.inference.CompoundDistribution">
#    <distribution id="prior" spec="beast.base.inference.CompoundDistribution">
#        <distribution id="birthDeath" originIsRootEdge="true" spec="bdsky.evolution.speciation.BirthDeathSkylineModel">
#            <parameter dimension="5" id="intervalTimes" name="intervalTimes" spec="beast.base.inference.parameter.RealParameter">0.0 0.01 0.02 0.03 0.04</parameter>
#            <parameter id="origin" lower="0.05" name="origin" spec="beast.base.inference.parameter.RealParameter">0.5</parameter>
#            <parameter dimension="5" id="birthRate" lower="0.0" name="birthRate" spec="beast.base.inference.parameter.RealParameter">1.0 1.2 0.9 1.4 1.1</parameter>
#            <parameter dimension="5" id="deathRate" lower="0.0" name="deathRate" spec="beast.base.inference.parameter.RealParameter">0.5 0.45 0.55 0.4 0.6</parameter>
#            <parameter dimension="5" id="samplingRate" lower="0.0" name="samplingRate" spec="beast.base.inference.parameter.RealParameter">0.25 0.25 0.25 0.25 0.25</parameter>
#            <tree IsLabelledNewick="true" adjustTipHeights="false" id="tree" newick="(((AF271852i_2685:0.13485022388767737,((AF271861i_3452:0.044938442268639876,(AF271885i_3289:0.009877310064721364,AF271838i_1803:0.009877310064721364):0.035061132203918516):0.04776379381323232,(((AF271874i_1359:0.0019230507078066622,AF271872i_4053:0.0019230507078066622):0.018078054544105073,((AF271873i_4055:0.010326640464516356,AF271835i_1767:0.010326640464516356):6.691823246665844E-4,(AF271884i_2659:7.271618491540825E-4,AF271854i_2856:7.271618491540825E-4):0.010268660940028857):0.009005282462728796):0.020364894203838493,((AF271882i_2153:0.003395986997383218,AF271866i_3465:0.003395986997383218):0.00658253443199398,AF271850i_2673:0.009978521429377198):0.03038747802637303):0.05233623662612197):0.04214798780580517):0.6375851514450108,((((((AF271836i_1796:0.05169983777759623,AF271843i_2147:0.05169983777759623):0.010272424497478873,((AF271887i_3405:0.04428061140044273,AF271839i_1997:0.04428061140044273):0.0046896880119626505,(AF271864i_3461:0.030147846840854635,(AF271831i_1164:0.02398309208276277,(AF271858i_3318:1.1512805904653285E-4,AF271862i_3458:1.1512805904653285E-4):0.023867964023716236):0.006164754758091865):0.018822452571550748):0.01300196286266972):0.12554138328517472,(((AF271880i_2115:0.019908338762199898,(AF271869i_4020:0.01573751002502666,AF271833i_1240:0.01573751002502666):0.004170828737173237):0.14266649854497382,(AF271829i_0923:0.0024642750872121456,AF271844i_2150:0.0024642750872121456):0.16011056221996156):0.016719352192174075,((AF271865i_3463:0.029262576178137382,AF271868i_3471:0.029262576178137382):0.07723382671065279,((AF271877i_1999:0.02514285819343654,AF271840i_2130:0.02514285819343654):0.014025532540322197,(AF271826i_0873:0.008795393863556829,(AF271846i_2429:0.00394942233304547,(AF271842i_2141:0.002140370181304716,AF271860i_3400:0.002140370181304716):0.0018090521517407539):0.004845971530511359):0.03037299687020191):0.06732801215503142):0.07279778661055761):0.008219456060902047):0.28533717561845773,(AF271878i_2000:0.3170022267994642,((((AF271875i_1380:0.0039599228619936295,AF271849i_2663:0.0039599228619936295):0.0021383652632776173,AF271876i_1797:0.006098288125271247):0.11194589205128644,((AF271886i_3319:0.03465192004670318,AF271855i_2862:0.03465192004670318):0.010552573079621111,(AF271834i_1339:0.010986413514016384,AF271828i_0922:0.010986413514016384):0.034218079612307904):0.07283968705023339):0.06864812465966152,((AF271837i_1801:0.04712983622462497,AF271857i_2957:0.04712983622462497):0.007189059218821459,AF271859i_3393:0.05431889544344643):0.13237340939277278):0.130309921963245):0.15584859437924337):0.022208720320151254,((AF271867i_3468:0.07566245220714256,(AF271827i_0883:0.025458135177596992,AF271847i_2438:0.025458135177596992):0.050204317029545566):0.29888329225148275,((AF271845i_2386:0.015002295400564077,AF271825i_0800:0.015002295400564077):0.34641892239624983,AF271848i_2446:0.3614212177968139):0.013124526661811409):0.12051379704023352):0.06682508054287822,(((((AF271863i_3460:0.019900613777813016,AF271871i_4036:0.019900613777813016):0.024365219137367815,(AF271856i_2926:6.312249097633727E-4,AF271841i_2134:6.312249097633727E-4):0.043634608005417456):0.003277450733616294,(AF271870i_4033:0.023509431187541514,AF271851i_2681:0.023509431187541514):0.02403385246125561):0.11390559951975099,((AF271881i_2116:0.023528010586812566,AF271830i_1150:0.023528010586812566):0.13306123321732607,AF271853i_2852:0.15658924380413863):0.004859639364409474):0.25181956742347134,AF271832i_1226:0.41326845059201944):0.14861617144971762):0.2105507532909512):0.8836734942709736,(AF271883i_2432:0.0793735467473457,AF271879i_2113:0.0793735467473457):1.5767353228563161);" spec="beast.base.evolution.tree.TreeParser">
#                <taxonset id="TaxonSet" spec="beast.base.evolution.alignment.TaxonSet">
#                    <taxon id="AF271852i_2685" spec="beast.base.evolution.alignment.Taxon"/>
#                    <taxon id="AF271861i_3452" spec="beast.base.evolution.alignment.Taxon"/>
#                    <taxon id="AF271885i_3289" spec="beast.base.evolution.alignment.Taxon"/>
#                    <taxon id="AF271838i_1803" spec="beast.base.evolution.alignment.Taxon"/>
#                    <taxon id="AF271874i_1359" spec="beast.base.evolution.alignment.Taxon"/>
#                    <taxon id="AF271872i_4053" spec="beast.base.evolution.alignment.Taxon"/>
#                    <taxon id="AF271873i_4055" spec="beast.base.evolution.alignment.Taxon"/>
#                    <taxon id="AF271835i_1767" spec="beast.base.evolution.alignment.Taxon"/>
#                    <taxon id="AF271884i_2659" spec="beast.base.evolution.alignment.Taxon"/>
#                    <taxon id="AF271854i_2856" spec="beast.base.evolution.alignment.Taxon"/>
#                    <taxon id="AF271882i_2153" spec="beast.base.evolution.alignment.Taxon"/>
#                    <taxon id="AF271866i_3465" spec="beast.base.evolution.alignment.Taxon"/>
#                    <taxon id="AF271850i_2673" spec="beast.base.evolution.alignment.Taxon"/>
#                    <taxon id="AF271836i_1796" spec="beast.base.evolution.alignment.Taxon"/>
#                    <taxon id="AF271843i_2147" spec="beast.base.evolution.alignment.Taxon"/>
#                    <taxon id="AF271887i_3405" spec="beast.base.evolution.alignment.Taxon"/>
#                    <taxon id="AF271839i_1997" spec="beast.base.evolution.alignment.Taxon"/>
#                    <taxon id="AF271864i_3461" spec="beast.base.evolution.alignment.Taxon"/>
#                    <taxon id="AF271831i_1164" spec="beast.base.evolution.alignment.Taxon"/>
#                    <taxon id="AF271858i_3318" spec="beast.base.evolution.alignment.Taxon"/>
#                    <taxon id="AF271862i_3458" spec="beast.base.evolution.alignment.Taxon"/>
#                    <taxon id="AF271880i_2115" spec="beast.base.evolution.alignment.Taxon"/>
#                    <taxon id="AF271869i_4020" spec="beast.base.evolution.alignment.Taxon"/>
#                    <taxon id="AF271833i_1240" spec="beast.base.evolution.alignment.Taxon"/>
#                    <taxon id="AF271829i_0923" spec="beast.base.evolution.alignment.Taxon"/>
#                    <taxon id="AF271844i_2150" spec="beast.base.evolution.alignment.Taxon"/>
#                    <taxon id="AF271865i_3463" spec="beast.base.evolution.alignment.Taxon"/>
#                    <taxon id="AF271868i_3471" spec="beast.base.evolution.alignment.Taxon"/>
#                    <taxon id="AF271877i_1999" spec="beast.base.evolution.alignment.Taxon"/>
#                    <taxon id="AF271840i_2130" spec="beast.base.evolution.alignment.Taxon"/>
#                    <taxon id="AF271826i_0873" spec="beast.base.evolution.alignment.Taxon"/>
#                    <taxon id="AF271846i_2429" spec="beast.base.evolution.alignment.Taxon"/>
#                    <taxon id="AF271842i_2141" spec="beast.base.evolution.alignment.Taxon"/>
#                    <taxon id="AF271860i_3400" spec="beast.base.evolution.alignment.Taxon"/>
#                    <taxon id="AF271878i_2000" spec="beast.base.evolution.alignment.Taxon"/>
#                    <taxon id="AF271875i_1380" spec="beast.base.evolution.alignment.Taxon"/>
#                    <taxon id="AF271849i_2663" spec="beast.base.evolution.alignment.Taxon"/>
#                    <taxon id="AF271876i_1797" spec="beast.base.evolution.alignment.Taxon"/>
#                    <taxon id="AF271886i_3319" spec="beast.base.evolution.alignment.Taxon"/>
#                    <taxon id="AF271855i_2862" spec="beast.base.evolution.alignment.Taxon"/>
#                    <taxon id="AF271834i_1339" spec="beast.base.evolution.alignment.Taxon"/>
#                    <taxon id="AF271828i_0922" spec="beast.base.evolution.alignment.Taxon"/>
#                    <taxon id="AF271837i_1801" spec="beast.base.evolution.alignment.Taxon"/>
#                    <taxon id="AF271857i_2957" spec="beast.base.evolution.alignment.Taxon"/>
#                    <taxon id="AF271859i_3393" spec="beast.base.evolution.alignment.Taxon"/>
#                    <taxon id="AF271867i_3468" spec="beast.base.evolution.alignment.Taxon"/>
#                    <taxon id="AF271827i_0883" spec="beast.base.evolution.alignment.Taxon"/>
#                    <taxon id="AF271847i_2438" spec="beast.base.evolution.alignment.Taxon"/>
#                    <taxon id="AF271845i_2386" spec="beast.base.evolution.alignment.Taxon"/>
#                    <taxon id="AF271825i_0800" spec="beast.base.evolution.alignment.Taxon"/>
#                    <taxon id="AF271848i_2446" spec="beast.base.evolution.alignment.Taxon"/>
#                    <taxon id="AF271863i_3460" spec="beast.base.evolution.alignment.Taxon"/>
#                    <taxon id="AF271871i_4036" spec="beast.base.evolution.alignment.Taxon"/>
#                    <taxon id="AF271856i_2926" spec="beast.base.evolution.alignment.Taxon"/>
#                    <taxon id="AF271841i_2134" spec="beast.base.evolution.alignment.Taxon"/>
#                    <taxon id="AF271870i_4033" spec="beast.base.evolution.alignment.Taxon"/>
#                    <taxon id="AF271851i_2681" spec="beast.base.evolution.alignment.Taxon"/>
#                    <taxon id="AF271881i_2116" spec="beast.base.evolution.alignment.Taxon"/>
#                    <taxon id="AF271830i_1150" spec="beast.base.evolution.alignment.Taxon"/>
#                    <taxon id="AF271853i_2852" spec="beast.base.evolution.alignment.Taxon"/>
#                    <taxon id="AF271832i_1226" spec="beast.base.evolution.alignment.Taxon"/>
#                    <taxon id="AF271883i_2432" spec="beast.base.evolution.alignment.Taxon"/>
#                    <taxon id="AF271879i_2113" spec="beast.base.evolution.alignment.Taxon"/>
#                </taxonset>
#            </tree>
#        </distribution>
#    </distribution>
#    <distribution id="likelihood" spec="beast.base.evolution.likelihood.TreeLikelihood" tree="@tree">
#        <siteModel id="siteModel" spec="beast.base.evolution.sitemodel.SiteModel">
#            <substModel id="jc" spec="beast.base.evolution.substitutionmodel.JukesCantor"/>
#        </siteModel>
#        <branchRateModel id="strictClock" spec="beast.base.evolution.branchratemodel.StrictClockModel">
#            <parameter id="clockRate" name="clock.rate" spec="beast.base.inference.parameter.RealParameter">1.0</parameter>
#        </branchRateModel>
#    </distribution>
#</input>
#
Sample	birthDeath	likelihood	birthRate0	birthRate1	birthRate2	birthRate3	birthRate4	deathRate0	deathRate1	deathRate2	deathRate3	deathRate4	origin
0	-80.754743054528	-14854.706507453719	1.0	1.2	0.9	1.4	1.1	0.5	0.45	0.55	0.4	0.6	0.5
1	-80.89659448638626	-14854.706507453719	1.0	1.2	0.9	1.4	1.1	0.5	0.45	0.55	0.4	0.6	0.6352217939317333
2	-80.89659448638626	-14854.706507453719	1.0	1.2	0.9	1.4	1.1	0.5	0.45	0.55	0.4	0.6	0.6352217939317333
3	-80.86529143716393	-14737.113920090753	1.0	1.2	0.9	1.4	1.1	0.5	0.45	0.55	0.4	0.6	0.6352217939317333
4	-80.85531141989729	-14725.767642597486	1.0	1.2	0.9	1.4	1.1	0.5	0.45	0.55	0.4	0.6	0.6352217939317333
5	-80.8520213884008	-14725.266877378717	1.0	1.2	0.9	1.4	1.1	0.5	0.45	0.55	0.4	0.6	0.6352217939317333
6	-80.84336580596606	-14643.229396869674	1.0	1.2	0.9	1.4	1.1	0.5	0.45	0.55	0.4	0.6	0.6352217939317333
7	-80.84336580596606	-14643.229396869674	1.0	1.2	0.9	1.4	1.1	0.5	0.45	0.55	0.4	0.6	0.6352217939317333
8	-80.84336580596606	-14643.229396869674	1.0	1.2	0.9	1.4	1.1	0.5	0.45	0.55	0.4	0.6	0.6352217939317333
9	-80.84336580596606	-14643.229396869674	1.0	1.2	0.9	1.4	1.1	0.5	0.45	0.55	0.4	0.6	0.6352217939317333
10	-80.84336580596606	-14627.806831965137	1.0	1.2	0.9	1.4	1.1	0.5	0.45	0.55	0.4	0.6	0.6352217939317333
11	-80.84336580596606	-14627.806831965137	1.0	1.2	0.9	1.4	1.1	0.5	0.45	0.55	0.4	0.6	0.6352217939317333
12	-80.84336580596606	-14627.806831965137	1.0	1.2	0.9	1.4	1.1	0.5	0.45	0.55	0.4	0.6	0.6352217939317333
13	-80.84336580596606	-14627.806831965137	1.0	1.2	0.9	1.4	1.1	0.5	0.45	0.55	0.4	0.6	0.6352217939317333
14	-80.84336580596606	-14627.806831965137	1.0	1.2	0.9	1.4	1.1	0.5	0.45	0.55	0.4	0.6	0.6352217939317333
15	-80.84336580596606	-14627.806831965137	1.0	1.2	0.9	1.4	1.1	0.5	0.45	0.55	0.4	0.6	0.6352217939317333
16	-80.84336580596606	-14627.806831965137	1.0	1.2	0.9	1.4	1.1	0.5	0.45	0.55	0.4	0.6	0.6352217939317333
17	-80.84336580596606	-14587.842569771332	1.0	1.2	0.9	1.4	1.1	0.5	0.45	0.55	0.4	0.6	0.6352217939317333
18	-80.84336580596606	-14551.419051749092	1.0	1.2	0.9	1.4	1.1	0.5	0.45	0.55	0.4	0.6	0.6352217939317333
19	-80.84336580596606	-14551.419051749092	1.0	1.2	0.9	1.4	1.1	0.5	0.45	0.55	0.4	0.6	0.6352217939317333
20	-80.84336580596606	-14551.419051749092	1.0	1.2	0.9	1.4	1.1	0.5	0.45	0.55	0.4	0.6	0.6352217939317333
21	-80.84336580596606	-14551.419051749092	1.0	1.2	0.9	1.4	1.1	0.5	0.45	0.55	0.4	0.6	0.6352217939317333
22	-80.84336580596606	-14551.419051749092	1.0	1.2	0.9	1.4	1.1	0.5	0.45	0.55	0.4	0.6	0.6352217939317333
23	-80.84336580596606	-14533.0345367557	1.0	1.2	0.9	1.4	1.1	0.5	0.45	0.55	0.4	0.6	0.6352217939317333
24	-80.84336580596606	-14533.0345367557	1.0	1.2	0.9	1.4	1.1	0.5	0.45	0.55	0.4	0.6	0.6352217939317333
25	-80.84336580596606	-14533.492390071891	1.0	1.2	0.9	1.4	1.1	0.5	0.45	0.55	0.4	0.6	0.6352217939317333
26	-80.84336580596606	-14533.492390071891	1.0	1.2	0.9	1.4	1.1	0.5	0.45	0.55	0.4	0.6	0.6352217939317333
27	-67.57649669799312	-14533.492390071891	0.9300661969133059	1.5593572665242486	0.8373635351092951	1.7172511828556334	1.3307831143996267	0.5	0.45	0.55	0.4	0.6	0.6352217939317333
28	-67.57649669799312	-14532.649729431285	0.9300661969133059	1.5593572665242486	0.8373635351092951	1.7172511828556334	1.3307831143996267	0.5	0.45	0.55	0.4	0.6	0.6352217939317333
29	-67.57649669799312	-14532.749812695216	0.9300661969133059	1.5593572665242486	0.8373635351092951	1.7172511828556334	1.3307831143996267	0.5	0.45	0.55	0.4	0.6	0.6352217939317333
30	-67.57649669799312	-14532.749812695216	0.9300661969133059	1.5593572665242486	0.8373635351092951	1.7172511828556334	1.3307831143996267	0.5	0.45	0.55	0.4	0.6	0.6352217939317333
31	-67.57649669799312	-14529.476364326529	0.9300661969133059	1.5593572665242486	0.8373635351092951	1.7172511828556334	1.3307831143996267	0.5	0.45	0.55	0.4	0.6	0.6352217939317333
32	-67.57649669799312	-14529.476364326529	0.9300661969133059	1.5593572665242486	0.8373635351092951	1.7172511828556334	1.3307831143996267	0.5	0.45	0.55	0.4	0.6	0.6352217939317333
33	-67.57649669799312	-14529.476364326529	0.9300661969133059	1.5593572665242486	0.8373635351092951	1.7172511828556334	1.3307831143996267	0.5	0.45	0.55	0.4	0.6	0.6352217939317333
34	-67.57649669799312	-14516.956773127313	0.9300661969133059	1.5593572665242486	0.8373635351092951	1.7172511828556334	1.3307831143996267	0.5	0.45	0.55	0.4	0.6	0.6352217939317333
35	-67.57649669799312	-14516.956773127313	0.9300661969133059	1.5593572665242486	0.8373635351092951	1.7172511828556334	1.3307831143996267	0.5	0.45	0.55	0.4	0.6	0.6352217939317333
36	-67.57649669799312	-14516.956773127313	0.9300661969133059	1.5593572665242486	0.8373635351092951	1.7172511828556334	1.3307831143996267	0.5	0.45	0.55	0.4	0.6	0.6352217939317333
37	-67.57649669799312	-14516.956773127313	0.9300661969133059	1.5593572665242486	0.8373635351092951	1.7172511828556334	1.3307831143996267	0.5	0.45	0.55	0.4	0.6	0.6352217939317333
38	-67.55588419611321	-14491.925681710745	0.9300661969133059	1.5593572665242486	0.8373635351092951	1.7172511828556334	1.3307831143996267	0.5	0.45	0.55	0.4	0.6	0.6352217939317333
39	-67.57933448647837	-14491.925681710745	0.9300661969133059	1.5593572665242486	0.8373635351092951	1.7172511828556334	1.3307831143996267	0.5	0.45	0.55	0.4	0.6	0.655036955888826
40	-67.57933448647837	-14488.220893968934	0.9300661969133059	1.5593572665242486	0.8373635351092951	1.7172511828556334	1.3307831143996267	0.5	0.45	0.55	0.4	0.6	0.655036955888826
41	-67.51524404880597	-14488.220893968934	0.9300661969133059	1.5593572665242486	0.8373635351092951	1.7172511828556334	1.3307831143996267	0.5	0.45	0.55	0.4	0.6	0.6008360840173901
42	-67.51524404880597	-14487.564093140834	0.9300661969133059	1.5593572665242486	0.8373635351092951	1.7172511828556334	1.3307831143996267	0.5	0.45	0.55	0.4	0.6	0.6008360840173901
43	-67.51524404880597	-14487.417387971776	0.9300661969133059	1.5593572665242486	0.8373635351092951	1.7172511828556334	1.3307831143996267	0.5	0.45	0.55	0.4	0.6	0.6008360840173901
44	-67.51123748944012	-14437.839403495449	0.9300661969133059	1.5593572665242486	0.8373635351092951	1.7172511828556334	1.3307831143996267	0.5	0.45	0.55	0.4	0.6	0.6008360840173901
45	-67.50763412517675	-14243.592543341523	0.9300661969133059	1.5593572665242486	0.8373635351092951	1.7172511828556334	1.3307831143996267	0.5	0.45	0.55	0.4	0.6	0.6008360840173901
46	-67.50763412517675	-14243.592543341523	0.9300661969133059	1.5593572665242486	0.8373635351092951	1.7172511828556334	1.3307831143996267	0.5	0.45	0.55	0.4	0.6	0.6008360840173901
47	-67.50763412517675	-14243.592543341523	0.9300661969133059	1.5593572665242486	0.8373635351092951	1.7172511828556334	1.3307831143996267	0.5	0.45	0.55	0.4	0.6	0.6008360840173901
48	-67.50763412517675	-14243.127729233383	0.9300661969133059	1.5593572665242486	0.8373635351092951	1.7172511828556334	1.3307831143996267	0.5	0.45	0.55	0.4	0.6	0.6008360840173901
49	-67.50763412517675	-14231.375652060178	0.9300661969133059	1.5593572665242486	0.8373635351092951	1.7172511828556334	1.3307831143996267	0.5	0.45	0.55	0.4	0.6	0.6008360840173901
50	-67.50763412517675	-14231.375652060178	0.9300661969133059	1.5593572665242486	0.8373635351092951	1.7172511828556334	1.3307831143996267	0.5	0.45	0.55	0.4	0.6	0.6008360840173901
51	-67.50763412517675	-14231.375652060178	0.9300661969133059	1.5593572665242486	0.8373635351092951	1.7172511828556334	1.3307831143996267	0.5	0.45	0.55	0.4	0.6	0.6008360840173901
52	-67.51679286909662	-14214.286538274528	0.9300661969133059	1.5593572665242486	0.8373635351092951	1.7172511828556334	1.3307831143996267	0.5	0.45	0.55	0.4	0.6	0.6008360840173901
53	-67.51679286909662	-14214.286538274528	0.9300661969133059	1.5593572665242486	0.8373635351092951	1.7172511828556334	1.3307831143996267	0.5	0.45	0.55	0.4	0.6	0.6008360840173901
54	-67.51727616880056	-14212.909765596693	0.9300661969133059	1.5593572665242486	0.8373635351092951	1.7172511828556334	1.3307831143996267	0.5	0.45	0.55	0.4	0.6	0.6008360840173901
55	-67.51727616880056	-14212.909765596693	0.9300661969133059	1.5593572665242486	0.8373635351092951	1.7172511828556334	1.3307831143996267	0.5	0.45	0.55	0.4	0.6	0.6008360840173901
56	-67.51727616880056	-14212.909765596693	0.9300661969133059	1.5593572665242486	0.8373635351092951	1.7172511828556334	1.3307831143996267	0.5	0.45	0.55	0.4	0.6	0.6008360840173901
57	-67.51727616880056	-14212.909765596693	0.9300661969133059	1.5593572665242486	0.8373635351092951	1.7172511828556334	1.3307831143996267	0.5	0.45	0.55	0.4	0.6	0.6008360840173901
58	-67.51727616880056	-14212.909765596693	0.9300661969133059	1.5593572665242486	0.8373635351092951	1.7172511828556334	1.3307831143996267	0.5	0.45	0.55	0.4	0.6	0.6008360840173901
59	-67.51727616880056	-14212.909765596693	0.9300661969133059	1.5593572665242486	0.8373635351092951	1.7172511828556334	1.3307831143996267	0.5	0.45	0.55	0.4	0.6	0.6008360840173901
60	-67.51727616880056	-14212.909765596693	0.9300661969133059	1.5593572665242486	0.8373635351092951	1.7172511828556334	1.3307831143996267	0.5	0.45	0.55	0.4	0.6	0.6008360840173901
61	-67.51561347713806	-14122.24257434723	0.9300661969133059	1.5593572665242486	0.8373635351092951	1.7172511828556334	1.3307831143996267	0.5	0.45	0.55	0.4	0.6	0.6008360840173901
62	-67.47604718343109	-14076.807499989061	0.9300661969133059	1.5593572665242486	0.8373635351092951	1.7172511828556334	1.3307831143996267	0.5	0.45	0.55	0.4	0.6	0.6008360840173901
63	-67.47604718343109	-14076.807499989061	0.9300661969133059	1.5593572665242486	0.8373635351092951	1.7172511828556334	1.3307831143996267	0.5	0.45	0.55	0.4	0.6	0.6008360840173901
64	-67.47604718343109	-14030.519926456342	0.9300661969133059	1.5593572665242486	0.8373635351092951	1.7172511828556334	1.3307831143996267	0.5	0.45	0.55	0.4	0.6	0.6008360840173901
65	-67.47604718343109	-14030.519926456342	0.9300661969133059	1.5593572665242486	0.8373635351092951	1.7172511828556334	1.3307831143996267	0.5	0.45	0.55	0.4	0.6	0.6008360840173901
66	-67.4692560801862	-14029.904674709813	0.9300661969133059	1.5593572665242486	0.8373635351092951	1.7172511828556334	1.3307831143996267	0.5	0.45	0.55	0.4	0.6	0.6008360840173901
67	-67.4692560801862	-14029.904674709813	0.9300661969133059	1.5593572665242486	0.8373635351092951	1.7172511828556334	1.3307831143996267	0.5	0.45	0.55	0.4	0.6	0.6008360840173901
68	-67.4692560801862	-14029.904674709813	0.9300661969133059	1.5593572665242486	0.8373635351092951	1.7172511828556334	1.3307831143996267	0.5	0.45	0.55	0.4	0.6	0.6008360840173901
69	-67.45986603787748	-13979.820426180764	0.9300661969133059	1.5593572665242486	0.8373635351092951	1.7172511828556334	1.3307831143996267	0.5	0.45	0.55	0.4	0.6	0.6008360840173901
70	-67.56383112224081	-13979.820426180764	0.9300661969133059	1.5593572665242486	0.8373635351092951	1.7172511828556334	1.3307831143996267	0.5	0.45	0.55	0.4	0.6	0.6886869621411538
71	-67.56336574955978	-13980.20973469226	0.9300661969133059	1.5593572665242486	0.8373635351092951	1.7172511828556334	1.3307831143996267	0.5	0.45	0.55	0.4	0.6	0.6886869621411538
72	-67.56336574955978	-13980.20973469226	0.9300661969133059	1.5593572665242486	0.8373635351092951	1.7172511828556334	1.3307831143996267	0.5	0.45	0.55	0.4	0.6	0.6886869621411538
73	-67.56336574955978	-13976.531404466235	0.9300661969133059	1.5593572665242486	0.8373635351092951	1.7172511828556334	1.3307831143996267	0.5	0.45	0.55	0.4	0.6	0.6886869621411538
74	-67.56336574955978	-13976.531404466235	0.9300661969133059	1.5593572665242486	0.8373635351092951	1.7172511828556334	1.3307831143996267	0.5	0.45	0.55	0.4	0.6	0.6886869621411538
75	-67.56336574955978	-13976.531404466235	0.9300661969133059	1.5593572665242486	0.8373635351092951	1.7172511828556334	1.3307831143996267	0.5	0.45	0.55	0.4	0.6	0.6886869621411538
76	-67.56336574955978	-13976.531404466235	0.9300661969133059	1.5593572665242486	0.8373635351092951	1.7172511828556334	1.3307831143996267	0.5	0.45	0.55	0.4	0.6	0.6886869621411538
77	-67.56336574955978	-13976.531404466235	0.9300661969133059	1.5593572665242486	0.8373635351092951	1.7172511828556334	1.3307831143996267	0.5	0.45	0.55	0.4	0.6	0.6886869621411538
78	-67.56336574955978	-13976.531404466235	0.9300661969133059	1.5593572665242486	0.8373635351092951	1.7172511828556334	1.3307831143996267	0.5	0.45	0.55	0.4	0.6	0.6886869621411538
79	-67.56336574955978	-13971.798165480088	0.9300661969133059	1.5593572665242486	0.8373635351092951	1.7172511828556334	1.3307831143996267	0.5	0.45	0.55	0.4	0.6	0.6886869621411538
80	-67.56336574955978	-13953.773333527368	0.9300661969133059	1.5593572665242486	0.8373635351092951	1.7172511828556334	1.3307831143996267	0.5	0.45	0.55	0.4	0.6	0.6886869621411538
81	-67.61351547752425	-13892.528473102793	0.9300661969133059	1.5593572665242486	0.8373635351092951	1.7172511828556334	1.3307831143996267	0.5	0.45	0.55	0.4	0.6	0.6886869621411538
82	-67.61351547752425	-13892.528473102793	0.9300661969133059	1.5593572665242486	0.8373635351092951	1.7172511828556334	1.3307831143996267	0.5	0.45	0.55	0.4	0.6	0.6886869621411538
83	-67.61506763352219	-13893.769460559548	0.9300661969133059	1.5593572665242486	0.8373635351092951	1.7172511828556334	1.3307831143996267	0.5	0.45	0.55	0.4	0.6	0.6886869621411538
84	-67.61506763352219	-13891.415090997372	0.9300661969133059	1.5593572665242486	0.8373635351092951	1.7172511828556334	1.3307831143996267	0.5	0.45	0.55	0.4	0.6	0.6886869621411538
85	-67.61506763352219	-13891.415090997372	0.9300661969133059	1.5593572665242486	0.8373635351092951	1.7172511828556334	1.3307831143996267	0.5	0.45	0.55	0.4	0.6	0.6886869621411538
86	-67.61506763352219	-13891.415090997372	0.9300661969133059	1.5593572665242486	0.8373635351092951	1.7172511828556334	1.3307831143996267	0.5	0.45	0.55	0.4	0.6	0.6886869621411538
87	-67.61506763352219	-13891.415090997372	0.9300661969133059	1.5593572665242486	0.8373635351092951	1.7172511828556334	1.3307831143996267	0.5	0.45	0.55	0.4	0.6	0.6886869621411538
88	-67.61367852625301	-13890.176757970921	0.9300661969133059	1.5593572665242486	0.8373635351092951	1.7172511828556334	1.3307831143996267	0.5	0.45	0.55	0.4	0.6	0.6886869621411538
89	-67.61367852625301	-13890.176757970921	0.9300661969133059	1.5593572665242486	0.8373635351092951	1.7172511828556334	1.3307831143996267	0.5	0.45	0.55	0.4	0.6	0.6886869621411538
90	-67.61367852625301	-13890.176757970921	0.9300661969133059	1.5593572665242486	0.8373635351092951	1.7172511828556334	1.3307831143996267	0.5	0.45	0.55	0.4	0.6	0.6886869621411538
91	-67.87672717189544	-13890.176757970921	0.9300661969133059	1.5593572665242486	0.8373635351092951	1.7172511828556334	1.3307831143996267	0.5	0.45	0.55	0.4	0.6	0.9093608343197999
92	-67.87672717189544	-13889.020211424437	0.9300661969133059	1.5593572665242486	0.8373635351092951	1.7172511828556334	1.3307831143996267	0.5	0.45	0.55	0.4	0.6	0.9093608343197999
93	-67.87672717189544	-13838.765297114529	0.9300661969133059	1.5593572665242486	0.8373635351092951	1.7172511828556334	1.3307831143996267	0.5	0.45	0.55	0.4	0.6	0.9093608343197999
94	-67.87219662316534	-13787.3815481983	0.9300661969133059	1.5593572665242486	0.8373635351092951	1.7172511828556334	1.3307831143996267	0.5	0.45	0.55	0.4	0.6	0.9093608343197999
95	-67.87219662316534	-13787.3815481983	0.9300661969133059	1.5593572665242486	0.8373635351092951	1.7172511828556334	1.3307831143996267	0.5	0.45	0.55	0.4	0.6	0.9093608343197999
96	-67.87219662316534	-13787.3815481983	0.9300661969133059	1.5593572665242486	0.8373635351092951	1.7172511828556334	1.3307831143996267	0.5	0.45	0.55	0.4	0.6	0.9093608343197999
97	-67.87219662316534	-13787.3815481983	0.9300661969133059	1.5593572665242486	0.8373635351092951	1.7172511828556334	1.3307831143996267	0.5	0.45	0.55	0.4	0.6	0.9093608343197999
98	-67.85048532349666	-13689.551454000682	0.9300661969133059	1.5593572665242486	0.8373635351092951	1.7172511828556334	1.3307831143996267	0.5	0.45	0.55	0.4	0.6	0.9093608343197999
99	-67.85048532349666	-13690.106386591093	0.9300661969133059	1.5593572665242486	0.8373635351092951	1.7172511828556334	1.3307831143996267	0.5	0.45	0.55	0.4	0.6	0.9093608343197999
100	-67.84094063646933	-13668.820438660781	0.9300661969133059	1.5593572665242486	0.8373635351092951	1.7172511828556334	1.3307831143996267	0.5	0.45	0.55	0.4	0.6	0.9093608343197999
101	-67.84094063646933	-13668.820438660781	0.9300661969133059	1.5593572665242486	0.8373635351092951	1.7172511828556334	1.3307831143996267	0.5	0.45	0.55	0.4	0.6	0.9093608343197999
102	-67.84094063646933	-13668.820438660781	0.9300661969133059	1.5593572665242486	0.8373635351092951	1.7172511828556334	1.3307831143996267	0.5	0.45	0.55	0.4	0.6	0.9093608343197999
103	-67.84094063646933	-13668.820438660781	0.9300661969133059	1.5593572665242486	0.8373635351092951	1.7172511828556334	1.3307831143996267	0.5	0.45	0.55	0.4	0.6	0.9093608343197999
104	-67.84094063646933	-13668.820438660781	0.9300661969133059	1.5593572665242486	0.8373635351092951	1.7172511828556334	1.3307831143996267	0.5	0.45	0.55	0.4	0.6	0.9093608343197999
105	-67.85105796813956	-13665.087393632866	0.9300661969133059	1.5593572665242486	0.8373635351092951	1.7172511828556334	1.3307831143996267	0.5	0.45	0.55	0.4	0.6	0.9093608343197999
106	-67.84920063841479	-13660.174827515564	0.9300661969133059	1.5593572665242486	0.8373635351092951	1.7172511828556334	1.3307831143996267	0.5	0.45	0.55	0.4	0.6	0.9093608343197999
107	-67.84920063841479	-13660.174827515564	0.9300661969133059	1.5593572665242486	0.8373635351092951	1.7172511828556334	1.3307831143996267	0.5	0.45	0.55	0.4	0.6	0.9093608343197999
108	-67.84920063841479	-13660.174827515564	0.9300661969133059	1.5593572665242486	0.8373635351092951	1.7172511828556334	1.3307831143996267	0.5	0.45	0.55	0.4	0.6	0.9093608343197999
109	-67.84920063841479	-13647.68044287005	0.9300661969133059	1.5593572665242486	0.8373635351092951	1.7172511828556334	1.3307831143996267	0.5	0.45	0.55	0.4	0.6	0.9093608343197999
110	-67.84920063841479	-13647.68044287005	0.9300661969133059	1.5593572665242486	0.8373635351092951	1.7172511828556334	1.3307831143996267	0.5	0.45	0.55	0.4	0.6	0.9093608343197999
111	-67.84920063841479	-13647.68044287005	0.9300661969133059	1.5593572665242486	0.8373635351092951	1.7172511828556334	1.3307831143996267	0.5	0.45	0.55	0.4	0.6	0.9093608343197999
112	-67.84920063841479	-13647.68044287005	0.9300661969133059	1.5593572665242486	0.8373635351092951	1.7172511828556334	1.3307831143996267	0.5	0.45	0.55	0.4	0.6	0.9093608343197999
113	-67.84920063841479	-13647.68044287005	0.9300661969133059	1.5593572665242486	0.8373635351092951	1.7172511828556334	1.3307831143996267	0.5	0.45	0.55	0.4	0.6	0.9093608343197999
114	-67.84920063841479	-13647.68044287005	0.9300661969133059	1.5593572665242486	0.8373635351092951	1.7172511828556334	1.3307831143996267	0.5	0.45	0.55	0.4	0.6	0.9093608343197999
115	-67.84920063841479	-13647.68044287005	0.9300661969133059	1.5593572665242486	0.8373635351092951	1.7172511828556334	1.3307831143996267	0.5	0.45	0.55	0.4	0.6	0.9093608343197999
116	-67.8741230184034	-13624.571338697957	0.9300661969133059	1.5593572665242486	0.8373635351092951	1.7172511828556334	1.3307831143996267	0.5	0.45	0.55	0.4	0.6	0.9093608343197999
117	-67.8741230184034	-13624.571338697957	0.9300661969133059	1.5593572665242486	0.8373635351092951	1.7172511828556334	1.3307831143996267	0.5	0.45	0.55	0.4	0.6	0.9093608343197999
118	-67.8741230184034	-13624.571338697957	0.9300661969133059	1.5593572665242486	0.8373635351092951	1.7172511828556334	1.3307831143996267	0.5	0.45	0.55	0.4	0.6	0.9093608343197999
119	-67.8741230184034	-13624.571338697957	0.9300661969133059	1.5593572665242486	0.8373635351092951	1.7172511828556334	1.3307831143996267	0.5	0.45	0.55	0.4	0.6	0.9093608343197999
120	-67.57624641856896	-13624.571338697957	0.9300661969133059	1.5593572665242486	0.8373635351092951	1.7172511828556334	1.3307831143996267	0.6484210587218464	0.4707277604848545	0.49211750904308144	0.44151053452271605	0.562066609741289	0.9093608343197999
121	-67.57624641856896	-13621.699282315421	0.9300661969133059	1.5593572665242486	0.8373635351092951	1.7172511828556334	1.3307831143996267	0.6484210587218464	0.4707277604848545	0.49211750904308144	0.44151053452271605	0.562066609741289	0.9093608343197999
122	-67.57624641856896	-13601.02319858942	0.9300661969133059	1.5593572665242486	0.8373635351092951	1.7172511828556334	1.3307831143996267	0.6484210587218464	0.4707277604848545	0.49211750904308144	0.44151053452271605	0.562066609741289	0.9093608343197999
123	-67.57624641856896	-13574.53555696298	0.9300661969133059	1.5593572665242486	0.8373635351092951	1.7172511828556334	1.3307831143996267	0.6484210587218464	0.4707277604848545	0.49211750904308144	0.44151053452271605	0.562066609741289	0.9093608343197999
124	-67.57624641856896	-13574.53555696298	0.9300661969133059	1.5593572665242486	0.8373635351092951	1.7172511828556334	1.3307831143996267	0.6484210587218464	0.4707277604848545	0.49211750904308144	0.44151053452271605	0.562066609741289	0.9093608343197999
125	-67.57624641856896	-13574.53555696298	0.9300661969133059	1.5593572665242486	0.8373635351092951	1.7172511828556334	1.3307831143996267	0.6484210587218464	0.4707277604848545	0.49211750904308144	0.44151053452271605	0.562066609741289	0.9093608343197999
126	-67.34486312369651	-13574.53555696298	0.9300661969133059	1.5593572665242486	0.8373635351092951	1.7172511828556334	1.3307831143996267	0.6484210587218464	0.4707277604848545	0.49211750904308144	0.44151053452271605	0.562066609741289	0.7169186618276677
127	-67.34486312369651	-13574.53555696298	0.9300661969133059	1.5593572665242486	0.8373635351092951	1.7172511828556334	1.3307831143996267	0.6484210587218464	0.4707277604848545	0.49211750904308144	0.44151053452271605	0.562066609741289	0.7169186618276677
128	-67.34486312369651	-13574.53555696298	0.9300661969133059	1.5593572665242486	0.8373635351092951	1.7172511828556334	1.3307831143996267	0.6484210587218464	0.4707277604848545	0.49211750904308144	0.44151053452271605	0.562066609741289	0.7169186618276677
129	-67.34486312369651	-13574.53555696298	0.9300661969133059	1.5593572665242486	0.8373635351092951	1.7172511828556334	1.3307831143996267	0.6484210587218464	0.4707277604848545	0.49211750904308144	0.44151053452271605	0.562066609741289	0.7169186618276677
130	-67.34486312369651	-13574.53555696298	0.9300661969133059	1.5593572665242486	0.8373635351092951	1.7172511828556334	1.3307831143996267	0.6484210587218464	0.4707277604848545	0.49211750904308144	0.44151053452271605	0.562066609741289	0.7169186618276677
131	-67.34486312369651	-13574.53555696298	0.9300661969133059	1.5593572665242486	0.8373635351092951	1.7172511828556334	1.3307831143996267	0.6484210587218464	0.4707277604848545	0.49211750904308144	0.44151053452271605	0.562066609741289	0.7169186618276677
132	-67.34486312369651	-13560.143708750807	0.9300661969133059	1.5593572665242486	0.8373635351092951	1.7172511828556334	1.3307831143996267	0.6484210587218464	0.4707277604848545	0.49211750904308144	0.44151053452271605	0.562066609741289	0.7169186618276677
133	-67.34486312369651	-13559.197592817529	0.9300661969133059	1.5593572665242486	0.8373635351092951	1.7172511828556334	1.3307831143996267	0.6484210587218464	0.4707277604848545	0.49211750904308144	0.44151053452271605	0.562066609741289	0.7169186618276677
134	-67.34970891932565	-13551.705332799977	0.9300661969133059	1.5593572665242486	0.8373635351092951	1.7172511828556334	1.3307831143996267	0.6484210587218464	0.4707277604848545	0.49211750904308144	0.44151053452271605	0.562066609741289	0.7169186618276677
135	-67.34970891932565	-13549.741875405887	0.9300661969133059	1.5593572665242486	0.8373635351092951	1.7172511828556334	1.3307831143996267	0.6484210587218464	0.4707277604848545	0.49211750904308144	0.44151053452271605	0.562066609741289	0.7169186618276677
136	-67.34970891932565	-13549.741875405887	0.9300661969133059	1.5593572665242486	0.8373635351092951	1.7172511828556334	1.3307831143996267	0.6484210587218464	0.4707277604848545	0.49211750904308144	0.44151053452271605	0.562066609741289	0.7169186618276677
137	-67.34970891932565	-13534.11344278958	0.9300661969133059	1.5593572665242486	0.8373635351092951	1.7172511828556334	1.3307831143996267	0.6484210587218464	0.4707277604848545	0.49211750904308144	0.44151053452271605	0.562066609741289	0.7169186618276677
138	-67.34970891932565	-13532.40339646455	0.9300661969133059	1.5593572665242486	0.8373635351092951	1.7172511828556334	1.3307831143996267	0.6484210587218464	0.4707277604848545	0.49211750904308144	0.44151053452271605	0.562066609741289	0.7169186618276677
139	-67.34970891932565	-13532.40339646455	0.9300661969133059	1.5593572665242486	0.8373635351092951	1.7172511828556334	1.3307831143996267	0.6484210587218464	0.4707277604848545	0.49211750904308144	0.44151053452271605	0.562066609741289	0.7169186618276677
140	-67.34970891932565	-13532.40339646455	0.9300661969133059	1.5593572665242486	0.8373635351092951	1.7172511828556334	1.3307831143996267	0.6484210587218464	0.4707277604848545	0.49211750904308144	0.44151053452271605	0.562066609741289	0.7169186618276677
141	-67.34970891932565	-13533.911874563111	0.9300661969133059	1.5593572665242486	0.8373635351092951	1.7172511828556334	1.3307831143996267	0.6484210587218464	0.4707277604848545	0.49211750904308144	0.44151053452271605	0.562066609741289	0.7169186618276677
142	-67.34970891932565	-13533.911874563111	0.9300661969133059	1.5593572665242486	0.8373635351092951	1.7172511828556334	1.3307831143996267	0.6484210587218464	0.4707277604848545	0.49211750904308144	0.44151053452271605	0.562066609741289	0.7169186618276677
143	-67.34970891932565	-13534.12837588585	0.9300661969133059	1.5593572665242486	0.8373635351092951	1.7172511828556334	1.3307831143996267	0.6484210587218464	0.4707277604848545	0.49211750904308144	0.44151053452271605	0.562066609741289	0.7169186618276677
144	-67.34970891932565	-13534.12837588585	0.9300661969133059	1.5593572665242486	0.8373635351092951	1.7172511828556334	1.3307831143996267	0.6484210587218464	0.4707277604848545	0.49211750904308144	0.44151053452271605	0.562066609741289	0.7169186618276677
145	-67.34970891932565	-13534.12837588585	0.9300661969133059	1.5593572665242486	0.8373635351092951	1.7172511828556334	1.3307831143996267	0.6484210587218464	0.4707277604848545	0.49211750904308144	0.44151053452271605	0.562066609741289	0.7169186618276677
146	-67.34970891932565	-13534.12837588585	0.9300661969133059	1.5593572665242486	0.8373635351092951	1.7172511828556334	1.3307831143996267	0.6484210587218464	0.4707277604848545	0.49211750904308144	0.44151053452271605	0.562066609741289	0.7169186618276677
147	-67.34970891932565	-13534.12837588585	0.9300661969133059	1.5593572665242486	0.8373635351092951	1.7172511828556334	1.3307831143996267	0.6484210587218464	0.4707277604848545	0.49211750904308144	0.44151053452271605	0.562066609741289	0.7169186618276677
148	-67.34970891932565	-13533.922952215757	0.9300661969133059	1.5593572665242486	0.8373635351092951	1.7172511828556334	1.3307831143996267	0.6484210587218464	0.4707277604848545	0.49211750904308144	0.44151053452271605	0.562066609741289	0.7169186618276677
149	-67.35247989040407	-13533.922952215757	0.9300661969133059	1.5593572665242486	0.8373635351092951	1.7172511828556334	1.3307831143996267	0.6484210587218464	0.4707277604848545	0.49211750904308144	0.44151053452271605	0.562066609741289	0.7192346453387818
150	-67.35247989040407	-13533.120949223647	0.9300661969133059	1.5593572665242486	0.8373635351092951	1.7172511828556334	1.3307831143996267	0.6484210587218464	0.4707277604848545	0.49211750904308144	0.44151053452271605	0.562066609741289	0.7192346453387818
151	-67.61939680814775	-13533.120949223647	0.9300661969133059	1.5593572665242486	0.8373635351092951	1.7172511828556334	1.3307831143996267	0.8620344033942794	0.43384859233237577	0.6079335605238562	0.3642093289397044	0.5959029416810347	0.7192346453387818
152	-67.61939680814775	-13533.120949223647	0.9300661969133059	1.5593572665242486	0.8373635351092951	1.7172511828556334	1.3307831143996267	0.8620344033942794	0.43384859233237577	0.6079335605238562	0.3642093289397044	0.5959029416810347	0.7192346453387818
153	-67.61939680814775	-13533.120949223647	0.9300661969133059	1.5593572665242486	0.8373635351092951	1.7172511828556334	1.3307831143996267	0.8620344033942794	0.43384859233237577	0.6079335605238562	0.3642093289397044	0.5959029416810347	0.7192346453387818
154	-67.61939680814775	-13533.120949223647	0.9300661969133059	1.5593572665242486	0.8373635351092951	1.7172511828556334	1.3307831143996267	0.8620344033942794	0.43384859233237577	0.6079335605238562	0.3642093289397044	0.5959029416810347	0.7192346453387818
155	-67.61939680814775	-13533.120949223647	0.9300661969133059	1.5593572665242486	0.8373635351092951	1.7172511828556334	1.3307831143996267	0.8620344033942794	0.43384859233237577	0.6079335605238562	0.3642093289397044	0.5959029416810347	0.7192346453387818
156	-67.61939680814775	-13533.120949223647	0.9300661969133059	1.5593572665242486	0.8373635351092951	1.7172511828556334	1.3307831143996267	0.8620344033942794	0.43384859233237577	0.6079335605238562	0.3642093289397044	0.5959029416810347	0.7192346453387818
157	-67.61939680814775	-13513.73927568286	0.9300661969133059	1.5593572665242486	0.8373635351092951	1.7172511828556334	1.3307831143996267	0.8620344033942794	0.43384859233237577	0.6079335605238562	0.3642093289397044	0.5959029416810347	0.7192346453387818
158	-67.62675599823051	-13507.822170471305	0.9300661969133059	1.5593572665242486	0.8373635351092951	1.7172511828556334	1.3307831143996267	0.8620344033942794	0.43384859233237577	0.6079335605238562	0.3642093289397044	0.5959029416810347	0.7192346453387818
159	-67.62675599823051	-13507.822170471305	0.9300661969133059	1.5593572665242486	0.8373635351092951	1.7172511828556334	1.3307831143996267	0.8620344033942794	0.43384859233237577	0.6079335605238562	0.3642093289397044	0.5959029416810347	0.7192346453387818
160	-67.62675599823051	-13507.822170471305	0.9300661969133059	1.5593572665242486	0.8373635351092951	1.7172511828556334	1.3307831143996267	0.8620344033942794	0.43384859233237577	0.6079335605238562	0.3642093289397044	0.5959029416810347	0.7192346453387818
161	-67.62675599823051	-13507.822170471305	0.9300661969133059	1.5593572665242486	0.8373635351092951	1.7172511828556334	1.3307831143996267	0.8620344033942794	0.43384859233237577	0.6079335605238562	0.3642093289397044	0.5959029416810347	0.7192346453387818
162	-67.62675599823051	-13507.822170471305	0.9300661969133059	1.5593572665242486	0.8373635351092951	1.7172511828556334	1.3307831143996267	0.8620344033942794	0.43384859233237577	0.6079335605238562	0.3642093289397044	0.5959029416810347	0.7192346453387818
163	-67.62675599823051	-13508.818531789719	0.9300661969133059	1.5593572665242486	0.8373635351092951	1.7172511828556334	1.3307831143996267	0.8620344033942794	0.43384859233237577	0.6079335605238562	0.3642093289397044	0.5959029416810347	0.7192346453387818
164	-67.62675599823051	-13508.818531789719	0.9300661969133059	1.5593572665242486	0.8373635351092951	1.7172511828556334	1.3307831143996267	0.8620344033942794	0.43384859233237577	0.6079335605238562	0.3642093289397044	0.5959029416810347	0.7192346453387818
165	-67.65312981788261	-13496.728547498566	0.9300661969133059	1.5593572665242486	0.8373635351092951	1.7172511828556334	1.3307831143996267	0.8620344033942794	0.43384859233237577	0.6079335605238562	0.3642093289397044	0.5959029416810347	0.7192346453387818
166	-67.65312981788261	-13496.728547498566	0.9300661969133059	1.5593572665242486	0.8373635351092951	1.7172511828556334	1.3307831143996267	0.8620344033942794	0.43384859233237577	0.6079335605238562	0.3642093289397044	0.5959029416810347	0.7192346453387818
167	-67.65312981788261	-13496.728547498566	0.9300661969133059	1.5593572665242486	0.8373635351092951	1.7172511828556334	1.3307831143996267	0.8620344033942794	0.43384859233237577	0.6079335605238562	0.3642093289397044	0.5959029416810347	0.7192346453387818
168	-67.65312981788261	-13496.728547498566	0.9300661969133059	1.5593572665242486	0.8373635351092951	1.7172511828556334	1.3307831143996267	0.8620344033942794	0.43384859233237577	0.6079335605238562	0.3642093289397044	0.5959029416810347	0.7192346453387818
169	-67.65312981788261	-13496.728547498566	0.9300661969133059	1.5593572665242486	0.8373635351092951	1.7172511828556334	1.3307831143996267	0.8620344033942794	0.43384859233237577	0.6079335605238562	0.3642093289397044	0.5959029416810347	0.7192346453387818
170	-67.65312981788261	-13496.728547498566	0.9300661969133059	1.5593572665242486	0.8373635351092951	1.7172511828556334	1.3307831143996267	0.8620344033942794	0.43384859233237577	0.6079335605238562	0.3642093289397044	0.5959029416810347	0.7192346453387818
171	-67.73467963125039	-13496.728547498566	0.9300661969133059	1.5593572665242486	0.8373635351092951	1.7172511828556334	1.3307831143996267	0.8620344033942794	0.43384859233237577	0.6079335605238562	0.3642093289397044	0.5959029416810347	0.7877347480591604
172	-67.74321968786204	-13489.042655649007	0.9300661969133059	1.5593572665242486	0.8373635351092951	1.7172511828556334	1.3307831143996267	0.8620344033942794	0.43384859233237577	0.6079335605238562	0.3642093289397044	0.5959029416810347	0.7877347480591604
173	-67.74321968786204	-13489.042655649007	0.9300661969133059	1.5593572665242486	0.8373635351092951	1.7172511828556334	1.3307831143996267	0.8620344033942794	0.43384859233237577	0.6079335605238562	0.3642093289397044	0.5959029416810347	0.7877347480591604
174	-67.74321968786204	-13489.042655649007	0.9300661969133059	1.5593572665242486	0.8373635351092951	1.7172511828556334	1.3307831143996267	0.8620344033942794	0.43384859233237577	0.6079335605238562	0.3642093289397044	0.5959029416810347	0.7877347480591604
175	-67.74321968786204	-13489.042655649007	0.9300661969133059	1.5593572665242486	0.8373635351092951	1.7172511828556334	1.3307831143996267	0.8620344033942794	0.43384859233237577	0.6079335605238562	0.3642093289397044	0.5959029416810347	0.7877347480591604
176	-67.74321968786204	-13489.042655649007	0.9300661969133059	1.5593572665242486	0.8373635351092951	1.7172511828556334	1.3307831143996267	0.8620344033942794	0.43384859233237577	0.6079335605238562	0.3642093289397044	0.5959029416810347	0.7877347480591604
177	-67.74321968786204	-13489.042655649007	0.9300661969133059	1.5593572665242486	0.8373635351092951	1.7172511828556334	1.3307831143996267	0.8620344033942794	0.43384859233237577	0.6079335605238562	0.3642093289397044	0.5959029416810347	0.7877347480591604
178	-67.74321968786204	-13489.042655649007	0.9300661969133059	1.5593572665242486	0.8373635351092951	1.7172511828556334	1.3307831143996267	0.8620344033942794	0.43384859233237577	0.6079335605238562	0.3642093289397044	0.5959029416810347	0.7877347480591604
179	-67.74416088130124	-13491.14654725558	0.9300661969133059	1.5593572665242486	0.8373635351092951	1.7172511828556334	1.3307831143996267	0.8620344033942794	0.43384859233237577	0.6079335605238562	0.3642093289397044	0.5959029416810347	0.7877347480591604
180	-67.74416088130124	-13491.14654725558	0.9300661969133059	1.5593572665242486	0.8373635351092951	1.7172511828556334	1.3307831143996267	0.8620344033942794	0.43384859233237577	0.6079335605238562	0.3642093289397044	0.5959029416810347	0.7877347480591604
181	-67.74572659952207	-13490.234841953774	0.9300661969133059	1.5593572665242486	0.8373635351092951	1.7172511828556334	1.3307831143996267	0.8620344033942794	0.43384859233237577	0.6079335605238562	0.3642093289397044	0.5959029416810347	0.7877347480591604
182	-67.77247289732615	-13472.044326421743	0.9300661969133059	1.5593572665242486	0.8373635351092951	1.7172511828556334	1.3307831143996267	0.8620344033942794	0.43384859233237577	0.6079335605238562	0.3642093289397044	0.5959029416810347	0.7877347480591604
183	-67.77247289732615	-13472.044326421743	0.9300661969133059	1.5593572665242486	0.8373635351092951	1.7172511828556334	1.3307831143996267	0.8620344033942794	0.43384859233237577	0.6079335605238562	0.3642093289397044	0.5959029416810347	0.7877347480591604
184	-67.77247289732615	-13472.044326421743	0.9300661969133059	1.5593572665242486	0.8373635351092951	1.7172511828556334	1.3307831143996267	0.8620344033942794	0.43384859233237577	0.6079335605238562	0.3642093289397044	0.5959029416810347	0.7877347480591604
185	-67.77073508058596	-13337.919018826447	0.9300661969133059	1.5593572665242486	0.8373635351092951	1.7172511828556334	1.3307831143996267	0.8620344033942794	0.43384859233237577	0.6079335605238562	0.3642093289397044	0.5959029416810347	0.7877347480591604
186	-67.77073508058596	-13327.866283494692	0.9300661969133059	1.5593572665242486	0.8373635351092951	1.7172511828556334	1.3307831143996267	0.8620344033942794	0.43384859233237577	0.6079335605238562	0.3642093289397044	0.5959029416810347	0.7877347480591604
187	-67.77247217707085	-13327.233100881414	0.9300661969133059	1.5593572665242486	0.8373635351092951	1.7172511828556334	1.3307831143996267	0.8620344033942794	0.43384859233237577	0.6079335605238562	0.3642093289397044	0.5959029416810347	0.7877347480591604
188	-67.77247217707085	-13327.796693524946	0.9300661969133059	1.5593572665242486	0.8373635351092951	1.7172511828556334	1.3307831143996267	0.8620344033942794	0.43384859233237577	0.6079335605238562	0.3642093289397044	0.5959029416810347	0.7877347480591604
189	-67.77247217707085	-13327.796693524946	0.9300661969133059	1.5593572665242486	0.8373635351092951	1.7172511828556334	1.3307831143996267	0.8620344033942794	0.43384859233237577	0.6079335605238562	0.3642093289397044	0.5959029416810347	0.7877347480591604
190	-67.77247217707085	-13321.2464698159	0.9300661969133059	1.5593572665242486	0.8373635351092951	1.7172511828556334	1.3307831143996267	0.8620344033942794	0.43384859233237577	0.6079335605238562	0.3642093289397044	0.5959029416810347	0.7877347480591604
191	-67.77247217707085	-13321.2464698159	0.9300661969133059	1.5593572665242486	0.8373635351092951	1.7172511828556334	1.3307831143996267	0.8620344033942794	0.43384859233237577	0.6079335605238562	0.3642093289397044	0.5959029416810347	0.7877347480591604
192	-67.77247217707085	-13321.2464698159	0.9300661969133059	1.5593572665242486	0.8373635351092951	1.7172511828556334	1.3307831143996267	0.8620344033942794	0.43384859233237577	0.6079335605238562	0.3642093289397044	0.5959029416810347	0.7877347480591604
193	-67.77247217707085	-13321.2464698159	0.9300661969133059	1.5593572665242486	0.8373635351092951	1.7172511828556334	1.3307831143996267	0.8620344033942794	0.43384859233237577	0.6079335605238562	0.3642093289397044	0.5959029416810347	0.7877347480591604
194	-67.77247217707085	-13321.2464698159	0.9300661969133059	1.5593572665242486	0.8373635351092951	1.7172511828556334	1.3307831143996267	0.8620344033942794	0.43384859233237577	0.6079335605238562	0.3642093289397044	0.5959029416810347	0.7877347480591604
195	-67.77247217707085	-13320.887760930831	0.9300661969133059	1.5593572665242486	0.8373635351092951	1.7172511828556334	1.3307831143996267	0.8620344033942794	0.43384859233237577	0.6079335605238562	0.3642093289397044	0.5959029416810347	0.7877347480591604
196	-67.77247217707085	-13320.887760930831	0.9300661969133059	1.5593572665242486	0.8373635351092951	1.7172511828556334	1.3307831143996267	0.8620344033942794	0.43384859233237577	0.6079335605238562	0.3642093289397044	0.5959029416810347	0.7877347480591604
197	-67.77247217707085	-13320.887760930831	0.9300661969133059	1.5593572665242486	0.8373635351092951	1.7172511828556334	1.3307831143996267	0.8620344033942794	0.43384859233237577	0.6079335605238562	0.3642093289397044	0.5959029416810347	0.7877347480591604
198	-67.77247217707085	-13320.887760930831	0.9300661969133059	1.5593572665242486	0.8373635351092951	1.7172511828556334	1.3307831143996267	0.8620344033942794	0.43384859233237577	0.6079335605238562	0.3642093289397044	0.5959029416810347	0.7877347480591604
199	-67.77247217707085	-13320.887760930831	0.9300661969133059	1.5593572665242486	0.8373635351092951	1.7172511828556334	1.3307831143996267	0.8620344033942794	0.43384859233237577	0.6079335605238562	0.3642093289397044	0.5959029416810347	0.7877347480591604
200	-67.77247217707085	-13320.887760930831	0.9300661969133059	1.5593572665242486	0.8373635351092951	1.7172511828556334	1.3307831143996267	0.8620344033942794	0.43384859233237577	0.6079335605238562	0.3642093289397044	0.5959029416810347	0.7877347480591604
201	-67.77247217707085	-13320.887760930831	0.9300661969133059	1.5593572665242486	0.8373635351092951	1.7172511828556334	1.3307831143996267	0.8620344033942794	0.43384859233237577	0.6079335605238562	0.3642093289397044	0.5959029416810347	0.7877347480591604
202	-67.77247217707085	-13320.887760930831	0.9300661969133059	1.5593572665242486	0.8373635351092951	1.7172511828556334	1.3307831143996267	0.8620344033942794	0.43384859233237577	0.6079335605238562	0.3642093289397044	0.5959029416810347	0.7877347480591604
203	-67.77247217707085	-13320.887760930831	0.9300661969133059	1.5593572665242486	0.8373635351092951	1.7172511828556334	1.3307831143996267	0.8620344033942794	0.43384859233237577	0.6079335605238562	0.3642093289397044	0.5959029416810347	0.7877347480591604
204	-67.69410543047421	-13288.980138477647	0.9300661969133059	1.5593572665242486	0.8373635351092951	1.7172511828556334	1.3307831143996267	0.8620344033942794	0.43384859233237577	0.6079335605238562	0.3642093289397044	0.5959029416810347	0.7877347480591604
205	-67.69410543047421	-13289.216594634934	0.9300661969133059	1.5593572665242486	0.8373635351092951	1.7172511828556334	1.3307831143996267	0.8620344033942794	0.43384859233237577	0.6079335605238562	0.3642093289397044	0.5959029416810347	0.7877347480591604
206	-67.6880465162764	-13282.560302052734	0.9300661969133059	1.5593572665242486	0.8373635351092951	1.7172511828556334	1.3307831143996267	0.8620344033942794	0.43384859233237577	0.6079335605238562	0.3642093289397044	0.5959029416810347	0.7877347480591604
207	-67.6880465162764	-13282.560302052734	0.9300661969133059	1.5593572665242486	0.8373635351092951	1.7172511828556334	1.3307831143996267	0.8620344033942794	0.43384859233237577	0.6079335605238562	0.3642093289397044	0.5959029416810347	0.7877347480591604
208	-67.6880465162764	-13282.560302052734	0.9300661969133059	1.5593572665242486	0.8373635351092951	1.7172511828556334	1.3307831143996267	0.8620344033942794	0.43384859233237577	0.6079335605238562	0.3642093289397044	0.5959029416810347	0.7877347480591604
209	-67.6880465162764	-13282.560302052734	0.9300661969133059	1.5593572665242486	0.8373635351092951	1.7172511828556334	1.3307831143996267	0.8620344033942794	0.43384859233237577	0.6079335605238562	0.3642093289397044	0.5959029416810347	0.7877347480591604
210	-67.6880465162764	-13282.560302052734	0.9300661969133059	1.5593572665242486	0.8373635351092951	1.7172511828556334	1.3307831143996267	0.8620344033942794	0.43384859233237577	0.6079335605238562	0.3642093289397044	0.5959029416810347	0.7877347480591604
211	-67.6880465162764	-13282.560302052734	0.9300661969133059	1.5593572665242486	0.8373635351092951	1.7172511828556334	1.3307831143996267	0.8620344033942794	0.43384859233237577	0.6079335605238562	0.3642093289397044	0.5959029416810347	0.7877347480591604
212	-67.6880465162764	-13282.560302052734	0.9300661969133059	1.5593572665242486	0.8373635351092951	1.7172511828556334	1.3307831143996267	0.8620344033942794	0.43384859233237577	0.6079335605238562	0.3642093289397044	0.5959029416810347	0.7877347480591604
213	-67.6880465162764	-13282.322794958776	0.9300661969133059	1.5593572665242486	0.8373635351092951	1.7172511828556334	1.3307831143996267	0.8620344033942794	0.43384859233237577	0.6079335605238562	0.3642093289397044	0.5959029416810347	0.7877347480591604
214	-67.6880465162764	-13282.378255890433	0.9300661969133059	1.5593572665242486	0.8373635351092951	1.7172511828556334	1.3307831143996267	0.8620344033942794	0.43384859233237577	0.6079335605238562	0.3642093289397044	0.5959029416810347	0.7877347480591604
215	-67.6880465162764	-13282.322794958776	0.9300661969133059	1.5593572665242486	0.8373635351092951	1.7172511828556334	1.3307831143996267	0.8620344033942794	0.43384859233237577	0.6079335605238562	0.3642093289397044	0.5959029416810347	0.7877347480591604
216	-67.6880465162764	-13282.322794958776	0.9300661969133059	1.5593572665242486	0.8373635351092951	1.7172511828556334	1.3307831143996267	0.8620344033942794	0.43384859233237577	0.6079335605238562	0.3642093289397044	0.5959029416810347	0.7877347480591604
217	-67.6880465162764	-13282.322794958776	0.9300661969133059	1.5593572665242486	0.8373635351092951	1.7172511828556334	1.3307831143996267	0.8620344033942794	0.43384859233237577	0.6079335605238562	0.3642093289397044	0.5959029416810347	0.7877347480591604
218	-67.6880465162764	-13282.322794958776	0.9300661969133059	1.5593572665242486	0.8373635351092951	1.7172511828556334	1.3307831143996267	0.8620344033942794	0.43384859233237577	0.6079335605238562	0.3642093289397044	0.5959029416810347	0.7877347480591604
219	-67.6880465162764	-13282.322794958776	0.9300661969133059	1.5593572665242486	0.8373635351092951	1.7172511828556334	1.3307831143996267	0.8620344033942794	0.43384859233237577	0.6079335605238562	0.3642093289397044	0.5959029416810347	0.7877347480591604
220	-67.6880465162764	-13282.322794958776	0.9300661969133059	1.5593572665242486	0.8373635351092951	1.7172511828556334	1.3307831143996267	0.8620344033942794	0.43384859233237577	0.6079335605238562	0.3642093289397044	0.5959029416810347	0.7877347480591604
221	-67.53969280413286	-13227.64110351571	0.9300661969133059	1.5593572665242486	0.8373635351092951	1.7172511828556334	1.3307831143996267	0.8620344033942794	0.43384859233237577	0.6079335605238562	0.3642093289397044	0.5959029416810347	0.7877347480591604
222	-67.53969280413286	-13227.64110351571	0.9300661969133059	1.5593572665242486	0.8373635351092951	1.7172511828556334	1.3307831143996267	0.8620344033942794	0.43384859233237577	0.6079335605238562	0.3642093289397044	0.5959029416810347	0.7877347480591604
223	-67.53969280413286	-13227.64110351571	0.9300661969133059	1.5593572665242486	0.8373635351092951	1.7172511828556334	1.3307831143996267	0.8620344033942794	0.43384859233237577	0.6079335605238562	0.3642093289397044	0.5959029416810347	0.7877347480591604
224	-67.53969280413286	-13227.64110351571	0.9300661969133059	1.5593572665242486	0.8373635351092951	1.7172511828556334	1.3307831143996267	0.8620344033942794	0.43384859233237577	0.6079335605238562	0.3642093289397044	0.5959029416810347	0.7877347480591604
225	-67.53969280413286	-13227.64110351571	0.9300661969133059	1.5593572665242486	0.8373635351092951	1.7172511828556334	1.3307831143996267	0.8620344033942794	0.43384859233237577	0.6079335605238562	0.3642093289397044	0.5959029416810347	0.7877347480591604
226	-67.53969280413286	-13227.64110351571	0.9300661969133059	1.5593572665242486	0.8373635351092951	1.7172511828556334	1.3307831143996267	0.8620344033942794	0.43384859233237577	0.6079335605238562	0.3642093289397044	0.5959029416810347	0.7877347480591604
227	-66.87348989025332	-13227.64110351571	0.9300661969133059	1.5593572665242486	0.8373635351092951	1.7172511828556334	1.3307831143996267	0.6653322107688547	0.5579141959104826	0.7241185080714337	0.4509517370165063	0.4930009854828917	0.7877347480591604
228	-66.87348989025332	-13227.64110351571	0.9300661969133059	1.5593572665242486	0.8373635351092951	1.7172511828556334	1.3307831143996267	0.6653322107688547	0.5579141959104826	0.7241185080714337	0.4509517370165063	0.4930009854828917	0.7877347480591604
229	-66.87348989025332	-13227.64110351571	0.9300661969133059	1.5593572665242486	0.8373635351092951	1.7172511828556334	1.3307831143996267	0.6653322107688547	0.5579141959104826	0.7241185080714337	0.4509517370165063	0.4930009854828917	0.7877347480591604
230	-66.87348989025332	-13227.64110351571	0.9300661969133059	1.5593572665242486	0.8373635351092951	1.7172511828556334	1.3307831143996267	0.6653322107688547	0.5579141959104826	0.7241185080714337	0.4509517370165063	0.4930009854828917	0.7877347480591604
231	-66.87348989025332	-13227.64110351571	0.9300661969133059	1.5593572665242486	0.8373635351092951	1.7172511828556334	1.3307831143996267	0.6653322107688547	0.5579141959104826	0.7241185080714337	0.4509517370165063	0.4930009854828917	0.7877347480591604
232	-66.87348989025332	-13227.64110351571	0.9300661969133059	1.5593572665242486	0.8373635351092951	1.7172511828556334	1.3307831143996267	0.6653322107688547	0.5579141959104826	0.7241185080714337	0.4509517370165063	0.4930009854828917	0.7877347480591604
233	-66.87348989025332	-13220.477781788246	0.9300661969133059	1.5593572665242486	0.8373635351092951	1.7172511828556334	1.3307831143996267	0.6653322107688547	0.5579141959104826	0.7241185080714337	0.4509517370165063	0.4930009854828917	0.7877347480591604
234	-66.87348989025332	-13220.477781788246	0.9300661969133059	1.5593572665242486	0.8373635351092951	1.7172511828556334	1.3307831143996267	0.6653322107688547	0.5579141959104826	0.7241185080714337	0.4509517370165063	0.4930009854828917	0.7877347480591604
235	-66.87348989025332	-13220.477781788246	0.9300661969133059	1.5593572665242486	0.8373635351092951	1.7172511828556334	1.3307831143996267	0.6653322107688547	0.5579141959104826	0.7241185080714337	0.4509517370165063	0.4930009854828917	0.7877347480591604
236	-66.86347608724955	-13110.69944865933	0.9300661969133059	1.5593572665242486	0.8373635351092951	1.7172511828556334	1.3307831143996267	0.6653322107688547	0.5579141959104826	0.7241185080714337	0.4509517370165063	0.4930009854828917	0.7877347480591604
237	-66.86347608724955	-13110.69944865933	0.9300661969133059	1.5593572665242486	0.8373635351092951	1.7172511828556334	1.3307831143996267	0.6653322107688547	0.5579141959104826	0.7241185080714337	0.4509517370165063	0.4930009854828917	0.7877347480591604
238	-66.86347608724955	-13110.69944865933	0.9300661969133059	1.5593572665242486	0.8373635351092951	1.7172511828556334	1.3307831143996267	0.6653322107688547	0.5579141959104826	0.7241185080714337	0.4509517370165063	0.4930009854828917	0.7877347480591604
239	-66.86347608724955	-13110.69944865933	0.9300661969133059	1.5593572665242486	0.8373635351092951	1.7172511828556334	1.3307831143996267	0.6653322107688547	0.5579141959104826	0.7241185080714337	0.4509517370165063	0.4930009854828917	0.7877347480591604
240	-66.86347608724955	-13110.69944865933	0.9300661969133059	1.5593572665242486	0.8373635351092951	1.7172511828556334	1.3307831143996267	0.6653322107688547	0.5579141959104826	0.7241185080714337	0.4509517370165063	0.4930009854828917	0.7877347480591604
241	-66.86347608724955	-13105.046771897903	0.9300661969133059	1.5593572665242486	0.8373635351092951	1.7172511828556334	1.3307831143996267	0.6653322107688547	0.5579141959104826	0.7241185080714337	0.4509517370165063	0.4930009854828917	0.7877347480591604
242	-66.86347608724955	-13105.046771897903	0.9300661969133059	1.5593572665242486	0.8373635351092951	1.7172511828556334	1.3307831143996267	0.6653322107688547	0.5579141959104826	0.7241185080714337	0.4509517370165063	0.4930009854828917	0.7877347480591604
243	-66.86347608724955	-13105.046771897903	0.9300661969133059	1.5593572665242486	0.8373635351092951	1.7172511828556334	1.3307831143996267	0.6653322107688547	0.5579141959104826	0.7241185080714337	0.4509517370165063	0.4930009854828917	0.7877347480591604
244	-66.86347608724955	-13105.046771897903	0.9300661969133059	1.5593572665242486	0.8373635351092951	1.7172511828556334	1.3307831143996267	0.6653322107688547	0.5579141959104826	0.7241185080714337	0.4509517370165063	0.4930009854828917	0.7877347480591604
245	-66.86347608724955	-13105.046771897903	0.9300661969133059	1.5593572665242486	0.8373635351092951	1.7172511828556334	1.3307831143996267	0.6653322107688547	0.5579141959104826	0.7241185080714337	0.4509517370165063	0.4930009854828917	0.7877347480591604
246	-67.44212805997567	-13105.046771897903	0.7390244570161096	1.9103126983639913	0.7744257307738319	1.6657969818852625	1.3196197943968024	0.6653322107688547	0.5579141959104826	0.7241185080714337	0.4509517370165063	0.4930009854828917	0.7877347480591604
247	-67.44212805997567	-13105.616473845284	0.7390244570161096	1.9103126983639913	0.7744257307738319	1.6657969818852625	1.3196197943968024	0.6653322107688547	0.5579141959104826	0.7241185080714337	0.4509517370165063	0.4930009854828917	0.7877347480591604
248	-67.44212805997567	-13104.081712695668	0.7390244570161096	1.9103126983639913	0.7744257307738319	1.6657969818852625	1.3196197943968024	0.6653322107688547	0.5579141959104826	0.7241185080714337	0.4509517370165063	0.4930009854828917	0.7877347480591604
249	-67.44212805997567	-13104.081712695668	0.7390244570161096	1.9103126983639913	0.7744257307738319	1.6657969818852625	1.3196197943968024	0.6653322107688547	0.5579141959104826	0.7241185080714337	0.4509517370165063	0.4930009854828917	0.7877347480591604
250	-67.44212805997567	-13104.081712695668	0.7390244570161096	1.9103126983639913	0.7744257307738319	1.6657969818852625	1.3196197943968024	0.6653322107688547	0.5579141959104826	0.7241185080714337	0.4509517370165063	0.4930009854828917	0.7877347480591604
251	-67.40728748999595	-12993.011862144102	0.7390244570161096	1.9103126983639913	0.7744257307738319	1.6657969818852625	1.3196197943968024	0.6653322107688547	0.5579141959104826	0.7241185080714337	0.4509517370165063	0.4930009854828917	0.7877347480591604
252	-67.40728748999595	-12985.507509567951	0.7390244570161096	1.9103126983639913	0.7744257307738319	1.6657969818852625	1.3196197943968024	0.6653322107688547	0.5579141959104826	0.7241185080714337	0.4509517370165063	0.4930009854828917	0.7877347480591604
253	-67.28797157802136	-12985.507509567951	0.7390244570161096	1.9103126983639913	0.7744257307738319	1.6657969818852625	1.3196197943968024	0.6653322107688547	0.5579141959104826	0.7241185080714337	0.4509517370165063	0.4930009854828917	0.6868108183121556
254	-67.29141127458347	-12984.953633285513	0.7390244570161096	1.9103126983639913	0.7744257307738319	1.6657969818852625	1.3196197943968024	0.6653322107688547	0.5579141959104826	0.7241185080714337	0.4509517370165063	0.4930009854828917	0.6868108183121556
255	-67.29141127458347	-12982.600388338418	0.7390244570161096	1.9103126983639913	0.7744257307738319	1.6657969818852625	1.3196197943968024	0.6653322107688547	0.5579141959104826	0.7241185080714337	0.4509517370165063	0.4930009854828917	0.6868108183121556
256	-67.29141127458347	-12982.600388338418	0.7390244570161096	1.9103126983639913	0.7744257307738319	1.6657969818852625	1.3196197943968024	0.6653322107688547	0.5579141959104826	0.7241185080714337	0.4509517370165063	0.4930009854828917	0.6868108183121556
257	-67.29141127458347	-12982.600388338418	0.7390244570161096	1.9103126983639913	0.7744257307738319	1.6657969818852625	1.3196197943968024	0.6653322107688547	0.5579141959104826	0.7241185080714337	0.4509517370165063	0.4930009854828917	0.6868108183121556
258	-67.29141127458347	-12982.600388338418	0.7390244570161096	1.9103126983639913	0.7744257307738319	1.6657969818852625	1.3196197943968024	0.6653322107688547	0.5579141959104826	0.7241185080714337	0.4509517370165063	0.4930009854828917	0.6868108183121556
259	-67.29141127458347	-12982.600388338418	0.7390244570161096	1.9103126983639913	0.7744257307738319	1.6657969818852625	1.3196197943968024	0.6653322107688547	0.5579141959104826	0.7241185080714337	0.4509517370165063	0.4930009854828917	0.6868108183121556
260	-67.29141127458347	-12982.600388338418	0.7390244570161096	1.9103126983639913	0.7744257307738319	1.6657969818852625	1.3196197943968024	0.6653322107688547	0.5579141959104826	0.7241185080714337	0.4509517370165063	0.4930009854828917	0.6868108183121556
261	-67.29141127458347	-12982.600388338418	0.7390244570161096	1.9103126983639913	0.7744257307738319	1.6657969818852625	1.3196197943968024	0.6653322107688547	0.5579141959104826	0.7241185080714337	0.4509517370165063	0.4930009854828917	0.6868108183121556
262	-67.30601091481077	-12967.866991102626	0.7390244570161096	1.9103126983639913	0.7744257307738319	1.6657969818852625	1.3196197943968024	0.6653322107688547	0.5579141959104826	0.7241185080714337	0.4509517370165063	0.4930009854828917	0.6868108183121556
263	-67.30601091481077	-12967.866991102626	0.7390244570161096	1.9103126983639913	0.7744257307738319	1.6657969818852625	1.3196197943968024	0.6653322107688547	0.5579141959104826	0.7241185080714337	0.4509517370165063	0.4930009854828917	0.6868108183121556
264	-67.30601091481077	-12967.866991102626	0.7390244570161096	1.9103126983639913	0.7744257307738319	1.6657969818852625	1.3196197943968024	0.6653322107688547	0.5579141959104826	0.7241185080714337	0.4509517370165063	0.4930009854828917	0.6868108183121556
265	-67.30389662565125	-12967.50316952071	0.7390244570161096	1.9103126983639913	0.7744257307738319	1.6657969818852625	1.3196197943968024	0.6653322107688547	0.5579141959104826	0.7241185080714337	0.4509517370165063	0.4930009854828917	0.6868108183121556
266	-67.30389662565125	-12967.50316952071	0.7390244570161096	1.9103126983639913	0.7744257307738319	1.6657969818852625	1.3196197943968024	0.6653322107688547	0.5579141959104826	0.7241185080714337	0.4509517370165063	0.4930009854828917	0.6868108183121556
267	-67.30389662565125	-12967.50316952071	0.7390244570161096	1.9103126983639913	0.7744257307738319	1.6657969818852625	1.3196197943968024	0.6653322107688547	0.5579141959104826	0.7241185080714337	0.4509517370165063	0.4930009854828917	0.6868108183121556
268	-67.30389662565125	-12967.50316952071	0.7390244570161096	1.9103126983639913	0.7744257307738319	1.6657969818852625	1.3196197943968024	0.6653322107688547	0.5579141959104826	0.7241185080714337	0.4509517370165063	0.4930009854828917	0.6868108183121556
269	-67.30389662565125	-12967.50316952071	0.7390244570161096	1.9103126983639913	0.7744257307738319	1.6657969818852625	1.3196197943968024	0.6653322107688547	0.5579141959104826	0.7241185080714337	0.4509517370165063	0.4930009854828917	0.6868108183121556
270	-67.30389662565125	-12967.50316952071	0.7390244570161096	1.9103126983639913	0.7744257307738319	1.6657969818852625	1.3196197943968024	0.6653322107688547	0.5579141959104826	0.7241185080714337	0.4509517370165063	0.4930009854828917	0.6868108183121556
271	-67.30165025538957	-12964.24788867705	0.7390244570161096	1.9103126983639913	0.7744257307738319	1.6657969818852625	1.3196197943968024	0.6653322107688547	0.5579141959104826	0.7241185080714337	0.4509517370165063	0.4930009854828917	0.6868108183121556
272	-67.30165025538957	-12964.24788867705	0.7390244570161096	1.9103126983639913	0.7744257307738319	1.6657969818852625	1.3196197943968024	0.6653322107688547	0.5579141959104826	0.7241185080714337	0.4509517370165063	0.4930009854828917	0.6868108183121556
273	-67.30165025538957	-12964.24788867705	0.7390244570161096	1.9103126983639913	0.7744257307738319	1.6657969818852625	1.3196197943968024	0.6653322107688547	0.5579141959104826	0.7241185080714337	0.4509517370165063	0.4930009854828917	0.6868108183121556
274	-67.30165025538957	-12963.81783744533	0.7390244570161096	1.9103126983639913	0.7744257307738319	1.6657969818852625	1.3196197943968024	0.6653322107688547	0.5579141959104826	0.7241185080714337	0.4509517370165063	0.4930009854828917	0.6868108183121556
275	-67.30165025538957	-12963.81783744533	0.7390244570161096	1.9103126983639913	0.7744257307738319	1.6657969818852625	1.3196197943968024	0.6653322107688547	0.5579141959104826	0.7241185080714337	0.4509517370165063	0.4930009854828917	0.6868108183121556
276	-67.30165025538957	-12963.81783744533	0.7390244570161096	1.9103126983639913	0.7744257307738319	1.6657969818852625	1.3196197943968024	0.6653322107688547	0.5579141959104826	0.7241185080714337	0.4509517370165063	0.4930009854828917	0.6868108183121556
277	-67.30165025538957	-12963.81783744533	0.7390244570161096	1.9103126983639913	0.7744257307738319	1.6657969818852625	1.3196197943968024	0.6653322107688547	0.5579141959104826	0.7241185080714337	0.4509517370165063	0.4930009854828917	0.6868108183121556
278	-67.30165025538957	-12963.81783744533	0.7390244570161096	1.9103126983639913	0.7744257307738319	1.6657969818852625	1.3196197943968024	0.6653322107688547	0.5579141959104826	0.7241185080714337	0.4509517370165063	0.4930009854828917	0.6868108183121556
279	-67.30103159358842	-12964.009201780467	0.7390244570161096	1.9103126983639913	0.7744257307738319	1.6657969818852625	1.3196197943968024	0.6653322107688547	0.5579141959104826	0.7241185080714337	0.4509517370165063	0.4930009854828917	0.6868108183121556
280	-67.30103159358842	-12947.934533386078	0.7390244570161096	1.9103126983639913	0.7744257307738319	1.6657969818852625	1.3196197943968024	0.6653322107688547	0.5579141959104826	0.7241185080714337	0.4509517370165063	0.4930009854828917	0.6868108183121556
281	-67.30103159358842	-12947.934533386078	0.7390244570161096	1.9103126983639913	0.7744257307738319	1.6657969818852625	1.3196197943968024	0.6653322107688547	0.5579141959104826	0.7241185080714337	0.4509517370165063	0.4930009854828917	0.6868108183121556
282	-67.30103159358842	-12935.188562958747	0.7390244570161096	1.9103126983639913	0.7744257307738319	1.6657969818852625	1.3196197943968024	0.6653322107688547	0.5579141959104826	0.7241185080714337	0.4509517370165063	0.4930009854828917	0.6868108183121556
283	-67.30103159358842	-12935.188562958747	0.7390244570161096	1.9103126983639913	0.7744257307738319	1.6657969818852625	1.3196197943968024	0.6653322107688547	0.5579141959104826	0.7241185080714337	0.4509517370165063	0.4930009854828917	0.6868108183121556
284	-67.30103159358842	-12935.188562958747	0.7390244570161096	1.9103126983639913	0.7744257307738319	1.6657969818852625	1.3196197943968024	0.6653322107688547	0.5579141959104826	0.7241185080714337	0.4509517370165063	0.4930009854828917	0.6868108183121556
285	-67.30103159358842	-12898.707575591827	0.7390244570161096	1.9103126983639913	0.7744257307738319	1.6657969818852625	1.3196197943968024	0.6653322107688547	0.5579141959104826	0.7241185080714337	0.4509517370165063	0.4930009854828917	0.6868108183121556
286	-67.30103159358842	-12898.707575591827	0.7390244570161096	1.9103126983639913	0.7744257307738319	1.6657969818852625	1.3196197943968024	0.6653322107688547	0.5579141959104826	0.7241185080714337	0.4509517370165063	0.4930009854828917	0.6868108183121556
287	-67.30103159358842	-12898.707575591827	0.7390244570161096	1.9103126983639913	0.7744257307738319	1.6657969818852625	1.3196197943968024	0.6653322107688547	0.5579141959104826	0.7241185080714337	0.4509517370165063	0.4930009854828917	0.6868108183121556
288	-67.30103159358842	-12898.707575591827	0.7390244570161096	1.9103126983639913	0.7744257307738319	1.6657969818852625	1.3196197943968024	0.6653322107688547	0.5579141959104826	0.7241185080714337	0.4509517370165063	0.4930009854828917	0.6868108183121556
289	-67.30103159358842	-12893.164321711705	0.7390244570161096	1.9103126983639913	0.7744257307738319	1.6657969818852625	1.3196197943968024	0.6653322107688547	0.5579141959104826	0.7241185080714337	0.4509517370165063	0.4930009854828917	0.6868108183121556
290	-67.30103159358842	-12893.164321711705	0.7390244570161096	1.9103126983639913	0.7744257307738319	1.6657969818852625	1.3196197943968024	0.6653322107688547	0.5579141959104826	0.7241185080714337	0.4509517370165063	0.4930009854828917	0.6868108183121556
291	-67.30103159358842	-12893.164321711705	0.7390244570161096	1.9103126983639913	0.7744257307738319	1.6657969818852625	1.3196197943968024	0.6653322107688547	0.5579141959104826	0.7241185080714337	0.4509517370165063	0.4930009854828917	0.6868108183121556
292	-67.24073359476043	-12876.899675448902	0.7390244570161096	1.9103126983639913	0.7744257307738319	1.6657969818852625	1.3196197943968024	0.6653322107688547	0.5579141959104826	0.7241185080714337	0.4509517370165063	0.4930009854828917	0.6868108183121556
293	-67.24073359476043	-12876.899675448902	0.7390244570161096	1.9103126983639913	0.7744257307738319	1.6657969818852625	1.3196197943968024	0.6653322107688547	0.5579141959104826	0.7241185080714337	0.4509517370165063	0.4930009854828917	0.6868108183121556
294	-67.24073359476043	-12876.899675448902	0.7390244570161096	1.9103126983639913	0.7744257307738319	1.6657969818852625	1.3196197943968024	0.6653322107688547	0.5579141959104826	0.7241185080714337	0.4509517370165063	0.4930009854828917	0.6868108183121556
295	-67.24073359476043	-12876.899675448902	0.7390244570161096	1.9103126983639913	0.7744257307738319	1.6657969818852625	1.3196197943968024	0.6653322107688547	0.5579141959104826	0.7241185080714337	0.4509517370165063	0.4930009854828917	0.6868108183121556
296	-67.24073359476043	-12876.899675448902	0.7390244570161096	1.9103126983639913	0.7744257307738319	1.6657969818852625	1.3196197943968024	0.6653322107688547	0.5579141959104826	0.7241185080714337	0.4509517370165063	0.4930009854828917	0.6868108183121556
297	-67.24073359476043	-12876.899675448902	0.7390244570161096	1.9103126983639913	0.7744257307738319	1.6657969818852625	1.3196197943968024	0.6653322107688547	0.5579141959104826	0.7241185080714337	0.4509517370165063	0.4930009854828917	0.6868108183121556
298	-67.27927817481692	-12861.880777149188	0.7390244570161096	1.9103126983639913	0.7744257307738319	1.6657969818852625	1.3196197943968024	0.6653322107688547	0.5579141959104826	0.7241185080714337	0.4509517370165063	0.4930009854828917	0.6868108183121556
299	-67.27927817481692	-12861.880777149188	0.7390244570161096	1.9103126983639913	0.7744257307738319	1.6657969818852625	1.3196197943968024	0.6653322107688547	0.5579141959104826	0.7241185080714337	0.4509517370165063	0.4930009854828917	0.6868108183121556
300	-67.27927817481692	-12863.029393358624	0.7390244570161096	1.9103126983639913	0.7744257307738319	1.6657969818852625	1.3196197943968024	0.6653322107688547	0.5579141959104826	0.7241185080714337	0.4509517370165063	0.4930009854828917	0.6868108183121556
301	-67.27927817481692	-12863.029393358624	0.7390244570161096	1.9103126983639913	0.7744257307738319	1.6657969818852625	1.3196197943968024	0.6653322107688547	0.5579141959104826	0.7241185080714337	0.4509517370165063	0.4930009854828917	0.6868108183121556
302	-67.27927817481692	-12863.029393358624	0.7390244570161096	1.9103126983639913	0.7744257307738319	1.6657969818852625	1.3196197943968024	0.6653322107688547	0.5579141959104826	0.7241185080714337	0.4509517370165063	0.4930009854828917	0.6868108183121556
303	-67.27429573573036	-12858.815198018096	0.7390244570161096	1.9103126983639913	0.7744257307738319	1.6657969818852625	1.3196197943968024	0.6653322107688547	0.5579141959104826	0.7241185080714337	0.4509517370165063	0.4930009854828917	0.6868108183121556
304	-67.27429573573036	-12858.815198018096	0.7390244570161096	1.9103126983639913	0.7744257307738319	1.6657969818852625	1.3196197943968024	0.6653322107688547	0.5579141959104826	0.7241185080714337	0.4509517370165063	0.4930009854828917	0.6868108183121556
305	-67.46254949910035	-12858.815198018096	0.7390244570161096	1.9103126983639913	0.7744257307738319	1.6657969818852625	1.3196197943968024	0.6653322107688547	0.5579141959104826	0.7241185080714337	0.4509517370165063	0.4930009854828917	0.8487806229173116
306	-67.46254949910035	-12858.709214245833	0.7390244570161096	1.9103126983639913	0.7744257307738319	1.6657969818852625	1.3196197943968024	0.6653322107688547	0.5579141959104826	0.7241185080714337	0.4509517370165063	0.4930009854828917	0.8487806229173116
307	-67.45290757319577	-12712.430545301924	0.7390244570161096	1.9103126983639913	0.7744257307738319	1.6657969818852625	1.3196197943968024	0.6653322107688547	0.5579141959104826	0.7241185080714337	0.4509517370165063	0.4930009854828917	0.8487806229173116
308	-67.45290757319577	-12712.430545301924	0.7390244570161096	1.9103126983639913	0.7744257307738319	1.6657969818852625	1.3196197943968024	0.6653322107688547	0.5579141959104826	0.7241185080714337	0.4509517370165063	0.4930009854828917	0.8487806229173116
309	-67.45290757319577	-12712.430545301924	0.7390244570161096	1.9103126983639913	0.7744257307738319	1.6657969818852625	1.3196197943968024	0.6653322107688547	0.5579141959104826	0.7241185080714337	0.4509517370165063	0.4930009854828917	0.8487806229173116
310	-67.45290757319577	-12712.430545301924	0.7390244570161096	1.9103126983639913	0.7744257307738319	1.6657969818852625	1.3196197943968024	0.6653322107688547	0.5579141959104826	0.7241185080714337	0.4509517370165063	0.4930009854828917	0.8487806229173116
311	-67.45290757319577	-12712.430545301924	0.7390244570161096	1.9103126983639913	0.7744257307738319	1.6657969818852625	1.3196197943968024	0.6653322107688547	0.5579141959104826	0.7241185080714337	0.4509517370165063	0.4930009854828917	0.8487806229173116
312	-67.45290757319577	-12712.430545301924	0.7390244570161096	1.9103126983639913	0.7744257307738319	1.6657969818852625	1.3196197943968024	0.6653322107688547	0.5579141959104826	0.7241185080714337	0.4509517370165063	0.4930009854828917	0.8487806229173116
313	-67.45290757319577	-12712.430545301924	0.7390244570161096	1.9103126983639913	0.7744257307738319	1.6657969818852625	1.3196197943968024	0.6653322107688547	0.5579141959104826	0.7241185080714337	0.4509517370165063	0.4930009854828917	0.8487806229173116
314	-67.45290757319577	-12712.430545301924	0.7390244570161096	1.9103126983639913	0.7744257307738319	1.6657969818852625	1.3196197943968024	0.6653322107688547	0.5579141959104826	0.7241185080714337	0.4509517370165063	0.4930009854828917	0.8487806229173116
315	-67.45290757319577	-12712.430545301924	0.7390244570161096	1.9103126983639913	0.7744257307738319	1.6657969818852625	1.3196197943968024	0.6653322107688547	0.5579141959104826	0.7241185080714337	0.4509517370165063	0.4930009854828917	0.8487806229173116
316	-67.45290757319577	-12712.430545301924	0.7390244570161096	1.9103126983639913	0.7744257307738319	1.6657969818852625	1.3196197943968024	0.6653322107688547	0.5579141959104826	0.7241185080714337	0.4509517370165063	0.4930009854828917	0.8487806229173116
317	-67.45290757319577	-12712.430545301924	0.7390244570161096	1.9103126983639913	0.7744257307738319	1.6657969818852625	1.3196197943968024	0.6653322107688547	0.5579141959104826	0.7241185080714337	0.4509517370165063	0.4930009854828917	0.8487806229173116
318	-67.3696702334389	-12633.90856940222	0.7390244570161096	1.9103126983639913	0.7744257307738319	1.6657969818852625	1.3196197943968024	0.6653322107688547	0.5579141959104826	0.7241185080714337	0.4509517370165063	0.4930009854828917	0.8487806229173116
319	-67.36929476481447	-12633.509206900151	0.7390244570161096	1.9103126983639913	0.7744257307738319	1.6657969818852625	1.3196197943968024	0.6653322107688547	0.5579141959104826	0.7241185080714337	0.4509517370165063	0.4930009854828917	0.8487806229173116
320	-67.36929476481447	-12634.20948369733	0.7390244570161096	1.9103126983639913	0.7744257307738319	1.6657969818852625	1.3196197943968024	0.6653322107688547	0.5579141959104826	0.7241185080714337	0.4509517370165063	0.4930009854828917	0.8487806229173116
321	-67.33577833826536	-12633.83259696864	0.7390244570161096	1.9103126983639913	0.7744257307738319	1.6657969818852625	1.3196197943968024	0.6653322107688547	0.5579141959104826	0.7241185080714337	0.4509517370165063	0.4930009854828917	0.8487806229173116
322	-67.33577833826536	-12633.83259696864	0.7390244570161096	1.9103126983639913	0.7744257307738319	1.6657969818852625	1.3196197943968024	0.6653322107688547	0.5579141959104826	0.7241185080714337	0.4509517370165063	0.4930009854828917	0.8487806229173116
323	-67.33577833826536	-12633.83259696864	0.7390244570161096	1.9103126983639913	0.7744257307738319	1.6657969818852625	1.3196197943968024	0.6653322107688547	0.5579141959104826	0.7241185080714337	0.4509517370165063	0.4930009854828917	0.8487806229173116
324	-67.33577833826536	-12633.83259696864	0.7390244570161096	1.9103126983639913	0.7744257307738319	1.6657969818852625	1.3196197943968024	0.6653322107688547	0.5579141959104826	0.7241185080714337	0.4509517370165063	0.4930009854828917	0.8487806229173116
325	-67.33577833826536	-12633.83259696864	0.7390244570161096	1.9103126983639913	0.7744257307738319	1.6657969818852625	1.3196197943968024	0.6653322107688547	0.5579141959104826	0.7241185080714337	0.4509517370165063	0.4930009854828917	0.8487806229173116
326	-67.34386570836304	-12518.800399365755	0.7390244570161096	1.9103126983639913	0.7744257307738319	1.6657969818852625	1.3196197943968024	0.6653322107688547	0.5579141959104826	0.7241185080714337	0.4509517370165063	0.4930009854828917	0.8487806229173116
327	-67.34386570836304	-12518.800399365755	0.7390244570161096	1.9103126983639913	0.7744257307738319	1.6657969818852625	1.3196197943968024	0.6653322107688547	0.5579141959104826	0.7241185080714337	0.4509517370165063	0.4930009854828917	0.8487806229173116
328	-67.34386570836304	-12518.800399365755	0.7390244570161096	1.9103126983639913	0.7744257307738319	1.6657969818852625	1.3196197943968024	0.6653322107688547	0.5579141959104826	0.7241185080714337	0.4509517370165063	0.4930009854828917	0.8487806229173116
329	-67.34386570836304	-12518.800399365755	0.7390244570161096	1.9103126983639913	0.7744257307738319	1.6657969818852625	1.3196197943968024	0.6653322107688547	0.5579141959104826	0.7241185080714337	0.4509517370165063	0.4930009854828917	0.8487806229173116
330	-67.34386570836304	-12515.262336941745	0.7390244570161096	1.9103126983639913	0.7744257307738319	1.6657969818852625	1.3196197943968024	0.6653322107688547	0.5579141959104826	0.7241185080714337	0.4509517370165063	0.4930009854828917	0.8487806229173116
331	-67.34386570836304	-12515.262336941745	0.7390244570161096	1.9103126983639913	0.7744257307738319	1.6657969818852625	1.3196197943968024	0.6653322107688547	0.5579141959104826	0.7241185080714337	0.4509517370165063	0.4930009854828917	0.8487806229173116
332	-67.35588664872611	-12517.858504608002	0.7390244570161096	1.9103126983639913	0.7744257307738319	1.6657969818852625	1.3196197943968024	0.6653322107688547	0.5579141959104826	0.7241185080714337	0.4509517370165063	0.4930009854828917	0.8487806229173116
333	-67.33704169366374	-12513.206760399431	0.7390244570161096	1.9103126983639913	0.7744257307738319	1.6657969818852625	1.3196197943968024	0.6653322107688547	0.5579141959104826	0.7241185080714337	0.4509517370165063	0.4930009854828917	0.8487806229173116
334	-67.34056474274874	-12471.600317434211	0.7390244570161096	1.9103126983639913	0.7744257307738319	1.6657969818852625	1.3196197943968024	0.6653322107688547	0.5579141959104826	0.7241185080714337	0.4509517370165063	0.4930009854828917	0.8487806229173116
335	-67.34056474274874	-12461.402298681322	0.7390244570161096	1.9103126983639913	0.7744257307738319	1.6657969818852625	1.3196197943968024	0.6653322107688547	0.5579141959104826	0.7241185080714337	0.4509517370165063	0.4930009854828917	0.8487806229173116
336	-67.34056474274874	-12461.402298681322	0.7390244570161096	1.9103126983639913	0.7744257307738319	1.6657969818852625	1.3196197943968024	0.6653322107688547	0.5579141959104826	0.7241185080714337	0.4509517370165063	0.4930009854828917	0.8487806229173116
337	-67.34056474274874	-12461.402298681322	0.7390244570161096	1.9103126983639913	0.7744257307738319	1.6657969818852625	1.3196197943968024	0.6653322107688547	0.5579141959104826	0.7241185080714337	0.4509517370165063	0.4930009854828917	0.8487806229173116
338	-67.34056474274874	-12461.402298681322	0.7390244570161096	1.9103126983639913	0.7744257307738319	1.6657969818852625	1.3196197943968024	0.6653322107688547	0.5579141959104826	0.7241185080714337	0.4509517370165063	0.4930009854828917	0.8487806229173116
339	-67.34056474274874	-12461.402298681322	0.7390244570161096	1.9103126983639913	0.7744257307738319	1.6657969818852625	1.3196197943968024	0.6653322107688547	0.5579141959104826	0.7241185080714337	0.4509517370165063	0.4930009854828917	0.8487806229173116
340	-67.34056474274874	-12459.992741037602	0.7390244570161096	1.9103126983639913	0.7744257307738319	1.6657969818852625	1.3196197943968024	0.6653322107688547	0.5579141959104826	0.7241185080714337	0.4509517370165063	0.4930009854828917	0.8487806229173116
341	-67.34056474274874	-12459.992741037602	0.7390244570161096	1.9103126983639913	0.7744257307738319	1.6657969818852625	1.3196197943968024	0.6653322107688547	0.5579141959104826	0.7241185080714337	0.4509517370165063	0.4930009854828917	0.8487806229173116
342	-67.34056474274874	-12459.992741037602	0.7390244570161096	1.9103126983639913	0.7744257307738319	1.6657969818852625	1.3196197943968024	0.6653322107688547	0.5579141959104826	0.7241185080714337	0.4509517370165063	0.4930009854828917	0.8487806229173116
343	-67.34056474274874	-12459.992741037602	0.7390244570161096	1.9103126983639913	0.7744257307738319	1.6657969818852625	1.3196197943968024	0.6653322107688547	0.5579141959104826	0.7241185080714337	0.4509517370165063	0.4930009854828917	0.8487806229173116
344	-67.34056474274874	-12459.992741037602	0.7390244570161096	1.9103126983639913	0.7744257307738319	1.6657969818852625	1.3196197943968024	0.6653322107688547	0.5579141959104826	0.7241185080714337	0.4509517370165063	0.4930009854828917	0.8487806229173116
345	-67.34056474274874	-12459.618527617737	0.7390244570161096	1.9103126983639913	0.7744257307738319	1.6657969818852625	1.3196197943968024	0.6653322107688547	0.5579141959104826	0.7241185080714337	0.4509517370165063	0.4930009854828917	0.8487806229173116
346	-67.29751500217715	-12446.163315340507	0.7390244570161096	1.9103126983639913	0.7744257307738319	1.6657969818852625	1.3196197943968024	0.6653322107688547	0.5579141959104826	0.7241185080714337	0.4509517370165063	0.4930009854828917	0.8487806229173116
347	-67.03332917162933	-12446.163315340507	0.7390244570161096	1.9103126983639913	0.7744257307738319	1.6657969818852625	1.3196197943968024	0.5593485173964381	0.5144765498897744	0.753265428951647	0.4384306565098771	0.4498694815319115	0.8487806229173116
348	-67.03332917162933	-12446.163315340507	0.7390244570161096	1.9103126983639913	0.7744257307738319	1.6657969818852625	1.3196197943968024	0.5593485173964381	0.5144765498897744	0.753265428951647	0.4384306565098771	0.4498694815319115	0.8487806229173116
349	-67.03332917162933	-12446.163315340507	0.7390244570161096	1.9103126983639913	0.7744257307738319	1.6657969818852625	1.3196197943968024	0.5593485173964381	0.5144765498897744	0.753265428951647	0.4384306565098771	0.4498694815319115	0.8487806229173116
350	-67.03332917162933	-12446.163315340507	0.7390244570161096	1.9103126983639913	0.7744257307738319	1.6657969818852625	1.3196197943968024	0.5593485173964381	0.5144765498897744	0.753265428951647	0.4384306565098771	0.4498694815319115	0.8487806229173116
351	-67.03332917162933	-12446.163315340507	0.7390244570161096	1.9103126983639913	0.7744257307738319	1.6657969818852625	1.3196197943968024	0.5593485173964381	0.5144765498897744	0.753265428951647	0.4384306565098771	0.4498694815319115	0.8487806229173116
352	-67.03332917162933	-12446.163315340507	0.7390244570161096	1.9103126983639913	0.7744257307738319	1.6657969818852625	1.3196197943968024	0.5593485173964381	0.5144765498897744	0.753265428951647	0.4384306565098771	0.4498694815319115	0.8487806229173116
353	-67.03332917162933	-12446.163315340507	0.7390244570161096	1.9103126983639913	0.7744257307738319	1.6657969818852625	1.3196197943968024	0.5593485173964381	0.5144765498897744	0.753265428951647	0.4384306565098771	0.4498694815319115	0.8487806229173116
354	-67.00129427131799	-12287.649725614378	0.7390244570161096	1.9103126983639913	0.7744257307738319	1.6657969818852625	1.3196197943968024	0.5593485173964381	0.5144765498897744	0.753265428951647	0.4384306565098771	0.4498694815319115	0.8487806229173116
355	-67.00129427131799	-12287.649725614378	0.7390244570161096	1.9103126983639913	0.7744257307738319	1.6657969818852625	1.3196197943968024	0.5593485173964381	0.5144765498897744	0.753265428951647	0.4384306565098771	0.4498694815319115	0.8487806229173116
356	-67.00129427131799	-12286.03013560483	0.7390244570161096	1.9103126983639913	0.7744257307738319	1.6657969818852625	1.3196197943968024	0.5593485173964381	0.5144765498897744	0.753265428951647	0.4384306565098771	0.4498694815319115	0.8487806229173116
357	-67.00129427131799	-12286.03013560483	0.7390244570161096	1.9103126983639913	0.7744257307738319	1.6657969818852625	1.3196197943968024	0.5593485173964381	0.5144765498897744	0.753265428951647	0.4384306565098771	0.4498694815319115	0.8487806229173116
358	-67.00129427131799	-12286.03013560483	0.7390244570161096	1.9103126983639913	0.7744257307738319	1.6657969818852625	1.3196197943968024	0.5593485173964381	0.5144765498897744	0.753265428951647	0.4384306565098771	0.4498694815319115	0.8487806229173116
359	-67.00129427131799	-12287.878709286213	0.7390244570161096	1.9103126983639913	0.7744257307738319	1.6657969818852625	1.3196197943968024	0.5593485173964381	0.5144765498897744	0.753265428951647	0.4384306565098771	0.4498694815319115	0.8487806229173116
360	-67.00129427131799	-12284.989410746999	0.7390244570161096	1.9103126983639913	0.7744257307738319	1.6657969818852625	1.3196197943968024	0.5593485173964381	0.5144765498897744	0.753265428951647	0.4384306565098771	0.4498694815319115	0.8487806229173116
361	-67.00129427131799	-12280.179907780162	0.7390244570161096	1.9103126983639913	0.7744257307738319	1.6657969818852625	1.3196197943968024	0.5593485173964381	0.5144765498897744	0.753265428951647	0.4384306565098771	0.4498694815319115	0.8487806229173116
362	-67.00129427131799	-12278.537602091545	0.7390244570161096	1.9103126983639913	0.7744257307738319	1.6657969818852625	1.3196197943968024	0.5593485173964381	0.5144765498897744	0.753265428951647	0.4384306565098771	0.4498694815319115	0.8487806229173116
363	-67.00129427131799	-12278.537602091545	0.7390244570161096	1.9103126983639913	0.7744257307738319	1.6657969818852625	1.3196197943968024	0.5593485173964381	0.5144765498897744	0.753265428951647	0.4384306565098771	0.4498694815319115	0.8487806229173116
364	-67.00129427131799	-12278.537602091545	0.7390244570161096	1.9103126983639913	0.7744257307738319	1.6657969818852625	1.3196197943968024	0.5593485173964381	0.5144765498897744	0.753265428951647	0.4384306565098771	0.4498694815319115	0.8487806229173116
365	-67.00129427131799	-12278.537602091545	0.7390244570161096	1.9103126983639913	0.7744257307738319	1.6657969818852625	1.3196197943968024	0.5593485173964381	0.5144765498897744	0.753265428951647	0.4384306565098771	0.4498694815319115	0.8487806229173116
366	-66.99965117765754	-12243.169842892963	0.7390244570161096	1.9103126983639913	0.7744257307738319	1.6657969818852625	1.3196197943968024	0.5593485173964381	0.5144765498897744	0.753265428951647	0.4384306565098771	0.4498694815319115	0.8487806229173116
367	-66.99965117765754	-12243.169842892963	0.7390244570161096	1.9103126983639913	0.7744257307738319	1.6657969818852625	1.3196197943968024	0.5593485173964381	0.5144765498897744	0.753265428951647	0.4384306565098771	0.4498694815319115	0.8487806229173116
368	-66.99965117765754	-12243.169842892963	0.7390244570161096	1.9103126983639913	0.7744257307738319	1.6657969818852625	1.3196197943968024	0.5593485173964381	0.5144765498897744	0.753265428951647	0.4384306565098771	0.4498694815319115	0.8487806229173116
369	-66.99965117765754	-12243.169842892963	0.7390244570161096	1.9103126983639913	0.7744257307738319	1.6657969818852625	1.3196197943968024	0.5593485173964381	0.5144765498897744	0.753265428951647	0.4384306565098771	0.4498694815319115	0.8487806229173116
370	-66.99965117765754	-12243.169842892963	0.7390244570161096	1.9103126983639913	0.7744257307738319	1.6657969818852625	1.3196197943968024	0.5593485173964381	0.5144765498897744	0.753265428951647	0.4384306565098771	0.4498694815319115	0.8487806229173116
371	-66.99965117765754	-12243.169842892963	0.7390244570161096	1.9103126983639913	0.7744257307738319	1.6657969818852625	1.3196197943968024	0.5593485173964381	0.5144765498897744	0.753265428951647	0.4384306565098771	0.4498694815319115	0.8487806229173116
372	-66.99965117765754	-12243.169842892963	0.7390244570161096	1.9103126983639913	0.7744257307738319	1.6657969818852625	1.3196197943968024	0.5593485173964381	0.5144765498897744	0.753265428951647	0.4384306565098771	0.4498694815319115	0.8487806229173116
373	-66.99965117765754	-12185.586186269882	0.7390244570161096	1.9103126983639913	0.7744257307738319	1.6657969818852625	1.3196197943968024	0.5593485173964381	0.5144765498897744	0.753265428951647	0.4384306565098771	0.4498694815319115	0.8487806229173116
374	-66.99965117765754	-12185.586186269882	0.7390244570161096	1.9103126983639913	0.7744257307738319	1.6657969818852625	1.3196197943968024	0.5593485173964381	0.5144765498897744	0.753265428951647	0.4384306565098771	0.4498694815319115	0.8487806229173116
375	-66.99965117765754	-12181.642187306012	0.7390244570161096	1.9103126983639913	0.7744257307738319	1.6657969818852625	1.3196197943968024	0.5593485173964381	0.5144765498897744	0.753265428951647	0.4384306565098771	0.4498694815319115	0.8487806229173116
376	-66.99965117765754	-12181.642187306012	0.7390244570161096	1.9103126983639913	0.7744257307738319	1.6657969818852625	1.3196197943968024	0.5593485173964381	0.5144765498897744	0.753265428951647	0.4384306565098771	0.4498694815319115	0.8487806229173116
377	-66.99965117765754	-12181.642187306012	0.7390244570161096	1.9103126983639913	0.7744257307738319	1.6657969818852625	1.3196197943968024	0.5593485173964381	0.5144765498897744	0.753265428951647	0.4384306565098771	0.4498694815319115	0.8487806229173116
378	-66.99965117765754	-12181.00271882474	0.7390244570161096	1.9103126983639913	0.7744257307738319	1.6657969818852625	1.3196197943968024	0.5593485173964381	0.5144765498897744	0.753265428951647	0.4384306565098771	0.4498694815319115	0.8487806229173116
379	-66.99965117765754	-12181.00271882474	0.7390244570161096	1.9103126983639913	0.7744257307738319	1.6657969818852625	1.3196197943968024	0.5593485173964381	0.5144765498897744	0.753265428951647	0.4384306565098771	0.4498694815319115	0.8487806229173116
380	-66.99965117765754	-12181.00271882474	0.7390244570161096	1.9103126983639913	0.7744257307738319	1.6657969818852625	1.3196197943968024	0.5593485173964381	0.5144765498897744	0.753265428951647	0.4384306565098771	0.4498694815319115	0.8487806229173116
381	-66.99965117765754	-12180.7639763406	0.7390244570161096	1.9103126983639913	0.7744257307738319	1.6657969818852625	1.3196197943968024	0.5593485173964381	0.5144765498897744	0.753265428951647	0.4384306565098771	0.4498694815319115	0.8487806229173116
382	-66.99965117765754	-12180.7639763406	0.7390244570161096	1.9103126983639913	0.7744257307738319	1.6657969818852625	1.3196197943968024	0.5593485173964381	0.5144765498897744	0.753265428951647	0.4384306565098771	0.4498694815319115	0.8487806229173116
383	-66.99965117765754	-12180.7639763406	0.7390244570161096	1.9103126983639913	0.7744257307738319	1.6657969818852625	1.3196197943968024	0.5593485173964381	0.5144765498897744	0.753265428951647	0.4384306565098771	0.4498694815319115	0.8487806229173116
384	-66.99965117765754	-12180.7639763406	0.7390244570161096	1.9103126983639913	0.7744257307738319	1.6657969818852625	1.3196197943968024	0.5593485173964381	0.5144765498897744	0.753265428951647	0.4384306565098771	0.4498694815319115	0.8487806229173116
385	-66.99965117765754	-12180.7639763406	0.7390244570161096	1.9103126983639913	0.7744257307738319	1.6657969818852625	1.3196197943968024	0.5593485173964381	0.5144765498897744	0.753265428951647	0.4384306565098771	0.4498694815319115	0.8487806229173116
386	-66.99965117765754	-12166.813080043377	0.7390244570161096	1.9103126983639913	0.7744257307738319	1.6657969818852625	1.3196197943968024	0.5593485173964381	0.5144765498897744	0.753265428951647	0.4384306565098771	0.4498694815319115	0.8487806229173116
387	-66.99965117765754	-12164.995607600064	0.7390244570161096	1.9103126983639913	0.7744257307738319	1.6657969818852625	1.3196197943968024	0.5593485173964381	0.5144765498897744	0.753265428951647	0.4384306565098771	0.4498694815319115	0.8487806229173116
388	-66.99965117765754	-12154.300652237338	0.7390244570161096	1.9103126983639913	0.7744257307738319	1.6657969818852625	1.3196197943968024	0.5593485173964381	0.5144765498897744	0.753265428951647	0.4384306565098771	0.4498694815319115	0.8487806229173116
389	-66.99965117765754	-12154.300652237338	0.7390244570161096	1.9103126983639913	0.7744257307738319	1.6657969818852625	1.3196197943968024	0.5593485173964381	0.5144765498897744	0.753265428951647	0.4384306565098771	0.4498694815319115	0.8487806229173116
390	-66.99965117765754	-12154.300652237338	0.7390244570161096	1.9103126983639913	0.7744257307738319	1.6657969818852625	1.3196197943968024	0.5593485173964381	0.5144765498897744	0.753265428951647	0.4384306565098771	0.4498694815319115	0.8487806229173116
391	-66.99965117765754	-12154.300652237338	0.7390244570161096	1.9103126983639913	0.7744257307738319	1.6657969818852625	1.3196197943968024	0.5593485173964381	0.5144765498897744	0.753265428951647	0.4384306565098771	0.4498694815319115	0.8487806229173116
392	-66.99965117765754	-12154.061699381551	0.7390244570161096	1.9103126983639913	0.7744257307738319	1.6657969818852625	1.3196197943968024	0.5593485173964381	0.5144765498897744	0.753265428951647	0.4384306565098771	0.4498694815319115	0.8487806229173116
393	-67.01165205722603	-12146.294523669263	0.7390244570161096	1.9103126983639913	0.7744257307738319	1.6657969818852625	1.3196197943968024	0.5593485173964381	0.5144765498897744	0.753265428951647	0.4384306565098771	0.4498694815319115	0.8487806229173116
394	-67.01165205722603	-12146.294523669263	0.7390244570161096	1.9103126983639913	0.7744257307738319	1.6657969818852625	1.3196197943968024	0.5593485173964381	0.5144765498897744	0.753265428951647	0.4384306565098771	0.4498694815319115	0.8487806229173116
395	-67.01165205722603	-12146.294523669263	0.7390244570161096	1.9103126983639913	0.7744257307738319	1.6657969818852625	1.3196197943968024	0.5593485173964381	0.5144765498897744	0.753265428951647	0.4384306565098771	0.4498694815319115	0.8487806229173116
396	-67.01165205722603	-12146.294523669263	0.7390244570161096	1.9103126983639913	0.7744257307738319	1.6657969818852625	1.3196197943968024	0.5593485173964381	0.5144765498897744	0.753265428951647	0.4384306565098771	0.4498694815319115	0.8487806229173116
397	-67.01165205722603	-12146.294523669263	0.7390244570161096	1.9103126983639913	0.7744257307738319	1.6657969818852625	1.3196197943968024	0.5593485173964381	0.5144765498897744	0.753265428951647	0.4384306565098771	0.4498694815319115	0.8487806229173116
398	-67.01165205722603	-12139.3990782185	0.7390244570161096	1.9103126983639913	0.7744257307738319	1.6657969818852625	1.3196197943968024	0.5593485173964381	0.5144765498897744	0.753265428951647	0.4384306565098771	0.4498694815319115	0.8487806229173116
399	-67.01165205722603	-12127.749414782926	0.7390244570161096	1.9103126983639913	0.7744257307738319	1.6657969818852625	1.3196197943968024	0.5593485173964381	0.5144765498897744	0.753265428951647	0.4384306565098771	0.4498694815319115	0.8487806229173116
400	-67.00817598342172	-12107.862775452722	0.7390244570161096	1.9103126983639913	0.7744257307738319	1.6657969818852625	1.3196197943968024	0.5593485173964381	0.5144765498897744	0.753265428951647	0.4384306565098771	0.4498694815319115	0.8487806229173116
401	-67.00817598342172	-12104.721314939274	0.7390244570161096	1.9103126983639913	0.7744257307738319	1.6657969818852625	1.3196197943968024	0.5593485173964381	0.5144765498897744	0.753265428951647	0.4384306565098771	0.4498694815319115	0.8487806229173116
402	-67.00817598342172	-12104.721314939274	0.7390244570161096	1.9103126983639913	0.7744257307738319	1.6657969818852625	1.3196197943968024	0.5593485173964381	0.5144765498897744	0.753265428951647	0.4384306565098771	0.4498694815319115	0.8487806229173116
403	-67.00833466981851	-12104.792140736923	0.7390244570161096	1.9103126983639913	0.7744257307738319	1.6657969818852625	1.3196197943968024	0.5593485173964381	0.5144765498897744	0.753265428951647	0.4384306565098771	0.4498694815319115	0.8487806229173116
404	-67.00833466981851	-12104.792140736923	0.7390244570161096	1.9103126983639913	0.7744257307738319	1.6657969818852625	1.3196197943968024	0.5593485173964381	0.5144765498897744	0.753265428951647	0.4384306565098771	0.4498694815319115	0.8487806229173116
405	-67.00833466981851	-12102.760479509463	0.7390244570161096	1.9103126983639913	0.7744257307738319	1.6657969818852625	1.3196197943968024	0.5593485173964381	0.5144765498897744	0.753265428951647	0.4384306565098771	0.4498694815319115	0.8487806229173116
406	-67.00833466981851	-12102.760479509463	0.7390244570161096	1.9103126983639913	0.7744257307738319	1.6657969818852625	1.3196197943968024	0.5593485173964381	0.5144765498897744	0.753265428951647	0.4384306565098771	0.4498694815319115	0.8487806229173116
407	-66.97957774941813	-12056.051923881012	0.7390244570161096	1.9103126983639913	0.7744257307738319	1.6657969818852625	1.3196197943968024	0.5593485173964381	0.5144765498897744	0.753265428951647	0.4384306565098771	0.4498694815319115	0.8487806229173116
408	-66.97957774941813	-12056.051923881012	0.7390244570161096	1.9103126983639913	0.7744257307738319	1.6657969818852625	1.3196197943968024	0.5593485173964381	0.5144765498897744	0.753265428951647	0.4384306565098771	0.4498694815319115	0.8487806229173116
409	-66.97957774941813	-12056.051923881012	0.7390244570161096	1.9103126983639913	0.7744257307738319	1.6657969818852625	1.3196197943968024	0.5593485173964381	0.5144765498897744	0.753265428951647	0.4384306565098771	0.4498694815319115	0.8487806229173116
410	-66.97957774941813	-12056.051923881012	0.7390244570161096	1.9103126983639913	0.7744257307738319	1.6657969818852625	1.3196197943968024	0.5593485173964381	0.5144765498897744	0.753265428951647	0.4384306565098771	0.4498694815319115	0.8487806229173116
411	-66.97957774941813	-12056.051923881012	0.7390244570161096	1.9103126983639913	0.7744257307738319	1.6657969818852625	1.3196197943968024	0.5593485173964381	0.5144765498897744	0.753265428951647	0.4384306565098771	0.4498694815319115	0.8487806229173116
412	-66.97957774941813	-12056.051923881012	0.7390244570161096	1.9103126983639913	0.7744257307738319	1.6657969818852625	1.3196197943968024	0.5593485173964381	0.5144765498897744	0.753265428951647	0.4384306565098771	0.4498694815319115	0.8487806229173116
413	-66.97957774941813	-12056.051923881012	0.7390244570161096	1.9103126983639913	0.7744257307738319	1.6657969818852625	1.3196197943968024	0.5593485173964381	0.5144765498897744	0.753265428951647	0.4384306565098771	0.4498694815319115	0.8487806229173116
414	-66.97957774941813	-12056.051923881012	0.7390244570161096	1.9103126983639913	0.7744257307738319	1.6657969818852625	1.3196197943968024	0.5593485173964381	0.5144765498897744	0.753265428951647	0.4384306565098771	0.4498694815319115	0.8487806229173116
415	-66.97957774941813	-12054.958493159747	0.7390244570161096	1.9103126983639913	0.7744257307738319	1.6657969818852625	1.3196197943968024	0.5593485173964381	0.5144765498897744	0.753265428951647	0.4384306565098771	0.4498694815319115	0.8487806229173116
416	-66.97957774941813	-12054.958493159747	0.7390244570161096	1.9103126983639913	0.7744257307738319	1.6657969818852625	1.3196197943968024	0.5593485173964381	0.5144765498897744	0.753265428951647	0.4384306565098771	0.4498694815319115	0.8487806229173116
417	-66.97957774941813	-12054.958493159747	0.7390244570161096	1.9103126983639913	0.7744257307738319	1.6657969818852625	1.3196197943968024	0.5593485173964381	0.5144765498897744	0.753265428951647	0.4384306565098771	0.4498694815319115	0.8487806229173116
418	-66.97957774941813	-12054.979164496528	0.7390244570161096	1.9103126983639913	0.7744257307738319	1.6657969818852625	1.3196197943968024	0.5593485173964381	0.5144765498897744	0.753265428951647	0.4384306565098771	0.4498694815319115	0.8487806229173116
419	-66.98155198299861	-12056.043853621724	0.7390244570161096	1.9103126983639913	0.7744257307738319	1.6657969818852625	1.3196197943968024	0.5593485173964381	0.5144765498897744	0.753265428951647	0.4384306565098771	0.4498694815319115	0.8487806229173116
420	-66.98155198299861	-12056.043853621724	0.7390244570161096	1.9103126983639913	0.7744257307738319	1.6657969818852625	1.3196197943968024	0.5593485173964381	0.5144765498897744	0.753265428951647	0.4384306565098771	0.4498694815319115	0.8487806229173116
421	-66.98004133080545	-12054.617268623326	0.7390244570161096	1.9103126983639913	0.7744257307738319	1.6657969818852625	1.3196197943968024	0.5593485173964381	0.5144765498897744	0.753265428951647	0.4384306565098771	0.4498694815319115	0.8487806229173116
422	-66.98004133080545	-12041.15504322588	0.7390244570161096	1.9103126983639913	0.7744257307738319	1.6657969818852625	1.3196197943968024	0.5593485173964381	0.5144765498897744	0.753265428951647	0.4384306565098771	0.4498694815319115	0.8487806229173116
423	-66.98004133080545	-12041.15504322588	0.7390244570161096	1.9103126983639913	0.7744257307738319	1.6657969818852625	1.3196197943968024	0.5593485173964381	0.5144765498897744	0.753265428951647	0.4384306565098771	0.4498694815319115	0.8487806229173116
424	-66.98004133080545	-12041.15504322588	0.7390244570161096	1.9103126983639913	0.7744257307738319	1.6657969818852625	1.3196197943968024	0.5593485173964381	0.5144765498897744	0.753265428951647	0.4384306565098771	0.4498694815319115	0.8487806229173116
425	-66.98004133080545	-12041.15504322588	0.7390244570161096	1.9103126983639913	0.7744257307738319	1.6657969818852625	1.3196197943968024	0.5593485173964381	0.5144765498897744	0.753265428951647	0.4384306565098771	0.4498694815319115	0.8487806229173116
426	-66.98273426230574	-12042.148045768809	0.7390244570161096	1.9103126983639913	0.7744257307738319	1.6657969818852625	1.3196197943968024	0.5593485173964381	0.5144765498897744	0.753265428951647	0.4384306565098771	0.4498694815319115	0.8487806229173116
427	-66.98273426230574	-12042.148045768809	0.7390244570161096	1.9103126983639913	0.7744257307738319	1.6657969818852625	1.3196197943968024	0.5593485173964381	0.5144765498897744	0.753265428951647	0.4384306565098771	0.4498694815319115	0.8487806229173116
428	-66.98273426230574	-12042.148045768809	0.7390244570161096	1.9103126983639913	0.7744257307738319	1.6657969818852625	1.3196197943968024	0.5593485173964381	0.5144765498897744	0.753265428951647	0.4384306565098771	0.4498694815319115	0.8487806229173116
429	-66.98273426230574	-12040.470160980358	0.7390244570161096	1.9103126983639913	0.7744257307738319	1.6657969818852625	1.3196197943968024	0.5593485173964381	0.5144765498897744	0.753265428951647	0.4384306565098771	0.4498694815319115	0.8487806229173116
430	-66.98273426230574	-12040.470160980358	0.7390244570161096	1.9103126983639913	0.7744257307738319	1.6657969818852625	1.3196197943968024	0.5593485173964381	0.5144765498897744	0.753265428951647	0.4384306565098771	0.4498694815319115	0.8487806229173116
431	-66.98273426230574	-12040.470160980358	0.7390244570161096	1.9103126983639913	0.7744257307738319	1.6657969818852625	1.3196197943968024	0.5593485173964381	0.5144765498897744	0.753265428951647	0.4384306565098771	0.4498694815319115	0.8487806229173116
432	-66.98273426230574	-12040.470160980358	0.7390244570161096	1.9103126983639913	0.7744257307738319	1.6657969818852625	1.3196197943968024	0.5593485173964381	0.5144765498897744	0.753265428951647	0.4384306565098771	0.4498694815319115	0.8487806229173116
433	-66.98273426230574	-12027.713848925023	0.7390244570161096	1.9103126983639913	0.7744257307738319	1.6657969818852625	1.3196197943968024	0.5593485173964381	0.5144765498897744	0.753265428951647	0.4384306565098771	0.4498694815319115	0.8487806229173116
434	-66.98273426230574	-12027.713848925023	0.7390244570161096	1.9103126983639913	0.7744257307738319	1.6657969818852625	1.3196197943968024	0.5593485173964381	0.5144765498897744	0.753265428951647	0.4384306565098771	0.4498694815319115	0.8487806229173116
435	-66.98273426230574	-12027.713848925023	0.7390244570161096	1.9103126983639913	0.7744257307738319	1.6657969818852625	1.3196197943968024	0.5593485173964381	0.5144765498897744	0.753265428951647	0.4384306565098771	0.4498694815319115	0.8487806229173116
436	-66.98273426230574	-12028.547970644408	0.7390244570161096	1.9103126983639913	0.7744257307738319	1.6657969818852625	1.3196197943968024	0.5593485173964381	0.5144765498897744	0.753265428951647	0.4384306565098771	0.4498694815319115	0.8487806229173116
437	-66.98273426230574	-12028.547970644408	0.7390244570161096	1.9103126983639913	0.7744257307738319	1.6657969818852625	1.3196197943968024	0.5593485173964381	0.5144765498897744	0.753265428951647	0.4384306565098771	0.4498694815319115	0.8487806229173116
438	-66.98273426230574	-12028.174993897737	0.7390244570161096	1.9103126983639913	0.7744257307738319	1.6657969818852625	1.3196197943968024	0.5593485173964381	0.5144765498897744	0.753265428951647	0.4384306565098771	0.4498694815319115	0.8487806229173116
439	-66.98273426230574	-12028.174993897737	0.7390244570161096	1.9103126983639913	0.7744257307738319	1.6657969818852625	1.3196197943968024	0.5593485173964381	0.5144765498897744	0.753265428951647	0.4384306565098771	0.4498694815319115	0.8487806229173116
440	-66.98273426230574	-12028.174993897737	0.7390244570161096	1.9103126983639913	0.7744257307738319	1.6657969818852625	1.3196197943968024	0.5593485173964381	0.5144765498897744	0.753265428951647	0.4384306565098771	0.4498694815319115	0.8487806229173116
441	-66.2951428648337	-12028.174993897737	0.7390244570161096	1.9103126983639913	0.7744257307738319	1.6657969818852625	1.3196197943968024	0.6590260682493043	0.4087960019093344	0.9783646831846676	0.5373288131392678	0.3380959063241003	0.8487806229173116
442	-66.2951428648337	-12028.174993897737	0.7390244570161096	1.9103126983639913	0.7744257307738319	1.6657969818852625	1.3196197943968024	0.6590260682493043	0.4087960019093344	0.9783646831846676	0.5373288131392678	0.3380959063241003	0.8487806229173116
443	-66.2951428648337	-12020.018835833556	0.7390244570161096	1.9103126983639913	0.7744257307738319	1.6657969818852625	1.3196197943968024	0.6590260682493043	0.4087960019093344	0.9783646831846676	0.5373288131392678	0.3380959063241003	0.8487806229173116
444	-66.2951428648337	-12016.420670711259	0.7390244570161096	1.9103126983639913	0.7744257307738319	1.6657969818852625	1.3196197943968024	0.6590260682493043	0.4087960019093344	0.9783646831846676	0.5373288131392678	0.3380959063241003	0.8487806229173116
445	-66.2951428648337	-12016.420670711259	0.7390244570161096	1.9103126983639913	0.7744257307738319	1.6657969818852625	1.3196197943968024	0.6590260682493043	0.4087960019093344	0.9783646831846676	0.5373288131392678	0.3380959063241003	0.8487806229173116
446	-66.2951428648337	-12016.420670711259	0.7390244570161096	1.9103126983639913	0.7744257307738319	1.6657969818852625	1.3196197943968024	0.6590260682493043	0.4087960019093344	0.9783646831846676	0.5373288131392678	0.3380959063241003	0.8487806229173116
447	-66.2951428648337	-12016.420670711259	0.7390244570161096	1.9103126983639913	0.7744257307738319	1.6657969818852625	1.3196197943968024	0.6590260682493043	0.4087960019093344	0.9783646831846676	0.5373288131392678	0.3380959063241003	0.8487806229173116
448	-66.2951428648337	-12016.420670711259	0.7390244570161096	1.9103126983639913	0.7744257307738319	1.6657969818852625	1.3196197943968024	0.6590260682493043	0.4087960019093344	0.9783646831846676	0.5373288131392678	0.3380959063241003	0.8487806229173116
449	-66.2951428648337	-12016.420670711259	0.7390244570161096	1.9103126983639913	0.7744257307738319	1.6657969818852625	1.3196197943968024	0.6590260682493043	0.4087960019093344	0.9783646831846676	0.5373288131392678	0.3380959063241003	0.8487806229173116
450	-66.2951428648337	-12016.420670711259	0.7390244570161096	1.9103126983639913	0.7744257307738319	1.6657969818852625	1.3196197943968024	0.6590260682493043	0.4087960019093344	0.9783646831846676	0.5373288131392678	0.3380959063241003	0.8487806229173116
451	-66.2951428648337	-12016.420670711259	0.7390244570161096	1.9103126983639913	0.7744257307738319	1.6657969818852625	1.3196197943968024	0.6590260682493043	0.4087960019093344	0.9783646831846676	0.5373288131392678	0.3380959063241003	0.8487806229173116
452	-66.2951428648337	-12016.420670711259	0.7390244570161096	1.9103126983639913	0.7744257307738319	1.6657969818852625	1.3196197943968024	0.6590260682493043	0.4087960019093344	0.9783646831846676	0.5373288131392678	0.3380959063241003	0.8487806229173116
453	-66.2951428648337	-12016.420670711259	0.7390244570161096	1.9103126983639913	0.7744257307738319	1.6657969818852625	1.3196197943968024	0.6590260682493043	0.4087960019093344	0.9783646831846676	0.5373288131392678	0.3380959063241003	0.8487806229173116
454	-66.2951428648337	-12016.420670711259	0.7390244570161096	1.9103126983639913	0.7744257307738319	1.6657969818852625	1.3196197943968024	0.6590260682493043	0.4087960019093344	0.9783646831846676	0.5373288131392678	0.3380959063241003	0.8487806229173116
455	-66.2951428648337	-12016.420670711259	0.7390244570161096	1.9103126983639913	0.7744257307738319	1.6657969818852625	1.3196197943968024	0.6590260682493043	0.4087960019093344	0.9783646831846676	0.5373288131392678	0.3380959063241003	0.8487806229173116
456	-66.2951428648337	-12016.420670711259	0.7390244570161096	1.9103126983639913	0.7744257307738319	1.6657969818852625	1.3196197943968024	0.6590260682493043	0.4087960019093344	0.9783646831846676	0.5373288131392678	0.3380959063241003	0.8487806229173116
457	-66.2951428648337	-12016.420670711259	0.7390244570161096	1.9103126983639913	0.7744257307738319	1.6657969818852625	1.3196197943968024	0.6590260682493043	0.4087960019093344	0.9783646831846676	0.5373288131392678	0.3380959063241003	0.8487806229173116
458	-66.24389697342917	-12009.619029887548	0.7390244570161096	1.9103126983639913	0.7744257307738319	1.6657969818852625	1.3196197943968024	0.6590260682493043	0.4087960019093344	0.9783646831846676	0.5373288131392678	0.3380959063241003	0.8487806229173116
459	-66.24389697342917	-12009.619029887548	0.7390244570161096	1.9103126983639913	0.7744257307738319	1.6657969818852625	1.3196197943968024	0.6590260682493043	0.4087960019093344	0.9783646831846676	0.5373288131392678	0.3380959063241003	0.8487806229173116
460	-66.24389697342917	-12009.89621640479	0.7390244570161096	1.9103126983639913	0.7744257307738319	1.6657969818852625	1.3196197943968024	0.6590260682493043	0.4087960019093344	0.9783646831846676	0.5373288131392678	0.3380959063241003	0.8487806229173116
461	-66.24389697342917	-12009.89621640479	0.7390244570161096	1.9103126983639913	0.7744257307738319	1.6657969818852625	1.3196197943968024	0.6590260682493043	0.4087960019093344	0.9783646831846676	0.5373288131392678	0.3380959063241003	0.8487806229173116
462	-66.24389697342917	-12002.179034240251	0.7390244570161096	1.9103126983639913	0.7744257307738319	1.6657969818852625	1.3196197943968024	0.6590260682493043	0.4087960019093344	0.9783646831846676	0.5373288131392678	0.3380959063241003	0.8487806229173116
463	-66.24389697342917	-12002.179034240251	0.7390244570161096	1.9103126983639913	0.7744257307738319	1.6657969818852625	1.3196197943968024	0.6590260682493043	0.4087960019093344	0.9783646831846676	0.5373288131392678	0.3380959063241003	0.8487806229173116
464	-66.24389697342917	-11994.335004509765	0.7390244570161096	1.9103126983639913	0.7744257307738319	1.6657969818852625	1.3196197943968024	0.6590260682493043	0.4087960019093344	0.9783646831846676	0.5373288131392678	0.3380959063241003	0.8487806229173116
465	-66.24389697342917	-11994.335004509765	0.7390244570161096	1.9103126983639913	0.7744257307738319	1.6657969818852625	1.3196197943968024	0.6590260682493043	0.4087960019093344	0.9783646831846676	0.5373288131392678	0.3380959063241003	0.8487806229173116
466	-66.24251907298658	-11992.7361601686	0.7390244570161096	1.9103126983639913	0.7744257307738319	1.6657969818852625	1.3196197943968024	0.6590260682493043	0.4087960019093344	0.9783646831846676	0.5373288131392678	0.3380959063241003	0.8487806229173116
467	-66.13925812138936	-11944.196890327457	0.7390244570161096	1.9103126983639913	0.7744257307738319	1.6657969818852625	1.3196197943968024	0.6590260682493043	0.4087960019093344	0.9783646831846676	0.5373288131392678	0.3380959063241003	0.8487806229173116
468	-66.13925812138936	-11944.196890327457	0.7390244570161096	1.9103126983639913	0.7744257307738319	1.6657969818852625	1.3196197943968024	0.6590260682493043	0.4087960019093344	0.9783646831846676	0.5373288131392678	0.3380959063241003	0.8487806229173116
469	-66.13578089848325	-11936.478881237996	0.7390244570161096	1.9103126983639913	0.7744257307738319	1.6657969818852625	1.3196197943968024	0.6590260682493043	0.4087960019093344	0.9783646831846676	0.5373288131392678	0.3380959063241003	0.8487806229173116
470	-66.13578089848325	-11936.478881237996	0.7390244570161096	1.9103126983639913	0.7744257307738319	1.6657969818852625	1.3196197943968024	0.6590260682493043	0.4087960019093344	0.9783646831846676	0.5373288131392678	0.3380959063241003	0.8487806229173116
471	-66.13578089848325	-11936.478881237996	0.7390244570161096	1.9103126983639913	0.7744257307738319	1.6657969818852625	1.3196197943968024	0.6590260682493043	0.4087960019093344	0.9783646831846676	0.5373288131392678	0.3380959063241003	0.8487806229173116
472	-66.13578089848325	-11936.478881237996	0.7390244570161096	1.9103126983639913	0.7744257307738319	1.6657969818852625	1.3196197943968024	0.6590260682493043	0.4087960019093344	0.9783646831846676	0.5373288131392678	0.3380959063241003	0.8487806229173116
473	-65.85688492579486	-11936.478881237996	0.7390244570161096	1.9103126983639913	0.7744257307738319	1.6657969818852625	1.3196197943968024	0.852866140472162	0.5089785018004702	1.114765256137638	0.49350243603599375	0.29352907171023357	0.8487806229173116
474	-65.82465721279864	-11860.836397357254	0.7390244570161096	1.9103126983639913	0.7744257307738319	1.6657969818852625	1.3196197943968024	0.852866140472162	0.5089785018004702	1.114765256137638	0.49350243603599375	0.29352907171023357	0.8487806229173116
475	-65.82465721279864	-11860.836397357254	0.7390244570161096	1.9103126983639913	0.7744257307738319	1.6657969818852625	1.3196197943968024	0.852866140472162	0.5089785018004702	1.114765256137638	0.49350243603599375	0.29352907171023357	0.8487806229173116
476	-65.82465721279864	-11860.836397357254	0.7390244570161096	1.9103126983639913	0.7744257307738319	1.6657969818852625	1.3196197943968024	0.852866140472162	0.5089785018004702	1.114765256137638	0.49350243603599375	0.29352907171023357	0.8487806229173116
477	-65.80467684931179	-11852.428324589224	0.7390244570161096	1.9103126983639913	0.7744257307738319	1.6657969818852625	1.3196197943968024	0.852866140472162	0.5089785018004702	1.114765256137638	0.49350243603599375	0.29352907171023357	0.8487806229173116
478	-65.80467684931179	-11852.428324589224	0.7390244570161096	1.9103126983639913	0.7744257307738319	1.6657969818852625	1.3196197943968024	0.852866140472162	0.5089785018004702	1.114765256137638	0.49350243603599375	0.29352907171023357	0.8487806229173116
479	-65.82053412714824	-11851.354985277863	0.7390244570161096	1.9103126983639913	0.7744257307738319	1.6657969818852625	1.3196197943968024	0.852866140472162	0.5089785018004702	1.114765256137638	0.49350243603599375	0.29352907171023357	0.8487806229173116
480	-65.82053412714824	-11851.354985277863	0.7390244570161096	1.9103126983639913	0.7744257307738319	1.6657969818852625	1.3196197943968024	0.852866140472162	0.5089785018004702	1.114765256137638	0.49350243603599375	0.29352907171023357	0.8487806229173116
481	-66.21633421868997	-11851.354985277863	0.7390244570161096	1.9103126983639913	0.7744257307738319	1.6657969818852625	1.3196197943968024	0.761336942286815	0.4389085228546256	1.3434286984860964	0.38263923303833275	0.35621511171149056	0.8487806229173116
482	-66.21824140354396	-11850.644696060868	0.7390244570161096	1.9103126983639913	0.7744257307738319	1.6657969818852625	1.3196197943968024	0.761336942286815	0.4389085228546256	1.3434286984860964	0.38263923303833275	0.35621511171149056	0.8487806229173116
483	-66.26388413089099	-11839.820506017879	0.7390244570161096	1.9103126983639913	0.7744257307738319	1.6657969818852625	1.3196197943968024	0.761336942286815	0.4389085228546256	1.3434286984860964	0.38263923303833275	0.35621511171149056	0.8487806229173116
484	-66.26388413089099	-11839.820506017879	0.7390244570161096	1.9103126983639913	0.7744257307738319	1.6657969818852625	1.3196197943968024	0.761336942286815	0.4389085228546256	1.3434286984860964	0.38263923303833275	0.35621511171149056	0.8487806229173116
485	-66.26367712754505	-11839.881919329204	0.7390244570161096	1.9103126983639913	0.7744257307738319	1.6657969818852625	1.3196197943968024	0.761336942286815	0.4389085228546256	1.3434286984860964	0.38263923303833275	0.35621511171149056	0.8487806229173116
486	-66.26367712754505	-11825.653853938533	0.7390244570161096	1.9103126983639913	0.7744257307738319	1.6657969818852625	1.3196197943968024	0.761336942286815	0.4389085228546256	1.3434286984860964	0.38263923303833275	0.35621511171149056	0.8487806229173116
487	-66.26367712754505	-11825.653853938533	0.7390244570161096	1.9103126983639913	0.7744257307738319	1.6657969818852625	1.3196197943968024	0.761336942286815	0.4389085228546256	1.3434286984860964	0.38263923303833275	0.35621511171149056	0.8487806229173116
488	-66.26367712754505	-11821.627153106961	0.7390244570161096	1.9103126983639913	0.7744257307738319	1.6657969818852625	1.3196197943968024	0.761336942286815	0.4389085228546256	1.3434286984860964	0.38263923303833275	0.35621511171149056	0.8487806229173116
489	-66.26367712754505	-11821.627153106961	0.7390244570161096	1.9103126983639913	0.7744257307738319	1.6657969818852625	1.3196197943968024	0.761336942286815	0.4389085228546256	1.3434286984860964	0.38263923303833275	0.35621511171149056	0.8487806229173116
490	-66.26367712754505	-11814.692716277494	0.7390244570161096	1.9103126983639913	0.7744257307738319	1.6657969818852625	1.3196197943968024	0.761336942286815	0.4389085228546256	1.3434286984860964	0.38263923303833275	0.35621511171149056	0.8487806229173116
491	-66.26577583521383	-11814.21493212937	0.7390244570161096	1.9103126983639913	0.7744257307738319	1.6657969818852625	1.3196197943968024	0.761336942286815	0.4389085228546256	1.3434286984860964	0.38263923303833275	0.35621511171149056	0.8487806229173116
492	-66.2547073733962	-11799.120245662742	0.7390244570161096	1.9103126983639913	0.7744257307738319	1.6657969818852625	1.3196197943968024	0.761336942286815	0.4389085228546256	1.3434286984860964	0.38263923303833275	0.35621511171149056	0.8487806229173116
493	-66.25282220116539	-11798.148586833486	0.7390244570161096	1.9103126983639913	0.7744257307738319	1.6657969818852625	1.3196197943968024	0.761336942286815	0.4389085228546256	1.3434286984860964	0.38263923303833275	0.35621511171149056	0.8487806229173116
494	-66.23679232565739	-11798.148586833486	0.7390244570161096	1.9103126983639913	0.7744257307738319	1.6657969818852625	1.3196197943968024	0.761336942286815	0.4389085228546256	1.3434286984860964	0.38263923303833275	0.35621511171149056	0.8353978563895951
495	-66.23679232565739	-11798.148586833486	0.7390244570161096	1.9103126983639913	0.7744257307738319	1.6657969818852625	1.3196197943968024	0.761336942286815	0.4389085228546256	1.3434286984860964	0.38263923303833275	0.35621511171149056	0.8353978563895951
496	-66.23679232565739	-11798.148586833486	0.7390244570161096	1.9103126983639913	0.7744257307738319	1.6657969818852625	1.3196197943968024	0.761336942286815	0.4389085228546256	1.3434286984860964	0.38263923303833275	0.35621511171149056	0.8353978563895951
497	-66.23679232565739	-11798.148586833486	0.7390244570161096	1.9103126983639913	0.7744257307738319	1.6657969818852625	1.3196197943968024	0.761336942286815	0.4389085228546256	1.3434286984860964	0.38263923303833275	0.35621511171149056	0.8353978563895951
498	-66.23679232565739	-11798.148586833486	0.7390244570161096	1.9103126983639913	0.7744257307738319	1.6657969818852625	1.3196197943968024	0.761336942286815	0.4389085228546256	1.3434286984860964	0.38263923303833275	0.35621511171149056	0.8353978563895951
499	-66.23679232565739	-11798.148586833486	0.7390244570161096	1.9103126983639913	0.7744257307738319	1.6657969818852625	1.3196197943968024	0.761336942286815	0.4389085228546256	1.3434286984860964	0.38263923303833275	0.35621511171149056	0.8353978563895951
500	-66.23679232565739	-11484.385196815256	0.7390244570161096	1.9103126983639913	0.7744257307738319	1.6657969818852625	1.3196197943968024	0.761336942286815	0.4389085228546256	1.3434286984860964	0.38263923303833275	0.35621511171149056	0.8353978563895951
501	-66.23679232565739	-11484.385196815256	0.7390244570161096	1.9103126983639913	0.7744257307738319	1.6657969818852625	1.3196197943968024	0.761336942286815	0.4389085228546256	1.3434286984860964	0.38263923303833275	0.35621511171149056	0.8353978563895951
502	-66.23679232565739	-11483.701217706852	0.7390244570161096	1.9103126983639913	0.7744257307738319	1.6657969818852625	1.3196197943968024	0.761336942286815	0.4389085228546256	1.3434286984860964	0.38263923303833275	0.35621511171149056	0.8353978563895951
503	-66.23679232565739	-11483.155694536355	0.7390244570161096	1.9103126983639913	0.7744257307738319	1.6657969818852625	1.3196197943968024	0.761336942286815	0.4389085228546256	1.3434286984860964	0.38263923303833275	0.35621511171149056	0.8353978563895951
504	-66.22844253446353	-11479.05490985789	0.7390244570161096	1.9103126983639913	0.7744257307738319	1.6657969818852625	1.3196197943968024	0.761336942286815	0.4389085228546256	1.3434286984860964	0.38263923303833275	0.35621511171149056	0.8353978563895951
505	-66.22844253446353	-11479.05490985789	0.7390244570161096	1.9103126983639913	0.7744257307738319	1.6657969818852625	1.3196197943968024	0.761336942286815	0.4389085228546256	1.3434286984860964	0.38263923303833275	0.35621511171149056	0.8353978563895951
506	-66.2097471229763	-11478.317587375734	0.7390244570161096	1.9103126983639913	0.7744257307738319	1.6657969818852625	1.3196197943968024	0.761336942286815	0.4389085228546256	1.3434286984860964	0.38263923303833275	0.35621511171149056	0.8353978563895951
507	-66.2097471229763	-11477.735830980775	0.7390244570161096	1.9103126983639913	0.7744257307738319	1.6657969818852625	1.3196197943968024	0.761336942286815	0.4389085228546256	1.3434286984860964	0.38263923303833275	0.35621511171149056	0.8353978563895951
508	-66.2097471229763	-11477.735830980775	0.7390244570161096	1.9103126983639913	0.7744257307738319	1.6657969818852625	1.3196197943968024	0.761336942286815	0.4389085228546256	1.3434286984860964	0.38263923303833275	0.35621511171149056	0.8353978563895951
509	-66.2097471229763	-11477.735830980775	0.7390244570161096	1.9103126983639913	0.7744257307738319	1.6657969818852625	1.3196197943968024	0.761336942286815	0.4389085228546256	1.3434286984860964	0.38263923303833275	0.35621511171149056	0.8353978563895951
510	-66.2097471229763	-11477.735830980775	0.7390244570161096	1.9103126983639913	0.7744257307738319	1.6657969818852625	1.3196197943968024	0.761336942286815	0.4389085228546256	1.3434286984860964	0.38263923303833275	0.35621511171149056	0.8353978563895951
511	-66.2097471229763	-11477.735830980775	0.7390244570161096	1.9103126983639913	0.7744257307738319	1.6657969818852625	1.3196197943968024	0.761336942286815	0.4389085228546256	1.3434286984860964	0.38263923303833275	0.35621511171149056	0.8353978563895951
512	-66.2097471229763	-11477.735830980775	0.7390244570161096	1.9103126983639913	0.7744257307738319	1.6657969818852625	1.3196197943968024	0.761336942286815	0.4389085228546256	1.3434286984860964	0.38263923303833275	0.35621511171149056	0.8353978563895951
513	-66.2097471229763	-11477.735830980775	0.7390244570161096	1.9103126983639913	0.7744257307738319	1.6657969818852625	1.3196197943968024	0.761336942286815	0.4389085228546256	1.3434286984860964	0.38263923303833275	0.35621511171149056	0.8353978563895951
514	-66.32929663925763	-11458.840043148168	0.7390244570161096	1.9103126983639913	0.7744257307738319	1.6657969818852625	1.3196197943968024	0.761336942286815	0.4389085228546256	1.3434286984860964	0.38263923303833275	0.35621511171149056	0.8353978563895951
515	-66.32929663925763	-11456.38593258718	0.7390244570161096	1.9103126983639913	0.7744257307738319	1.6657969818852625	1.3196197943968024	0.761336942286815	0.4389085228546256	1.3434286984860964	0.38263923303833275	0.35621511171149056	0.8353978563895951
516	-66.32929663925763	-11456.38593258718	0.7390244570161096	1.9103126983639913	0.7744257307738319	1.6657969818852625	1.3196197943968024	0.761336942286815	0.4389085228546256	1.3434286984860964	0.38263923303833275	0.35621511171149056	0.8353978563895951
517	-66.32929663925763	-11456.38593258718	0.7390244570161096	1.9103126983639913	0.7744257307738319	1.6657969818852625	1.3196197943968024	0.761336942286815	0.4389085228546256	1.3434286984860964	0.38263923303833275	0.35621511171149056	0.8353978563895951
518	-66.32929663925763	-11456.38593258718	0.7390244570161096	1.9103126983639913	0.7744257307738319	1.6657969818852625	1.3196197943968024	0.761336942286815	0.4389085228546256	1.3434286984860964	0.38263923303833275	0.35621511171149056	0.8353978563895951
519	-66.32929663925763	-11456.38593258718	0.7390244570161096	1.9103126983639913	0.7744257307738319	1.6657969818852625	1.3196197943968024	0.761336942286815	0.4389085228546256	1.3434286984860964	0.38263923303833275	0.35621511171149056	0.8353978563895951
520	-66.32929663925763	-11454.45999124414	0.7390244570161096	1.9103126983639913	0.7744257307738319	1.6657969818852625	1.3196197943968024	0.761336942286815	0.4389085228546256	1.3434286984860964	0.38263923303833275	0.35621511171149056	0.8353978563895951
521	-66.32929663925763	-11454.45999124414	0.7390244570161096	1.9103126983639913	0.7744257307738319	1.6657969818852625	1.3196197943968024	0.761336942286815	0.4389085228546256	1.3434286984860964	0.38263923303833275	0.35621511171149056	0.8353978563895951
522	-66.32929663925763	-11438.467049122059	0.7390244570161096	1.9103126983639913	0.7744257307738319	1.6657969818852625	1.3196197943968024	0.761336942286815	0.4389085228546256	1.3434286984860964	0.38263923303833275	0.35621511171149056	0.8353978563895951
523	-66.32929663925763	-11438.467049122059	0.7390244570161096	1.9103126983639913	0.7744257307738319	1.6657969818852625	1.3196197943968024	0.761336942286815	0.4389085228546256	1.3434286984860964	0.38263923303833275	0.35621511171149056	0.8353978563895951
524	-66.33225893946364	-11437.498278046545	0.7390244570161096	1.9103126983639913	0.7744257307738319	1.6657969818852625	1.3196197943968024	0.761336942286815	0.4389085228546256	1.3434286984860964	0.38263923303833275	0.35621511171149056	0.8353978563895951
525	-66.33225893946364	-11436.917317602869	0.7390244570161096	1.9103126983639913	0.7744257307738319	1.6657969818852625	1.3196197943968024	0.761336942286815	0.4389085228546256	1.3434286984860964	0.38263923303833275	0.35621511171149056	0.8353978563895951
526	-66.33225893946364	-11436.917317602869	0.7390244570161096	1.9103126983639913	0.7744257307738319	1.6657969818852625	1.3196197943968024	0.761336942286815	0.4389085228546256	1.3434286984860964	0.38263923303833275	0.35621511171149056	0.8353978563895951
527	-66.26804690941835	-11381.088739614155	0.7390244570161096	1.9103126983639913	0.7744257307738319	1.6657969818852625	1.3196197943968024	0.761336942286815	0.4389085228546256	1.3434286984860964	0.38263923303833275	0.35621511171149056	0.8353978563895951
528	-66.26804690941835	-11381.088739614155	0.7390244570161096	1.9103126983639913	0.7744257307738319	1.6657969818852625	1.3196197943968024	0.761336942286815	0.4389085228546256	1.3434286984860964	0.38263923303833275	0.35621511171149056	0.8353978563895951
529	-66.26804690941835	-11379.186799498826	0.7390244570161096	1.9103126983639913	0.7744257307738319	1.6657969818852625	1.3196197943968024	0.761336942286815	0.4389085228546256	1.3434286984860964	0.38263923303833275	0.35621511171149056	0.8353978563895951
530	-66.23831962587093	-11382.447564585584	0.7390244570161096	1.9103126983639913	0.7744257307738319	1.6657969818852625	1.3196197943968024	0.761336942286815	0.4389085228546256	1.3434286984860964	0.38263923303833275	0.35621511171149056	0.8353978563895951
531	-66.23963502831242	-11378.10441964857	0.7390244570161096	1.9103126983639913	0.7744257307738319	1.6657969818852625	1.3196197943968024	0.761336942286815	0.4389085228546256	1.3434286984860964	0.38263923303833275	0.35621511171149056	0.8353978563895951
532	-66.23963502831242	-11378.10441964857	0.7390244570161096	1.9103126983639913	0.7744257307738319	1.6657969818852625	1.3196197943968024	0.761336942286815	0.4389085228546256	1.3434286984860964	0.38263923303833275	0.35621511171149056	0.8353978563895951
533	-66.29089893395239	-11378.10441964857	0.7390244570161096	1.9103126983639913	0.7744257307738319	1.6657969818852625	1.3196197943968024	0.761336942286815	0.4389085228546256	1.3434286984860964	0.38263923303833275	0.35621511171149056	0.8781294636515773
534	-66.29089893395239	-11377.210523635944	0.7390244570161096	1.9103126983639913	0.7744257307738319	1.6657969818852625	1.3196197943968024	0.761336942286815	0.4389085228546256	1.3434286984860964	0.38263923303833275	0.35621511171149056	0.8781294636515773
535	-66.29089893395239	-11377.210523635944	0.7390244570161096	1.9103126983639913	0.7744257307738319	1.6657969818852625	1.3196197943968024	0.761336942286815	0.4389085228546256	1.3434286984860964	0.38263923303833275	0.35621511171149056	0.8781294636515773
536	-66.29089893395239	-11370.676195751776	0.7390244570161096	1.9103126983639913	0.7744257307738319	1.6657969818852625	1.3196197943968024	0.761336942286815	0.4389085228546256	1.3434286984860964	0.38263923303833275	0.35621511171149056	0.8781294636515773
537	-66.29089893395239	-11370.676195751776	0.7390244570161096	1.9103126983639913	0.7744257307738319	1.6657969818852625	1.3196197943968024	0.761336942286815	0.4389085228546256	1.3434286984860964	0.38263923303833275	0.35621511171149056	0.8781294636515773
538	-66.6404205529258	-11339.684798113272	0.7390244570161096	1.9103126983639913	0.7744257307738319	1.6657969818852625	1.3196197943968024	0.761336942286815	0.4389085228546256	1.3434286984860964	0.38263923303833275	0.35621511171149056	0.8781294636515773
539	-66.6404205529258	-11339.684798113272	0.7390244570161096	1.9103126983639913	0.7744257307738319	1.6657969818852625	1.3196197943968024	0.761336942286815	0.4389085228546256	1.3434286984860964	0.38263923303833275	0.35621511171149056	0.8781294636515773
540	-66.6404205529258	-11339.684798113272	0.7390244570161096	1.9103126983639913	0.7744257307738319	1.6657969818852625	1.3196197943968024	0.761336942286815	0.4389085228546256	1.3434286984860964	0.38263923303833275	0.35621511171149056	0.8781294636515773
541	-66.6404205529258	-11339.684798113272	0.7390244570161096	1.9103126983639913	0.7744257307738319	1.6657969818852625	1.3196197943968024	0.761336942286815	0.4389085228546256	1.3434286984860964	0.38263923303833275	0.35621511171149056	0.8781294636515773
542	-66.67595810900673	-11315.313905619909	0.7390244570161096	1.9103126983639913	0.7744257307738319	1.6657969818852625	1.3196197943968024	0.761336942286815	0.4389085228546256	1.3434286984860964	0.38263923303833275	0.35621511171149056	0.8781294636515773
543	-66.67595810900673	-11315.313905619909	0.7390244570161096	1.9103126983639913	0.7744257307738319	1.6657969818852625	1.3196197943968024	0.761336942286815	0.4389085228546256	1.3434286984860964	0.38263923303833275	0.35621511171149056	0.8781294636515773
544	-66.67595810900673	-11315.313905619909	0.7390244570161096	1.9103126983639913	0.7744257307738319	1.6657969818852625	1.3196197943968024	0.761336942286815	0.4389085228546256	1.3434286984860964	0.38263923303833275	0.35621511171149056	0.8781294636515773
545	-66.6920031391281	-11281.245695853531	0.7390244570161096	1.9103126983639913	0.7744257307738319	1.6657969818852625	1.3196197943968024	0.761336942286815	0.4389085228546256	1.3434286984860964	0.38263923303833275	0.35621511171149056	0.8781294636515773
546	-66.6920031391281	-11281.245695853531	0.7390244570161096	1.9103126983639913	0.7744257307738319	1.6657969818852625	1.3196197943968024	0.761336942286815	0.4389085228546256	1.3434286984860964	0.38263923303833275	0.35621511171149056	0.8781294636515773
547	-66.6920031391281	-11281.245695853531	0.7390244570161096	1.9103126983639913	0.7744257307738319	1.6657969818852625	1.3196197943968024	0.761336942286815	0.4389085228546256	1.3434286984860964	0.38263923303833275	0.35621511171149056	0.8781294636515773
548	-66.6920031391281	-11281.245695853531	0.7390244570161096	1.9103126983639913	0.7744257307738319	1.6657969818852625	1.3196197943968024	0.761336942286815	0.4389085228546256	1.3434286984860964	0.38263923303833275	0.35621511171149056	0.8781294636515773
549	-66.89235486193805	-11281.245695853531	0.7390244570161096	1.9103126983639913	0.7744257307738319	1.6657969818852625	1.3196197943968024	0.761336942286815	0.4389085228546256	1.3434286984860964	0.38263923303833275	0.35621511171149056	1.04754253724079
550	-66.79601153588044	-11271.424847236902	0.7390244570161096	1.9103126983639913	0.7744257307738319	1.6657969818852625	1.3196197943968024	0.761336942286815	0.4389085228546256	1.3434286984860964	0.38263923303833275	0.35621511171149056	1.04754253724079
551	-66.60581398539821	-11271.424847236902	0.7390244570161096	1.9103126983639913	0.7744257307738319	1.6657969818852625	1.3196197943968024	0.761336942286815	0.4389085228546256	1.3434286984860964	0.38263923303833275	0.35621511171149056	0.8867860423858899
552	-66.60581398539821	-11253.806380265089	0.7390244570161096	1.9103126983639913	0.7744257307738319	1.6657969818852625	1.3196197943968024	0.761336942286815	0.4389085228546256	1.3434286984860964	0.38263923303833275	0.35621511171149056	0.8867860423858899
553	-66.6046194342457	-11252.267404978269	0.7390244570161096	1.9103126983639913	0.7744257307738319	1.6657969818852625	1.3196197943968024	0.761336942286815	0.4389085228546256	1.3434286984860964	0.38263923303833275	0.35621511171149056	0.8867860423858899
554	-66.90410746582707	-11252.267404978269	0.7390244570161096	1.9103126983639913	0.7744257307738319	1.6657969818852625	1.3196197943968024	0.761336942286815	0.4389085228546256	1.3434286984860964	0.38263923303833275	0.35621511171149056	1.1387013317186352
555	-66.90410746582707	-11253.51048681276	0.7390244570161096	1.9103126983639913	0.7744257307738319	1.6657969818852625	1.3196197943968024	0.761336942286815	0.4389085228546256	1.3434286984860964	0.38263923303833275	0.35621511171149056	1.1387013317186352
556	-66.90410746582707	-11246.403914283617	0.7390244570161096	1.9103126983639913	0.7744257307738319	1.6657969818852625	1.3196197943968024	0.761336942286815	0.4389085228546256	1.3434286984860964	0.38263923303833275	0.35621511171149056	1.1387013317186352
557	-66.90410746582707	-11246.403914283617	0.7390244570161096	1.9103126983639913	0.7744257307738319	1.6657969818852625	1.3196197943968024	0.761336942286815	0.4389085228546256	1.3434286984860964	0.38263923303833275	0.35621511171149056	1.1387013317186352
558	-66.90410746582707	-11246.403914283617	0.7390244570161096	1.9103126983639913	0.7744257307738319	1.6657969818852625	1.3196197943968024	0.761336942286815	0.4389085228546256	1.3434286984860964	0.38263923303833275	0.35621511171149056	1.1387013317186352
559	-66.91035895376153	-11243.86874048383	0.7390244570161096	1.9103126983639913	0.7744257307738319	1.6657969818852625	1.3196197943968024	0.761336942286815	0.4389085228546256	1.3434286984860964	0.38263923303833275	0.35621511171149056	1.1387013317186352
560	-66.91035895376153	-11243.86874048383	0.7390244570161096	1.9103126983639913	0.7744257307738319	1.6657969818852625	1.3196197943968024	0.761336942286815	0.4389085228546256	1.3434286984860964	0.38263923303833275	0.35621511171149056	1.1387013317186352
561	-66.90883551857769	-11169.074853265449	0.7390244570161096	1.9103126983639913	0.7744257307738319	1.6657969818852625	1.3196197943968024	0.761336942286815	0.4389085228546256	1.3434286984860964	0.38263923303833275	0.35621511171149056	1.1387013317186352
562	-66.90883551857769	-11169.074853265449	0.7390244570161096	1.9103126983639913	0.7744257307738319	1.6657969818852625	1.3196197943968024	0.761336942286815	0.4389085228546256	1.3434286984860964	0.38263923303833275	0.35621511171149056	1.1387013317186352
563	-66.90883551857769	-11169.074853265449	0.7390244570161096	1.9103126983639913	0.7744257307738319	1.6657969818852625	1.3196197943968024	0.761336942286815	0.4389085228546256	1.3434286984860964	0.38263923303833275	0.35621511171149056	1.1387013317186352
564	-66.90883551857769	-11169.074853265449	0.7390244570161096	1.9103126983639913	0.7744257307738319	1.6657969818852625	1.3196197943968024	0.761336942286815	0.4389085228546256	1.3434286984860964	0.38263923303833275	0.35621511171149056	1.1387013317186352
565	-66.90303026067177	-11150.196846190209	0.7390244570161096	1.9103126983639913	0.7744257307738319	1.6657969818852625	1.3196197943968024	0.761336942286815	0.4389085228546256	1.3434286984860964	0.38263923303833275	0.35621511171149056	1.1387013317186352
566	-66.90303026067177	-11149.90326638288	0.7390244570161096	1.9103126983639913	0.7744257307738319	1.6657969818852625	1.3196197943968024	0.761336942286815	0.4389085228546256	1.3434286984860964	0.38263923303833275	0.35621511171149056	1.1387013317186352
567	-66.90303026067177	-11149.90326638288	0.7390244570161096	1.9103126983639913	0.7744257307738319	1.6657969818852625	1.3196197943968024	0.761336942286815	0.4389085228546256	1.3434286984860964	0.38263923303833275	0.35621511171149056	1.1387013317186352
568	-66.90303026067177	-11149.90326638288	0.7390244570161096	1.9103126983639913	0.7744257307738319	1.6657969818852625	1.3196197943968024	0.761336942286815	0.4389085228546256	1.3434286984860964	0.38263923303833275	0.35621511171149056	1.1387013317186352
569	-66.90303026067177	-11149.90326638288	0.7390244570161096	1.9103126983639913	0.7744257307738319	1.6657969818852625	1.3196197943968024	0.761336942286815	0.4389085228546256	1.3434286984860964	0.38263923303833275	0.35621511171149056	1.1387013317186352
570	-66.89706326411951	-11148.487074233179	0.7390244570161096	1.9103126983639913	0.7744257307738319	1.6657969818852625	1.3196197943968024	0.761336942286815	0.4389085228546256	1.3434286984860964	0.38263923303833275	0.35621511171149056	1.1387013317186352
571	-66.89706326411951	-11146.598040421872	0.7390244570161096	1.9103126983639913	0.7744257307738319	1.6657969818852625	1.3196197943968024	0.761336942286815	0.4389085228546256	1.3434286984860964	0.38263923303833275	0.35621511171149056	1.1387013317186352
572	-66.89194523540085	-11126.592391870841	0.7390244570161096	1.9103126983639913	0.7744257307738319	1.6657969818852625	1.3196197943968024	0.761336942286815	0.4389085228546256	1.3434286984860964	0.38263923303833275	0.35621511171149056	1.1387013317186352
573	-66.89194523540085	-11126.592391870841	0.7390244570161096	1.9103126983639913	0.7744257307738319	1.6657969818852625	1.3196197943968024	0.761336942286815	0.4389085228546256	1.3434286984860964	0.38263923303833275	0.35621511171149056	1.1387013317186352
574	-66.89194523540085	-11126.592391870841	0.7390244570161096	1.9103126983639913	0.7744257307738319	1.6657969818852625	1.3196197943968024	0.761336942286815	0.4389085228546256	1.3434286984860964	0.38263923303833275	0.35621511171149056	1.1387013317186352
575	-66.89194523540085	-11126.592391870841	0.7390244570161096	1.9103126983639913	0.7744257307738319	1.6657969818852625	1.3196197943968024	0.761336942286815	0.4389085228546256	1.3434286984860964	0.38263923303833275	0.35621511171149056	1.1387013317186352
576	-66.89194523540085	-11126.592391870841	0.7390244570161096	1.9103126983639913	0.7744257307738319	1.6657969818852625	1.3196197943968024	0.761336942286815	0.4389085228546256	1.3434286984860964	0.38263923303833275	0.35621511171149056	1.1387013317186352
577	-66.89194523540085	-11126.592391870841	0.7390244570161096	1.9103126983639913	0.7744257307738319	1.6657969818852625	1.3196197943968024	0.761336942286815	0.4389085228546256	1.3434286984860964	0.38263923303833275	0.35621511171149056	1.1387013317186352
578	-66.89194523540085	-11126.592391870841	0.7390244570161096	1.9103126983639913	0.7744257307738319	1.6657969818852625	1.3196197943968024	0.761336942286815	0.4389085228546256	1.3434286984860964	0.38263923303833275	0.35621511171149056	1.1387013317186352
579	-66.89194523540085	-11126.592391870841	0.7390244570161096	1.9103126983639913	0.7744257307738319	1.6657969818852625	1.3196197943968024	0.761336942286815	0.4389085228546256	1.3434286984860964	0.38263923303833275	0.35621511171149056	1.1387013317186352
580	-48.324815135680716	-11126.592391870841	0.8269911821202781	1.931712640471948	0.8164596492448317	2.008375930364538	1.735021014698123	0.761336942286815	0.4389085228546256	1.3434286984860964	0.38263923303833275	0.35621511171149056	1.1387013317186352
581	-48.324815135680716	-11126.592391870841	0.8269911821202781	1.931712640471948	0.8164596492448317	2.008375930364538	1.735021014698123	0.761336942286815	0.4389085228546256	1.3434286984860964	0.38263923303833275	0.35621511171149056	1.1387013317186352
582	-48.324815135680716	-11126.592391870841	0.8269911821202781	1.931712640471948	0.8164596492448317	2.008375930364538	1.735021014698123	0.761336942286815	0.4389085228546256	1.3434286984860964	0.38263923303833275	0.35621511171149056	1.1387013317186352
583	-48.324815135680716	-11126.592391870841	0.8269911821202781	1.931712640471948	0.8164596492448317	2.008375930364538	1.735021014698123	0.761336942286815	0.4389085228546256	1.3434286984860964	0.38263923303833275	0.35621511171149056	1.1387013317186352
584	-48.324815135680716	-11126.592391870841	0.8269911821202781	1.931712640471948	0.8164596492448317	2.008375930364538	1.735021014698123	0.761336942286815	0.4389085228546256	1.3434286984860964	0.38263923303833275	0.35621511171149056	1.1387013317186352
585	-48.324815135680716	-11125.02249457431	0.8269911821202781	1.931712640471948	0.8164596492448317	2.008375930364538	1.735021014698123	0.761336942286815	0.4389085228546256	1.3434286984860964	0.38263923303833275	0.35621511171149056	1.1387013317186352
586	-48.324815135680716	-11125.02249457431	0.8269911821202781	1.931712640471948	0.8164596492448317	2.008375930364538	1.735021014698123	0.761336942286815	0.4389085228546256	1.3434286984860964	0.38263923303833275	0.35621511171149056	1.1387013317186352
587	-48.260865872282984	-11125.02249457431	0.8269911821202781	1.931712640471948	0.8164596492448317	2.008375930364538	1.735021014698123	0.7770449887115275	0.3430938833192182	1.1882964300922734	0.34999764049221166	0.34236743614408466	1.1387013317186352
588	-48.290787122566776	-11106.393439483345	0.8269911821202781	1.931712640471948	0.8164596492448317	2.008375930364538	1.735021014698123	0.7770449887115275	0.3430938833192182	1.1882964300922734	0.34999764049221166	0.34236743614408466	1.1387013317186352
589	-48.290787122566776	-11106.393439483345	0.8269911821202781	1.931712640471948	0.8164596492448317	2.008375930364538	1.735021014698123	0.7770449887115275	0.3430938833192182	1.1882964300922734	0.34999764049221166	0.34236743614408466	1.1387013317186352
590	-48.290787122566776	-11106.393439483345	0.8269911821202781	1.931712640471948	0.8164596492448317	2.008375930364538	1.735021014698123	0.7770449887115275	0.3430938833192182	1.1882964300922734	0.34999764049221166	0.34236743614408466	1.1387013317186352
591	-48.290787122566776	-11106.393439483345	0.8269911821202781	1.931712640471948	0.8164596492448317	2.008375930364538	1.735021014698123	0.7770449887115275	0.3430938833192182	1.1882964300922734	0.34999764049221166	0.34236743614408466	1.1387013317186352
592	-48.290787122566776	-11106.393439483345	0.8269911821202781	1.931712640471948	0.8164596492448317	2.008375930364538	1.735021014698123	0.7770449887115275	0.3430938833192182	1.1882964300922734	0.34999764049221166	0.34236743614408466	1.1387013317186352
593	-48.290787122566776	-11106.393439483345	0.8269911821202781	1.931712640471948	0.8164596492448317	2.008375930364538	1.735021014698123	0.7770449887115275	0.3430938833192182	1.1882964300922734	0.34999764049221166	0.34236743614408466	1.1387013317186352
594	-48.290787122566776	-11106.393439483345	0.8269911821202781	1.931712640471948	0.8164596492448317	2.008375930364538	1.735021014698123	0.7770449887115275	0.3430938833192182	1.1882964300922734	0.34999764049221166	0.34236743614408466	1.1387013317186352
595	-48.290787122566776	-11106.393439483345	0.8269911821202781	1.931712640471948	0.8164596492448317	2.008375930364538	1.735021014698123	0.7770449887115275	0.3430938833192182	1.1882964300922734	0.34999764049221166	0.34236743614408466	1.1387013317186352
596	-48.27522049644204	-11104.103604949334	0.8269911821202781	1.931712640471948	0.8164596492448317	2.008375930364538	1.735021014698123	0.7770449887115275	0.3430938833192182	1.1882964300922734	0.34999764049221166	0.34236743614408466	1.1387013317186352
597	-48.27522049644204	-11102.808369060234	0.8269911821202781	1.931712640471948	0.8164596492448317	2.008375930364538	1.735021014698123	0.7770449887115275	0.3430938833192182	1.1882964300922734	0.34999764049221166	0.34236743614408466	1.1387013317186352
598	-48.27522049644204	-11102.808369060234	0.8269911821202781	1.931712640471948	0.8164596492448317	2.008375930364538	1.735021014698123	0.7770449887115275	0.3430938833192182	1.1882964300922734	0.34999764049221166	0.34236743614408466	1.1387013317186352
599	-48.263175672192894	-11092.282307758944	0.8269911821202781	1.931712640471948	0.8164596492448317	2.008375930364538	1.735021014698123	0.7770449887115275	0.3430938833192182	1.1882964300922734	0.34999764049221166	0.34236743614408466	1.1387013317186352
600	-48.263175672192894	-11092.282307758944	0.8269911821202781	1.931712640471948	0.8164596492448317	2.008375930364538	1.735021014698123	0.7770449887115275	0.3430938833192182	1.1882964300922734	0.34999764049221166	0.34236743614408466	1.1387013317186352
601	-48.19016492974565	-11092.282307758944	0.8269911821202781	1.931712640471948	0.8164596492448317	2.008375930364538	1.735021014698123	0.7770449887115275	0.3430938833192182	1.1882964300922734	0.34999764049221166	0.34236743614408466	1.0918981489017794
602	-48.19016492974565	-11092.282307758944	0.8269911821202781	1.931712640471948	0.8164596492448317	2.008375930364538	1.735021014698123	0.7770449887115275	0.3430938833192182	1.1882964300922734	0.34999764049221166	0.34236743614408466	1.0918981489017794
603	-48.19016492974565	-11092.282307758944	0.8269911821202781	1.931712640471948	0.8164596492448317	2.008375930364538	1.735021014698123	0.7770449887115275	0.3430938833192182	1.1882964300922734	0.34999764049221166	0.34236743614408466	1.0918981489017794
604	-48.19016492974565	-11092.282307758944	0.8269911821202781	1.931712640471948	0.8164596492448317	2.008375930364538	1.735021014698123	0.7770449887115275	0.3430938833192182	1.1882964300922734	0.34999764049221166	0.34236743614408466	1.0918981489017794
605	-48.19016492974565	-11092.282307758944	0.8269911821202781	1.931712640471948	0.8164596492448317	2.008375930364538	1.735021014698123	0.7770449887115275	0.3430938833192182	1.1882964300922734	0.34999764049221166	0.34236743614408466	1.0918981489017794
606	-48.19016492974565	-11092.282307758944	0.8269911821202781	1.931712640471948	0.8164596492448317	2.008375930364538	1.735021014698123	0.7770449887115275	0.3430938833192182	1.1882964300922734	0.34999764049221166	0.34236743614408466	1.0918981489017794
607	-48.19016492974565	-11093.183904738891	0.8269911821202781	1.931712640471948	0.8164596492448317	2.008375930364538	1.735021014698123	0.7770449887115275	0.3430938833192182	1.1882964300922734	0.34999764049221166	0.34236743614408466	1.0918981489017794
608	-48.19016492974565	-11093.183904738891	0.8269911821202781	1.931712640471948	0.8164596492448317	2.008375930364538	1.735021014698123	0.7770449887115275	0.3430938833192182	1.1882964300922734	0.34999764049221166	0.34236743614408466	1.0918981489017794
609	-48.19016492974565	-11093.183904738891	0.8269911821202781	1.931712640471948	0.8164596492448317	2.008375930364538	1.735021014698123	0.7770449887115275	0.3430938833192182	1.1882964300922734	0.34999764049221166	0.34236743614408466	1.0918981489017794
610	-48.19016492974565	-11093.183904738891	0.8269911821202781	1.931712640471948	0.8164596492448317	2.008375930364538	1.735021014698123	0.7770449887115275	0.3430938833192182	1.1882964300922734	0.34999764049221166	0.34236743614408466	1.0918981489017794
611	-48.19016492974565	-11093.183904738891	0.8269911821202781	1.931712640471948	0.8164596492448317	2.008375930364538	1.735021014698123	0.7770449887115275	0.3430938833192182	1.1882964300922734	0.34999764049221166	0.34236743614408466	1.0918981489017794
612	-48.19016492974565	-11093.183904738891	0.8269911821202781	1.931712640471948	0.8164596492448317	2.008375930364538	1.735021014698123	0.7770449887115275	0.3430938833192182	1.1882964300922734	0.34999764049221166	0.34236743614408466	1.0918981489017794
613	-48.14106102803824	-11070.345715201682	0.8269911821202781	1.931712640471948	0.8164596492448317	2.008375930364538	1.735021014698123	0.7770449887115275	0.3430938833192182	1.1882964300922734	0.34999764049221166	0.34236743614408466	1.0918981489017794
614	-48.14106102803824	-11070.345715201682	0.8269911821202781	1.931712640471948	0.8164596492448317	2.008375930364538	1.735021014698123	0.7770449887115275	0.3430938833192182	1.1882964300922734	0.34999764049221166	0.34236743614408466	1.0918981489017794
615	-48.14106102803824	-11070.345715201682	0.8269911821202781	1.931712640471948	0.8164596492448317	2.008375930364538	1.735021014698123	0.7770449887115275	0.3430938833192182	1.1882964300922734	0.34999764049221166	0.34236743614408466	1.0918981489017794
616	-48.14106102803824	-11069.87906560548	0.8269911821202781	1.931712640471948	0.8164596492448317	2.008375930364538	1.735021014698123	0.7770449887115275	0.3430938833192182	1.1882964300922734	0.34999764049221166	0.34236743614408466	1.0918981489017794
617	-48.14106102803824	-11069.87906560548	0.8269911821202781	1.931712640471948	0.8164596492448317	2.008375930364538	1.735021014698123	0.7770449887115275	0.3430938833192182	1.1882964300922734	0.34999764049221166	0.34236743614408466	1.0918981489017794
618	-48.14106102803824	-11069.87906560548	0.8269911821202781	1.931712640471948	0.8164596492448317	2.008375930364538	1.735021014698123	0.7770449887115275	0.3430938833192182	1.1882964300922734	0.34999764049221166	0.34236743614408466	1.0918981489017794
619	-48.14106102803824	-11069.87906560548	0.8269911821202781	1.931712640471948	0.8164596492448317	2.008375930364538	1.735021014698123	0.7770449887115275	0.3430938833192182	1.1882964300922734	0.34999764049221166	0.34236743614408466	1.0918981489017794
620	-48.14106102803824	-11067.983321331567	0.8269911821202781	1.931712640471948	0.8164596492448317	2.008375930364538	1.735021014698123	0.7770449887115275	0.3430938833192182	1.1882964300922734	0.34999764049221166	0.34236743614408466	1.0918981489017794
621	-48.14106102803824	-11066.721733624157	0.8269911821202781	1.931712640471948	0.8164596492448317	2.008375930364538	1.735021014698123	0.7770449887115275	0.3430938833192182	1.1882964300922734	0.34999764049221166	0.34236743614408466	1.0918981489017794
622	-48.14106102803824	-11066.488664932042	0.8269911821202781	1.931712640471948	0.8164596492448317	2.008375930364538	1.735021014698123	0.7770449887115275	0.3430938833192182	1.1882964300922734	0.34999764049221166	0.34236743614408466	1.0918981489017794
623	-48.14106102803824	-11066.488664932042	0.8269911821202781	1.931712640471948	0.8164596492448317	2.008375930364538	1.735021014698123	0.7770449887115275	0.3430938833192182	1.1882964300922734	0.34999764049221166	0.34236743614408466	1.0918981489017794
624	-48.14106102803824	-11066.488664932042	0.8269911821202781	1.931712640471948	0.8164596492448317	2.008375930364538	1.735021014698123	0.7770449887115275	0.3430938833192182	1.1882964300922734	0.34999764049221166	0.34236743614408466	1.0918981489017794
625	-48.24419744249445	-11043.509110014695	0.8269911821202781	1.931712640471948	0.8164596492448317	2.008375930364538	1.735021014698123	0.7770449887115275	0.3430938833192182	1.1882964300922734	0.34999764049221166	0.34236743614408466	1.0918981489017794
626	-48.24419744249445	-11043.509110014695	0.8269911821202781	1.931712640471948	0.8164596492448317	2.008375930364538	1.735021014698123	0.7770449887115275	0.3430938833192182	1.1882964300922734	0.34999764049221166	0.34236743614408466	1.0918981489017794
627	-48.24419744249445	-11043.509110014695	0.8269911821202781	1.931712640471948	0.8164596492448317	2.008375930364538	1.735021014698123	0.7770449887115275	0.3430938833192182	1.1882964300922734	0.34999764049221166	0.34236743614408466	1.0918981489017794
628	-48.24419744249445	-11038.78370852428	0.8269911821202781	1.931712640471948	0.8164596492448317	2.008375930364538	1.735021014698123	0.7770449887115275	0.3430938833192182	1.1882964300922734	0.34999764049221166	0.34236743614408466	1.0918981489017794
629	-48.24292058652436	-11035.660823587747	0.8269911821202781	1.931712640471948	0.8164596492448317	2.008375930364538	1.735021014698123	0.7770449887115275	0.3430938833192182	1.1882964300922734	0.34999764049221166	0.34236743614408466	1.0918981489017794
630	-48.24292058652436	-11035.79605118366	0.8269911821202781	1.931712640471948	0.8164596492448317	2.008375930364538	1.735021014698123	0.7770449887115275	0.3430938833192182	1.1882964300922734	0.34999764049221166	0.34236743614408466	1.0918981489017794
631	-48.24292058652436	-11035.79605118366	0.8269911821202781	1.931712640471948	0.8164596492448317	2.008375930364538	1.735021014698123	0.7770449887115275	0.3430938833192182	1.1882964300922734	0.34999764049221166	0.34236743614408466	1.0918981489017794
632	-48.24292058652436	-11031.347354334703	0.8269911821202781	1.931712640471948	0.8164596492448317	2.008375930364538	1.735021014698123	0.7770449887115275	0.3430938833192182	1.1882964300922734	0.34999764049221166	0.34236743614408466	1.0918981489017794
633	-48.24292058652436	-11031.347354334703	0.8269911821202781	1.931712640471948	0.8164596492448317	2.008375930364538	1.735021014698123	0.7770449887115275	0.3430938833192182	1.1882964300922734	0.34999764049221166	0.34236743614408466	1.0918981489017794
634	-48.239583670406574	-11029.356449178911	0.8269911821202781	1.931712640471948	0.8164596492448317	2.008375930364538	1.735021014698123	0.7770449887115275	0.3430938833192182	1.1882964300922734	0.34999764049221166	0.34236743614408466	1.0918981489017794
635	-48.24234583032806	-11028.124398875578	0.8269911821202781	1.931712640471948	0.8164596492448317	2.008375930364538	1.735021014698123	0.7770449887115275	0.3430938833192182	1.1882964300922734	0.34999764049221166	0.34236743614408466	1.0918981489017794
636	-48.25372880809765	-11031.824030010206	0.8269911821202781	1.931712640471948	0.8164596492448317	2.008375930364538	1.735021014698123	0.7770449887115275	0.3430938833192182	1.1882964300922734	0.34999764049221166	0.34236743614408466	1.0918981489017794
637	-48.25372880809765	-11031.824030010206	0.8269911821202781	1.931712640471948	0.8164596492448317	2.008375930364538	1.735021014698123	0.7770449887115275	0.3430938833192182	1.1882964300922734	0.34999764049221166	0.34236743614408466	1.0918981489017794
638	-48.25372880809765	-11031.824030010206	0.8269911821202781	1.931712640471948	0.8164596492448317	2.008375930364538	1.735021014698123	0.7770449887115275	0.3430938833192182	1.1882964300922734	0.34999764049221166	0.34236743614408466	1.0918981489017794
639	-48.25372880809765	-11031.824030010206	0.8269911821202781	1.931712640471948	0.8164596492448317	2.008375930364538	1.735021014698123	0.7770449887115275	0.3430938833192182	1.1882964300922734	0.34999764049221166	0.34236743614408466	1.0918981489017794
640	-48.25372880809765	-11031.824030010206	0.8269911821202781	1.931712640471948	0.8164596492448317	2.008375930364538	1.735021014698123	0.7770449887115275	0.3430938833192182	1.1882964300922734	0.34999764049221166	0.34236743614408466	1.0918981489017794
641	-48.25372880809765	-11031.824030010206	0.8269911821202781	1.931712640471948	0.8164596492448317	2.008375930364538	1.735021014698123	0.7770449887115275	0.3430938833192182	1.1882964300922734	0.34999764049221166	0.34236743614408466	1.0918981489017794
642	-48.25372880809765	-11031.824030010206	0.8269911821202781	1.931712640471948	0.8164596492448317	2.008375930364538	1.735021014698123	0.7770449887115275	0.3430938833192182	1.1882964300922734	0.34999764049221166	0.34236743614408466	1.0918981489017794
643	-48.25372880809765	-11031.824030010206	0.8269911821202781	1.931712640471948	0.8164596492448317	2.008375930364538	1.735021014698123	0.7770449887115275	0.3430938833192182	1.1882964300922734	0.34999764049221166	0.34236743614408466	1.0918981489017794
644	-48.25372880809765	-11031.824030010206	0.8269911821202781	1.931712640471948	0.8164596492448317	2.008375930364538	1.735021014698123	0.7770449887115275	0.3430938833192182	1.1882964300922734	0.34999764049221166	0.34236743614408466	1.0918981489017794
645	-48.25372880809765	-11031.824030010206	0.8269911821202781	1.931712640471948	0.8164596492448317	2.008375930364538	1.735021014698123	0.7770449887115275	0.3430938833192182	1.1882964300922734	0.34999764049221166	0.34236743614408466	1.0918981489017794
646	-48.25372880809765	-11031.824030010206	0.8269911821202781	1.931712640471948	0.8164596492448317	2.008375930364538	1.735021014698123	0.7770449887115275	0.3430938833192182	1.1882964300922734	0.34999764049221166	0.34236743614408466	1.0918981489017794
647	-48.25372880809765	-11031.824030010206	0.8269911821202781	1.931712640471948	0.8164596492448317	2.008375930364538	1.735021014698123	0.7770449887115275	0.3430938833192182	1.1882964300922734	0.34999764049221166	0.34236743614408466	1.0918981489017794
648	-48.25372880809765	-11031.824030010206	0.8269911821202781	1.931712640471948	0.8164596492448317	2.008375930364538	1.735021014698123	0.7770449887115275	0.3430938833192182	1.1882964300922734	0.34999764049221166	0.34236743614408466	1.0918981489017794
649	-48.25372880809765	-11031.824030010206	0.8269911821202781	1.931712640471948	0.8164596492448317	2.008375930364538	1.735021014698123	0.7770449887115275	0.3430938833192182	1.1882964300922734	0.34999764049221166	0.34236743614408466	1.0918981489017794
650	-48.25372880809765	-11031.824030010206	0.8269911821202781	1.931712640471948	0.8164596492448317	2.008375930364538	1.735021014698123	0.7770449887115275	0.3430938833192182	1.1882964300922734	0.34999764049221166	0.34236743614408466	1.0918981489017794
651	-48.25372880809765	-11028.607339210324	0.8269911821202781	1.931712640471948	0.8164596492448317	2.008375930364538	1.735021014698123	0.7770449887115275	0.3430938833192182	1.1882964300922734	0.34999764049221166	0.34236743614408466	1.0918981489017794
652	-47.91667863591388	-11028.607339210324	0.8269911821202781	1.931712640471948	0.8164596492448317	2.008375930364538	1.735021014698123	0.8518859936047299	0.30996111148684724	1.1232532102402513	0.37720736819993944	0.26828242012640846	1.0918981489017794
653	-36.86138884606631	-11028.607339210324	0.788452204042514	1.9292660541333995	0.9152178543845376	1.6623230291544449	2.0386233940418412	0.8518859936047299	0.30996111148684724	1.1232532102402513	0.37720736819993944	0.26828242012640846	1.0918981489017794
654	-36.86138884606631	-11028.607339210324	0.788452204042514	1.9292660541333995	0.9152178543845376	1.6623230291544449	2.0386233940418412	0.8518859936047299	0.30996111148684724	1.1232532102402513	0.37720736819993944	0.26828242012640846	1.0918981489017794
655	-36.86138884606631	-11028.607339210324	0.788452204042514	1.9292660541333995	0.9152178543845376	1.6623230291544449	2.0386233940418412	0.8518859936047299	0.30996111148684724	1.1232532102402513	0.37720736819993944	0.26828242012640846	1.0918981489017794
656	-36.86138884606631	-11028.607339210324	0.788452204042514	1.9292660541333995	0.9152178543845376	1.6623230291544449	2.0386233940418412	0.8518859936047299	0.30996111148684724	1.1232532102402513	0.37720736819993944	0.26828242012640846	1.0918981489017794
657	-37.54213962829116	-11028.607339210324	0.788452204042514	1.9292660541333995	0.9152178543845376	1.6623230291544449	2.0386233940418412	0.8518859936047299	0.30996111148684724	1.1232532102402513	0.37720736819993944	0.26828242012640846	1.4407547839669095
658	-37.54213962829116	-11028.607339210324	0.788452204042514	1.9292660541333995	0.9152178543845376	1.6623230291544449	2.0386233940418412	0.8518859936047299	0.30996111148684724	1.1232532102402513	0.37720736819993944	0.26828242012640846	1.4407547839669095
659	-37.54213962829116	-11024.384651405515	0.788452204042514	1.9292660541333995	0.9152178543845376	1.6623230291544449	2.0386233940418412	0.8518859936047299	0.30996111148684724	1.1232532102402513	0.37720736819993944	0.26828242012640846	1.4407547839669095
660	-37.548095336001225	-11023.806884249958	0.788452204042514	1.9292660541333995	0.9152178543845376	1.6623230291544449	2.0386233940418412	0.8518859936047299	0.30996111148684724	1.1232532102402513	0.37720736819993944	0.26828242012640846	1.4407547839669095
661	-37.548095336001225	-11023.806884249958	0.788452204042514	1.9292660541333995	0.9152178543845376	1.6623230291544449	2.0386233940418412	0.8518859936047299	0.30996111148684724	1.1232532102402513	0.37720736819993944	0.26828242012640846	1.4407547839669095
662	-37.548095336001225	-11023.806884249958	0.788452204042514	1.9292660541333995	0.9152178543845376	1.6623230291544449	2.0386233940418412	0.8518859936047299	0.30996111148684724	1.1232532102402513	0.37720736819993944	0.26828242012640846	1.4407547839669095
663	-37.548095336001225	-11023.806884249958	0.788452204042514	1.9292660541333995	0.9152178543845376	1.6623230291544449	2.0386233940418412	0.8518859936047299	0.30996111148684724	1.1232532102402513	0.37720736819993944	0.26828242012640846	1.4407547839669095
664	-37.548095336001225	-11023.806884249958	0.788452204042514	1.9292660541333995	0.9152178543845376	1.6623230291544449	2.0386233940418412	0.8518859936047299	0.30996111148684724	1.1232532102402513	0.37720736819993944	0.26828242012640846	1.4407547839669095
665	-37.548095336001225	-11023.806884249958	0.788452204042514	1.9292660541333995	0.9152178543845376	1.6623230291544449	2.0386233940418412	0.8518859936047299	0.30996111148684724	1.1232532102402513	0.37720736819993944	0.26828242012640846	1.4407547839669095
666	-37.548095336001225	-11023.806884249958	0.788452204042514	1.9292660541333995	0.9152178543845376	1.6623230291544449	2.0386233940418412	0.8518859936047299	0.30996111148684724	1.1232532102402513	0.37720736819993944	0.26828242012640846	1.4407547839669095
667	-37.548095336001225	-11024.028098088651	0.788452204042514	1.9292660541333995	0.9152178543845376	1.6623230291544449	2.0386233940418412	0.8518859936047299	0.30996111148684724	1.1232532102402513	0.37720736819993944	0.26828242012640846	1.4407547839669095
668	-37.548095336001225	-11023.148636174705	0.788452204042514	1.9292660541333995	0.9152178543845376	1.6623230291544449	2.0386233940418412	0.8518859936047299	0.30996111148684724	1.1232532102402513	0.37720736819993944	0.26828242012640846	1.4407547839669095
669	-37.548095336001225	-11023.148636174705	0.788452204042514	1.9292660541333995	0.9152178543845376	1.6623230291544449	2.0386233940418412	0.8518859936047299	0.30996111148684724	1.1232532102402513	0.37720736819993944	0.26828242012640846	1.4407547839669095
670	-37.548095336001225	-11021.519049453696	0.788452204042514	1.9292660541333995	0.9152178543845376	1.6623230291544449	2.0386233940418412	0.8518859936047299	0.30996111148684724	1.1232532102402513	0.37720736819993944	0.26828242012640846	1.4407547839669095
671	-37.548095336001225	-11021.519049453696	0.788452204042514	1.9292660541333995	0.9152178543845376	1.6623230291544449	2.0386233940418412	0.8518859936047299	0.30996111148684724	1.1232532102402513	0.37720736819993944	0.26828242012640846	1.4407547839669095
672	-37.548095336001225	-11021.519049453696	0.788452204042514	1.9292660541333995	0.9152178543845376	1.6623230291544449	2.0386233940418412	0.8518859936047299	0.30996111148684724	1.1232532102402513	0.37720736819993944	0.26828242012640846	1.4407547839669095
673	-37.548095336001225	-11021.519049453696	0.788452204042514	1.9292660541333995	0.9152178543845376	1.6623230291544449	2.0386233940418412	0.8518859936047299	0.30996111148684724	1.1232532102402513	0.37720736819993944	0.26828242012640846	1.4407547839669095
674	-37.548095336001225	-11017.251248878612	0.788452204042514	1.9292660541333995	0.9152178543845376	1.6623230291544449	2.0386233940418412	0.8518859936047299	0.30996111148684724	1.1232532102402513	0.37720736819993944	0.26828242012640846	1.4407547839669095
675	-37.41805662188062	-11011.110513329912	0.788452204042514	1.9292660541333995	0.9152178543845376	1.6623230291544449	2.0386233940418412	0.8518859936047299	0.30996111148684724	1.1232532102402513	0.37720736819993944	0.26828242012640846	1.4407547839669095
676	-37.39805016384567	-11008.737903060432	0.788452204042514	1.9292660541333995	0.9152178543845376	1.6623230291544449	2.0386233940418412	0.8518859936047299	0.30996111148684724	1.1232532102402513	0.37720736819993944	0.26828242012640846	1.4407547839669095
677	-37.3971716556031	-11008.2736032193	0.788452204042514	1.9292660541333995	0.9152178543845376	1.6623230291544449	2.0386233940418412	0.8518859936047299	0.30996111148684724	1.1232532102402513	0.37720736819993944	0.26828242012640846	1.4407547839669095
678	-37.3971716556031	-11008.2736032193	0.788452204042514	1.9292660541333995	0.9152178543845376	1.6623230291544449	2.0386233940418412	0.8518859936047299	0.30996111148684724	1.1232532102402513	0.37720736819993944	0.26828242012640846	1.4407547839669095
679	-37.3971716556031	-11007.950213369335	0.788452204042514	1.9292660541333995	0.9152178543845376	1.6623230291544449	2.0386233940418412	0.8518859936047299	0.30996111148684724	1.1232532102402513	0.37720736819993944	0.26828242012640846	1.4407547839669095
680	-37.34794004002908	-10977.090501602026	0.788452204042514	1.9292660541333995	0.9152178543845376	1.6623230291544449	2.0386233940418412	0.8518859936047299	0.30996111148684724	1.1232532102402513	0.37720736819993944	0.26828242012640846	1.4407547839669095
681	-37.34794004002908	-10977.223870947137	0.788452204042514	1.9292660541333995	0.9152178543845376	1.6623230291544449	2.0386233940418412	0.8518859936047299	0.30996111148684724	1.1232532102402513	0.37720736819993944	0.26828242012640846	1.4407547839669095
682	-37.34740963534504	-10971.616461239719	0.788452204042514	1.9292660541333995	0.9152178543845376	1.6623230291544449	2.0386233940418412	0.8518859936047299	0.30996111148684724	1.1232532102402513	0.37720736819993944	0.26828242012640846	1.4407547839669095
683	-37.34740963534504	-10971.616461239719	0.788452204042514	1.9292660541333995	0.9152178543845376	1.6623230291544449	2.0386233940418412	0.8518859936047299	0.30996111148684724	1.1232532102402513	0.37720736819993944	0.26828242012640846	1.4407547839669095
684	-37.05083594817048	-10971.616461239719	0.788452204042514	1.9292660541333995	0.9152178543845376	1.6623230291544449	2.0386233940418412	0.8518859936047299	0.30996111148684724	1.1232532102402513	0.37720736819993944	0.26828242012640846	1.2906665066694643
685	-37.05083594817048	-10971.616461239719	0.788452204042514	1.9292660541333995	0.9152178543845376	1.6623230291544449	2.0386233940418412	0.8518859936047299	0.30996111148684724	1.1232532102402513	0.37720736819993944	0.26828242012640846	1.2906665066694643
686	-37.05083594817048	-10971.616461239719	0.788452204042514	1.9292660541333995	0.9152178543845376	1.6623230291544449	2.0386233940418412	0.8518859936047299	0.30996111148684724	1.1232532102402513	0.37720736819993944	0.26828242012640846	1.2906665066694643
687	-37.05083594817048	-10971.616461239719	0.788452204042514	1.9292660541333995	0.9152178543845376	1.6623230291544449	2.0386233940418412	0.8518859936047299	0.30996111148684724	1.1232532102402513	0.37720736819993944	0.26828242012640846	1.2906665066694643
688	-37.05083594817048	-10971.616461239719	0.788452204042514	1.9292660541333995	0.9152178543845376	1.6623230291544449	2.0386233940418412	0.8518859936047299	0.30996111148684724	1.1232532102402513	0.37720736819993944	0.26828242012640846	1.2906665066694643
689	-37.05083594817048	-10971.616461239719	0.788452204042514	1.9292660541333995	0.9152178543845376	1.6623230291544449	2.0386233940418412	0.8518859936047299	0.30996111148684724	1.1232532102402513	0.37720736819993944	0.26828242012640846	1.2906665066694643
690	-37.05083594817048	-10971.616461239719	0.788452204042514	1.9292660541333995	0.9152178543845376	1.6623230291544449	2.0386233940418412	0.8518859936047299	0.30996111148684724	1.1232532102402513	0.37720736819993944	0.26828242012640846	1.2906665066694643
691	-37.05083594817048	-10971.616461239719	0.788452204042514	1.9292660541333995	0.9152178543845376	1.6623230291544449	2.0386233940418412	0.8518859936047299	0.30996111148684724	1.1232532102402513	0.37720736819993944	0.26828242012640846	1.2906665066694643
692	-37.05785298802238	-10969.595427733795	0.788452204042514	1.9292660541333995	0.9152178543845376	1.6623230291544449	2.0386233940418412	0.8518859936047299	0.30996111148684724	1.1232532102402513	0.37720736819993944	0.26828242012640846	1.2906665066694643
693	-37.05785298802238	-10969.595427733795	0.788452204042514	1.9292660541333995	0.9152178543845376	1.6623230291544449	2.0386233940418412	0.8518859936047299	0.30996111148684724	1.1232532102402513	0.37720736819993944	0.26828242012640846	1.2906665066694643
694	-37.05785298802238	-10969.595427733795	0.788452204042514	1.9292660541333995	0.9152178543845376	1.6623230291544449	2.0386233940418412	0.8518859936047299	0.30996111148684724	1.1232532102402513	0.37720736819993944	0.26828242012640846	1.2906665066694643
695	-37.05785298802238	-10969.595427733795	0.788452204042514	1.9292660541333995	0.9152178543845376	1.6623230291544449	2.0386233940418412	0.8518859936047299	0.30996111148684724	1.1232532102402513	0.37720736819993944	0.26828242012640846	1.2906665066694643
696	-37.05785298802238	-10969.595427733795	0.788452204042514	1.9292660541333995	0.9152178543845376	1.6623230291544449	2.0386233940418412	0.8518859936047299	0.30996111148684724	1.1232532102402513	0.37720736819993944	0.26828242012640846	1.2906665066694643
697	-37.05785298802238	-10969.595427733795	0.788452204042514	1.9292660541333995	0.9152178543845376	1.6623230291544449	2.0386233940418412	0.8518859936047299	0.30996111148684724	1.1232532102402513	0.37720736819993944	0.26828242012640846	1.2906665066694643
698	-37.05785298802238	-10969.595427733795	0.788452204042514	1.9292660541333995	0.9152178543845376	1.6623230291544449	2.0386233940418412	0.8518859936047299	0.30996111148684724	1.1232532102402513	0.37720736819993944	0.26828242012640846	1.2906665066694643
699	-37.05785298802238	-10956.858316432126	0.788452204042514	1.9292660541333995	0.9152178543845376	1.6623230291544449	2.0386233940418412	0.8518859936047299	0.30996111148684724	1.1232532102402513	0.37720736819993944	0.26828242012640846	1.2906665066694643
700	-37.05785298802238	-10956.858316432126	0.788452204042514	1.9292660541333995	0.9152178543845376	1.6623230291544449	2.0386233940418412	0.8518859936047299	0.30996111148684724	1.1232532102402513	0.37720736819993944	0.26828242012640846	1.2906665066694643
701	-37.05785298802238	-10956.858316432126	0.788452204042514	1.9292660541333995	0.9152178543845376	1.6623230291544449	2.0386233940418412	0.8518859936047299	0.30996111148684724	1.1232532102402513	0.37720736819993944	0.26828242012640846	1.2906665066694643
702	-37.05785298802238	-10956.858316432126	0.788452204042514	1.9292660541333995	0.9152178543845376	1.6623230291544449	2.0386233940418412	0.8518859936047299	0.30996111148684724	1.1232532102402513	0.37720736819993944	0.26828242012640846	1.2906665066694643
703	-37.05785298802238	-10956.858316432126	0.788452204042514	1.9292660541333995	0.9152178543845376	1.6623230291544449	2.0386233940418412	0.8518859936047299	0.30996111148684724	1.1232532102402513	0.37720736819993944	0.26828242012640846	1.2906665066694643
704	-37.05785298802238	-10956.858316432126	0.788452204042514	1.9292660541333995	0.9152178543845376	1.6623230291544449	2.0386233940418412	0.8518859936047299	0.30996111148684724	1.1232532102402513	0.37720736819993944	0.26828242012640846	1.2906665066694643
705	-37.05785298802238	-10956.858316432126	0.788452204042514	1.9292660541333995	0.9152178543845376	1.6623230291544449	2.0386233940418412	0.8518859936047299	0.30996111148684724	1.1232532102402513	0.37720736819993944	0.26828242012640846	1.2906665066694643
706	-36.49937556057143	-10956.858316432126	0.788452204042514	1.9292660541333995	0.9152178543845376	1.6623230291544449	2.0386233940418412	0.8518859936047299	0.30996111148684724	1.1232532102402513	0.37720736819993944	0.26828242012640846	0.9995340966986482
707	-36.472169531050426	-10921.546969083603	0.788452204042514	1.9292660541333995	0.9152178543845376	1.6623230291544449	2.0386233940418412	0.8518859936047299	0.30996111148684724	1.1232532102402513	0.37720736819993944	0.26828242012640846	0.9995340966986482
708	-36.472169531050426	-10921.546969083603	0.788452204042514	1.9292660541333995	0.9152178543845376	1.6623230291544449	2.0386233940418412	0.8518859936047299	0.30996111148684724	1.1232532102402513	0.37720736819993944	0.26828242012640846	0.9995340966986482
709	-36.47050579423299	-10920.073454688882	0.788452204042514	1.9292660541333995	0.9152178543845376	1.6623230291544449	2.0386233940418412	0.8518859936047299	0.30996111148684724	1.1232532102402513	0.37720736819993944	0.26828242012640846	0.9995340966986482
710	-36.47050579423299	-10920.073454688882	0.788452204042514	1.9292660541333995	0.9152178543845376	1.6623230291544449	2.0386233940418412	0.8518859936047299	0.30996111148684724	1.1232532102402513	0.37720736819993944	0.26828242012640846	0.9995340966986482
711	-36.47050579423299	-10920.073454688882	0.788452204042514	1.9292660541333995	0.9152178543845376	1.6623230291544449	2.0386233940418412	0.8518859936047299	0.30996111148684724	1.1232532102402513	0.37720736819993944	0.26828242012640846	0.9995340966986482
712	-36.47050579423299	-10888.457990720926	0.788452204042514	1.9292660541333995	0.9152178543845376	1.6623230291544449	2.0386233940418412	0.8518859936047299	0.30996111148684724	1.1232532102402513	0.37720736819993944	0.26828242012640846	0.9995340966986482
713	-36.47050579423299	-10888.457990720926	0.788452204042514	1.9292660541333995	0.9152178543845376	1.6623230291544449	2.0386233940418412	0.8518859936047299	0.30996111148684724	1.1232532102402513	0.37720736819993944	0.26828242012640846	0.9995340966986482
714	-36.47050579423299	-10888.457990720926	0.788452204042514	1.9292660541333995	0.9152178543845376	1.6623230291544449	2.0386233940418412	0.8518859936047299	0.30996111148684724	1.1232532102402513	0.37720736819993944	0.26828242012640846	0.9995340966986482
715	-36.47050579423299	-10888.457990720926	0.788452204042514	1.9292660541333995	0.9152178543845376	1.6623230291544449	2.0386233940418412	0.8518859936047299	0.30996111148684724	1.1232532102402513	0.37720736819993944	0.26828242012640846	0.9995340966986482
716	-36.432600559999926	-10879.176096378107	0.788452204042514	1.9292660541333995	0.9152178543845376	1.6623230291544449	2.0386233940418412	0.8518859936047299	0.30996111148684724	1.1232532102402513	0.37720736819993944	0.26828242012640846	0.9995340966986482
717	-36.432600559999926	-10879.176096378107	0.788452204042514	1.9292660541333995	0.9152178543845376	1.6623230291544449	2.0386233940418412	0.8518859936047299	0.30996111148684724	1.1232532102402513	0.37720736819993944	0.26828242012640846	0.9995340966986482
718	-36.432600559999926	-10879.176096378107	0.788452204042514	1.9292660541333995	0.9152178543845376	1.6623230291544449	2.0386233940418412	0.8518859936047299	0.30996111148684724	1.1232532102402513	0.37720736819993944	0.26828242012640846	0.9995340966986482
719	-36.430107652621544	-10875.610724078164	0.788452204042514	1.9292660541333995	0.9152178543845376	1.6623230291544449	2.0386233940418412	0.8518859936047299	0.30996111148684724	1.1232532102402513	0.37720736819993944	0.26828242012640846	0.9995340966986482
720	-36.430107652621544	-10875.610724078164	0.788452204042514	1.9292660541333995	0.9152178543845376	1.6623230291544449	2.0386233940418412	0.8518859936047299	0.30996111148684724	1.1232532102402513	0.37720736819993944	0.26828242012640846	0.9995340966986482
721	-36.430107652621544	-10875.618335643203	0.788452204042514	1.9292660541333995	0.9152178543845376	1.6623230291544449	2.0386233940418412	0.8518859936047299	0.30996111148684724	1.1232532102402513	0.37720736819993944	0.26828242012640846	0.9995340966986482
722	-36.430107652621544	-10875.618335643203	0.788452204042514	1.9292660541333995	0.9152178543845376	1.6623230291544449	2.0386233940418412	0.8518859936047299	0.30996111148684724	1.1232532102402513	0.37720736819993944	0.26828242012640846	0.9995340966986482
723	-36.23889355043832	-10875.618335643203	0.788452204042514	1.9292660541333995	0.9152178543845376	1.6623230291544449	2.0386233940418412	0.8827155942873718	0.3547051546001407	0.8684785443126624	0.3922545629102395	0.22607990739862552	0.9995340966986482
724	-36.23889355043832	-10875.618335643203	0.788452204042514	1.9292660541333995	0.9152178543845376	1.6623230291544449	2.0386233940418412	0.8827155942873718	0.3547051546001407	0.8684785443126624	0.3922545629102395	0.22607990739862552	0.9995340966986482
725	-36.16636940818957	-10858.424495342073	0.788452204042514	1.9292660541333995	0.9152178543845376	1.6623230291544449	2.0386233940418412	0.8827155942873718	0.3547051546001407	0.8684785443126624	0.3922545629102395	0.22607990739862552	0.9995340966986482
726	-36.16636940818957	-10858.424495342073	0.788452204042514	1.9292660541333995	0.9152178543845376	1.6623230291544449	2.0386233940418412	0.8827155942873718	0.3547051546001407	0.8684785443126624	0.3922545629102395	0.22607990739862552	0.9995340966986482
727	-33.09984879561957	-10858.424495342073	1.0225093508825553	1.9631055740471195	0.7128792390163763	1.754119155628861	2.130580055155206	0.8827155942873718	0.3547051546001407	0.8684785443126624	0.3922545629102395	0.22607990739862552	0.9995340966986482
728	-33.09984879561957	-10858.424495342073	1.0225093508825553	1.9631055740471195	0.7128792390163763	1.754119155628861	2.130580055155206	0.8827155942873718	0.3547051546001407	0.8684785443126624	0.3922545629102395	0.22607990739862552	0.9995340966986482
729	-33.09984879561957	-10858.424495342073	1.0225093508825553	1.9631055740471195	0.7128792390163763	1.754119155628861	2.130580055155206	0.8827155942873718	0.3547051546001407	0.8684785443126624	0.3922545629102395	0.22607990739862552	0.9995340966986482
730	-33.09984879561957	-10858.424495342073	1.0225093508825553	1.9631055740471195	0.7128792390163763	1.754119155628861	2.130580055155206	0.8827155942873718	0.3547051546001407	0.8684785443126624	0.3922545629102395	0.22607990739862552	0.9995340966986482
731	-33.09984879561957	-10858.424495342073	1.0225093508825553	1.9631055740471195	0.7128792390163763	1.754119155628861	2.130580055155206	0.8827155942873718	0.3547051546001407	0.8684785443126624	0.3922545629102395	0.22607990739862552	0.9995340966986482
732	-33.09984879561957	-10858.424495342073	1.0225093508825553	1.9631055740471195	0.7128792390163763	1.754119155628861	2.130580055155206	0.8827155942873718	0.3547051546001407	0.8684785443126624	0.3922545629102395	0.22607990739862552	0.9995340966986482
733	-33.09984879561957	-10858.424495342073	1.0225093508825553	1.9631055740471195	0.7128792390163763	1.754119155628861	2.130580055155206	0.8827155942873718	0.3547051546001407	0.8684785443126624	0.3922545629102395	0.22607990739862552	0.9995340966986482
734	-33.09984879561957	-10858.424495342073	1.0225093508825553	1.9631055740471195	0.7128792390163763	1.754119155628861	2.130580055155206	0.8827155942873718	0.3547051546001407	0.8684785443126624	0.3922545629102395	0.22607990739862552	0.9995340966986482
735	-33.09984879561957	-10858.424495342073	1.0225093508825553	1.9631055740471195	0.7128792390163763	1.754119155628861	2.130580055155206	0.8827155942873718	0.3547051546001407	0.8684785443126624	0.3922545629102395	0.22607990739862552	0.9995340966986482
736	-33.09861990014718	-10851.968823497344	1.0225093508825553	1.9631055740471195	0.7128792390163763	1.754119155628861	2.130580055155206	0.8827155942873718	0.3547051546001407	0.8684785443126624	0.3922545629102395	0.22607990739862552	0.9995340966986482
737	-33.09861990014718	-10851.706608174803	1.0225093508825553	1.9631055740471195	0.7128792390163763	1.754119155628861	2.130580055155206	0.8827155942873718	0.3547051546001407	0.8684785443126624	0.3922545629102395	0.22607990739862552	0.9995340966986482
738	-33.09861990014718	-10851.706608174803	1.0225093508825553	1.9631055740471195	0.7128792390163763	1.754119155628861	2.130580055155206	0.8827155942873718	0.3547051546001407	0.8684785443126624	0.3922545629102395	0.22607990739862552	0.9995340966986482
739	-33.09861990014718	-10851.706608174803	1.0225093508825553	1.9631055740471195	0.7128792390163763	1.754119155628861	2.130580055155206	0.8827155942873718	0.3547051546001407	0.8684785443126624	0.3922545629102395	0.22607990739862552	0.9995340966986482
740	-33.09285172474758	-10849.124247173268	1.0225093508825553	1.9631055740471195	0.7128792390163763	1.754119155628861	2.130580055155206	0.8827155942873718	0.3547051546001407	0.8684785443126624	0.3922545629102395	0.22607990739862552	0.9995340966986482
741	-33.09272217633454	-10848.832536539978	1.0225093508825553	1.9631055740471195	0.7128792390163763	1.754119155628861	2.130580055155206	0.8827155942873718	0.3547051546001407	0.8684785443126624	0.3922545629102395	0.22607990739862552	0.9995340966986482
742	-33.09272217633454	-10848.832536539978	1.0225093508825553	1.9631055740471195	0.7128792390163763	1.754119155628861	2.130580055155206	0.8827155942873718	0.3547051546001407	0.8684785443126624	0.3922545629102395	0.22607990739862552	0.9995340966986482
743	-33.09272217633454	-10848.832536539978	1.0225093508825553	1.9631055740471195	0.7128792390163763	1.754119155628861	2.130580055155206	0.8827155942873718	0.3547051546001407	0.8684785443126624	0.3922545629102395	0.22607990739862552	0.9995340966986482
744	-33.09272217633454	-10848.832536539978	1.0225093508825553	1.9631055740471195	0.7128792390163763	1.754119155628861	2.130580055155206	0.8827155942873718	0.3547051546001407	0.8684785443126624	0.3922545629102395	0.22607990739862552	0.9995340966986482
745	-33.06362211810474	-10846.490510848296	1.0225093508825553	1.9631055740471195	0.7128792390163763	1.754119155628861	2.130580055155206	0.8827155942873718	0.3547051546001407	0.8684785443126624	0.3922545629102395	0.22607990739862552	0.9995340966986482
746	-33.06362211810474	-10846.490510848296	1.0225093508825553	1.9631055740471195	0.7128792390163763	1.754119155628861	2.130580055155206	0.8827155942873718	0.3547051546001407	0.8684785443126624	0.3922545629102395	0.22607990739862552	0.9995340966986482
747	-33.06362211810474	-10846.490510848296	1.0225093508825553	1.9631055740471195	0.7128792390163763	1.754119155628861	2.130580055155206	0.8827155942873718	0.3547051546001407	0.8684785443126624	0.3922545629102395	0.22607990739862552	0.9995340966986482
748	-33.06362211810474	-10846.490510848296	1.0225093508825553	1.9631055740471195	0.7128792390163763	1.754119155628861	2.130580055155206	0.8827155942873718	0.3547051546001407	0.8684785443126624	0.3922545629102395	0.22607990739862552	0.9995340966986482
749	-33.06362211810474	-10846.998532824484	1.0225093508825553	1.9631055740471195	0.7128792390163763	1.754119155628861	2.130580055155206	0.8827155942873718	0.3547051546001407	0.8684785443126624	0.3922545629102395	0.22607990739862552	0.9995340966986482
750	-33.06362211810474	-10846.998532824484	1.0225093508825553	1.9631055740471195	0.7128792390163763	1.754119155628861	2.130580055155206	0.8827155942873718	0.3547051546001407	0.8684785443126624	0.3922545629102395	0.22607990739862552	0.9995340966986482
751	-33.06362211810474	-10846.998532824484	1.0225093508825553	1.9631055740471195	0.7128792390163763	1.754119155628861	2.130580055155206	0.8827155942873718	0.3547051546001407	0.8684785443126624	0.3922545629102395	0.22607990739862552	0.9995340966986482
752	-33.13621421184467	-10846.998532824484	1.0225093508825553	1.9631055740471195	0.7128792390163763	1.754119155628861	2.130580055155206	0.8827155942873718	0.3547051546001407	0.8684785443126624	0.3922545629102395	0.22607990739862552	1.035742471449163
753	-33.13621421184467	-10846.87704646774	1.0225093508825553	1.9631055740471195	0.7128792390163763	1.754119155628861	2.130580055155206	0.8827155942873718	0.3547051546001407	0.8684785443126624	0.3922545629102395	0.22607990739862552	1.035742471449163
754	-33.13621421184467	-10846.87704646774	1.0225093508825553	1.9631055740471195	0.7128792390163763	1.754119155628861	2.130580055155206	0.8827155942873718	0.3547051546001407	0.8684785443126624	0.3922545629102395	0.22607990739862552	1.035742471449163
755	-33.13621421184467	-10846.87704646774	1.0225093508825553	1.9631055740471195	0.7128792390163763	1.754119155628861	2.130580055155206	0.8827155942873718	0.3547051546001407	0.8684785443126624	0.3922545629102395	0.22607990739862552	1.035742471449163
756	-33.03212493220759	-10783.920253435588	1.0225093508825553	1.9631055740471195	0.7128792390163763	1.754119155628861	2.130580055155206	0.8827155942873718	0.3547051546001407	0.8684785443126624	0.3922545629102395	0.22607990739862552	1.035742471449163
757	-33.03212493220759	-10783.920253435588	1.0225093508825553	1.9631055740471195	0.7128792390163763	1.754119155628861	2.130580055155206	0.8827155942873718	0.3547051546001407	0.8684785443126624	0.3922545629102395	0.22607990739862552	1.035742471449163
758	-32.99058519810429	-10767.59813227498	1.0225093508825553	1.9631055740471195	0.7128792390163763	1.754119155628861	2.130580055155206	0.8827155942873718	0.3547051546001407	0.8684785443126624	0.3922545629102395	0.22607990739862552	1.035742471449163
759	-32.99058519810429	-10767.59813227498	1.0225093508825553	1.9631055740471195	0.7128792390163763	1.754119155628861	2.130580055155206	0.8827155942873718	0.3547051546001407	0.8684785443126624	0.3922545629102395	0.22607990739862552	1.035742471449163
760	-32.99058519810429	-10767.59813227498	1.0225093508825553	1.9631055740471195	0.7128792390163763	1.754119155628861	2.130580055155206	0.8827155942873718	0.3547051546001407	0.8684785443126624	0.3922545629102395	0.22607990739862552	1.035742471449163
761	-32.99058519810429	-10758.647379100421	1.0225093508825553	1.9631055740471195	0.7128792390163763	1.754119155628861	2.130580055155206	0.8827155942873718	0.3547051546001407	0.8684785443126624	0.3922545629102395	0.22607990739862552	1.035742471449163
762	-32.99058519810429	-10758.647379100421	1.0225093508825553	1.9631055740471195	0.7128792390163763	1.754119155628861	2.130580055155206	0.8827155942873718	0.3547051546001407	0.8684785443126624	0.3922545629102395	0.22607990739862552	1.035742471449163
763	-32.745630875839055	-10758.647379100421	1.0225093508825553	1.9631055740471195	0.7128792390163763	1.754119155628861	2.130580055155206	0.8827155942873718	0.3547051546001407	0.8684785443126624	0.3922545629102395	0.22607990739862552	0.9124688504543369
764	-32.745630875839055	-10758.647379100421	1.0225093508825553	1.9631055740471195	0.7128792390163763	1.754119155628861	2.130580055155206	0.8827155942873718	0.3547051546001407	0.8684785443126624	0.3922545629102395	0.22607990739862552	0.9124688504543369
765	-32.745630875839055	-10758.647379100421	1.0225093508825553	1.9631055740471195	0.7128792390163763	1.754119155628861	2.130580055155206	0.8827155942873718	0.3547051546001407	0.8684785443126624	0.3922545629102395	0.22607990739862552	0.9124688504543369
766	-32.745630875839055	-10758.647379100421	1.0225093508825553	1.9631055740471195	0.7128792390163763	1.754119155628861	2.130580055155206	0.8827155942873718	0.3547051546001407	0.8684785443126624	0.3922545629102395	0.22607990739862552	0.9124688504543369
767	-32.70342854361357	-10749.282042496303	1.0225093508825553	1.9631055740471195	0.7128792390163763	1.754119155628861	2.130580055155206	0.8827155942873718	0.3547051546001407	0.8684785443126624	0.3922545629102395	0.22607990739862552	0.9124688504543369
768	-32.69863512038761	-10749.510604202684	1.0225093508825553	1.9631055740471195	0.7128792390163763	1.754119155628861	2.130580055155206	0.8827155942873718	0.3547051546001407	0.8684785443126624	0.3922545629102395	0.22607990739862552	0.9124688504543369
769	-32.62043460738103	-10750.90100736269	1.0225093508825553	1.9631055740471195	0.7128792390163763	1.754119155628861	2.130580055155206	0.8827155942873718	0.3547051546001407	0.8684785443126624	0.3922545629102395	0.22607990739862552	0.9124688504543369
770	-32.617323359397886	-10752.127610521999	1.0225093508825553	1.9631055740471195	0.7128792390163763	1.754119155628861	2.130580055155206	0.8827155942873718	0.3547051546001407	0.8684785443126624	0.3922545629102395	0.22607990739862552	0.9124688504543369
771	-32.617323359397886	-10752.808621531702	1.0225093508825553	1.9631055740471195	0.7128792390163763	1.754119155628861	2.130580055155206	0.8827155942873718	0.3547051546001407	0.8684785443126624	0.3922545629102395	0.22607990739862552	0.9124688504543369
772	-32.617323359397886	-10752.127610521999	1.0225093508825553	1.9631055740471195	0.7128792390163763	1.754119155628861	2.130580055155206	0.8827155942873718	0.3547051546001407	0.8684785443126624	0.3922545629102395	0.22607990739862552	0.9124688504543369
773	-32.617323359397886	-10752.127610521999	1.0225093508825553	1.9631055740471195	0.7128792390163763	1.754119155628861	2.130580055155206	0.8827155942873718	0.3547051546001407	0.8684785443126624	0.3922545629102395	0.22607990739862552	0.9124688504543369
774	-32.617323359397886	-10752.127610521999	1.0225093508825553	1.9631055740471195	0.7128792390163763	1.754119155628861	2.130580055155206	0.8827155942873718	0.3547051546001407	0.8684785443126624	0.3922545629102395	0.22607990739862552	0.9124688504543369
775	-32.617323359397886	-10752.127610521999	1.0225093508825553	1.9631055740471195	0.7128792390163763	1.754119155628861	2.130580055155206	0.8827155942873718	0.3547051546001407	0.8684785443126624	0.3922545629102395	0.22607990739862552	0.9124688504543369
776	-32.617323359397886	-10745.123082859589	1.0225093508825553	1.9631055740471195	0.7128792390163763	1.754119155628861	2.130580055155206	0.8827155942873718	0.3547051546001407	0.8684785443126624	0.3922545629102395	0.22607990739862552	0.9124688504543369
777	-32.617323359397886	-10745.123082859589	1.0225093508825553	1.9631055740471195	0.7128792390163763	1.754119155628861	2.130580055155206	0.8827155942873718	0.3547051546001407	0.8684785443126624	0.3922545629102395	0.22607990739862552	0.9124688504543369
778	-32.617323359397886	-10745.123082859589	1.0225093508825553	1.9631055740471195	0.7128792390163763	1.754119155628861	2.130580055155206	0.8827155942873718	0.3547051546001407	0.8684785443126624	0.3922545629102395	0.22607990739862552	0.9124688504543369
779	-32.617323359397886	-10745.123082859589	1.0225093508825553	1.9631055740471195	0.7128792390163763	1.754119155628861	2.130580055155206	0.8827155942873718	0.3547051546001407	0.8684785443126624	0.3922545629102395	0.22607990739862552	0.9124688504543369
780	-32.617323359397886	-10745.123082859589	1.0225093508825553	1.9631055740471195	0.7128792390163763	1.754119155628861	2.130580055155206	0.8827155942873718	0.3547051546001407	0.8684785443126624	0.3922545629102395	0.22607990739862552	0.9124688504543369
781	-32.90781978940191	-10745.123082859589	1.0225093508825553	1.9631055740471195	0.7128792390163763	1.754119155628861	2.130580055155206	0.9585016982099634	0.2898894166730866	0.8019223814649333	0.38098089336463564	0.2868837785638905	0.9124688504543369
782	-32.90781978940191	-10745.123082859589	1.0225093508825553	1.9631055740471195	0.7128792390163763	1.754119155628861	2.130580055155206	0.9585016982099634	0.2898894166730866	0.8019223814649333	0.38098089336463564	0.2868837785638905	0.9124688504543369
783	-32.9767964946042	-10727.680073878979	1.0225093508825553	1.9631055740471195	0.7128792390163763	1.754119155628861	2.130580055155206	0.9585016982099634	0.2898894166730866	0.8019223814649333	0.38098089336463564	0.2868837785638905	0.9124688504543369
784	-32.9767964946042	-10727.680073878979	1.0225093508825553	1.9631055740471195	0.7128792390163763	1.754119155628861	2.130580055155206	0.9585016982099634	0.2898894166730866	0.8019223814649333	0.38098089336463564	0.2868837785638905	0.9124688504543369
785	-32.9767964946042	-10727.680073878979	1.0225093508825553	1.9631055740471195	0.7128792390163763	1.754119155628861	2.130580055155206	0.9585016982099634	0.2898894166730866	0.8019223814649333	0.38098089336463564	0.2868837785638905	0.9124688504543369
786	-32.9767964946042	-10727.668543606414	1.0225093508825553	1.9631055740471195	0.7128792390163763	1.754119155628861	2.130580055155206	0.9585016982099634	0.2898894166730866	0.8019223814649333	0.38098089336463564	0.2868837785638905	0.9124688504543369
787	-32.9767964946042	-10727.668543606414	1.0225093508825553	1.9631055740471195	0.7128792390163763	1.754119155628861	2.130580055155206	0.9585016982099634	0.2898894166730866	0.8019223814649333	0.38098089336463564	0.2868837785638905	0.9124688504543369
788	-32.9767964946042	-10727.668543606414	1.0225093508825553	1.9631055740471195	0.7128792390163763	1.754119155628861	2.130580055155206	0.9585016982099634	0.2898894166730866	0.8019223814649333	0.38098089336463564	0.2868837785638905	0.9124688504543369
789	-32.9767964946042	-10727.668543606414	1.0225093508825553	1.9631055740471195	0.7128792390163763	1.754119155628861	2.130580055155206	0.9585016982099634	0.2898894166730866	0.8019223814649333	0.38098089336463564	0.2868837785638905	0.9124688504543369
790	-32.9767964946042	-10727.668543606414	1.0225093508825553	1.9631055740471195	0.7128792390163763	1.754119155628861	2.130580055155206	0.9585016982099634	0.2898894166730866	0.8019223814649333	0.38098089336463564	0.2868837785638905	0.9124688504543369
791	-32.9767964946042	-10727.668543606414	1.0225093508825553	1.9631055740471195	0.7128792390163763	1.754119155628861	2.130580055155206	0.9585016982099634	0.2898894166730866	0.8019223814649333	0.38098089336463564	0.2868837785638905	0.9124688504543369
792	-32.9767964946042	-10727.668543606414	1.0225093508825553	1.9631055740471195	0.7128792390163763	1.754119155628861	2.130580055155206	0.9585016982099634	0.2898894166730866	0.8019223814649333	0.38098089336463564	0.2868837785638905	0.9124688504543369
793	-32.9767964946042	-10727.668543606414	1.0225093508825553	1.9631055740471195	0.7128792390163763	1.754119155628861	2.130580055155206	0.9585016982099634	0.2898894166730866	0.8019223814649333	0.38098089336463564	0.2868837785638905	0.9124688504543369
794	-32.988893854999716	-10724.797735818624	1.0225093508825553	1.9631055740471195	0.7128792390163763	1.754119155628861	2.130580055155206	0.9585016982099634	0.2898894166730866	0.8019223814649333	0.38098089336463564	0.2868837785638905	0.9124688504543369
795	-32.988893854999716	-10724.797735818624	1.0225093508825553	1.9631055740471195	0.7128792390163763	1.754119155628861	2.130580055155206	0.9585016982099634	0.2898894166730866	0.8019223814649333	0.38098089336463564	0.2868837785638905	0.9124688504543369
796	-32.988893854999716	-10724.797735818624	1.0225093508825553	1.9631055740471195	0.7128792390163763	1.754119155628861	2.130580055155206	0.9585016982099634	0.2898894166730866	0.8019223814649333	0.38098089336463564	0.2868837785638905	0.9124688504543369
797	-32.988893854999716	-10724.797735818624	1.0225093508825553	1.9631055740471195	0.7128792390163763	1.754119155628861	2.130580055155206	0.9585016982099634	0.2898894166730866	0.8019223814649333	0.38098089336463564	0.2868837785638905	0.9124688504543369
798	-32.988893854999716	-10724.797735818624	1.0225093508825553	1.9631055740471195	0.7128792390163763	1.754119155628861	2.130580055155206	0.9585016982099634	0.2898894166730866	0.8019223814649333	0.38098089336463564	0.2868837785638905	0.9124688504543369
799	-32.988893854999716	-10724.797735818624	1.0225093508825553	1.9631055740471195	0.7128792390163763	1.754119155628861	2.130580055155206	0.9585016982099634	0.2898894166730866	0.8019223814649333	0.38098089336463564	0.2868837785638905	0.9124688504543369
800	-32.97457345993355	-10723.10820997753	1.0225093508825553	1.9631055740471195	0.7128792390163763	1.754119155628861	2.130580055155206	0.9585016982099634	0.2898894166730866	0.8019223814649333	0.38098089336463564	0.2868837785638905	0.9124688504543369
801	-32.97457345993355	-10723.498120696182	1.0225093508825553	1.9631055740471195	0.7128792390163763	1.754119155628861	2.130580055155206	0.9585016982099634	0.2898894166730866	0.8019223814649333	0.38098089336463564	0.2868837785638905	0.9124688504543369
802	-32.97457345993355	-10723.498120696182	1.0225093508825553	1.9631055740471195	0.7128792390163763	1.754119155628861	2.130580055155206	0.9585016982099634	0.2898894166730866	0.8019223814649333	0.38098089336463564	0.2868837785638905	0.9124688504543369
803	-32.97457345993355	-10702.17411605208	1.0225093508825553	1.9631055740471195	0.7128792390163763	1.754119155628861	2.130580055155206	0.9585016982099634	0.2898894166730866	0.8019223814649333	0.38098089336463564	0.2868837785638905	0.9124688504543369
804	-32.97457345993355	-10702.17411605208	1.0225093508825553	1.9631055740471195	0.7128792390163763	1.754119155628861	2.130580055155206	0.9585016982099634	0.2898894166730866	0.8019223814649333	0.38098089336463564	0.2868837785638905	0.9124688504543369
805	-32.97457345993355	-10697.65936292878	1.0225093508825553	1.9631055740471195	0.7128792390163763	1.754119155628861	2.130580055155206	0.9585016982099634	0.2898894166730866	0.8019223814649333	0.38098089336463564	0.2868837785638905	0.9124688504543369
806	-32.97457345993355	-10697.65936292878	1.0225093508825553	1.9631055740471195	0.7128792390163763	1.754119155628861	2.130580055155206	0.9585016982099634	0.2898894166730866	0.8019223814649333	0.38098089336463564	0.2868837785638905	0.9124688504543369
807	-32.97457345993355	-10699.11314137152	1.0225093508825553	1.9631055740471195	0.7128792390163763	1.754119155628861	2.130580055155206	0.9585016982099634	0.2898894166730866	0.8019223814649333	0.38098089336463564	0.2868837785638905	0.9124688504543369
808	-32.97457345993355	-10693.383943692152	1.0225093508825553	1.9631055740471195	0.7128792390163763	1.754119155628861	2.130580055155206	0.9585016982099634	0.2898894166730866	0.8019223814649333	0.38098089336463564	0.2868837785638905	0.9124688504543369
809	-32.97457345993355	-10693.383943692152	1.0225093508825553	1.9631055740471195	0.7128792390163763	1.754119155628861	2.130580055155206	0.9585016982099634	0.2898894166730866	0.8019223814649333	0.38098089336463564	0.2868837785638905	0.9124688504543369
810	-32.974192363831165	-10691.888462529863	1.0225093508825553	1.9631055740471195	0.7128792390163763	1.754119155628861	2.130580055155206	0.9585016982099634	0.2898894166730866	0.8019223814649333	0.38098089336463564	0.2868837785638905	0.9124688504543369
811	-32.974192363831165	-10691.888462529863	1.0225093508825553	1.9631055740471195	0.7128792390163763	1.754119155628861	2.130580055155206	0.9585016982099634	0.2898894166730866	0.8019223814649333	0.38098089336463564	0.2868837785638905	0.9124688504543369
812	-32.974192363831165	-10691.888462529863	1.0225093508825553	1.9631055740471195	0.7128792390163763	1.754119155628861	2.130580055155206	0.9585016982099634	0.2898894166730866	0.8019223814649333	0.38098089336463564	0.2868837785638905	0.9124688504543369
813	-32.974192363831165	-10691.888462529863	1.0225093508825553	1.9631055740471195	0.7128792390163763	1.754119155628861	2.130580055155206	0.9585016982099634	0.2898894166730866	0.8019223814649333	0.38098089336463564	0.2868837785638905	0.9124688504543369
814	-32.974192363831165	-10691.888462529863	1.0225093508825553	1.9631055740471195	0.7128792390163763	1.754119155628861	2.130580055155206	0.9585016982099634	0.2898894166730866	0.8019223814649333	0.38098089336463564	0.2868837785638905	0.9124688504543369
815	-32.974192363831165	-10691.888462529863	1.0225093508825553	1.9631055740471195	0.7128792390163763	1.754119155628861	2.130580055155206	0.9585016982099634	0.2898894166730866	0.8019223814649333	0.38098089336463564	0.2868837785638905	0.9124688504543369
816	-32.974192363831165	-10691.888462529863	1.0225093508825553	1.9631055740471195	0.7128792390163763	1.754119155628861	2.130580055155206	0.9585016982099634	0.2898894166730866	0.8019223814649333	0.38098089336463564	0.2868837785638905	0.9124688504543369
817	-32.974192363831165	-10691.888462529863	1.0225093508825553	1.9631055740471195	0.7128792390163763	1.754119155628861	2.130580055155206	0.9585016982099634	0.2898894166730866	0.8019223814649333	0.38098089336463564	0.2868837785638905	0.9124688504543369
818	-32.974192363831165	-10691.888462529863	1.0225093508825553	1.9631055740471195	0.7128792390163763	1.754119155628861	2.130580055155206	0.9585016982099634	0.2898894166730866	0.8019223814649333	0.38098089336463564	0.2868837785638905	0.9124688504543369
819	-32.974192363831165	-10691.888462529863	1.0225093508825553	1.9631055740471195	0.7128792390163763	1.754119155628861	2.130580055155206	0.9585016982099634	0.2898894166730866	0.8019223814649333	0.38098089336463564	0.2868837785638905	0.9124688504543369
820	-32.974192363831165	-10693.104018541851	1.0225093508825553	1.9631055740471195	0.7128792390163763	1.754119155628861	2.130580055155206	0.9585016982099634	0.2898894166730866	0.8019223814649333	0.38098089336463564	0.2868837785638905	0.9124688504543369
821	-32.974192363831165	-10693.104018541851	1.0225093508825553	1.9631055740471195	0.7128792390163763	1.754119155628861	2.130580055155206	0.9585016982099634	0.2898894166730866	0.8019223814649333	0.38098089336463564	0.2868837785638905	0.9124688504543369
822	-32.974192363831165	-10693.104018541851	1.0225093508825553	1.9631055740471195	0.7128792390163763	1.754119155628861	2.130580055155206	0.9585016982099634	0.2898894166730866	0.8019223814649333	0.38098089336463564	0.2868837785638905	0.9124688504543369
823	-32.974192363831165	-10693.104018541851	1.0225093508825553	1.9631055740471195	0.7128792390163763	1.754119155628861	2.130580055155206	0.9585016982099634	0.2898894166730866	0.8019223814649333	0.38098089336463564	0.2868837785638905	0.9124688504543369
824	-32.807472052293846	-10693.104018541851	1.0225093508825553	1.9631055740471195	0.7128792390163763	1.754119155628861	2.130580055155206	0.9585016982099634	0.2898894166730866	0.8019223814649333	0.38098089336463564	0.2868837785638905	0.8246743238582334
825	-32.807472052293846	-10693.104018541851	1.0225093508825553	1.9631055740471195	0.7128792390163763	1.754119155628861	2.130580055155206	0.9585016982099634	0.2898894166730866	0.8019223814649333	0.38098089336463564	0.2868837785638905	0.8246743238582334
826	-32.807472052293846	-10693.104018541851	1.0225093508825553	1.9631055740471195	0.7128792390163763	1.754119155628861	2.130580055155206	0.9585016982099634	0.2898894166730866	0.8019223814649333	0.38098089336463564	0.2868837785638905	0.8246743238582334
827	-32.807472052293846	-10693.104018541851	1.0225093508825553	1.9631055740471195	0.7128792390163763	1.754119155628861	2.130580055155206	0.9585016982099634	0.2898894166730866	0.8019223814649333	0.38098089336463564	0.2868837785638905	0.8246743238582334
828	-32.807472052293846	-10693.104018541851	1.0225093508825553	1.9631055740471195	0.7128792390163763	1.754119155628861	2.130580055155206	0.9585016982099634	0.2898894166730866	0.8019223814649333	0.38098089336463564	0.2868837785638905	0.8246743238582334
829	-32.77147586483565	-10685.204776020524	1.0225093508825553	1.9631055740471195	0.7128792390163763	1.754119155628861	2.130580055155206	0.9585016982099634	0.2898894166730866	0.8019223814649333	0.38098089336463564	0.2868837785638905	0.8246743238582334
830	-32.77147586483565	-10685.204776020524	1.0225093508825553	1.9631055740471195	0.7128792390163763	1.754119155628861	2.130580055155206	0.9585016982099634	0.2898894166730866	0.8019223814649333	0.38098089336463564	0.2868837785638905	0.8246743238582334
831	-32.77147586483565	-10685.204776020524	1.0225093508825553	1.9631055740471195	0.7128792390163763	1.754119155628861	2.130580055155206	0.9585016982099634	0.2898894166730866	0.8019223814649333	0.38098089336463564	0.2868837785638905	0.8246743238582334
832	-32.77147586483565	-10685.204776020524	1.0225093508825553	1.9631055740471195	0.7128792390163763	1.754119155628861	2.130580055155206	0.9585016982099634	0.2898894166730866	0.8019223814649333	0.38098089336463564	0.2868837785638905	0.8246743238582334
833	-32.77147586483565	-10685.204776020524	1.0225093508825553	1.9631055740471195	0.7128792390163763	1.754119155628861	2.130580055155206	0.9585016982099634	0.2898894166730866	0.8019223814649333	0.38098089336463564	0.2868837785638905	0.8246743238582334
834	-32.77147586483565	-10685.204776020524	1.0225093508825553	1.9631055740471195	0.7128792390163763	1.754119155628861	2.130580055155206	0.9585016982099634	0.2898894166730866	0.8019223814649333	0.38098089336463564	0.2868837785638905	0.8246743238582334
835	-32.77147586483565	-10656.817267608496	1.0225093508825553	1.9631055740471195	0.7128792390163763	1.754119155628861	2.130580055155206	0.9585016982099634	0.2898894166730866	0.8019223814649333	0.38098089336463564	0.2868837785638905	0.8246743238582334
836	-32.77147586483565	-10656.189843523101	1.0225093508825553	1.9631055740471195	0.7128792390163763	1.754119155628861	2.130580055155206	0.9585016982099634	0.2898894166730866	0.8019223814649333	0.38098089336463564	0.2868837785638905	0.8246743238582334
837	-32.77147586483565	-10656.189843523101	1.0225093508825553	1.9631055740471195	0.7128792390163763	1.754119155628861	2.130580055155206	0.9585016982099634	0.2898894166730866	0.8019223814649333	0.38098089336463564	0.2868837785638905	0.8246743238582334
838	-32.77147586483565	-10655.492447221708	1.0225093508825553	1.9631055740471195	0.7128792390163763	1.754119155628861	2.130580055155206	0.9585016982099634	0.2898894166730866	0.8019223814649333	0.38098089336463564	0.2868837785638905	0.8246743238582334
839	-32.75204810299812	-10650.384691163332	1.0225093508825553	1.9631055740471195	0.7128792390163763	1.754119155628861	2.130580055155206	0.9585016982099634	0.2898894166730866	0.8019223814649333	0.38098089336463564	0.2868837785638905	0.8246743238582334
840	-32.75204810299812	-10650.384691163332	1.0225093508825553	1.9631055740471195	0.7128792390163763	1.754119155628861	2.130580055155206	0.9585016982099634	0.2898894166730866	0.8019223814649333	0.38098089336463564	0.2868837785638905	0.8246743238582334
841	-32.75204810299812	-10650.384691163332	1.0225093508825553	1.9631055740471195	0.7128792390163763	1.754119155628861	2.130580055155206	0.9585016982099634	0.2898894166730866	0.8019223814649333	0.38098089336463564	0.2868837785638905	0.8246743238582334
842	-32.75204810299812	-10650.384691163332	1.0225093508825553	1.9631055740471195	0.7128792390163763	1.754119155628861	2.130580055155206	0.9585016982099634	0.2898894166730866	0.8019223814649333	0.38098089336463564	0.2868837785638905	0.8246743238582334
843	-32.75204810299812	-10650.384691163332	1.0225093508825553	1.9631055740471195	0.7128792390163763	1.754119155628861	2.130580055155206	0.9585016982099634	0.2898894166730866	0.8019223814649333	0.38098089336463564	0.2868837785638905	0.8246743238582334
844	-32.75204810299812	-10650.384691163332	1.0225093508825553	1.9631055740471195	0.7128792390163763	1.754119155628861	2.130580055155206	0.9585016982099634	0.2898894166730866	0.8019223814649333	0.38098089336463564	0.2868837785638905	0.8246743238582334
845	-32.75204810299812	-10650.384691163332	1.0225093508825553	1.9631055740471195	0.7128792390163763	1.754119155628861	2.130580055155206	0.9585016982099634	0.2898894166730866	0.8019223814649333	0.38098089336463564	0.2868837785638905	0.8246743238582334
846	-32.93704125832697	-10449.360584723707	1.0225093508825553	1.9631055740471195	0.7128792390163763	1.754119155628861	2.130580055155206	0.9585016982099634	0.2898894166730866	0.8019223814649333	0.38098089336463564	0.2868837785638905	0.8246743238582334
847	-32.93704125832697	-10449.360584723707	1.0225093508825553	1.9631055740471195	0.7128792390163763	1.754119155628861	2.130580055155206	0.9585016982099634	0.2898894166730866	0.8019223814649333	0.38098089336463564	0.2868837785638905	0.8246743238582334
848	-32.93704125832697	-10449.360584723707	1.0225093508825553	1.9631055740471195	0.7128792390163763	1.754119155628861	2.130580055155206	0.9585016982099634	0.2898894166730866	0.8019223814649333	0.38098089336463564	0.2868837785638905	0.8246743238582334
849	-32.90249662976959	-10448.419599746503	1.0225093508825553	1.9631055740471195	0.7128792390163763	1.754119155628861	2.130580055155206	0.9585016982099634	0.2898894166730866	0.8019223814649333	0.38098089336463564	0.2868837785638905	0.8246743238582334
850	-32.90249662976959	-10448.419599746503	1.0225093508825553	1.9631055740471195	0.7128792390163763	1.754119155628861	2.130580055155206	0.9585016982099634	0.2898894166730866	0.8019223814649333	0.38098089336463564	0.2868837785638905	0.8246743238582334
851	-32.86275908171534	-10384.402555630266	1.0225093508825553	1.9631055740471195	0.7128792390163763	1.754119155628861	2.130580055155206	0.9585016982099634	0.2898894166730866	0.8019223814649333	0.38098089336463564	0.2868837785638905	0.8246743238582334
852	-32.86275908171534	-10384.402555630266	1.0225093508825553	1.9631055740471195	0.7128792390163763	1.754119155628861	2.130580055155206	0.9585016982099634	0.2898894166730866	0.8019223814649333	0.38098089336463564	0.2868837785638905	0.8246743238582334
853	-32.86275908171534	-10384.16110536074	1.0225093508825553	1.9631055740471195	0.7128792390163763	1.754119155628861	2.130580055155206	0.9585016982099634	0.2898894166730866	0.8019223814649333	0.38098089336463564	0.2868837785638905	0.8246743238582334
854	-32.86275908171534	-10384.16110536074	1.0225093508825553	1.9631055740471195	0.7128792390163763	1.754119155628861	2.130580055155206	0.9585016982099634	0.2898894166730866	0.8019223814649333	0.38098089336463564	0.2868837785638905	0.8246743238582334
855	-32.86275908171534	-10384.16110536074	1.0225093508825553	1.9631055740471195	0.7128792390163763	1.754119155628861	2.130580055155206	0.9585016982099634	0.2898894166730866	0.8019223814649333	0.38098089336463564	0.2868837785638905	0.8246743238582334
856	-32.85556543166072	-10384.852376995499	1.0225093508825553	1.9631055740471195	0.7128792390163763	1.754119155628861	2.130580055155206	0.9585016982099634	0.2898894166730866	0.8019223814649333	0.38098089336463564	0.2868837785638905	0.8246743238582334
857	-32.85556543166072	-10384.852376995499	1.0225093508825553	1.9631055740471195	0.7128792390163763	1.754119155628861	2.130580055155206	0.9585016982099634	0.2898894166730866	0.8019223814649333	0.38098089336463564	0.2868837785638905	0.8246743238582334
858	-32.85556543166072	-10384.852376995499	1.0225093508825553	1.9631055740471195	0.7128792390163763	1.754119155628861	2.130580055155206	0.9585016982099634	0.2898894166730866	0.8019223814649333	0.38098089336463564	0.2868837785638905	0.8246743238582334
859	-33.17860766388719	-10384.852376995499	1.0225093508825553	1.9631055740471195	0.7128792390163763	1.754119155628861	2.130580055155206	1.2333489242634539	0.22546928080617273	0.9039168240047316	0.3609785040805631	0.35442691908553164	0.8246743238582334
860	-33.17860766388719	-10384.852376995499	1.0225093508825553	1.9631055740471195	0.7128792390163763	1.754119155628861	2.130580055155206	1.2333489242634539	0.22546928080617273	0.9039168240047316	0.3609785040805631	0.35442691908553164	0.8246743238582334
861	-33.17860766388719	-10384.852376995499	1.0225093508825553	1.9631055740471195	0.7128792390163763	1.754119155628861	2.130580055155206	1.2333489242634539	0.22546928080617273	0.9039168240047316	0.3609785040805631	0.35442691908553164	0.8246743238582334
862	-33.17860766388719	-10384.852376995499	1.0225093508825553	1.9631055740471195	0.7128792390163763	1.754119155628861	2.130580055155206	1.2333489242634539	0.22546928080617273	0.9039168240047316	0.3609785040805631	0.35442691908553164	0.8246743238582334
863	-33.17860766388719	-10384.852376995499	1.0225093508825553	1.9631055740471195	0.7128792390163763	1.754119155628861	2.130580055155206	1.2333489242634539	0.22546928080617273	0.9039168240047316	0.3609785040805631	0.35442691908553164	0.8246743238582334
864	-33.17393668595933	-10383.172606204473	1.0225093508825553	1.9631055740471195	0.7128792390163763	1.754119155628861	2.130580055155206	1.2333489242634539	0.22546928080617273	0.9039168240047316	0.3609785040805631	0.35442691908553164	0.8246743238582334
865	-33.17393668595933	-10383.172606204473	1.0225093508825553	1.9631055740471195	0.7128792390163763	1.754119155628861	2.130580055155206	1.2333489242634539	0.22546928080617273	0.9039168240047316	0.3609785040805631	0.35442691908553164	0.8246743238582334
866	-33.17393668595933	-10383.172606204473	1.0225093508825553	1.9631055740471195	0.7128792390163763	1.754119155628861	2.130580055155206	1.2333489242634539	0.22546928080617273	0.9039168240047316	0.3609785040805631	0.35442691908553164	0.8246743238582334
867	-33.182940869099625	-10380.914302939742	1.0225093508825553	1.9631055740471195	0.7128792390163763	1.754119155628861	2.130580055155206	1.2333489242634539	0.22546928080617273	0.9039168240047316	0.3609785040805631	0.35442691908553164	0.8246743238582334
868	-33.182940869099625	-10373.72855515668	1.0225093508825553	1.9631055740471195	0.7128792390163763	1.754119155628861	2.130580055155206	1.2333489242634539	0.22546928080617273	0.9039168240047316	0.3609785040805631	0.35442691908553164	0.8246743238582334
869	-33.182940869099625	-10373.72855515668	1.0225093508825553	1.9631055740471195	0.7128792390163763	1.754119155628861	2.130580055155206	1.2333489242634539	0.22546928080617273	0.9039168240047316	0.3609785040805631	0.35442691908553164	0.8246743238582334
870	-33.182940869099625	-10373.72855515668	1.0225093508825553	1.9631055740471195	0.7128792390163763	1.754119155628861	2.130580055155206	1.2333489242634539	0.22546928080617273	0.9039168240047316	0.3609785040805631	0.35442691908553164	0.8246743238582334
871	-33.14957790259292	-10361.537957098328	1.0225093508825553	1.9631055740471195	0.7128792390163763	1.754119155628861	2.130580055155206	1.2333489242634539	0.22546928080617273	0.9039168240047316	0.3609785040805631	0.35442691908553164	0.8246743238582334
872	-33.14957790259292	-10361.537957098328	1.0225093508825553	1.9631055740471195	0.7128792390163763	1.754119155628861	2.130580055155206	1.2333489242634539	0.22546928080617273	0.9039168240047316	0.3609785040805631	0.35442691908553164	0.8246743238582334
873	-33.14957790259292	-10361.537957098328	1.0225093508825553	1.9631055740471195	0.7128792390163763	1.754119155628861	2.130580055155206	1.2333489242634539	0.22546928080617273	0.9039168240047316	0.3609785040805631	0.35442691908553164	0.8246743238582334
874	-33.14957790259292	-10361.537957098328	1.0225093508825553	1.9631055740471195	0.7128792390163763	1.754119155628861	2.130580055155206	1.2333489242634539	0.22546928080617273	0.9039168240047316	0.3609785040805631	0.35442691908553164	0.8246743238582334
875	-33.15231680969851	-10361.335065092782	1.0225093508825553	1.9631055740471195	0.7128792390163763	1.754119155628861	2.130580055155206	1.2333489242634539	0.22546928080617273	0.9039168240047316	0.3609785040805631	0.35442691908553164	0.8246743238582334
876	-33.15231680969851	-10361.335065092782	1.0225093508825553	1.9631055740471195	0.7128792390163763	1.754119155628861	2.130580055155206	1.2333489242634539	0.22546928080617273	0.9039168240047316	0.3609785040805631	0.35442691908553164	0.8246743238582334
877	-33.15231680969851	-10361.335065092782	1.0225093508825553	1.9631055740471195	0.7128792390163763	1.754119155628861	2.130580055155206	1.2333489242634539	0.22546928080617273	0.9039168240047316	0.3609785040805631	0.35442691908553164	0.8246743238582334
878	-33.15231680969851	-10352.487540565427	1.0225093508825553	1.9631055740471195	0.7128792390163763	1.754119155628861	2.130580055155206	1.2333489242634539	0.22546928080617273	0.9039168240047316	0.3609785040805631	0.35442691908553164	0.8246743238582334
879	-33.15231680969851	-10352.487540565427	1.0225093508825553	1.9631055740471195	0.7128792390163763	1.754119155628861	2.130580055155206	1.2333489242634539	0.22546928080617273	0.9039168240047316	0.3609785040805631	0.35442691908553164	0.8246743238582334
880	-33.15231680969851	-10352.487540565427	1.0225093508825553	1.9631055740471195	0.7128792390163763	1.754119155628861	2.130580055155206	1.2333489242634539	0.22546928080617273	0.9039168240047316	0.3609785040805631	0.35442691908553164	0.8246743238582334
881	-33.15231680969851	-10352.487540565427	1.0225093508825553	1.9631055740471195	0.7128792390163763	1.754119155628861	2.130580055155206	1.2333489242634539	0.22546928080617273	0.9039168240047316	0.3609785040805631	0.35442691908553164	0.8246743238582334
882	-33.13832176142551	-10353.384535086472	1.0225093508825553	1.9631055740471195	0.7128792390163763	1.754119155628861	2.130580055155206	1.2333489242634539	0.22546928080617273	0.9039168240047316	0.3609785040805631	0.35442691908553164	0.8246743238582334
883	-33.13832176142551	-10353.384535086472	1.0225093508825553	1.9631055740471195	0.7128792390163763	1.754119155628861	2.130580055155206	1.2333489242634539	0.22546928080617273	0.9039168240047316	0.3609785040805631	0.35442691908553164	0.8246743238582334
884	-33.024865846052066	-10328.577960544508	1.0225093508825553	1.9631055740471195	0.7128792390163763	1.754119155628861	2.130580055155206	1.2333489242634539	0.22546928080617273	0.9039168240047316	0.3609785040805631	0.35442691908553164	0.8246743238582334
885	-33.0205236442917	-10327.494409687064	1.0225093508825553	1.9631055740471195	0.7128792390163763	1.754119155628861	2.130580055155206	1.2333489242634539	0.22546928080617273	0.9039168240047316	0.3609785040805631	0.35442691908553164	0.8246743238582334
886	-33.0205236442917	-10327.494409687064	1.0225093508825553	1.9631055740471195	0.7128792390163763	1.754119155628861	2.130580055155206	1.2333489242634539	0.22546928080617273	0.9039168240047316	0.3609785040805631	0.35442691908553164	0.8246743238582334
887	-33.01836395413465	-10328.090610943082	1.0225093508825553	1.9631055740471195	0.7128792390163763	1.754119155628861	2.130580055155206	1.2333489242634539	0.22546928080617273	0.9039168240047316	0.3609785040805631	0.35442691908553164	0.8246743238582334
888	-33.01836395413465	-10327.011642694042	1.0225093508825553	1.9631055740471195	0.7128792390163763	1.754119155628861	2.130580055155206	1.2333489242634539	0.22546928080617273	0.9039168240047316	0.3609785040805631	0.35442691908553164	0.8246743238582334
889	-33.01836395413465	-10327.011642694042	1.0225093508825553	1.9631055740471195	0.7128792390163763	1.754119155628861	2.130580055155206	1.2333489242634539	0.22546928080617273	0.9039168240047316	0.3609785040805631	0.35442691908553164	0.8246743238582334
890	-33.01836395413465	-10326.033459470524	1.0225093508825553	1.9631055740471195	0.7128792390163763	1.754119155628861	2.130580055155206	1.2333489242634539	0.22546928080617273	0.9039168240047316	0.3609785040805631	0.35442691908553164	0.8246743238582334
891	-33.023321212578516	-10325.856675111214	1.0225093508825553	1.9631055740471195	0.7128792390163763	1.754119155628861	2.130580055155206	1.2333489242634539	0.22546928080617273	0.9039168240047316	0.3609785040805631	0.35442691908553164	0.8246743238582334
892	-33.023321212578516	-10325.856675111214	1.0225093508825553	1.9631055740471195	0.7128792390163763	1.754119155628861	2.130580055155206	1.2333489242634539	0.22546928080617273	0.9039168240047316	0.3609785040805631	0.35442691908553164	0.8246743238582334
893	-32.999139642847716	-10330.31203669179	1.0225093508825553	1.9631055740471195	0.7128792390163763	1.754119155628861	2.130580055155206	1.2333489242634539	0.22546928080617273	0.9039168240047316	0.3609785040805631	0.35442691908553164	0.8246743238582334
894	-32.999139642847716	-10330.31203669179	1.0225093508825553	1.9631055740471195	0.7128792390163763	1.754119155628861	2.130580055155206	1.2333489242634539	0.22546928080617273	0.9039168240047316	0.3609785040805631	0.35442691908553164	0.8246743238582334
895	-32.999139642847716	-10327.105539477345	1.0225093508825553	1.9631055740471195	0.7128792390163763	1.754119155628861	2.130580055155206	1.2333489242634539	0.22546928080617273	0.9039168240047316	0.3609785040805631	0.35442691908553164	0.8246743238582334
896	-32.999139642847716	-10327.105539477345	1.0225093508825553	1.9631055740471195	0.7128792390163763	1.754119155628861	2.130580055155206	1.2333489242634539	0.22546928080617273	0.9039168240047316	0.3609785040805631	0.35442691908553164	0.8246743238582334
897	-32.97410778471765	-10331.873243645177	1.0225093508825553	1.9631055740471195	0.7128792390163763	1.754119155628861	2.130580055155206	1.2333489242634539	0.22546928080617273	0.9039168240047316	0.3609785040805631	0.35442691908553164	0.8246743238582334
898	-32.97410778471765	-10331.873243645177	1.0225093508825553	1.9631055740471195	0.7128792390163763	1.754119155628861	2.130580055155206	1.2333489242634539	0.22546928080617273	0.9039168240047316	0.3609785040805631	0.35442691908553164	0.8246743238582334
899	-32.97410778471765	-10331.873243645177	1.0225093508825553	1.9631055740471195	0.7128792390163763	1.754119155628861	2.130580055155206	1.2333489242634539	0.22546928080617273	0.9039168240047316	0.3609785040805631	0.35442691908553164	0.8246743238582334
900	-32.97410778471765	-10331.873243645177	1.0225093508825553	1.9631055740471195	0.7128792390163763	1.754119155628861	2.130580055155206	1.2333489242634539	0.22546928080617273	0.9039168240047316	0.3609785040805631	0.35442691908553164	0.8246743238582334
901	-33.01159708935664	-10330.514686951412	1.0225093508825553	1.9631055740471195	0.7128792390163763	1.754119155628861	2.130580055155206	1.2333489242634539	0.22546928080617273	0.9039168240047316	0.3609785040805631	0.35442691908553164	0.8246743238582334
902	-33.01159708935664	-10330.514686951412	1.0225093508825553	1.9631055740471195	0.7128792390163763	1.754119155628861	2.130580055155206	1.2333489242634539	0.22546928080617273	0.9039168240047316	0.3609785040805631	0.35442691908553164	0.8246743238582334
903	-33.01159708935664	-10330.514686951412	1.0225093508825553	1.9631055740471195	0.7128792390163763	1.754119155628861	2.130580055155206	1.2333489242634539	0.22546928080617273	0.9039168240047316	0.3609785040805631	0.35442691908553164	0.8246743238582334
904	-33.01159708935664	-10329.336223956458	1.0225093508825553	1.9631055740471195	0.7128792390163763	1.754119155628861	2.130580055155206	1.2333489242634539	0.22546928080617273	0.9039168240047316	0.3609785040805631	0.35442691908553164	0.8246743238582334
905	-33.50113166122098	-10329.336223956458	1.0225093508825553	1.9631055740471195	0.7128792390163763	1.754119155628861	2.130580055155206	1.2333489242634539	0.22546928080617273	0.9039168240047316	0.3609785040805631	0.35442691908553164	1.083768020266334
906	-33.50113166122098	-10329.336223956458	1.0225093508825553	1.9631055740471195	0.7128792390163763	1.754119155628861	2.130580055155206	1.2333489242634539	0.22546928080617273	0.9039168240047316	0.3609785040805631	0.35442691908553164	1.083768020266334
907	-33.50113166122098	-10329.336223956458	1.0225093508825553	1.9631055740471195	0.7128792390163763	1.754119155628861	2.130580055155206	1.2333489242634539	0.22546928080617273	0.9039168240047316	0.3609785040805631	0.35442691908553164	1.083768020266334
908	-33.50113166122098	-10329.336223956458	1.0225093508825553	1.9631055740471195	0.7128792390163763	1.754119155628861	2.130580055155206	1.2333489242634539	0.22546928080617273	0.9039168240047316	0.3609785040805631	0.35442691908553164	1.083768020266334
909	-33.50113166122098	-10329.336223956458	1.0225093508825553	1.9631055740471195	0.7128792390163763	1.754119155628861	2.130580055155206	1.2333489242634539	0.22546928080617273	0.9039168240047316	0.3609785040805631	0.35442691908553164	1.083768020266334
910	-33.50113166122098	-10329.336223956458	1.0225093508825553	1.9631055740471195	0.7128792390163763	1.754119155628861	2.130580055155206	1.2333489242634539	0.22546928080617273	0.9039168240047316	0.3609785040805631	0.35442691908553164	1.083768020266334
911	-33.50113166122098	-10329.336223956458	1.0225093508825553	1.9631055740471195	0.7128792390163763	1.754119155628861	2.130580055155206	1.2333489242634539	0.22546928080617273	0.9039168240047316	0.3609785040805631	0.35442691908553164	1.083768020266334
912	-33.50113166122098	-10329.336223956458	1.0225093508825553	1.9631055740471195	0.7128792390163763	1.754119155628861	2.130580055155206	1.2333489242634539	0.22546928080617273	0.9039168240047316	0.3609785040805631	0.35442691908553164	1.083768020266334
913	-33.50113166122098	-10329.336223956458	1.0225093508825553	1.9631055740471195	0.7128792390163763	1.754119155628861	2.130580055155206	1.2333489242634539	0.22546928080617273	0.9039168240047316	0.3609785040805631	0.35442691908553164	1.083768020266334
914	-33.53197935272111	-10300.503408355165	1.0225093508825553	1.9631055740471195	0.7128792390163763	1.754119155628861	2.130580055155206	1.2333489242634539	0.22546928080617273	0.9039168240047316	0.3609785040805631	0.35442691908553164	1.083768020266334
915	-33.62153290094892	-10300.503408355165	1.0225093508825553	1.9631055740471195	0.7128792390163763	1.754119155628861	2.130580055155206	1.2333489242634539	0.22546928080617273	0.9039168240047316	0.3609785040805631	0.35442691908553164	1.1298265670356764
916	-33.62153290094892	-10300.503408355165	1.0225093508825553	1.9631055740471195	0.7128792390163763	1.754119155628861	2.130580055155206	1.2333489242634539	0.22546928080617273	0.9039168240047316	0.3609785040805631	0.35442691908553164	1.1298265670356764
917	-33.62153290094892	-10300.503408355165	1.0225093508825553	1.9631055740471195	0.7128792390163763	1.754119155628861	2.130580055155206	1.2333489242634539	0.22546928080617273	0.9039168240047316	0.3609785040805631	0.35442691908553164	1.1298265670356764
918	-33.62153290094892	-10300.503408355165	1.0225093508825553	1.9631055740471195	0.7128792390163763	1.754119155628861	2.130580055155206	1.2333489242634539	0.22546928080617273	0.9039168240047316	0.3609785040805631	0.35442691908553164	1.1298265670356764
919	-33.62153290094892	-10301.493793645546	1.0225093508825553	1.9631055740471195	0.7128792390163763	1.754119155628861	2.130580055155206	1.2333489242634539	0.22546928080617273	0.9039168240047316	0.3609785040805631	0.35442691908553164	1.1298265670356764
920	-33.62153290094892	-10301.493793645546	1.0225093508825553	1.9631055740471195	0.7128792390163763	1.754119155628861	2.130580055155206	1.2333489242634539	0.22546928080617273	0.9039168240047316	0.3609785040805631	0.35442691908553164	1.1298265670356764
921	-33.62153290094892	-10301.493793645546	1.0225093508825553	1.9631055740471195	0.7128792390163763	1.754119155628861	2.130580055155206	1.2333489242634539	0.22546928080617273	0.9039168240047316	0.3609785040805631	0.35442691908553164	1.1298265670356764
922	-33.62153290094892	-10301.493793645546	1.0225093508825553	1.9631055740471195	0.7128792390163763	1.754119155628861	2.130580055155206	1.2333489242634539	0.22546928080617273	0.9039168240047316	0.3609785040805631	0.35442691908553164	1.1298265670356764
923	-33.62153290094892	-10299.260733758962	1.0225093508825553	1.9631055740471195	0.7128792390163763	1.754119155628861	2.130580055155206	1.2333489242634539	0.22546928080617273	0.9039168240047316	0.3609785040805631	0.35442691908553164	1.1298265670356764
924	-33.62153290094892	-10299.260733758962	1.0225093508825553	1.9631055740471195	0.7128792390163763	1.754119155628861	2.130580055155206	1.2333489242634539	0.22546928080617273	0.9039168240047316	0.3609785040805631	0.35442691908553164	1.1298265670356764
925	-33.62153290094892	-10299.260733758962	1.0225093508825553	1.9631055740471195	0.7128792390163763	1.754119155628861	2.130580055155206	1.2333489242634539	0.22546928080617273	0.9039168240047316	0.3609785040805631	0.35442691908553164	1.1298265670356764
926	-33.62153290094892	-10268.655918819333	1.0225093508825553	1.9631055740471195	0.7128792390163763	1.754119155628861	2.130580055155206	1.2333489242634539	0.22546928080617273	0.9039168240047316	0.3609785040805631	0.35442691908553164	1.1298265670356764
927	-33.62153290094892	-10268.655918819333	1.0225093508825553	1.9631055740471195	0.7128792390163763	1.754119155628861	2.130580055155206	1.2333489242634539	0.22546928080617273	0.9039168240047316	0.3609785040805631	0.35442691908553164	1.1298265670356764
928	-33.6181475224621	-10266.077605230916	1.0225093508825553	1.9631055740471195	0.7128792390163763	1.754119155628861	2.130580055155206	1.2333489242634539	0.22546928080617273	0.9039168240047316	0.3609785040805631	0.35442691908553164	1.1298265670356764
929	-33.6181475224621	-10266.077605230916	1.0225093508825553	1.9631055740471195	0.7128792390163763	1.754119155628861	2.130580055155206	1.2333489242634539	0.22546928080617273	0.9039168240047316	0.3609785040805631	0.35442691908553164	1.1298265670356764
930	-33.6181475224621	-10266.077605230916	1.0225093508825553	1.9631055740471195	0.7128792390163763	1.754119155628861	2.130580055155206	1.2333489242634539	0.22546928080617273	0.9039168240047316	0.3609785040805631	0.35442691908553164	1.1298265670356764
931	-33.635413177227015	-10260.591664323743	1.0225093508825553	1.9631055740471195	0.7128792390163763	1.754119155628861	2.130580055155206	1.2333489242634539	0.22546928080617273	0.9039168240047316	0.3609785040805631	0.35442691908553164	1.1298265670356764
932	-33.635413177227015	-10260.591664323743	1.0225093508825553	1.9631055740471195	0.7128792390163763	1.754119155628861	2.130580055155206	1.2333489242634539	0.22546928080617273	0.9039168240047316	0.3609785040805631	0.35442691908553164	1.1298265670356764
933	-33.635413177227015	-10260.591664323743	1.0225093508825553	1.9631055740471195	0.7128792390163763	1.754119155628861	2.130580055155206	1.2333489242634539	0.22546928080617273	0.9039168240047316	0.3609785040805631	0.35442691908553164	1.1298265670356764
934	-33.63574262078003	-10260.364062944556	1.0225093508825553	1.9631055740471195	0.7128792390163763	1.754119155628861	2.130580055155206	1.2333489242634539	0.22546928080617273	0.9039168240047316	0.3609785040805631	0.35442691908553164	1.1298265670356764
935	-33.63574262078003	-10260.364062944556	1.0225093508825553	1.9631055740471195	0.7128792390163763	1.754119155628861	2.130580055155206	1.2333489242634539	0.22546928080617273	0.9039168240047316	0.3609785040805631	0.35442691908553164	1.1298265670356764
936	-33.63574262078003	-10260.364062944556	1.0225093508825553	1.9631055740471195	0.7128792390163763	1.754119155628861	2.130580055155206	1.2333489242634539	0.22546928080617273	0.9039168240047316	0.3609785040805631	0.35442691908553164	1.1298265670356764
937	-33.63574262078003	-10260.364062944556	1.0225093508825553	1.9631055740471195	0.7128792390163763	1.754119155628861	2.130580055155206	1.2333489242634539	0.22546928080617273	0.9039168240047316	0.3609785040805631	0.35442691908553164	1.1298265670356764
938	-33.648625642959736	-10260.872446855206	1.0225093508825553	1.9631055740471195	0.7128792390163763	1.754119155628861	2.130580055155206	1.2333489242634539	0.22546928080617273	0.9039168240047316	0.3609785040805631	0.35442691908553164	1.1298265670356764
939	-33.648625642959736	-10261.727937598225	1.0225093508825553	1.9631055740471195	0.7128792390163763	1.754119155628861	2.130580055155206	1.2333489242634539	0.22546928080617273	0.9039168240047316	0.3609785040805631	0.35442691908553164	1.1298265670356764
940	-33.648625642959736	-10261.727937598225	1.0225093508825553	1.9631055740471195	0.7128792390163763	1.754119155628861	2.130580055155206	1.2333489242634539	0.22546928080617273	0.9039168240047316	0.3609785040805631	0.35442691908553164	1.1298265670356764
941	-33.62610864553502	-10260.379911404094	1.0225093508825553	1.9631055740471195	0.7128792390163763	1.754119155628861	2.130580055155206	1.2333489242634539	0.22546928080617273	0.9039168240047316	0.3609785040805631	0.35442691908553164	1.1298265670356764
942	-20.864681254084473	-10260.379911404094	1.0641491793112252	1.8210497408865236	0.7877288580503584	2.2573619787101435	2.5542303358772704	1.2333489242634539	0.22546928080617273	0.9039168240047316	0.3609785040805631	0.35442691908553164	1.1298265670356764
943	-20.864681254084473	-10260.379911404094	1.0641491793112252	1.8210497408865236	0.7877288580503584	2.2573619787101435	2.5542303358772704	1.2333489242634539	0.22546928080617273	0.9039168240047316	0.3609785040805631	0.35442691908553164	1.1298265670356764
944	-20.864681254084473	-10260.379911404094	1.0641491793112252	1.8210497408865236	0.7877288580503584	2.2573619787101435	2.5542303358772704	1.2333489242634539	0.22546928080617273	0.9039168240047316	0.3609785040805631	0.35442691908553164	1.1298265670356764
945	-20.864681254084473	-10260.379911404094	1.0641491793112252	1.8210497408865236	0.7877288580503584	2.2573619787101435	2.5542303358772704	1.2333489242634539	0.22546928080617273	0.9039168240047316	0.3609785040805631	0.35442691908553164	1.1298265670356764
946	-20.864681254084473	-10259.650693801445	1.0641491793112252	1.8210497408865236	0.7877288580503584	2.2573619787101435	2.5542303358772704	1.2333489242634539	0.22546928080617273	0.9039168240047316	0.3609785040805631	0.35442691908553164	1.1298265670356764
947	-20.85633350094149	-10256.537684217044	1.0641491793112252	1.8210497408865236	0.7877288580503584	2.2573619787101435	2.5542303358772704	1.2333489242634539	0.22546928080617273	0.9039168240047316	0.3609785040805631	0.35442691908553164	1.1298265670356764
948	-20.83944651436319	-10255.49739625656	1.0641491793112252	1.8210497408865236	0.7877288580503584	2.2573619787101435	2.5542303358772704	1.2333489242634539	0.22546928080617273	0.9039168240047316	0.3609785040805631	0.35442691908553164	1.1298265670356764
949	-20.83944651436319	-10255.49739625656	1.0641491793112252	1.8210497408865236	0.7877288580503584	2.2573619787101435	2.5542303358772704	1.2333489242634539	0.22546928080617273	0.9039168240047316	0.3609785040805631	0.35442691908553164	1.1298265670356764
950	-20.83944651436319	-10255.49739625656	1.0641491793112252	1.8210497408865236	0.7877288580503584	2.2573619787101435	2.5542303358772704	1.2333489242634539	0.22546928080617273	0.9039168240047316	0.3609785040805631	0.35442691908553164	1.1298265670356764
951	-20.83944651436319	-10255.49739625656	1.0641491793112252	1.8210497408865236	0.7877288580503584	2.2573619787101435	2.5542303358772704	1.2333489242634539	0.22546928080617273	0.9039168240047316	0.3609785040805631	0.35442691908553164	1.1298265670356764
952	-20.83944651436319	-10255.49739625656	1.0641491793112252	1.8210497408865236	0.7877288580503584	2.2573619787101435	2.5542303358772704	1.2333489242634539	0.22546928080617273	0.9039168240047316	0.3609785040805631	0.35442691908553164	1.1298265670356764
953	-20.83944651436319	-10255.439213717698	1.0641491793112252	1.8210497408865236	0.7877288580503584	2.2573619787101435	2.5542303358772704	1.2333489242634539	0.22546928080617273	0.9039168240047316	0.3609785040805631	0.35442691908553164	1.1298265670356764
954	-20.83944651436319	-10255.439213717698	1.0641491793112252	1.8210497408865236	0.7877288580503584	2.2573619787101435	2.5542303358772704	1.2333489242634539	0.22546928080617273	0.9039168240047316	0.3609785040805631	0.35442691908553164	1.1298265670356764
955	-20.83944651436319	-10255.58910508388	1.0641491793112252	1.8210497408865236	0.7877288580503584	2.2573619787101435	2.5542303358772704	1.2333489242634539	0.22546928080617273	0.9039168240047316	0.3609785040805631	0.35442691908553164	1.1298265670356764
956	-20.83944651436319	-10255.58910508388	1.0641491793112252	1.8210497408865236	0.7877288580503584	2.2573619787101435	2.5542303358772704	1.2333489242634539	0.22546928080617273	0.9039168240047316	0.3609785040805631	0.35442691908553164	1.1298265670356764
957	-20.83944651436319	-10254.907741922436	1.0641491793112252	1.8210497408865236	0.7877288580503584	2.2573619787101435	2.5542303358772704	1.2333489242634539	0.22546928080617273	0.9039168240047316	0.3609785040805631	0.35442691908553164	1.1298265670356764
958	-20.83944651436319	-10254.839529316254	1.0641491793112252	1.8210497408865236	0.7877288580503584	2.2573619787101435	2.5542303358772704	1.2333489242634539	0.22546928080617273	0.9039168240047316	0.3609785040805631	0.35442691908553164	1.1298265670356764
959	-20.766395010693945	-10254.533416328959	1.0641491793112252	1.8210497408865236	0.7877288580503584	2.2573619787101435	2.5542303358772704	1.2333489242634539	0.22546928080617273	0.9039168240047316	0.3609785040805631	0.35442691908553164	1.1298265670356764
960	-20.778246615444562	-10254.177652974688	1.0641491793112252	1.8210497408865236	0.7877288580503584	2.2573619787101435	2.5542303358772704	1.2333489242634539	0.22546928080617273	0.9039168240047316	0.3609785040805631	0.35442691908553164	1.1298265670356764
961	-20.778246615444562	-10254.177652974688	1.0641491793112252	1.8210497408865236	0.7877288580503584	2.2573619787101435	2.5542303358772704	1.2333489242634539	0.22546928080617273	0.9039168240047316	0.3609785040805631	0.35442691908553164	1.1298265670356764
962	-20.778246615444562	-10254.177652974688	1.0641491793112252	1.8210497408865236	0.7877288580503584	2.2573619787101435	2.5542303358772704	1.2333489242634539	0.22546928080617273	0.9039168240047316	0.3609785040805631	0.35442691908553164	1.1298265670356764
963	-20.778246615444562	-10254.177652974688	1.0641491793112252	1.8210497408865236	0.7877288580503584	2.2573619787101435	2.5542303358772704	1.2333489242634539	0.22546928080617273	0.9039168240047316	0.3609785040805631	0.35442691908553164	1.1298265670356764
964	-20.769217460337988	-10251.772360424087	1.0641491793112252	1.8210497408865236	0.7877288580503584	2.2573619787101435	2.5542303358772704	1.2333489242634539	0.22546928080617273	0.9039168240047316	0.3609785040805631	0.35442691908553164	1.1298265670356764
965	-20.769217460337988	-10250.56031848536	1.0641491793112252	1.8210497408865236	0.7877288580503584	2.2573619787101435	2.5542303358772704	1.2333489242634539	0.22546928080617273	0.9039168240047316	0.3609785040805631	0.35442691908553164	1.1298265670356764
966	-20.769217460337988	-10250.56031848536	1.0641491793112252	1.8210497408865236	0.7877288580503584	2.2573619787101435	2.5542303358772704	1.2333489242634539	0.22546928080617273	0.9039168240047316	0.3609785040805631	0.35442691908553164	1.1298265670356764
967	-20.839312899661138	-10250.551771020479	1.0641491793112252	1.8210497408865236	0.7877288580503584	2.2573619787101435	2.5542303358772704	1.2333489242634539	0.22546928080617273	0.9039168240047316	0.3609785040805631	0.35442691908553164	1.1298265670356764
968	-20.839312899661138	-10250.551771020479	1.0641491793112252	1.8210497408865236	0.7877288580503584	2.2573619787101435	2.5542303358772704	1.2333489242634539	0.22546928080617273	0.9039168240047316	0.3609785040805631	0.35442691908553164	1.1298265670356764
969	-20.839312899661138	-10250.551771020479	1.0641491793112252	1.8210497408865236	0.7877288580503584	2.2573619787101435	2.5542303358772704	1.2333489242634539	0.22546928080617273	0.9039168240047316	0.3609785040805631	0.35442691908553164	1.1298265670356764
970	-20.839312899661138	-10250.551771020479	1.0641491793112252	1.8210497408865236	0.7877288580503584	2.2573619787101435	2.5542303358772704	1.2333489242634539	0.22546928080617273	0.9039168240047316	0.3609785040805631	0.35442691908553164	1.1298265670356764
971	-20.839312899661138	-10250.551771020479	1.0641491793112252	1.8210497408865236	0.7877288580503584	2.2573619787101435	2.5542303358772704	1.2333489242634539	0.22546928080617273	0.9039168240047316	0.3609785040805631	0.35442691908553164	1.1298265670356764
972	-20.839312899661138	-10250.551771020479	1.0641491793112252	1.8210497408865236	0.7877288580503584	2.2573619787101435	2.5542303358772704	1.2333489242634539	0.22546928080617273	0.9039168240047316	0.3609785040805631	0.35442691908553164	1.1298265670356764
973	-20.839312899661138	-10250.551771020479	1.0641491793112252	1.8210497408865236	0.7877288580503584	2.2573619787101435	2.5542303358772704	1.2333489242634539	0.22546928080617273	0.9039168240047316	0.3609785040805631	0.35442691908553164	1.1298265670356764
974	-20.839312899661138	-10250.551771020479	1.0641491793112252	1.8210497408865236	0.7877288580503584	2.2573619787101435	2.5542303358772704	1.2333489242634539	0.22546928080617273	0.9039168240047316	0.3609785040805631	0.35442691908553164	1.1298265670356764
975	-20.840559646526955	-10250.634225816648	1.0641491793112252	1.8210497408865236	0.7877288580503584	2.2573619787101435	2.5542303358772704	1.2333489242634539	0.22546928080617273	0.9039168240047316	0.3609785040805631	0.35442691908553164	1.1298265670356764
976	-20.841765865851357	-10250.96448801084	1.0641491793112252	1.8210497408865236	0.7877288580503584	2.2573619787101435	2.5542303358772704	1.2333489242634539	0.22546928080617273	0.9039168240047316	0.3609785040805631	0.35442691908553164	1.1298265670356764
977	-20.841765865851357	-10241.75930258849	1.0641491793112252	1.8210497408865236	0.7877288580503584	2.2573619787101435	2.5542303358772704	1.2333489242634539	0.22546928080617273	0.9039168240047316	0.3609785040805631	0.35442691908553164	1.1298265670356764
978	-20.841765865851357	-10241.75930258849	1.0641491793112252	1.8210497408865236	0.7877288580503584	2.2573619787101435	2.5542303358772704	1.2333489242634539	0.22546928080617273	0.9039168240047316	0.3609785040805631	0.35442691908553164	1.1298265670356764
979	-20.85695175292318	-10239.249480218235	1.0641491793112252	1.8210497408865236	0.7877288580503584	2.2573619787101435	2.5542303358772704	1.2333489242634539	0.22546928080617273	0.9039168240047316	0.3609785040805631	0.35442691908553164	1.1298265670356764
980	-20.85695175292318	-10239.249480218235	1.0641491793112252	1.8210497408865236	0.7877288580503584	2.2573619787101435	2.5542303358772704	1.2333489242634539	0.22546928080617273	0.9039168240047316	0.3609785040805631	0.35442691908553164	1.1298265670356764
981	-20.85695175292318	-10239.249480218235	1.0641491793112252	1.8210497408865236	0.7877288580503584	2.2573619787101435	2.5542303358772704	1.2333489242634539	0.22546928080617273	0.9039168240047316	0.3609785040805631	0.35442691908553164	1.1298265670356764
982	-20.852785567500106	-10237.714990476987	1.0641491793112252	1.8210497408865236	0.7877288580503584	2.2573619787101435	2.5542303358772704	1.2333489242634539	0.22546928080617273	0.9039168240047316	0.3609785040805631	0.35442691908553164	1.1298265670356764
983	-20.852785567500106	-10236.808070248167	1.0641491793112252	1.8210497408865236	0.7877288580503584	2.2573619787101435	2.5542303358772704	1.2333489242634539	0.22546928080617273	0.9039168240047316	0.3609785040805631	0.35442691908553164	1.1298265670356764
984	-20.852785567500106	-10236.808070248167	1.0641491793112252	1.8210497408865236	0.7877288580503584	2.2573619787101435	2.5542303358772704	1.2333489242634539	0.22546928080617273	0.9039168240047316	0.3609785040805631	0.35442691908553164	1.1298265670356764
985	-20.852785567500106	-10230.10602022695	1.0641491793112252	1.8210497408865236	0.7877288580503584	2.2573619787101435	2.5542303358772704	1.2333489242634539	0.22546928080617273	0.9039168240047316	0.3609785040805631	0.35442691908553164	1.1298265670356764
986	-20.852785567500106	-10230.10602022695	1.0641491793112252	1.8210497408865236	0.7877288580503584	2.2573619787101435	2.5542303358772704	1.2333489242634539	0.22546928080617273	0.9039168240047316	0.3609785040805631	0.35442691908553164	1.1298265670356764
987	-20.852785567500106	-10230.10602022695	1.0641491793112252	1.8210497408865236	0.7877288580503584	2.2573619787101435	2.5542303358772704	1.2333489242634539	0.22546928080617273	0.9039168240047316	0.3609785040805631	0.35442691908553164	1.1298265670356764
988	-20.852785567500106	-10230.10602022695	1.0641491793112252	1.8210497408865236	0.7877288580503584	2.2573619787101435	2.5542303358772704	1.2333489242634539	0.22546928080617273	0.9039168240047316	0.3609785040805631	0.35442691908553164	1.1298265670356764
989	-20.8325932039851	-10213.228097047091	1.0641491793112252	1.8210497408865236	0.7877288580503584	2.2573619787101435	2.5542303358772704	1.2333489242634539	0.22546928080617273	0.9039168240047316	0.3609785040805631	0.35442691908553164	1.1298265670356764
990	-20.8325932039851	-10204.10706100974	1.0641491793112252	1.8210497408865236	0.7877288580503584	2.2573619787101435	2.5542303358772704	1.2333489242634539	0.22546928080617273	0.9039168240047316	0.3609785040805631	0.35442691908553164	1.1298265670356764
991	-20.8325932039851	-10204.10706100974	1.0641491793112252	1.8210497408865236	0.7877288580503584	2.2573619787101435	2.5542303358772704	1.2333489242634539	0.22546928080617273	0.9039168240047316	0.3609785040805631	0.35442691908553164	1.1298265670356764
992	-20.8325932039851	-10204.10706100974	1.0641491793112252	1.8210497408865236	0.7877288580503584	2.2573619787101435	2.5542303358772704	1.2333489242634539	0.22546928080617273	0.9039168240047316	0.3609785040805631	0.35442691908553164	1.1298265670356764
993	-20.8325932039851	-10204.157535300963	1.0641491793112252	1.8210497408865236	0.7877288580503584	2.2573619787101435	2.5542303358772704	1.2333489242634539	0.22546928080617273	0.9039168240047316	0.3609785040805631	0.35442691908553164	1.1298265670356764
994	-20.8325932039851	-10204.157535300963	1.0641491793112252	1.8210497408865236	0.7877288580503584	2.2573619787101435	2.5542303358772704	1.2333489242634539	0.22546928080617273	0.9039168240047316	0.3609785040805631	0.35442691908553164	1.1298265670356764
995	-20.8325932039851	-10190.343453498948	1.0641491793112252	1.8210497408865236	0.7877288580503584	2.2573619787101435	2.5542303358772704	1.2333489242634539	0.22546928080617273	0.9039168240047316	0.3609785040805631	0.35442691908553164	1.1298265670356764
996	-20.8325932039851	-10190.343453498948	1.0641491793112252	1.8210497408865236	0.7877288580503584	2.2573619787101435	2.5542303358772704	1.2333489242634539	0.22546928080617273	0.9039168240047316	0.3609785040805631	0.35442691908553164	1.1298265670356764
997	-20.8325932039851	-10190.343453498948	1.0641491793112252	1.8210497408865236	0.7877288580503584	2.2573619787101435	2.5542303358772704	1.2333489242634539	0.22546928080617273	0.9039168240047316	0.3609785040805631	0.35442691908553164	1.1298265670356764
998	-20.8325932039851	-10190.343453498948	1.0641491793112252	1.8210497408865236	0.7877288580503584	2.2573619787101435	2.5542303358772704	1.2333489242634539	0.22546928080617273	0.9039168240047316	0.3609785040805631	0.35442691908553164	1.1298265670356764
999	-20.8325932039851	-10190.343453498948	1.0641491793112252	1.8210497408865236	0.7877288580503584	2.2573619787101435	2.5542303358772704	1.2333489242634539	0.22546928080617273	0.9039168240047316	0.3609785040805631	0.35442691908553164	1.1298265670356764
