#
#model:
#
#<?xml version="1.0" encoding="UTF-8" standalone="no"?><input id="posterior" spec="beast.base.inference.CompoundDistribution">
#    <distribution id="prior" spec="beast.base.inference.CompoundDistribution">
#        <distribution conditionOnSurvival="false" id="birthDeath" originIsRootEdge="true" spec="bdsky.evolution.speciation.BirthDeathSkylineModel">
#            <parameter dimension="5" id="intervalTimes" name="intervalTimes" spec="beast.base.inference.parameter.RealParameter">0.0 0.01 0.02 0.03 0.04</parameter>
#            <parameter id="origin" lower="0.05" name="origin" spec="beast.base.inference.parameter.RealParameter">0.5</parameter>
#            <parameter dimension="5" id="birthRate" lower="0.0" name="birthRate" spec="beast.base.inference.parameter.RealParameter">1.0 1.2 0.9 1.4 1.1</parameter>
#            <parameter dimension="5" id="deathRate" lower="0.0" name="deathRate" spec="beast.base.inference.parameter.RealParameter">0.5 0.45 0.55 0.4 0.6</parameter>
#            <parameter dimension="5" id="samplingRate" lower="0.0" name="samplingRate" spec="beast.base.inference.parameter.RealParameter">0.25 0.25 0.25 0.25 0.25</parameter>
#            <tree IsLabelledNewick="true" adjustTipHeights="false" id="tree" newick="(((AF271852i_2685:0.13485022388767737,((AF271861i_3452:0.044938442268639876,(AF271885i_3289:0.009877310064721364,AF271838i_1803:0.009877310064721364):0.035061132203918516):0.04776379381323232,(((AF271874i_1359:0.0019230507078066622,AF271872i_4053:0.0019230507078066622):0.018078054544105073,((AF271873i_4055:0.010326640464516356,AF271835i_1767:0.010326640464516356):6.691823246665844E-4,(AF271884i_2659:7.271618491540825E-4,AF271854i_2856:7.271618491540825E-4):0.010268660940028857):0.009005282462728796):0.020364894203838493,((AF271882i_2153:0.003395986997383218,AF271866i_3465:0.003395986997383218):0.00658253443199398,AF271850i_2673:0.009978521429377198):0.03038747802637303):0.05233623662612197):0.04214798780580517):0.6375851514450108,((((((AF271836i_1796:0.05169983777759623,AF271843i_2147:0.05169983777759623):0.010272424497478873,((AF271887i_3405:0.04428061140044273,AF271839i_1997:0.04428061140044273):0.0046896880119626505,(AF271864i_3461:0.030147846840854635,(AF271831i_1164:0.02398309208276277,(AF271858i_3318:1.1512805904653285E-4,AF271862i_3458:1.1512805904653285E-4):0.023867964023716236):0.006164754758091865):0.018822452571550748):0.01300196286266972):0.12554138328517472,(((AF271880i_2115:0.019908338762199898,(AF271869i_4020:0.01573751002502666,AF271833i_1240:0.01573751002502666):0.004170828737173237):0.14266649854497382,(AF271829i_0923:0.0024642750872121456,AF271844i_2150:0.0024642750872121456):0.16011056221996156):0.016719352192174075,((AF271865i_3463:0.029262576178137382,AF271868i_3471:0.029262576178137382):0.07723382671065279,((AF271877i_1999:0.02514285819343654,AF271840i_2130:0.02514285819343654):0.014025532540322197,(AF271826i_0873:0.008795393863556829,(AF271846i_2429:0.00394942233304547,(AF271842i_2141:0.002140370181304716,AF271860i_3400:0.002140370181304716):0.0018090521517407539):0.004845971530511359):0.03037299687020191):0.06732801215503142):0.07279778661055761):0.008219456060902047):0.28533717561845773,(AF271878i_2000:0.3170022267994642,((((AF271875i_1380:0.0039599228619936295,AF271849i_2663:0.0039599228619936295):0.0021383652632776173,AF271876i_1797:0.006098288125271247):0.11194589205128644,((AF271886i_3319:0.03465192004670318,AF271855i_2862:0.03465192004670318):0.010552573079621111,(AF271834i_1339:0.010986413514016384,AF271828i_0922:0.010986413514016384):0.034218079612307904):0.07283968705023339):0.06864812465966152,((AF271837i_1801:0.04712983622462497,AF271857i_2957:0.04712983622462497):0.007189059218821459,AF271859i_3393:0.05431889544344643):0.13237340939277278):0.130309921963245):0.15584859437924337):0.022208720320151254,((AF271867i_3468:0.07566245220714256,(AF271827i_0883:0.025458135177596992,AF271847i_2438:0.025458135177596992):0.050204317029545566):0.29888329225148275,((AF271845i_2386:0.015002295400564077,AF271825i_0800:0.015002295400564077):0.34641892239624983,AF271848i_2446:0.3614212177968139):0.013124526661811409):0.12051379704023352):0.06682508054287822,(((((AF271863i_3460:0.019900613777813016,AF271871i_4036:0.019900613777813016):0.024365219137367815,(AF271856i_2926:6.312249097633727E-4,AF271841i_2134:6.312249097633727E-4):0.043634608005417456):0.003277450733616294,(AF271870i_4033:0.023509431187541514,AF271851i_2681:0.023509431187541514):0.02403385246125561):0.11390559951975099,((AF271881i_2116:0.023528010586812566,AF271830i_1150:0.023528010586812566):0.13306123321732607,AF271853i_2852:0.15658924380413863):0.004859639364409474):0.25181956742347134,AF271832i_1226:0.41326845059201944):0.14861617144971762):0.2105507532909512):0.8836734942709736,(AF271883i_2432:0.0793735467473457,AF271879i_2113:0.0793735467473457):1.5767353228563161);" spec="beast.base.evolution.tree.TreeParser">
#                <taxonset id="TaxonSet" spec="beast.base.evolution.alignment.TaxonSet">
#                    <taxon id="AF271852i_2685" spec="beast.base.evolution.alignment.Taxon"/>
#                    <taxon id="AF271861i_3452" spec="beast.base.evolution.alignment.Taxon"/>
#                    <taxon id="AF271885i_3289" spec="beast.base.evolution.alignment.Taxon"/>
#                    <taxon id="AF271838i_1803" spec="beast.base.evolution.alignment.Taxon"/>
#                    <taxon id="AF271874i_1359" spec="beast.base.evolution.alignment.Taxon"/>
#                    <taxon id="AF271872i_4053" spec="beast.base.evolution.alignment.Taxon"/>
#                    <taxon id="AF271873i_4055" spec="beast.base.evolution.alignment.Taxon"/>
#                    <taxon id="AF271835i_1767" spec="beast.base.evolution.alignment.Taxon"/>
#                    <taxon id="AF271884i_2659" spec="beast.base.evolution.alignment.Taxon"/>
#                    <taxon id="AF271854i_2856" spec="beast.base.evolution.alignment.Taxon"/>
#                    <taxon id="AF271882i_2153" spec="beast.base.evolution.alignment.Taxon"/>
#                    <taxon id="AF271866i_3465" spec="beast.base.evolution.alignment.Taxon"/>
#                    <taxon id="AF271850i_2673" spec="beast.base.evolution.alignment.Taxon"/>
#                    <taxon id="AF271836i_1796" spec="beast.base.evolution.alignment.Taxon"/>
#                    <taxon id="AF271843i_2147" spec="beast.base.evolution.alignment.Taxon"/>
#                    <taxon id="AF271887i_3405" spec="beast.base.evolution.alignment.Taxon"/>
#                    <taxon id="AF271839i_1997" spec="beast.base.evolution.alignment.Taxon"/>
#                    <taxon id="AF271864i_3461" spec="beast.base.evolution.alignment.Taxon"/>
#                    <taxon id="AF271831i_1164" spec="beast.base.evolution.alignment.Taxon"/>
#                    <taxon id="AF271858i_3318" spec="beast.base.evolution.alignment.Taxon"/>
#                    <taxon id="AF271862i_3458" spec="beast.base.evolution.alignment.Taxon"/>
#                    <taxon id="AF271880i_2115" spec="beast.base.evolution.alignment.Taxon"/>
#                    <taxon id="AF271869i_4020" spec="beast.base.evolution.alignment.Taxon"/>
#                    <taxon id="AF271833i_1240" spec="beast.base.evolution.alignment.Taxon"/>
#                    <taxon id="AF271829i_0923" spec="beast.base.evolution.alignment.Taxon"/>
#                    <taxon id="AF271844i_2150" spec="beast.base.evolution.alignment.Taxon"/>
#                    <taxon id="AF271865i_3463" spec="beast.base.evolution.alignment.Taxon"/>
#                    <taxon id="AF271868i_3471" spec="beast.base.evolution.alignment.Taxon"/>
#                    <taxon id="AF271877i_1999" spec="beast.base.evolution.alignment.Taxon"/>
#                    <taxon id="AF271840i_2130" spec="beast.base.evolution.alignment.Taxon"/>
#                    <taxon id="AF271826i_0873" spec="beast.base.evolution.alignment.Taxon"/>
#                    <taxon id="AF271846i_2429" spec="beast.base.evolution.alignment.Taxon"/>
#                    <taxon id="AF271842i_2141" spec="beast.base.evolution.alignment.Taxon"/>
#                    <taxon id="AF271860i_3400" spec="beast.base.evolution.alignment.Taxon"/>
#                    <taxon id="AF271878i_2000" spec="beast.base.evolution.alignment.Taxon"/>
#                    <taxon id="AF271875i_1380" spec="beast.base.evolution.alignment.Taxon"/>
#                    <taxon id="AF271849i_2663" spec="beast.base.evolution.alignment.Taxon"/>
#                    <taxon id="AF271876i_1797" spec="beast.base.evolution.alignment.Taxon"/>
#                    <taxon id="AF271886i_3319" spec="beast.base.evolution.alignment.Taxon"/>
#                    <taxon id="AF271855i_2862" spec="beast.base.evolution.alignment.Taxon"/>
#                    <taxon id="AF271834i_1339" spec="beast.base.evolution.alignment.Taxon"/>
#                    <taxon id="AF271828i_0922" spec="beast.base.evolution.alignment.Taxon"/>
#                    <taxon id="AF271837i_1801" spec="beast.base.evolution.alignment.Taxon"/>
#                    <taxon id="AF271857i_2957" spec="beast.base.evolution.alignment.Taxon"/>
#                    <taxon id="AF271859i_3393" spec="beast.base.evolution.alignment.Taxon"/>
#                    <taxon id="AF271867i_3468" spec="beast.base.evolution.alignment.Taxon"/>
#                    <taxon id="AF271827i_0883" spec="beast.base.evolution.alignment.Taxon"/>
#                    <taxon id="AF271847i_2438" spec="beast.base.evolution.alignment.Taxon"/>
#                    <taxon id="AF271845i_2386" spec="beast.base.evolution.alignment.Taxon"/>
#                    <taxon id="AF271825i_0800" spec="beast.base.evolution.alignment.Taxon"/>
#                    <taxon id="AF271848i_2446" spec="beast.base.evolution.alignment.Taxon"/>
#                    <taxon id="AF271863i_3460" spec="beast.base.evolution.alignment.Taxon"/>
#                    <taxon id="AF271871i_4036" spec="beast.base.evolution.alignment.Taxon"/>
#                    <taxon id="AF271856i_2926" spec="beast.base.evolution.alignment.Taxon"/>
#                    <taxon id="AF271841i_2134" spec="beast.base.evolution.alignment.Taxon"/>
#                    <taxon id="AF271870i_4033" spec="beast.base.evolution.alignment.Taxon"/>
#                    <taxon id="AF271851i_2681" spec="beast.base.evolution.alignment.Taxon"/>
#                    <taxon id="AF271881i_2116" spec="beast.base.evolution.alignment.Taxon"/>
#                    <taxon id="AF271830i_1150" spec="beast.base.evolution.alignment.Taxon"/>
#                    <taxon id="AF271853i_2852" spec="beast.base.evolution.alignment.Taxon"/>
#                    <taxon id="AF271832i_1226" spec="beast.base.evolution.alignment.Taxon"/>
#                    <taxon id="AF271883i_2432" spec="beast.base.evolution.alignment.Taxon"/>
#                    <taxon id="AF271879i_2113" spec="beast.base.evolution.alignment.Taxon"/>
#                </taxonset>
#            </tree>
#        </distribution>
#    </distribution>
#    <distribution id="likelihood" spec="beast.base.evolution.likelihood.TreeLikelihood" tree="@tree">
#        <siteModel id="siteModel" spec="beast.base.evolution.sitemodel.SiteModel">
#            <substModel id="jc" spec="beast.base.evolution.substitutionmodel.JukesCantor"/>
#        </siteModel>
#        <branchRateModel id="strictClock" spec="beast.base.evolution.branchratemodel.StrictClockModel">
#            <parameter id="clockRate" name="clock.rate" spec="beast.base.inference.parameter.RealParameter">1.0</parameter>
#        </branchRateModel>
#    </distribution>
#</input>
#
Sample	birthDeath	likelihood	birthRate0	birthRate1	birthRate2	birthRate3	birthRate4	deathRate0	deathRate1	deathRate2	deathRate3	deathRate4	origin
0	-69.8674647016405	-14854.706507453719	0.9995562981931918	1.157055405675898	0.7509704472864038	1.2699944539744004	1.2989890487921907	0.5	0.45	0.55	0.4	0.6	0.5
1	-69.8674647016405	-14854.706507453719	0.9995562981931918	1.157055405675898	0.7509704472864038	1.2699944539744004	1.2989890487921907	0.5	0.45	0.55	0.4	0.6	0.5
2	-69.8674647016405	-14854.706507453719	0.9995562981931918	1.157055405675898	0.7509704472864038	1.2699944539744004	1.2989890487921907	0.5	0.45	0.55	0.4	0.6	0.5
3	-69.8674647016405	-14854.706507453719	0.9995562981931918	1.157055405675898	0.7509704472864038	1.2699944539744004	1.2989890487921907	0.5	0.45	0.55	0.4	0.6	0.5
4	-69.8674647016405	-14854.706507453719	0.9995562981931918	1.157055405675898	0.7509704472864038	1.2699944539744004	1.2989890487921907	0.5	0.45	0.55	0.4	0.6	0.5
5	-69.8674647016405	-14854.706507453719	0.9995562981931918	1.157055405675898	0.7509704472864038	1.2699944539744004	1.2989890487921907	0.5	0.45	0.55	0.4	0.6	0.5
6	-69.8674647016405	-14854.706507453719	0.9995562981931918	1.157055405675898	0.7509704472864038	1.2699944539744004	1.2989890487921907	0.5	0.45	0.55	0.4	0.6	0.5
7	-69.8674647016405	-14854.706507453719	0.9995562981931918	1.157055405675898	0.7509704472864038	1.2699944539744004	1.2989890487921907	0.5	0.45	0.55	0.4	0.6	0.5
8	-69.8674647016405	-14854.706507453719	0.9995562981931918	1.157055405675898	0.7509704472864038	1.2699944539744004	1.2989890487921907	0.5	0.45	0.55	0.4	0.6	0.5
9	-69.8674647016405	-14854.706507453719	0.9995562981931918	1.157055405675898	0.7509704472864038	1.2699944539744004	1.2989890487921907	0.5	0.45	0.55	0.4	0.6	0.5
10	-69.8674647016405	-14854.706507453719	0.9995562981931918	1.157055405675898	0.7509704472864038	1.2699944539744004	1.2989890487921907	0.5	0.45	0.55	0.4	0.6	0.5
11	-69.8674647016405	-14846.109970334266	0.9995562981931918	1.157055405675898	0.7509704472864038	1.2699944539744004	1.2989890487921907	0.5	0.45	0.55	0.4	0.6	0.5
12	-69.8671586388713	-14846.374144379597	0.9995562981931918	1.157055405675898	0.7509704472864038	1.2699944539744004	1.2989890487921907	0.5	0.45	0.55	0.4	0.6	0.5
13	-69.8671586388713	-14846.78382372873	0.9995562981931918	1.157055405675898	0.7509704472864038	1.2699944539744004	1.2989890487921907	0.5	0.45	0.55	0.4	0.6	0.5
14	-69.8671586388713	-14846.78382372873	0.9995562981931918	1.157055405675898	0.7509704472864038	1.2699944539744004	1.2989890487921907	0.5	0.45	0.55	0.4	0.6	0.5
15	-69.88811206900823	-14832.59849816415	0.9995562981931918	1.157055405675898	0.7509704472864038	1.2699944539744004	1.2989890487921907	0.5	0.45	0.55	0.4	0.6	0.5
16	-69.88811206900823	-14832.59849816415	0.9995562981931918	1.157055405675898	0.7509704472864038	1.2699944539744004	1.2989890487921907	0.5	0.45	0.55	0.4	0.6	0.5
17	-70.11140601223778	-14832.59849816415	0.9995562981931918	1.157055405675898	0.7509704472864038	1.2699944539744004	1.2989890487921907	0.41237825475299417	0.35264161217182016	0.4741951863408538	0.5157536990131615	0.6262712733216204	0.5
18	-70.11140601223778	-14832.59849816415	0.9995562981931918	1.157055405675898	0.7509704472864038	1.2699944539744004	1.2989890487921907	0.41237825475299417	0.35264161217182016	0.4741951863408538	0.5157536990131615	0.6262712733216204	0.5
19	-70.11140601223778	-14832.59849816415	0.9995562981931918	1.157055405675898	0.7509704472864038	1.2699944539744004	1.2989890487921907	0.41237825475299417	0.35264161217182016	0.4741951863408538	0.5157536990131615	0.6262712733216204	0.5
20	-70.11140601223778	-14832.59849816415	0.9995562981931918	1.157055405675898	0.7509704472864038	1.2699944539744004	1.2989890487921907	0.41237825475299417	0.35264161217182016	0.4741951863408538	0.5157536990131615	0.6262712733216204	0.5
21	-70.11140601223778	-14832.59849816415	0.9995562981931918	1.157055405675898	0.7509704472864038	1.2699944539744004	1.2989890487921907	0.41237825475299417	0.35264161217182016	0.4741951863408538	0.5157536990131615	0.6262712733216204	0.5
22	-70.11140601223778	-14671.438427692627	0.9995562981931918	1.157055405675898	0.7509704472864038	1.2699944539744004	1.2989890487921907	0.41237825475299417	0.35264161217182016	0.4741951863408538	0.5157536990131615	0.6262712733216204	0.5
23	-70.10912101146806	-14661.046325365864	0.9995562981931918	1.157055405675898	0.7509704472864038	1.2699944539744004	1.2989890487921907	0.41237825475299417	0.35264161217182016	0.4741951863408538	0.5157536990131615	0.6262712733216204	0.5
24	-70.1096897190861	-14660.850047484884	0.9995562981931918	1.157055405675898	0.7509704472864038	1.2699944539744004	1.2989890487921907	0.41237825475299417	0.35264161217182016	0.4741951863408538	0.5157536990131615	0.6262712733216204	0.5
25	-70.1096897190861	-14660.850047484884	0.9995562981931918	1.157055405675898	0.7509704472864038	1.2699944539744004	1.2989890487921907	0.41237825475299417	0.35264161217182016	0.4741951863408538	0.5157536990131615	0.6262712733216204	0.5
26	-70.1096897190861	-14660.850047484884	0.9995562981931918	1.157055405675898	0.7509704472864038	1.2699944539744004	1.2989890487921907	0.41237825475299417	0.35264161217182016	0.4741951863408538	0.5157536990131615	0.6262712733216204	0.5
27	-70.1096897190861	-14656.24631008606	0.9995562981931918	1.157055405675898	0.7509704472864038	1.2699944539744004	1.2989890487921907	0.41237825475299417	0.35264161217182016	0.4741951863408538	0.5157536990131615	0.6262712733216204	0.5
28	-70.1096897190861	-14656.24631008606	0.9995562981931918	1.157055405675898	0.7509704472864038	1.2699944539744004	1.2989890487921907	0.41237825475299417	0.35264161217182016	0.4741951863408538	0.5157536990131615	0.6262712733216204	0.5
29	-70.1096897190861	-14656.24631008606	0.9995562981931918	1.157055405675898	0.7509704472864038	1.2699944539744004	1.2989890487921907	0.41237825475299417	0.35264161217182016	0.4741951863408538	0.5157536990131615	0.6262712733216204	0.5
30	-70.10081189311786	-14628.175927252292	0.9995562981931918	1.157055405675898	0.7509704472864038	1.2699944539744004	1.2989890487921907	0.41237825475299417	0.35264161217182016	0.4741951863408538	0.5157536990131615	0.6262712733216204	0.5
31	-70.10081189311786	-14625.163380965185	0.9995562981931918	1.157055405675898	0.7509704472864038	1.2699944539744004	1.2989890487921907	0.41237825475299417	0.35264161217182016	0.4741951863408538	0.5157536990131615	0.6262712733216204	0.5
32	-70.10081189311786	-14625.163380965185	0.9995562981931918	1.157055405675898	0.7509704472864038	1.2699944539744004	1.2989890487921907	0.41237825475299417	0.35264161217182016	0.4741951863408538	0.5157536990131615	0.6262712733216204	0.5
33	-70.10081189311786	-14625.163380965185	0.9995562981931918	1.157055405675898	0.7509704472864038	1.2699944539744004	1.2989890487921907	0.41237825475299417	0.35264161217182016	0.4741951863408538	0.5157536990131615	0.6262712733216204	0.5
34	-70.10081189311786	-14625.163380965185	0.9995562981931918	1.157055405675898	0.7509704472864038	1.2699944539744004	1.2989890487921907	0.41237825475299417	0.35264161217182016	0.4741951863408538	0.5157536990131615	0.6262712733216204	0.5
35	-70.10081189311786	-14625.163380965185	0.9995562981931918	1.157055405675898	0.7509704472864038	1.2699944539744004	1.2989890487921907	0.41237825475299417	0.35264161217182016	0.4741951863408538	0.5157536990131615	0.6262712733216204	0.5
36	-70.10081189311786	-14625.163380965185	0.9995562981931918	1.157055405675898	0.7509704472864038	1.2699944539744004	1.2989890487921907	0.41237825475299417	0.35264161217182016	0.4741951863408538	0.5157536990131615	0.6262712733216204	0.5
37	-70.10081189311786	-14607.494624820296	0.9995562981931918	1.157055405675898	0.7509704472864038	1.2699944539744004	1.2989890487921907	0.41237825475299417	0.35264161217182016	0.4741951863408538	0.5157536990131615	0.6262712733216204	0.5
38	-70.10081189311786	-14607.494624820296	0.9995562981931918	1.157055405675898	0.7509704472864038	1.2699944539744004	1.2989890487921907	0.41237825475299417	0.35264161217182016	0.4741951863408538	0.5157536990131615	0.6262712733216204	0.5
39	-70.09986792498114	-14605.345271903858	0.9995562981931918	1.157055405675898	0.7509704472864038	1.2699944539744004	1.2989890487921907	0.41237825475299417	0.35264161217182016	0.4741951863408538	0.5157536990131615	0.6262712733216204	0.5
40	-70.09986792498114	-14605.345271903858	0.9995562981931918	1.157055405675898	0.7509704472864038	1.2699944539744004	1.2989890487921907	0.41237825475299417	0.35264161217182016	0.4741951863408538	0.5157536990131615	0.6262712733216204	0.5
41	-70.09986792498114	-14605.186209479356	0.9995562981931918	1.157055405675898	0.7509704472864038	1.2699944539744004	1.2989890487921907	0.41237825475299417	0.35264161217182016	0.4741951863408538	0.5157536990131615	0.6262712733216204	0.5
42	-70.09986792498114	-14603.281544542624	0.9995562981931918	1.157055405675898	0.7509704472864038	1.2699944539744004	1.2989890487921907	0.41237825475299417	0.35264161217182016	0.4741951863408538	0.5157536990131615	0.6262712733216204	0.5
43	-70.09986792498114	-14603.281544542624	0.9995562981931918	1.157055405675898	0.7509704472864038	1.2699944539744004	1.2989890487921907	0.41237825475299417	0.35264161217182016	0.4741951863408538	0.5157536990131615	0.6262712733216204	0.5
44	-70.10057332400635	-14600.840902814112	0.9995562981931918	1.157055405675898	0.7509704472864038	1.2699944539744004	1.2989890487921907	0.41237825475299417	0.35264161217182016	0.4741951863408538	0.5157536990131615	0.6262712733216204	0.5
45	-70.10439333876961	-14596.225284436516	0.9995562981931918	1.157055405675898	0.7509704472864038	1.2699944539744004	1.2989890487921907	0.41237825475299417	0.35264161217182016	0.4741951863408538	0.5157536990131615	0.6262712733216204	0.5
46	-70.08657980755056	-14484.06541175949	0.9995562981931918	1.157055405675898	0.7509704472864038	1.2699944539744004	1.2989890487921907	0.41237825475299417	0.35264161217182016	0.4741951863408538	0.5157536990131615	0.6262712733216204	0.5
47	-70.08657980755056	-14484.06541175949	0.9995562981931918	1.157055405675898	0.7509704472864038	1.2699944539744004	1.2989890487921907	0.41237825475299417	0.35264161217182016	0.4741951863408538	0.5157536990131615	0.6262712733216204	0.5
48	-70.08657980755056	-14484.06541175949	0.9995562981931918	1.157055405675898	0.7509704472864038	1.2699944539744004	1.2989890487921907	0.41237825475299417	0.35264161217182016	0.4741951863408538	0.5157536990131615	0.6262712733216204	0.5
49	-70.28631121980627	-14484.06541175949	0.9995562981931918	1.157055405675898	0.7509704472864038	1.2699944539744004	1.2989890487921907	0.3578316392992146	0.40277192460154454	0.378165349189714	0.3903559112918727	0.6496643898442074	0.5
50	-70.27075804007889	-14262.038035447837	0.9995562981931918	1.157055405675898	0.7509704472864038	1.2699944539744004	1.2989890487921907	0.3578316392992146	0.40277192460154454	0.378165349189714	0.3903559112918727	0.6496643898442074	0.5
51	-70.27075804007889	-14262.038035447837	0.9995562981931918	1.157055405675898	0.7509704472864038	1.2699944539744004	1.2989890487921907	0.3578316392992146	0.40277192460154454	0.378165349189714	0.3903559112918727	0.6496643898442074	0.5
52	-70.27615449866975	-14249.624706053295	0.9995562981931918	1.157055405675898	0.7509704472864038	1.2699944539744004	1.2989890487921907	0.3578316392992146	0.40277192460154454	0.378165349189714	0.3903559112918727	0.6496643898442074	0.5
53	-70.27615449866975	-14248.975904546543	0.9995562981931918	1.157055405675898	0.7509704472864038	1.2699944539744004	1.2989890487921907	0.3578316392992146	0.40277192460154454	0.378165349189714	0.3903559112918727	0.6496643898442074	0.5
54	-70.27615449866975	-14248.975904546543	0.9995562981931918	1.157055405675898	0.7509704472864038	1.2699944539744004	1.2989890487921907	0.3578316392992146	0.40277192460154454	0.378165349189714	0.3903559112918727	0.6496643898442074	0.5
55	-70.27615449866975	-14248.975904546543	0.9995562981931918	1.157055405675898	0.7509704472864038	1.2699944539744004	1.2989890487921907	0.3578316392992146	0.40277192460154454	0.378165349189714	0.3903559112918727	0.6496643898442074	0.5
56	-70.27615449866975	-14248.975904546543	0.9995562981931918	1.157055405675898	0.7509704472864038	1.2699944539744004	1.2989890487921907	0.3578316392992146	0.40277192460154454	0.378165349189714	0.3903559112918727	0.6496643898442074	0.5
57	-70.27615449866975	-14248.975904546543	0.9995562981931918	1.157055405675898	0.7509704472864038	1.2699944539744004	1.2989890487921907	0.3578316392992146	0.40277192460154454	0.378165349189714	0.3903559112918727	0.6496643898442074	0.5
58	-70.27615449866975	-14248.975904546543	0.9995562981931918	1.157055405675898	0.7509704472864038	1.2699944539744004	1.2989890487921907	0.3578316392992146	0.40277192460154454	0.378165349189714	0.3903559112918727	0.6496643898442074	0.5
59	-70.27615449866975	-14248.975904546543	0.9995562981931918	1.157055405675898	0.7509704472864038	1.2699944539744004	1.2989890487921907	0.3578316392992146	0.40277192460154454	0.378165349189714	0.3903559112918727	0.6496643898442074	0.5
60	-70.27615449866975	-14248.975904546543	0.9995562981931918	1.157055405675898	0.7509704472864038	1.2699944539744004	1.2989890487921907	0.3578316392992146	0.40277192460154454	0.378165349189714	0.3903559112918727	0.6496643898442074	0.5
61	-70.27615449866975	-14248.975904546543	0.9995562981931918	1.157055405675898	0.7509704472864038	1.2699944539744004	1.2989890487921907	0.3578316392992146	0.40277192460154454	0.378165349189714	0.3903559112918727	0.6496643898442074	0.5
62	-70.27615449866975	-14194.444333966485	0.9995562981931918	1.157055405675898	0.7509704472864038	1.2699944539744004	1.2989890487921907	0.3578316392992146	0.40277192460154454	0.378165349189714	0.3903559112918727	0.6496643898442074	0.5
63	-70.27615449866975	-14194.444333966485	0.9995562981931918	1.157055405675898	0.7509704472864038	1.2699944539744004	1.2989890487921907	0.3578316392992146	0.40277192460154454	0.378165349189714	0.3903559112918727	0.6496643898442074	0.5
64	-70.27615449866975	-14112.508904956498	0.9995562981931918	1.157055405675898	0.7509704472864038	1.2699944539744004	1.2989890487921907	0.3578316392992146	0.40277192460154454	0.378165349189714	0.3903559112918727	0.6496643898442074	0.5
65	-70.27996815834808	-14106.722798388188	0.9995562981931918	1.157055405675898	0.7509704472864038	1.2699944539744004	1.2989890487921907	0.3578316392992146	0.40277192460154454	0.378165349189714	0.3903559112918727	0.6496643898442074	0.5
66	-70.27440726555925	-13911.526515176522	0.9995562981931918	1.157055405675898	0.7509704472864038	1.2699944539744004	1.2989890487921907	0.3578316392992146	0.40277192460154454	0.378165349189714	0.3903559112918727	0.6496643898442074	0.5
67	-70.26528340865947	-13908.085227346884	0.9995562981931918	1.157055405675898	0.7509704472864038	1.2699944539744004	1.2989890487921907	0.3578316392992146	0.40277192460154454	0.378165349189714	0.3903559112918727	0.6496643898442074	0.5
68	-70.26528340865947	-13908.085227346884	0.9995562981931918	1.157055405675898	0.7509704472864038	1.2699944539744004	1.2989890487921907	0.3578316392992146	0.40277192460154454	0.378165349189714	0.3903559112918727	0.6496643898442074	0.5
69	-70.26528340865947	-13908.085227346884	0.9995562981931918	1.157055405675898	0.7509704472864038	1.2699944539744004	1.2989890487921907	0.3578316392992146	0.40277192460154454	0.378165349189714	0.3903559112918727	0.6496643898442074	0.5
70	-70.26528340865947	-13908.085227346884	0.9995562981931918	1.157055405675898	0.7509704472864038	1.2699944539744004	1.2989890487921907	0.3578316392992146	0.40277192460154454	0.378165349189714	0.3903559112918727	0.6496643898442074	0.5
71	-70.26528340865947	-13908.085227346884	0.9995562981931918	1.157055405675898	0.7509704472864038	1.2699944539744004	1.2989890487921907	0.3578316392992146	0.40277192460154454	0.378165349189714	0.3903559112918727	0.6496643898442074	0.5
72	-70.26504562434877	-13907.757194502985	0.9995562981931918	1.157055405675898	0.7509704472864038	1.2699944539744004	1.2989890487921907	0.3578316392992146	0.40277192460154454	0.378165349189714	0.3903559112918727	0.6496643898442074	0.5
73	-70.26504562434877	-13907.751296538216	0.9995562981931918	1.157055405675898	0.7509704472864038	1.2699944539744004	1.2989890487921907	0.3578316392992146	0.40277192460154454	0.378165349189714	0.3903559112918727	0.6496643898442074	0.5
74	-70.26504562434877	-13907.751296538216	0.9995562981931918	1.157055405675898	0.7509704472864038	1.2699944539744004	1.2989890487921907	0.3578316392992146	0.40277192460154454	0.378165349189714	0.3903559112918727	0.6496643898442074	0.5
75	-70.26504562434877	-13907.751296538216	0.9995562981931918	1.157055405675898	0.7509704472864038	1.2699944539744004	1.2989890487921907	0.3578316392992146	0.40277192460154454	0.378165349189714	0.3903559112918727	0.6496643898442074	0.5
76	-70.26504562434877	-13907.751296538216	0.9995562981931918	1.157055405675898	0.7509704472864038	1.2699944539744004	1.2989890487921907	0.3578316392992146	0.40277192460154454	0.378165349189714	0.3903559112918727	0.6496643898442074	0.5
77	-70.26115810999228	-13752.319593503047	0.9995562981931918	1.157055405675898	0.7509704472864038	1.2699944539744004	1.2989890487921907	0.3578316392992146	0.40277192460154454	0.378165349189714	0.3903559112918727	0.6496643898442074	0.5
78	-70.25487053477758	-13676.759035426869	0.9995562981931918	1.157055405675898	0.7509704472864038	1.2699944539744004	1.2989890487921907	0.3578316392992146	0.40277192460154454	0.378165349189714	0.3903559112918727	0.6496643898442074	0.5
79	-70.25487053477758	-13676.942525532484	0.9995562981931918	1.157055405675898	0.7509704472864038	1.2699944539744004	1.2989890487921907	0.3578316392992146	0.40277192460154454	0.378165349189714	0.3903559112918727	0.6496643898442074	0.5
80	-70.25487053477758	-13676.942525532484	0.9995562981931918	1.157055405675898	0.7509704472864038	1.2699944539744004	1.2989890487921907	0.3578316392992146	0.40277192460154454	0.378165349189714	0.3903559112918727	0.6496643898442074	0.5
81	-70.19230187114384	-13371.824046227312	0.9995562981931918	1.157055405675898	0.7509704472864038	1.2699944539744004	1.2989890487921907	0.3578316392992146	0.40277192460154454	0.378165349189714	0.3903559112918727	0.6496643898442074	0.5
82	-70.19230187114384	-13371.824046227312	0.9995562981931918	1.157055405675898	0.7509704472864038	1.2699944539744004	1.2989890487921907	0.3578316392992146	0.40277192460154454	0.378165349189714	0.3903559112918727	0.6496643898442074	0.5
83	-70.19230187114384	-13371.824046227312	0.9995562981931918	1.157055405675898	0.7509704472864038	1.2699944539744004	1.2989890487921907	0.3578316392992146	0.40277192460154454	0.378165349189714	0.3903559112918727	0.6496643898442074	0.5
84	-70.1606624220875	-13356.693703661353	0.9995562981931918	1.157055405675898	0.7509704472864038	1.2699944539744004	1.2989890487921907	0.3578316392992146	0.40277192460154454	0.378165349189714	0.3903559112918727	0.6496643898442074	0.5
85	-70.1625679180647	-13358.215264446257	0.9995562981931918	1.157055405675898	0.7509704472864038	1.2699944539744004	1.2989890487921907	0.3578316392992146	0.40277192460154454	0.378165349189714	0.3903559112918727	0.6496643898442074	0.5
86	-70.15716222297473	-13353.62532690771	0.9995562981931918	1.157055405675898	0.7509704472864038	1.2699944539744004	1.2989890487921907	0.3578316392992146	0.40277192460154454	0.378165349189714	0.3903559112918727	0.6496643898442074	0.5
87	-70.15716222297473	-13353.62532690771	0.9995562981931918	1.157055405675898	0.7509704472864038	1.2699944539744004	1.2989890487921907	0.3578316392992146	0.40277192460154454	0.378165349189714	0.3903559112918727	0.6496643898442074	0.5
88	-70.15716222297473	-13353.62532690771	0.9995562981931918	1.157055405675898	0.7509704472864038	1.2699944539744004	1.2989890487921907	0.3578316392992146	0.40277192460154454	0.378165349189714	0.3903559112918727	0.6496643898442074	0.5
89	-70.15164216754735	-13228.353942172569	0.9995562981931918	1.157055405675898	0.7509704472864038	1.2699944539744004	1.2989890487921907	0.3578316392992146	0.40277192460154454	0.378165349189714	0.3903559112918727	0.6496643898442074	0.5
90	-70.15164216754735	-13228.353942172569	0.9995562981931918	1.157055405675898	0.7509704472864038	1.2699944539744004	1.2989890487921907	0.3578316392992146	0.40277192460154454	0.378165349189714	0.3903559112918727	0.6496643898442074	0.5
91	-70.15164216754735	-13228.353942172569	0.9995562981931918	1.157055405675898	0.7509704472864038	1.2699944539744004	1.2989890487921907	0.3578316392992146	0.40277192460154454	0.378165349189714	0.3903559112918727	0.6496643898442074	0.5
92	-70.15164216754735	-13228.353942172569	0.9995562981931918	1.157055405675898	0.7509704472864038	1.2699944539744004	1.2989890487921907	0.3578316392992146	0.40277192460154454	0.378165349189714	0.3903559112918727	0.6496643898442074	0.5
93	-70.15164216754735	-13228.353942172569	0.9995562981931918	1.157055405675898	0.7509704472864038	1.2699944539744004	1.2989890487921907	0.3578316392992146	0.40277192460154454	0.378165349189714	0.3903559112918727	0.6496643898442074	0.5
94	-70.15164216754735	-13228.353942172569	0.9995562981931918	1.157055405675898	0.7509704472864038	1.2699944539744004	1.2989890487921907	0.3578316392992146	0.40277192460154454	0.378165349189714	0.3903559112918727	0.6496643898442074	0.5
95	-70.15164216754735	-13227.793240605126	0.9995562981931918	1.157055405675898	0.7509704472864038	1.2699944539744004	1.2989890487921907	0.3578316392992146	0.40277192460154454	0.378165349189714	0.3903559112918727	0.6496643898442074	0.5
96	-70.15164216754735	-13227.793240605126	0.9995562981931918	1.157055405675898	0.7509704472864038	1.2699944539744004	1.2989890487921907	0.3578316392992146	0.40277192460154454	0.378165349189714	0.3903559112918727	0.6496643898442074	0.5
97	-70.15164216754735	-13227.793240605126	0.9995562981931918	1.157055405675898	0.7509704472864038	1.2699944539744004	1.2989890487921907	0.3578316392992146	0.40277192460154454	0.378165349189714	0.3903559112918727	0.6496643898442074	0.5
98	-70.15164216754735	-13227.793240605126	0.9995562981931918	1.157055405675898	0.7509704472864038	1.2699944539744004	1.2989890487921907	0.3578316392992146	0.40277192460154454	0.378165349189714	0.3903559112918727	0.6496643898442074	0.5
99	-70.15164216754735	-13227.793240605126	0.9995562981931918	1.157055405675898	0.7509704472864038	1.2699944539744004	1.2989890487921907	0.3578316392992146	0.40277192460154454	0.378165349189714	0.3903559112918727	0.6496643898442074	0.5
100	-70.15164216754735	-13227.793240605126	0.9995562981931918	1.157055405675898	0.7509704472864038	1.2699944539744004	1.2989890487921907	0.3578316392992146	0.40277192460154454	0.378165349189714	0.3903559112918727	0.6496643898442074	0.5
101	-70.15164216754735	-13227.793240605126	0.9995562981931918	1.157055405675898	0.7509704472864038	1.2699944539744004	1.2989890487921907	0.3578316392992146	0.40277192460154454	0.378165349189714	0.3903559112918727	0.6496643898442074	0.5
102	-70.15164216754735	-13227.793240605126	0.9995562981931918	1.157055405675898	0.7509704472864038	1.2699944539744004	1.2989890487921907	0.3578316392992146	0.40277192460154454	0.378165349189714	0.3903559112918727	0.6496643898442074	0.5
103	-70.15164216754735	-13227.793240605126	0.9995562981931918	1.157055405675898	0.7509704472864038	1.2699944539744004	1.2989890487921907	0.3578316392992146	0.40277192460154454	0.378165349189714	0.3903559112918727	0.6496643898442074	0.5
104	-70.53487628281583	-13227.793240605126	0.8920022326607877	0.9331127058323153	0.9172531188431944	0.9680517403222054	1.2919902210724605	0.3578316392992146	0.40277192460154454	0.378165349189714	0.3903559112918727	0.6496643898442074	0.5
105	-70.53487628281583	-13227.793240605126	0.8920022326607877	0.9331127058323153	0.9172531188431944	0.9680517403222054	1.2919902210724605	0.3578316392992146	0.40277192460154454	0.378165349189714	0.3903559112918727	0.6496643898442074	0.5
106	-70.53487628281583	-13227.793240605126	0.8920022326607877	0.9331127058323153	0.9172531188431944	0.9680517403222054	1.2919902210724605	0.3578316392992146	0.40277192460154454	0.378165349189714	0.3903559112918727	0.6496643898442074	0.5
107	-70.52588054256236	-13217.203205693322	0.8920022326607877	0.9331127058323153	0.9172531188431944	0.9680517403222054	1.2919902210724605	0.3578316392992146	0.40277192460154454	0.378165349189714	0.3903559112918727	0.6496643898442074	0.5
108	-70.52588054256236	-13217.203205693322	0.8920022326607877	0.9331127058323153	0.9172531188431944	0.9680517403222054	1.2919902210724605	0.3578316392992146	0.40277192460154454	0.378165349189714	0.3903559112918727	0.6496643898442074	0.5
109	-70.52588054256236	-13217.203205693322	0.8920022326607877	0.9331127058323153	0.9172531188431944	0.9680517403222054	1.2919902210724605	0.3578316392992146	0.40277192460154454	0.378165349189714	0.3903559112918727	0.6496643898442074	0.5
110	-70.52588054256236	-13177.704699635899	0.8920022326607877	0.9331127058323153	0.9172531188431944	0.9680517403222054	1.2919902210724605	0.3578316392992146	0.40277192460154454	0.378165349189714	0.3903559112918727	0.6496643898442074	0.5
111	-70.52588054256236	-13177.704699635899	0.8920022326607877	0.9331127058323153	0.9172531188431944	0.9680517403222054	1.2919902210724605	0.3578316392992146	0.40277192460154454	0.378165349189714	0.3903559112918727	0.6496643898442074	0.5
112	-70.52588054256236	-13177.07431290169	0.8920022326607877	0.9331127058323153	0.9172531188431944	0.9680517403222054	1.2919902210724605	0.3578316392992146	0.40277192460154454	0.378165349189714	0.3903559112918727	0.6496643898442074	0.5
113	-70.52588054256236	-13177.07431290169	0.8920022326607877	0.9331127058323153	0.9172531188431944	0.9680517403222054	1.2919902210724605	0.3578316392992146	0.40277192460154454	0.378165349189714	0.3903559112918727	0.6496643898442074	0.5
114	-70.52216797833944	-13170.782547631401	0.8920022326607877	0.9331127058323153	0.9172531188431944	0.9680517403222054	1.2919902210724605	0.3578316392992146	0.40277192460154454	0.378165349189714	0.3903559112918727	0.6496643898442074	0.5
115	-70.52216797833944	-13170.782547631401	0.8920022326607877	0.9331127058323153	0.9172531188431944	0.9680517403222054	1.2919902210724605	0.3578316392992146	0.40277192460154454	0.378165349189714	0.3903559112918727	0.6496643898442074	0.5
116	-70.52216797833944	-13170.782547631401	0.8920022326607877	0.9331127058323153	0.9172531188431944	0.9680517403222054	1.2919902210724605	0.3578316392992146	0.40277192460154454	0.378165349189714	0.3903559112918727	0.6496643898442074	0.5
117	-70.52216797833944	-13170.782547631401	0.8920022326607877	0.9331127058323153	0.9172531188431944	0.9680517403222054	1.2919902210724605	0.3578316392992146	0.40277192460154454	0.378165349189714	0.3903559112918727	0.6496643898442074	0.5
118	-70.52216797833944	-13170.782547631401	0.8920022326607877	0.9331127058323153	0.9172531188431944	0.9680517403222054	1.2919902210724605	0.3578316392992146	0.40277192460154454	0.378165349189714	0.3903559112918727	0.6496643898442074	0.5
119	-70.52216797833944	-13170.782547631401	0.8920022326607877	0.9331127058323153	0.9172531188431944	0.9680517403222054	1.2919902210724605	0.3578316392992146	0.40277192460154454	0.378165349189714	0.3903559112918727	0.6496643898442074	0.5
120	-70.52216797833944	-13170.782547631401	0.8920022326607877	0.9331127058323153	0.9172531188431944	0.9680517403222054	1.2919902210724605	0.3578316392992146	0.40277192460154454	0.378165349189714	0.3903559112918727	0.6496643898442074	0.5
121	-70.52264954823825	-13171.057381838815	0.8920022326607877	0.9331127058323153	0.9172531188431944	0.9680517403222054	1.2919902210724605	0.3578316392992146	0.40277192460154454	0.378165349189714	0.3903559112918727	0.6496643898442074	0.5
122	-70.52255995039935	-13171.034336503611	0.8920022326607877	0.9331127058323153	0.9172531188431944	0.9680517403222054	1.2919902210724605	0.3578316392992146	0.40277192460154454	0.378165349189714	0.3903559112918727	0.6496643898442074	0.5
123	-70.53556742726958	-13157.014160382421	0.8920022326607877	0.9331127058323153	0.9172531188431944	0.9680517403222054	1.2919902210724605	0.3578316392992146	0.40277192460154454	0.378165349189714	0.3903559112918727	0.6496643898442074	0.5
124	-70.53556742726958	-13156.158366817881	0.8920022326607877	0.9331127058323153	0.9172531188431944	0.9680517403222054	1.2919902210724605	0.3578316392992146	0.40277192460154454	0.378165349189714	0.3903559112918727	0.6496643898442074	0.5
125	-70.53556742726958	-13149.55796567221	0.8920022326607877	0.9331127058323153	0.9172531188431944	0.9680517403222054	1.2919902210724605	0.3578316392992146	0.40277192460154454	0.378165349189714	0.3903559112918727	0.6496643898442074	0.5
126	-70.53556742726958	-13139.706702604637	0.8920022326607877	0.9331127058323153	0.9172531188431944	0.9680517403222054	1.2919902210724605	0.3578316392992146	0.40277192460154454	0.378165349189714	0.3903559112918727	0.6496643898442074	0.5
127	-70.58355104716156	-13073.964426393297	0.8920022326607877	0.9331127058323153	0.9172531188431944	0.9680517403222054	1.2919902210724605	0.3578316392992146	0.40277192460154454	0.378165349189714	0.3903559112918727	0.6496643898442074	0.5
128	-70.58060026847517	-13073.408812156436	0.8920022326607877	0.9331127058323153	0.9172531188431944	0.9680517403222054	1.2919902210724605	0.3578316392992146	0.40277192460154454	0.378165349189714	0.3903559112918727	0.6496643898442074	0.5
129	-70.58060026847517	-13073.408812156436	0.8920022326607877	0.9331127058323153	0.9172531188431944	0.9680517403222054	1.2919902210724605	0.3578316392992146	0.40277192460154454	0.378165349189714	0.3903559112918727	0.6496643898442074	0.5
130	-70.58060026847517	-13073.408812156436	0.8920022326607877	0.9331127058323153	0.9172531188431944	0.9680517403222054	1.2919902210724605	0.3578316392992146	0.40277192460154454	0.378165349189714	0.3903559112918727	0.6496643898442074	0.5
131	-70.58060026847517	-13073.408812156436	0.8920022326607877	0.9331127058323153	0.9172531188431944	0.9680517403222054	1.2919902210724605	0.3578316392992146	0.40277192460154454	0.378165349189714	0.3903559112918727	0.6496643898442074	0.5
132	-70.58060026847517	-13073.408812156436	0.8920022326607877	0.9331127058323153	0.9172531188431944	0.9680517403222054	1.2919902210724605	0.3578316392992146	0.40277192460154454	0.378165349189714	0.3903559112918727	0.6496643898442074	0.5
133	-70.58060026847517	-13067.500288500887	0.8920022326607877	0.9331127058323153	0.9172531188431944	0.9680517403222054	1.2919902210724605	0.3578316392992146	0.40277192460154454	0.378165349189714	0.3903559112918727	0.6496643898442074	0.5
134	-70.58060026847517	-13067.500288500887	0.8920022326607877	0.9331127058323153	0.9172531188431944	0.9680517403222054	1.2919902210724605	0.3578316392992146	0.40277192460154454	0.378165349189714	0.3903559112918727	0.6496643898442074	0.5
135	-70.58060026847517	-13067.500288500887	0.8920022326607877	0.9331127058323153	0.9172531188431944	0.9680517403222054	1.2919902210724605	0.3578316392992146	0.40277192460154454	0.378165349189714	0.3903559112918727	0.6496643898442074	0.5
136	-70.58060026847517	-13067.500288500887	0.8920022326607877	0.9331127058323153	0.9172531188431944	0.9680517403222054	1.2919902210724605	0.3578316392992146	0.40277192460154454	0.378165349189714	0.3903559112918727	0.6496643898442074	0.5
137	-70.58060026847517	-13067.500288500887	0.8920022326607877	0.9331127058323153	0.9172531188431944	0.9680517403222054	1.2919902210724605	0.3578316392992146	0.40277192460154454	0.378165349189714	0.3903559112918727	0.6496643898442074	0.5
138	-70.55698190821103	-13008.513038620003	0.8920022326607877	0.9331127058323153	0.9172531188431944	0.9680517403222054	1.2919902210724605	0.3578316392992146	0.40277192460154454	0.378165349189714	0.3903559112918727	0.6496643898442074	0.5
139	-70.55698190821103	-13001.23602904936	0.8920022326607877	0.9331127058323153	0.9172531188431944	0.9680517403222054	1.2919902210724605	0.3578316392992146	0.40277192460154454	0.378165349189714	0.3903559112918727	0.6496643898442074	0.5
140	-50.77747220905479	-13001.23602904936	0.9178472273296444	0.7651535386481598	1.1688587701558553	0.9902974578826155	1.7037867333031718	0.3578316392992146	0.40277192460154454	0.378165349189714	0.3903559112918727	0.6496643898442074	0.5
141	-50.77370213946336	-12991.680801486984	0.9178472273296444	0.7651535386481598	1.1688587701558553	0.9902974578826155	1.7037867333031718	0.3578316392992146	0.40277192460154454	0.378165349189714	0.3903559112918727	0.6496643898442074	0.5
142	-50.77370213946336	-12943.148122438199	0.9178472273296444	0.7651535386481598	1.1688587701558553	0.9902974578826155	1.7037867333031718	0.3578316392992146	0.40277192460154454	0.378165349189714	0.3903559112918727	0.6496643898442074	0.5
143	-50.77370213946336	-12943.148122438199	0.9178472273296444	0.7651535386481598	1.1688587701558553	0.9902974578826155	1.7037867333031718	0.3578316392992146	0.40277192460154454	0.378165349189714	0.3903559112918727	0.6496643898442074	0.5
144	-50.77269742620016	-12936.195414063068	0.9178472273296444	0.7651535386481598	1.1688587701558553	0.9902974578826155	1.7037867333031718	0.3578316392992146	0.40277192460154454	0.378165349189714	0.3903559112918727	0.6496643898442074	0.5
145	-50.74421736577731	-12911.140928580535	0.9178472273296444	0.7651535386481598	1.1688587701558553	0.9902974578826155	1.7037867333031718	0.3578316392992146	0.40277192460154454	0.378165349189714	0.3903559112918727	0.6496643898442074	0.5
146	-50.74421736577731	-12911.140928580535	0.9178472273296444	0.7651535386481598	1.1688587701558553	0.9902974578826155	1.7037867333031718	0.3578316392992146	0.40277192460154454	0.378165349189714	0.3903559112918727	0.6496643898442074	0.5
147	-50.74421736577731	-12911.140928580535	0.9178472273296444	0.7651535386481598	1.1688587701558553	0.9902974578826155	1.7037867333031718	0.3578316392992146	0.40277192460154454	0.378165349189714	0.3903559112918727	0.6496643898442074	0.5
148	-50.72637215334522	-12874.982553815908	0.9178472273296444	0.7651535386481598	1.1688587701558553	0.9902974578826155	1.7037867333031718	0.3578316392992146	0.40277192460154454	0.378165349189714	0.3903559112918727	0.6496643898442074	0.5
149	-50.72637215334522	-12874.982553815908	0.9178472273296444	0.7651535386481598	1.1688587701558553	0.9902974578826155	1.7037867333031718	0.3578316392992146	0.40277192460154454	0.378165349189714	0.3903559112918727	0.6496643898442074	0.5
150	-50.72637215334522	-12875.336969863904	0.9178472273296444	0.7651535386481598	1.1688587701558553	0.9902974578826155	1.7037867333031718	0.3578316392992146	0.40277192460154454	0.378165349189714	0.3903559112918727	0.6496643898442074	0.5
151	-50.72820105360356	-12875.497468807682	0.9178472273296444	0.7651535386481598	1.1688587701558553	0.9902974578826155	1.7037867333031718	0.3578316392992146	0.40277192460154454	0.378165349189714	0.3903559112918727	0.6496643898442074	0.5
152	-50.72820105360356	-12875.497468807682	0.9178472273296444	0.7651535386481598	1.1688587701558553	0.9902974578826155	1.7037867333031718	0.3578316392992146	0.40277192460154454	0.378165349189714	0.3903559112918727	0.6496643898442074	0.5
153	-50.73007808269792	-12875.95069371257	0.9178472273296444	0.7651535386481598	1.1688587701558553	0.9902974578826155	1.7037867333031718	0.3578316392992146	0.40277192460154454	0.378165349189714	0.3903559112918727	0.6496643898442074	0.5
154	-50.73007808269792	-12875.95069371257	0.9178472273296444	0.7651535386481598	1.1688587701558553	0.9902974578826155	1.7037867333031718	0.3578316392992146	0.40277192460154454	0.378165349189714	0.3903559112918727	0.6496643898442074	0.5
155	-50.87057546551634	-12875.95069371257	0.9178472273296444	0.7651535386481598	1.1688587701558553	0.9902974578826155	1.7037867333031718	0.42523467815428123	0.311836154911834	0.43345334794580076	0.3150348315056734	0.6670392841652825	0.5
156	-50.87057546551634	-12875.95069371257	0.9178472273296444	0.7651535386481598	1.1688587701558553	0.9902974578826155	1.7037867333031718	0.42523467815428123	0.311836154911834	0.43345334794580076	0.3150348315056734	0.6670392841652825	0.5
157	-50.87057546551634	-12875.95069371257	0.9178472273296444	0.7651535386481598	1.1688587701558553	0.9902974578826155	1.7037867333031718	0.42523467815428123	0.311836154911834	0.43345334794580076	0.3150348315056734	0.6670392841652825	0.5
158	-50.877827285543376	-12839.290184062325	0.9178472273296444	0.7651535386481598	1.1688587701558553	0.9902974578826155	1.7037867333031718	0.42523467815428123	0.311836154911834	0.43345334794580076	0.3150348315056734	0.6670392841652825	0.5
159	-50.877827285543376	-12839.290184062325	0.9178472273296444	0.7651535386481598	1.1688587701558553	0.9902974578826155	1.7037867333031718	0.42523467815428123	0.311836154911834	0.43345334794580076	0.3150348315056734	0.6670392841652825	0.5
160	-50.82693196751436	-12839.290184062325	0.9178472273296444	0.7651535386481598	1.1688587701558553	0.9902974578826155	1.7037867333031718	0.42523467815428123	0.311836154911834	0.43345334794580076	0.3150348315056734	0.6670392841652825	0.4567020214852766
161	-50.82693196751436	-12839.290184062325	0.9178472273296444	0.7651535386481598	1.1688587701558553	0.9902974578826155	1.7037867333031718	0.42523467815428123	0.311836154911834	0.43345334794580076	0.3150348315056734	0.6670392841652825	0.4567020214852766
162	-50.82693196751436	-12839.290184062325	0.9178472273296444	0.7651535386481598	1.1688587701558553	0.9902974578826155	1.7037867333031718	0.42523467815428123	0.311836154911834	0.43345334794580076	0.3150348315056734	0.6670392841652825	0.4567020214852766
163	-50.82693196751436	-12839.047149903749	0.9178472273296444	0.7651535386481598	1.1688587701558553	0.9902974578826155	1.7037867333031718	0.42523467815428123	0.311836154911834	0.43345334794580076	0.3150348315056734	0.6670392841652825	0.4567020214852766
164	-50.83405350586575	-12840.31007327	0.9178472273296444	0.7651535386481598	1.1688587701558553	0.9902974578826155	1.7037867333031718	0.42523467815428123	0.311836154911834	0.43345334794580076	0.3150348315056734	0.6670392841652825	0.4567020214852766
165	-50.83405350586575	-12840.31007327	0.9178472273296444	0.7651535386481598	1.1688587701558553	0.9902974578826155	1.7037867333031718	0.42523467815428123	0.311836154911834	0.43345334794580076	0.3150348315056734	0.6670392841652825	0.4567020214852766
166	-50.83405350586575	-12829.610037141365	0.9178472273296444	0.7651535386481598	1.1688587701558553	0.9902974578826155	1.7037867333031718	0.42523467815428123	0.311836154911834	0.43345334794580076	0.3150348315056734	0.6670392841652825	0.4567020214852766
167	-50.83405350586575	-12829.610037141365	0.9178472273296444	0.7651535386481598	1.1688587701558553	0.9902974578826155	1.7037867333031718	0.42523467815428123	0.311836154911834	0.43345334794580076	0.3150348315056734	0.6670392841652825	0.4567020214852766
168	-50.83405350586575	-12829.610037141365	0.9178472273296444	0.7651535386481598	1.1688587701558553	0.9902974578826155	1.7037867333031718	0.42523467815428123	0.311836154911834	0.43345334794580076	0.3150348315056734	0.6670392841652825	0.4567020214852766
169	-50.83405350586575	-12829.610037141365	0.9178472273296444	0.7651535386481598	1.1688587701558553	0.9902974578826155	1.7037867333031718	0.42523467815428123	0.311836154911834	0.43345334794580076	0.3150348315056734	0.6670392841652825	0.4567020214852766
170	-50.83405350586575	-12829.610037141365	0.9178472273296444	0.7651535386481598	1.1688587701558553	0.9902974578826155	1.7037867333031718	0.42523467815428123	0.311836154911834	0.43345334794580076	0.3150348315056734	0.6670392841652825	0.4567020214852766
171	-50.83405350586575	-12829.610037141365	0.9178472273296444	0.7651535386481598	1.1688587701558553	0.9902974578826155	1.7037867333031718	0.42523467815428123	0.311836154911834	0.43345334794580076	0.3150348315056734	0.6670392841652825	0.4567020214852766
172	-50.88913112661702	-12806.637624534867	0.9178472273296444	0.7651535386481598	1.1688587701558553	0.9902974578826155	1.7037867333031718	0.42523467815428123	0.311836154911834	0.43345334794580076	0.3150348315056734	0.6670392841652825	0.4567020214852766
173	-50.88913112661702	-12795.412616481204	0.9178472273296444	0.7651535386481598	1.1688587701558553	0.9902974578826155	1.7037867333031718	0.42523467815428123	0.311836154911834	0.43345334794580076	0.3150348315056734	0.6670392841652825	0.4567020214852766
174	-50.88708850521835	-12793.93122723968	0.9178472273296444	0.7651535386481598	1.1688587701558553	0.9902974578826155	1.7037867333031718	0.42523467815428123	0.311836154911834	0.43345334794580076	0.3150348315056734	0.6670392841652825	0.4567020214852766
175	-50.88708850521835	-12785.556345350033	0.9178472273296444	0.7651535386481598	1.1688587701558553	0.9902974578826155	1.7037867333031718	0.42523467815428123	0.311836154911834	0.43345334794580076	0.3150348315056734	0.6670392841652825	0.4567020214852766
176	-50.88708850521835	-12785.588410485403	0.9178472273296444	0.7651535386481598	1.1688587701558553	0.9902974578826155	1.7037867333031718	0.42523467815428123	0.311836154911834	0.43345334794580076	0.3150348315056734	0.6670392841652825	0.4567020214852766
177	-50.88708850521835	-12785.588410485403	0.9178472273296444	0.7651535386481598	1.1688587701558553	0.9902974578826155	1.7037867333031718	0.42523467815428123	0.311836154911834	0.43345334794580076	0.3150348315056734	0.6670392841652825	0.4567020214852766
178	-50.88708850521835	-12785.588410485403	0.9178472273296444	0.7651535386481598	1.1688587701558553	0.9902974578826155	1.7037867333031718	0.42523467815428123	0.311836154911834	0.43345334794580076	0.3150348315056734	0.6670392841652825	0.4567020214852766
179	-50.88708850521835	-12779.559795849615	0.9178472273296444	0.7651535386481598	1.1688587701558553	0.9902974578826155	1.7037867333031718	0.42523467815428123	0.311836154911834	0.43345334794580076	0.3150348315056734	0.6670392841652825	0.4567020214852766
180	-50.88708850521835	-12775.837807287213	0.9178472273296444	0.7651535386481598	1.1688587701558553	0.9902974578826155	1.7037867333031718	0.42523467815428123	0.311836154911834	0.43345334794580076	0.3150348315056734	0.6670392841652825	0.4567020214852766
181	-50.88708850521835	-12775.837807287213	0.9178472273296444	0.7651535386481598	1.1688587701558553	0.9902974578826155	1.7037867333031718	0.42523467815428123	0.311836154911834	0.43345334794580076	0.3150348315056734	0.6670392841652825	0.4567020214852766
182	-50.88708850521835	-12775.837807287213	0.9178472273296444	0.7651535386481598	1.1688587701558553	0.9902974578826155	1.7037867333031718	0.42523467815428123	0.311836154911834	0.43345334794580076	0.3150348315056734	0.6670392841652825	0.4567020214852766
183	-50.88708850521835	-12775.837807287213	0.9178472273296444	0.7651535386481598	1.1688587701558553	0.9902974578826155	1.7037867333031718	0.42523467815428123	0.311836154911834	0.43345334794580076	0.3150348315056734	0.6670392841652825	0.4567020214852766
184	-50.88708850521835	-12775.837807287213	0.9178472273296444	0.7651535386481598	1.1688587701558553	0.9902974578826155	1.7037867333031718	0.42523467815428123	0.311836154911834	0.43345334794580076	0.3150348315056734	0.6670392841652825	0.4567020214852766
185	-50.87656193779805	-12774.51298640564	0.9178472273296444	0.7651535386481598	1.1688587701558553	0.9902974578826155	1.7037867333031718	0.42523467815428123	0.311836154911834	0.43345334794580076	0.3150348315056734	0.6670392841652825	0.4567020214852766
186	-50.87656193779805	-12774.51298640564	0.9178472273296444	0.7651535386481598	1.1688587701558553	0.9902974578826155	1.7037867333031718	0.42523467815428123	0.311836154911834	0.43345334794580076	0.3150348315056734	0.6670392841652825	0.4567020214852766
187	-50.8918595033816	-12769.919602745817	0.9178472273296444	0.7651535386481598	1.1688587701558553	0.9902974578826155	1.7037867333031718	0.42523467815428123	0.311836154911834	0.43345334794580076	0.3150348315056734	0.6670392841652825	0.4567020214852766
188	-50.8918595033816	-12770.009285067474	0.9178472273296444	0.7651535386481598	1.1688587701558553	0.9902974578826155	1.7037867333031718	0.42523467815428123	0.311836154911834	0.43345334794580076	0.3150348315056734	0.6670392841652825	0.4567020214852766
189	-50.8918595033816	-12770.009285067474	0.9178472273296444	0.7651535386481598	1.1688587701558553	0.9902974578826155	1.7037867333031718	0.42523467815428123	0.311836154911834	0.43345334794580076	0.3150348315056734	0.6670392841652825	0.4567020214852766
190	-50.949235037450144	-12747.907336985962	0.9178472273296444	0.7651535386481598	1.1688587701558553	0.9902974578826155	1.7037867333031718	0.42523467815428123	0.311836154911834	0.43345334794580076	0.3150348315056734	0.6670392841652825	0.4567020214852766
191	-50.97142484829043	-12732.63719225412	0.9178472273296444	0.7651535386481598	1.1688587701558553	0.9902974578826155	1.7037867333031718	0.42523467815428123	0.311836154911834	0.43345334794580076	0.3150348315056734	0.6670392841652825	0.4567020214852766
192	-50.97142484829043	-12732.63719225412	0.9178472273296444	0.7651535386481598	1.1688587701558553	0.9902974578826155	1.7037867333031718	0.42523467815428123	0.311836154911834	0.43345334794580076	0.3150348315056734	0.6670392841652825	0.4567020214852766
193	-50.97142484829043	-12723.397360648665	0.9178472273296444	0.7651535386481598	1.1688587701558553	0.9902974578826155	1.7037867333031718	0.42523467815428123	0.311836154911834	0.43345334794580076	0.3150348315056734	0.6670392841652825	0.4567020214852766
194	-50.95531359304724	-12723.397360648665	0.9178472273296444	0.7651535386481598	1.1688587701558553	0.9902974578826155	1.7037867333031718	0.42523467815428123	0.311836154911834	0.43345334794580076	0.3150348315056734	0.6670392841652825	0.44283488867408083
195	-50.95203259848985	-12663.924130301231	0.9178472273296444	0.7651535386481598	1.1688587701558553	0.9902974578826155	1.7037867333031718	0.42523467815428123	0.311836154911834	0.43345334794580076	0.3150348315056734	0.6670392841652825	0.44283488867408083
196	-50.95203259848985	-12663.924130301231	0.9178472273296444	0.7651535386481598	1.1688587701558553	0.9902974578826155	1.7037867333031718	0.42523467815428123	0.311836154911834	0.43345334794580076	0.3150348315056734	0.6670392841652825	0.44283488867408083
197	-50.89784046872148	-12648.595315487664	0.9178472273296444	0.7651535386481598	1.1688587701558553	0.9902974578826155	1.7037867333031718	0.42523467815428123	0.311836154911834	0.43345334794580076	0.3150348315056734	0.6670392841652825	0.44283488867408083
198	-50.89784046872148	-12647.89714147289	0.9178472273296444	0.7651535386481598	1.1688587701558553	0.9902974578826155	1.7037867333031718	0.42523467815428123	0.311836154911834	0.43345334794580076	0.3150348315056734	0.6670392841652825	0.44283488867408083
199	-50.921895560251585	-12586.09177832628	0.9178472273296444	0.7651535386481598	1.1688587701558553	0.9902974578826155	1.7037867333031718	0.42523467815428123	0.311836154911834	0.43345334794580076	0.3150348315056734	0.6670392841652825	0.44283488867408083
200	-50.921895560251585	-12586.09177832628	0.9178472273296444	0.7651535386481598	1.1688587701558553	0.9902974578826155	1.7037867333031718	0.42523467815428123	0.311836154911834	0.43345334794580076	0.3150348315056734	0.6670392841652825	0.44283488867408083
201	-50.921895560251585	-12586.09177832628	0.9178472273296444	0.7651535386481598	1.1688587701558553	0.9902974578826155	1.7037867333031718	0.42523467815428123	0.311836154911834	0.43345334794580076	0.3150348315056734	0.6670392841652825	0.44283488867408083
202	-50.921895560251585	-12586.09177832628	0.9178472273296444	0.7651535386481598	1.1688587701558553	0.9902974578826155	1.7037867333031718	0.42523467815428123	0.311836154911834	0.43345334794580076	0.3150348315056734	0.6670392841652825	0.44283488867408083
203	-50.921895560251585	-12586.09177832628	0.9178472273296444	0.7651535386481598	1.1688587701558553	0.9902974578826155	1.7037867333031718	0.42523467815428123	0.311836154911834	0.43345334794580076	0.3150348315056734	0.6670392841652825	0.44283488867408083
204	-50.921895560251585	-12586.09177832628	0.9178472273296444	0.7651535386481598	1.1688587701558553	0.9902974578826155	1.7037867333031718	0.42523467815428123	0.311836154911834	0.43345334794580076	0.3150348315056734	0.6670392841652825	0.44283488867408083
205	-50.921895560251585	-12586.09177832628	0.9178472273296444	0.7651535386481598	1.1688587701558553	0.9902974578826155	1.7037867333031718	0.42523467815428123	0.311836154911834	0.43345334794580076	0.3150348315056734	0.6670392841652825	0.44283488867408083
206	-50.921895560251585	-12586.09177832628	0.9178472273296444	0.7651535386481598	1.1688587701558553	0.9902974578826155	1.7037867333031718	0.42523467815428123	0.311836154911834	0.43345334794580076	0.3150348315056734	0.6670392841652825	0.44283488867408083
207	-50.88028626441691	-12551.080167131662	0.9178472273296444	0.7651535386481598	1.1688587701558553	0.9902974578826155	1.7037867333031718	0.42523467815428123	0.311836154911834	0.43345334794580076	0.3150348315056734	0.6670392841652825	0.44283488867408083
208	-50.87267220355357	-12551.712932985509	0.9178472273296444	0.7651535386481598	1.1688587701558553	0.9902974578826155	1.7037867333031718	0.42523467815428123	0.311836154911834	0.43345334794580076	0.3150348315056734	0.6670392841652825	0.44283488867408083
209	-50.87267220355357	-12551.712932985509	0.9178472273296444	0.7651535386481598	1.1688587701558553	0.9902974578826155	1.7037867333031718	0.42523467815428123	0.311836154911834	0.43345334794580076	0.3150348315056734	0.6670392841652825	0.44283488867408083
210	-50.87267220355357	-12536.903973603998	0.9178472273296444	0.7651535386481598	1.1688587701558553	0.9902974578826155	1.7037867333031718	0.42523467815428123	0.311836154911834	0.43345334794580076	0.3150348315056734	0.6670392841652825	0.44283488867408083
211	-50.87267220355357	-12536.903973603998	0.9178472273296444	0.7651535386481598	1.1688587701558553	0.9902974578826155	1.7037867333031718	0.42523467815428123	0.311836154911834	0.43345334794580076	0.3150348315056734	0.6670392841652825	0.44283488867408083
212	-50.87267220355357	-12536.903973603998	0.9178472273296444	0.7651535386481598	1.1688587701558553	0.9902974578826155	1.7037867333031718	0.42523467815428123	0.311836154911834	0.43345334794580076	0.3150348315056734	0.6670392841652825	0.44283488867408083
213	-50.87267220355357	-12536.903973603998	0.9178472273296444	0.7651535386481598	1.1688587701558553	0.9902974578826155	1.7037867333031718	0.42523467815428123	0.311836154911834	0.43345334794580076	0.3150348315056734	0.6670392841652825	0.44283488867408083
214	-50.87267220355357	-12522.81742238433	0.9178472273296444	0.7651535386481598	1.1688587701558553	0.9902974578826155	1.7037867333031718	0.42523467815428123	0.311836154911834	0.43345334794580076	0.3150348315056734	0.6670392841652825	0.44283488867408083
215	-50.87267220355357	-12522.81742238433	0.9178472273296444	0.7651535386481598	1.1688587701558553	0.9902974578826155	1.7037867333031718	0.42523467815428123	0.311836154911834	0.43345334794580076	0.3150348315056734	0.6670392841652825	0.44283488867408083
216	-50.87976682886868	-12523.241437465167	0.9178472273296444	0.7651535386481598	1.1688587701558553	0.9902974578826155	1.7037867333031718	0.42523467815428123	0.311836154911834	0.43345334794580076	0.3150348315056734	0.6670392841652825	0.44283488867408083
217	-50.8763709148768	-12523.664996772075	0.9178472273296444	0.7651535386481598	1.1688587701558553	0.9902974578826155	1.7037867333031718	0.42523467815428123	0.311836154911834	0.43345334794580076	0.3150348315056734	0.6670392841652825	0.44283488867408083
218	-50.8763709148768	-12523.664996772075	0.9178472273296444	0.7651535386481598	1.1688587701558553	0.9902974578826155	1.7037867333031718	0.42523467815428123	0.311836154911834	0.43345334794580076	0.3150348315056734	0.6670392841652825	0.44283488867408083
219	-50.8763709148768	-12523.664996772075	0.9178472273296444	0.7651535386481598	1.1688587701558553	0.9902974578826155	1.7037867333031718	0.42523467815428123	0.311836154911834	0.43345334794580076	0.3150348315056734	0.6670392841652825	0.44283488867408083
220	-50.8703016867721	-12517.309259150305	0.9178472273296444	0.7651535386481598	1.1688587701558553	0.9902974578826155	1.7037867333031718	0.42523467815428123	0.311836154911834	0.43345334794580076	0.3150348315056734	0.6670392841652825	0.44283488867408083
221	-50.8703016867721	-12517.309259150305	0.9178472273296444	0.7651535386481598	1.1688587701558553	0.9902974578826155	1.7037867333031718	0.42523467815428123	0.311836154911834	0.43345334794580076	0.3150348315056734	0.6670392841652825	0.44283488867408083
222	-50.83201953763715	-12517.309259150305	0.9178472273296444	0.7651535386481598	1.1688587701558553	0.9902974578826155	1.7037867333031718	0.42523467815428123	0.311836154911834	0.43345334794580076	0.3150348315056734	0.6670392841652825	0.4053597080105635
223	-50.83201953763715	-12494.12491527092	0.9178472273296444	0.7651535386481598	1.1688587701558553	0.9902974578826155	1.7037867333031718	0.42523467815428123	0.311836154911834	0.43345334794580076	0.3150348315056734	0.6670392841652825	0.4053597080105635
224	-50.83201953763715	-12494.12491527092	0.9178472273296444	0.7651535386481598	1.1688587701558553	0.9902974578826155	1.7037867333031718	0.42523467815428123	0.311836154911834	0.43345334794580076	0.3150348315056734	0.6670392841652825	0.4053597080105635
225	-50.82968561647553	-12495.474788895866	0.9178472273296444	0.7651535386481598	1.1688587701558553	0.9902974578826155	1.7037867333031718	0.42523467815428123	0.311836154911834	0.43345334794580076	0.3150348315056734	0.6670392841652825	0.4053597080105635
226	-50.82968561647553	-12495.411711153598	0.9178472273296444	0.7651535386481598	1.1688587701558553	0.9902974578826155	1.7037867333031718	0.42523467815428123	0.311836154911834	0.43345334794580076	0.3150348315056734	0.6670392841652825	0.4053597080105635
227	-50.82968561647553	-12495.411711153598	0.9178472273296444	0.7651535386481598	1.1688587701558553	0.9902974578826155	1.7037867333031718	0.42523467815428123	0.311836154911834	0.43345334794580076	0.3150348315056734	0.6670392841652825	0.4053597080105635
228	-50.82317889234078	-12475.856394768216	0.9178472273296444	0.7651535386481598	1.1688587701558553	0.9902974578826155	1.7037867333031718	0.42523467815428123	0.311836154911834	0.43345334794580076	0.3150348315056734	0.6670392841652825	0.4053597080105635
229	-50.80010548182563	-12461.00543511108	0.9178472273296444	0.7651535386481598	1.1688587701558553	0.9902974578826155	1.7037867333031718	0.42523467815428123	0.311836154911834	0.43345334794580076	0.3150348315056734	0.6670392841652825	0.4053597080105635
230	-50.80010548182563	-12461.00543511108	0.9178472273296444	0.7651535386481598	1.1688587701558553	0.9902974578826155	1.7037867333031718	0.42523467815428123	0.311836154911834	0.43345334794580076	0.3150348315056734	0.6670392841652825	0.4053597080105635
231	-50.80010548182563	-12461.00543511108	0.9178472273296444	0.7651535386481598	1.1688587701558553	0.9902974578826155	1.7037867333031718	0.42523467815428123	0.311836154911834	0.43345334794580076	0.3150348315056734	0.6670392841652825	0.4053597080105635
232	-50.80010548182563	-12461.00543511108	0.9178472273296444	0.7651535386481598	1.1688587701558553	0.9902974578826155	1.7037867333031718	0.42523467815428123	0.311836154911834	0.43345334794580076	0.3150348315056734	0.6670392841652825	0.4053597080105635
233	-50.80010548182563	-12461.00543511108	0.9178472273296444	0.7651535386481598	1.1688587701558553	0.9902974578826155	1.7037867333031718	0.42523467815428123	0.311836154911834	0.43345334794580076	0.3150348315056734	0.6670392841652825	0.4053597080105635
234	-50.80010548182563	-12461.00543511108	0.9178472273296444	0.7651535386481598	1.1688587701558553	0.9902974578826155	1.7037867333031718	0.42523467815428123	0.311836154911834	0.43345334794580076	0.3150348315056734	0.6670392841652825	0.4053597080105635
235	-50.80010548182563	-12461.00543511108	0.9178472273296444	0.7651535386481598	1.1688587701558553	0.9902974578826155	1.7037867333031718	0.42523467815428123	0.311836154911834	0.43345334794580076	0.3150348315056734	0.6670392841652825	0.4053597080105635
236	-50.80010548182563	-12461.00543511108	0.9178472273296444	0.7651535386481598	1.1688587701558553	0.9902974578826155	1.7037867333031718	0.42523467815428123	0.311836154911834	0.43345334794580076	0.3150348315056734	0.6670392841652825	0.4053597080105635
237	-50.79812444603147	-12457.08323340508	0.9178472273296444	0.7651535386481598	1.1688587701558553	0.9902974578826155	1.7037867333031718	0.42523467815428123	0.311836154911834	0.43345334794580076	0.3150348315056734	0.6670392841652825	0.4053597080105635
238	-50.80976325783829	-12458.630730338746	0.9178472273296444	0.7651535386481598	1.1688587701558553	0.9902974578826155	1.7037867333031718	0.42523467815428123	0.311836154911834	0.43345334794580076	0.3150348315056734	0.6670392841652825	0.4053597080105635
239	-33.421482537319115	-12458.630730338746	0.744831626399901	0.7189401109766628	0.9782495819339526	0.900970972992701	2.1670984206934896	0.42523467815428123	0.311836154911834	0.43345334794580076	0.3150348315056734	0.6670392841652825	0.4053597080105635
240	-33.421482537319115	-12458.630730338746	0.744831626399901	0.7189401109766628	0.9782495819339526	0.900970972992701	2.1670984206934896	0.42523467815428123	0.311836154911834	0.43345334794580076	0.3150348315056734	0.6670392841652825	0.4053597080105635
241	-33.419270875542686	-12456.723395844443	0.744831626399901	0.7189401109766628	0.9782495819339526	0.900970972992701	2.1670984206934896	0.42523467815428123	0.311836154911834	0.43345334794580076	0.3150348315056734	0.6670392841652825	0.4053597080105635
242	-33.419270875542686	-12456.723395844443	0.744831626399901	0.7189401109766628	0.9782495819339526	0.900970972992701	2.1670984206934896	0.42523467815428123	0.311836154911834	0.43345334794580076	0.3150348315056734	0.6670392841652825	0.4053597080105635
243	-33.27693180566226	-12351.375014967358	0.744831626399901	0.7189401109766628	0.9782495819339526	0.900970972992701	2.1670984206934896	0.42523467815428123	0.311836154911834	0.43345334794580076	0.3150348315056734	0.6670392841652825	0.4053597080105635
244	-33.27693180566226	-12338.826969250655	0.744831626399901	0.7189401109766628	0.9782495819339526	0.900970972992701	2.1670984206934896	0.42523467815428123	0.311836154911834	0.43345334794580076	0.3150348315056734	0.6670392841652825	0.4053597080105635
245	-33.273782887712514	-12335.175462157182	0.744831626399901	0.7189401109766628	0.9782495819339526	0.900970972992701	2.1670984206934896	0.42523467815428123	0.311836154911834	0.43345334794580076	0.3150348315056734	0.6670392841652825	0.4053597080105635
246	-33.273782887712514	-12335.175462157182	0.744831626399901	0.7189401109766628	0.9782495819339526	0.900970972992701	2.1670984206934896	0.42523467815428123	0.311836154911834	0.43345334794580076	0.3150348315056734	0.6670392841652825	0.4053597080105635
247	-33.273782887712514	-12335.175462157182	0.744831626399901	0.7189401109766628	0.9782495819339526	0.900970972992701	2.1670984206934896	0.42523467815428123	0.311836154911834	0.43345334794580076	0.3150348315056734	0.6670392841652825	0.4053597080105635
248	-33.25850963190683	-12333.2793733493	0.744831626399901	0.7189401109766628	0.9782495819339526	0.900970972992701	2.1670984206934896	0.42523467815428123	0.311836154911834	0.43345334794580076	0.3150348315056734	0.6670392841652825	0.4053597080105635
249	-33.25850963190683	-12333.2793733493	0.744831626399901	0.7189401109766628	0.9782495819339526	0.900970972992701	2.1670984206934896	0.42523467815428123	0.311836154911834	0.43345334794580076	0.3150348315056734	0.6670392841652825	0.4053597080105635
250	-33.25850963190683	-12333.2793733493	0.744831626399901	0.7189401109766628	0.9782495819339526	0.900970972992701	2.1670984206934896	0.42523467815428123	0.311836154911834	0.43345334794580076	0.3150348315056734	0.6670392841652825	0.4053597080105635
251	-34.74659945732434	-12333.2793733493	0.6620537136128444	0.6183797823632453	0.8038690285801491	1.1257670664746342	2.123421954654009	0.42523467815428123	0.311836154911834	0.43345334794580076	0.3150348315056734	0.6670392841652825	0.4053597080105635
252	-34.741474920689846	-12332.76038024642	0.6620537136128444	0.6183797823632453	0.8038690285801491	1.1257670664746342	2.123421954654009	0.42523467815428123	0.311836154911834	0.43345334794580076	0.3150348315056734	0.6670392841652825	0.4053597080105635
253	-34.73847302320582	-12319.676445110807	0.6620537136128444	0.6183797823632453	0.8038690285801491	1.1257670664746342	2.123421954654009	0.42523467815428123	0.311836154911834	0.43345334794580076	0.3150348315056734	0.6670392841652825	0.4053597080105635
254	-34.73847302320582	-12319.676445110807	0.6620537136128444	0.6183797823632453	0.8038690285801491	1.1257670664746342	2.123421954654009	0.42523467815428123	0.311836154911834	0.43345334794580076	0.3150348315056734	0.6670392841652825	0.4053597080105635
255	-34.733460667419855	-12319.519060785808	0.6620537136128444	0.6183797823632453	0.8038690285801491	1.1257670664746342	2.123421954654009	0.42523467815428123	0.311836154911834	0.43345334794580076	0.3150348315056734	0.6670392841652825	0.4053597080105635
256	-34.733460667419855	-12319.519060785808	0.6620537136128444	0.6183797823632453	0.8038690285801491	1.1257670664746342	2.123421954654009	0.42523467815428123	0.311836154911834	0.43345334794580076	0.3150348315056734	0.6670392841652825	0.4053597080105635
257	-34.733460667419855	-12318.996313318088	0.6620537136128444	0.6183797823632453	0.8038690285801491	1.1257670664746342	2.123421954654009	0.42523467815428123	0.311836154911834	0.43345334794580076	0.3150348315056734	0.6670392841652825	0.4053597080105635
258	-34.79642463219288	-12321.10092596282	0.6620537136128444	0.6183797823632453	0.8038690285801491	1.1257670664746342	2.123421954654009	0.42523467815428123	0.311836154911834	0.43345334794580076	0.3150348315056734	0.6670392841652825	0.4053597080105635
259	-34.79642463219288	-12307.288246645518	0.6620537136128444	0.6183797823632453	0.8038690285801491	1.1257670664746342	2.123421954654009	0.42523467815428123	0.311836154911834	0.43345334794580076	0.3150348315056734	0.6670392841652825	0.4053597080105635
260	-34.79642463219288	-12307.288246645518	0.6620537136128444	0.6183797823632453	0.8038690285801491	1.1257670664746342	2.123421954654009	0.42523467815428123	0.311836154911834	0.43345334794580076	0.3150348315056734	0.6670392841652825	0.4053597080105635
261	-34.79642463219288	-12307.05231736984	0.6620537136128444	0.6183797823632453	0.8038690285801491	1.1257670664746342	2.123421954654009	0.42523467815428123	0.311836154911834	0.43345334794580076	0.3150348315056734	0.6670392841652825	0.4053597080105635
262	-34.79642463219288	-12307.125602262811	0.6620537136128444	0.6183797823632453	0.8038690285801491	1.1257670664746342	2.123421954654009	0.42523467815428123	0.311836154911834	0.43345334794580076	0.3150348315056734	0.6670392841652825	0.4053597080105635
263	-34.79642463219288	-12307.125602262811	0.6620537136128444	0.6183797823632453	0.8038690285801491	1.1257670664746342	2.123421954654009	0.42523467815428123	0.311836154911834	0.43345334794580076	0.3150348315056734	0.6670392841652825	0.4053597080105635
264	-34.79642463219288	-12307.125602262811	0.6620537136128444	0.6183797823632453	0.8038690285801491	1.1257670664746342	2.123421954654009	0.42523467815428123	0.311836154911834	0.43345334794580076	0.3150348315056734	0.6670392841652825	0.4053597080105635
265	-34.79642463219288	-12303.611041972325	0.6620537136128444	0.6183797823632453	0.8038690285801491	1.1257670664746342	2.123421954654009	0.42523467815428123	0.311836154911834	0.43345334794580076	0.3150348315056734	0.6670392841652825	0.4053597080105635
266	-34.79642463219288	-12303.611041972325	0.6620537136128444	0.6183797823632453	0.8038690285801491	1.1257670664746342	2.123421954654009	0.42523467815428123	0.311836154911834	0.43345334794580076	0.3150348315056734	0.6670392841652825	0.4053597080105635
267	-34.79642463219288	-12303.611041972325	0.6620537136128444	0.6183797823632453	0.8038690285801491	1.1257670664746342	2.123421954654009	0.42523467815428123	0.311836154911834	0.43345334794580076	0.3150348315056734	0.6670392841652825	0.4053597080105635
268	-34.79728818277309	-12303.864143687866	0.6620537136128444	0.6183797823632453	0.8038690285801491	1.1257670664746342	2.123421954654009	0.42523467815428123	0.311836154911834	0.43345334794580076	0.3150348315056734	0.6670392841652825	0.4053597080105635
269	-34.79728818277309	-12303.864143687866	0.6620537136128444	0.6183797823632453	0.8038690285801491	1.1257670664746342	2.123421954654009	0.42523467815428123	0.311836154911834	0.43345334794580076	0.3150348315056734	0.6670392841652825	0.4053597080105635
270	-34.800167581858474	-12304.057419447976	0.6620537136128444	0.6183797823632453	0.8038690285801491	1.1257670664746342	2.123421954654009	0.42523467815428123	0.311836154911834	0.43345334794580076	0.3150348315056734	0.6670392841652825	0.4053597080105635
271	-28.36679596932183	-12304.057419447976	0.7147258977398134	0.5503950299997564	0.6130448663651868	1.0533766088759877	2.318605746233243	0.42523467815428123	0.311836154911834	0.43345334794580076	0.3150348315056734	0.6670392841652825	0.4053597080105635
272	-28.36679596932183	-12302.923547710494	0.7147258977398134	0.5503950299997564	0.6130448663651868	1.0533766088759877	2.318605746233243	0.42523467815428123	0.311836154911834	0.43345334794580076	0.3150348315056734	0.6670392841652825	0.4053597080105635
273	-28.352405022912567	-12295.742683855293	0.7147258977398134	0.5503950299997564	0.6130448663651868	1.0533766088759877	2.318605746233243	0.42523467815428123	0.311836154911834	0.43345334794580076	0.3150348315056734	0.6670392841652825	0.4053597080105635
274	-28.352405022912567	-12295.742683855293	0.7147258977398134	0.5503950299997564	0.6130448663651868	1.0533766088759877	2.318605746233243	0.42523467815428123	0.311836154911834	0.43345334794580076	0.3150348315056734	0.6670392841652825	0.4053597080105635
275	-28.352405022912567	-12292.871485246947	0.7147258977398134	0.5503950299997564	0.6130448663651868	1.0533766088759877	2.318605746233243	0.42523467815428123	0.311836154911834	0.43345334794580076	0.3150348315056734	0.6670392841652825	0.4053597080105635
276	-28.37160221693097	-12291.816873353011	0.7147258977398134	0.5503950299997564	0.6130448663651868	1.0533766088759877	2.318605746233243	0.42523467815428123	0.311836154911834	0.43345334794580076	0.3150348315056734	0.6670392841652825	0.4053597080105635
277	-28.37160221693097	-12291.816873353011	0.7147258977398134	0.5503950299997564	0.6130448663651868	1.0533766088759877	2.318605746233243	0.42523467815428123	0.311836154911834	0.43345334794580076	0.3150348315056734	0.6670392841652825	0.4053597080105635
278	-28.37160221693097	-12291.816873353011	0.7147258977398134	0.5503950299997564	0.6130448663651868	1.0533766088759877	2.318605746233243	0.42523467815428123	0.311836154911834	0.43345334794580076	0.3150348315056734	0.6670392841652825	0.4053597080105635
279	-28.37160221693097	-12292.059383716858	0.7147258977398134	0.5503950299997564	0.6130448663651868	1.0533766088759877	2.318605746233243	0.42523467815428123	0.311836154911834	0.43345334794580076	0.3150348315056734	0.6670392841652825	0.4053597080105635
280	-28.37160221693097	-12292.059383716858	0.7147258977398134	0.5503950299997564	0.6130448663651868	1.0533766088759877	2.318605746233243	0.42523467815428123	0.311836154911834	0.43345334794580076	0.3150348315056734	0.6670392841652825	0.4053597080105635
281	-28.37160221693097	-12292.059383716858	0.7147258977398134	0.5503950299997564	0.6130448663651868	1.0533766088759877	2.318605746233243	0.42523467815428123	0.311836154911834	0.43345334794580076	0.3150348315056734	0.6670392841652825	0.4053597080105635
282	-28.37160221693097	-12292.059383716858	0.7147258977398134	0.5503950299997564	0.6130448663651868	1.0533766088759877	2.318605746233243	0.42523467815428123	0.311836154911834	0.43345334794580076	0.3150348315056734	0.6670392841652825	0.4053597080105635
283	-28.37160221693097	-12289.542824154603	0.7147258977398134	0.5503950299997564	0.6130448663651868	1.0533766088759877	2.318605746233243	0.42523467815428123	0.311836154911834	0.43345334794580076	0.3150348315056734	0.6670392841652825	0.4053597080105635
284	-28.37160221693097	-12289.469365114282	0.7147258977398134	0.5503950299997564	0.6130448663651868	1.0533766088759877	2.318605746233243	0.42523467815428123	0.311836154911834	0.43345334794580076	0.3150348315056734	0.6670392841652825	0.4053597080105635
285	-28.37160221693097	-12289.469365114282	0.7147258977398134	0.5503950299997564	0.6130448663651868	1.0533766088759877	2.318605746233243	0.42523467815428123	0.311836154911834	0.43345334794580076	0.3150348315056734	0.6670392841652825	0.4053597080105635
286	-28.961159425274435	-12246.494469894738	0.7147258977398134	0.5503950299997564	0.6130448663651868	1.0533766088759877	2.318605746233243	0.42523467815428123	0.311836154911834	0.43345334794580076	0.3150348315056734	0.6670392841652825	0.4053597080105635
287	-28.961159425274435	-12246.494469894738	0.7147258977398134	0.5503950299997564	0.6130448663651868	1.0533766088759877	2.318605746233243	0.42523467815428123	0.311836154911834	0.43345334794580076	0.3150348315056734	0.6670392841652825	0.4053597080105635
288	-23.856350104940944	-12246.494469894738	0.8135599613054826	0.7256281625113677	0.4709764948574971	0.9029096945302091	2.487604540419461	0.42523467815428123	0.311836154911834	0.43345334794580076	0.3150348315056734	0.6670392841652825	0.4053597080105635
289	-23.856350104940944	-12246.494469894738	0.8135599613054826	0.7256281625113677	0.4709764948574971	0.9029096945302091	2.487604540419461	0.42523467815428123	0.311836154911834	0.43345334794580076	0.3150348315056734	0.6670392841652825	0.4053597080105635
290	-23.856350104940944	-12246.494469894738	0.8135599613054826	0.7256281625113677	0.4709764948574971	0.9029096945302091	2.487604540419461	0.42523467815428123	0.311836154911834	0.43345334794580076	0.3150348315056734	0.6670392841652825	0.4053597080105635
291	-23.856350104940944	-12246.494469894738	0.8135599613054826	0.7256281625113677	0.4709764948574971	0.9029096945302091	2.487604540419461	0.42523467815428123	0.311836154911834	0.43345334794580076	0.3150348315056734	0.6670392841652825	0.4053597080105635
292	-23.856350104940944	-12246.494469894738	0.8135599613054826	0.7256281625113677	0.4709764948574971	0.9029096945302091	2.487604540419461	0.42523467815428123	0.311836154911834	0.43345334794580076	0.3150348315056734	0.6670392841652825	0.4053597080105635
293	-23.856350104940944	-12246.494469894738	0.8135599613054826	0.7256281625113677	0.4709764948574971	0.9029096945302091	2.487604540419461	0.42523467815428123	0.311836154911834	0.43345334794580076	0.3150348315056734	0.6670392841652825	0.4053597080105635
294	-23.856350104940944	-12246.494469894738	0.8135599613054826	0.7256281625113677	0.4709764948574971	0.9029096945302091	2.487604540419461	0.42523467815428123	0.311836154911834	0.43345334794580076	0.3150348315056734	0.6670392841652825	0.4053597080105635
295	-23.856350104940944	-12246.494469894738	0.8135599613054826	0.7256281625113677	0.4709764948574971	0.9029096945302091	2.487604540419461	0.42523467815428123	0.311836154911834	0.43345334794580076	0.3150348315056734	0.6670392841652825	0.4053597080105635
296	-23.856350104940944	-12246.236401818069	0.8135599613054826	0.7256281625113677	0.4709764948574971	0.9029096945302091	2.487604540419461	0.42523467815428123	0.311836154911834	0.43345334794580076	0.3150348315056734	0.6670392841652825	0.4053597080105635
297	-23.856350104940944	-12246.236401818069	0.8135599613054826	0.7256281625113677	0.4709764948574971	0.9029096945302091	2.487604540419461	0.42523467815428123	0.311836154911834	0.43345334794580076	0.3150348315056734	0.6670392841652825	0.4053597080105635
298	-23.856350104940944	-12246.236401818069	0.8135599613054826	0.7256281625113677	0.4709764948574971	0.9029096945302091	2.487604540419461	0.42523467815428123	0.311836154911834	0.43345334794580076	0.3150348315056734	0.6670392841652825	0.4053597080105635
299	-23.856350104940944	-12246.236401818069	0.8135599613054826	0.7256281625113677	0.4709764948574971	0.9029096945302091	2.487604540419461	0.42523467815428123	0.311836154911834	0.43345334794580076	0.3150348315056734	0.6670392841652825	0.4053597080105635
300	-23.856350104940944	-12246.236401818069	0.8135599613054826	0.7256281625113677	0.4709764948574971	0.9029096945302091	2.487604540419461	0.42523467815428123	0.311836154911834	0.43345334794580076	0.3150348315056734	0.6670392841652825	0.4053597080105635
301	-23.852205450373162	-12237.603132782402	0.8135599613054826	0.7256281625113677	0.4709764948574971	0.9029096945302091	2.487604540419461	0.42523467815428123	0.311836154911834	0.43345334794580076	0.3150348315056734	0.6670392841652825	0.4053597080105635
302	-23.852205450373162	-12237.603132782402	0.8135599613054826	0.7256281625113677	0.4709764948574971	0.9029096945302091	2.487604540419461	0.42523467815428123	0.311836154911834	0.43345334794580076	0.3150348315056734	0.6670392841652825	0.4053597080105635
303	-23.852205450373162	-12237.603132782402	0.8135599613054826	0.7256281625113677	0.4709764948574971	0.9029096945302091	2.487604540419461	0.42523467815428123	0.311836154911834	0.43345334794580076	0.3150348315056734	0.6670392841652825	0.4053597080105635
304	-23.852205450373162	-12237.603132782402	0.8135599613054826	0.7256281625113677	0.4709764948574971	0.9029096945302091	2.487604540419461	0.42523467815428123	0.311836154911834	0.43345334794580076	0.3150348315056734	0.6670392841652825	0.4053597080105635
305	-23.852205450373162	-12239.465622497952	0.8135599613054826	0.7256281625113677	0.4709764948574971	0.9029096945302091	2.487604540419461	0.42523467815428123	0.311836154911834	0.43345334794580076	0.3150348315056734	0.6670392841652825	0.4053597080105635
306	-23.855214192582032	-12239.366925700653	0.8135599613054826	0.7256281625113677	0.4709764948574971	0.9029096945302091	2.487604540419461	0.42523467815428123	0.311836154911834	0.43345334794580076	0.3150348315056734	0.6670392841652825	0.4053597080105635
307	-23.855214192582032	-12239.366925700653	0.8135599613054826	0.7256281625113677	0.4709764948574971	0.9029096945302091	2.487604540419461	0.42523467815428123	0.311836154911834	0.43345334794580076	0.3150348315056734	0.6670392841652825	0.4053597080105635
308	-23.855214192582032	-12239.366925700653	0.8135599613054826	0.7256281625113677	0.4709764948574971	0.9029096945302091	2.487604540419461	0.42523467815428123	0.311836154911834	0.43345334794580076	0.3150348315056734	0.6670392841652825	0.4053597080105635
309	-23.855214192582032	-12238.703877465654	0.8135599613054826	0.7256281625113677	0.4709764948574971	0.9029096945302091	2.487604540419461	0.42523467815428123	0.311836154911834	0.43345334794580076	0.3150348315056734	0.6670392841652825	0.4053597080105635
310	-23.855214192582032	-12237.787082514853	0.8135599613054826	0.7256281625113677	0.4709764948574971	0.9029096945302091	2.487604540419461	0.42523467815428123	0.311836154911834	0.43345334794580076	0.3150348315056734	0.6670392841652825	0.4053597080105635
311	-23.855214192582032	-12237.787082514853	0.8135599613054826	0.7256281625113677	0.4709764948574971	0.9029096945302091	2.487604540419461	0.42523467815428123	0.311836154911834	0.43345334794580076	0.3150348315056734	0.6670392841652825	0.4053597080105635
312	-23.855214192582032	-12237.787082514853	0.8135599613054826	0.7256281625113677	0.4709764948574971	0.9029096945302091	2.487604540419461	0.42523467815428123	0.311836154911834	0.43345334794580076	0.3150348315056734	0.6670392841652825	0.4053597080105635
313	-23.855214192582032	-12237.787082514853	0.8135599613054826	0.7256281625113677	0.4709764948574971	0.9029096945302091	2.487604540419461	0.42523467815428123	0.311836154911834	0.43345334794580076	0.3150348315056734	0.6670392841652825	0.4053597080105635
314	-23.855214192582032	-12237.787082514853	0.8135599613054826	0.7256281625113677	0.4709764948574971	0.9029096945302091	2.487604540419461	0.42523467815428123	0.311836154911834	0.43345334794580076	0.3150348315056734	0.6670392841652825	0.4053597080105635
315	-21.309587914238232	-12237.787082514853	0.7457505689892755	0.6427759782548189	0.5194946210761872	0.8484486673269744	2.5760981545596584	0.42523467815428123	0.311836154911834	0.43345334794580076	0.3150348315056734	0.6670392841652825	0.4053597080105635
316	-21.309587914238232	-12237.787082514853	0.7457505689892755	0.6427759782548189	0.5194946210761872	0.8484486673269744	2.5760981545596584	0.42523467815428123	0.311836154911834	0.43345334794580076	0.3150348315056734	0.6670392841652825	0.4053597080105635
317	-21.301585664555002	-12225.247676587269	0.7457505689892755	0.6427759782548189	0.5194946210761872	0.8484486673269744	2.5760981545596584	0.42523467815428123	0.311836154911834	0.43345334794580076	0.3150348315056734	0.6670392841652825	0.4053597080105635
318	-21.301585664555002	-12225.247676587269	0.7457505689892755	0.6427759782548189	0.5194946210761872	0.8484486673269744	2.5760981545596584	0.42523467815428123	0.311836154911834	0.43345334794580076	0.3150348315056734	0.6670392841652825	0.4053597080105635
319	-21.301585664555002	-12225.247676587269	0.7457505689892755	0.6427759782548189	0.5194946210761872	0.8484486673269744	2.5760981545596584	0.42523467815428123	0.311836154911834	0.43345334794580076	0.3150348315056734	0.6670392841652825	0.4053597080105635
320	-21.174492539066026	-12225.247676587269	0.7457505689892755	0.6427759782548189	0.5194946210761872	0.8484486673269744	2.5760981545596584	0.42523467815428123	0.311836154911834	0.43345334794580076	0.3150348315056734	0.6670392841652825	0.31890753081639345
321	-21.174492539066026	-12225.247676587269	0.7457505689892755	0.6427759782548189	0.5194946210761872	0.8484486673269744	2.5760981545596584	0.42523467815428123	0.311836154911834	0.43345334794580076	0.3150348315056734	0.6670392841652825	0.31890753081639345
322	-21.170588640810895	-12223.399114196252	0.7457505689892755	0.6427759782548189	0.5194946210761872	0.8484486673269744	2.5760981545596584	0.42523467815428123	0.311836154911834	0.43345334794580076	0.3150348315056734	0.6670392841652825	0.31890753081639345
323	-21.170588640810895	-12223.399114196252	0.7457505689892755	0.6427759782548189	0.5194946210761872	0.8484486673269744	2.5760981545596584	0.42523467815428123	0.311836154911834	0.43345334794580076	0.3150348315056734	0.6670392841652825	0.31890753081639345
324	-21.170588640810895	-12174.251465054544	0.7457505689892755	0.6427759782548189	0.5194946210761872	0.8484486673269744	2.5760981545596584	0.42523467815428123	0.311836154911834	0.43345334794580076	0.3150348315056734	0.6670392841652825	0.31890753081639345
325	-21.170588640810895	-12174.251465054544	0.7457505689892755	0.6427759782548189	0.5194946210761872	0.8484486673269744	2.5760981545596584	0.42523467815428123	0.311836154911834	0.43345334794580076	0.3150348315056734	0.6670392841652825	0.31890753081639345
326	-21.170588640810895	-12174.251465054544	0.7457505689892755	0.6427759782548189	0.5194946210761872	0.8484486673269744	2.5760981545596584	0.42523467815428123	0.311836154911834	0.43345334794580076	0.3150348315056734	0.6670392841652825	0.31890753081639345
327	-21.170588640810895	-12174.251465054544	0.7457505689892755	0.6427759782548189	0.5194946210761872	0.8484486673269744	2.5760981545596584	0.42523467815428123	0.311836154911834	0.43345334794580076	0.3150348315056734	0.6670392841652825	0.31890753081639345
328	-21.170588640810895	-12174.251465054544	0.7457505689892755	0.6427759782548189	0.5194946210761872	0.8484486673269744	2.5760981545596584	0.42523467815428123	0.311836154911834	0.43345334794580076	0.3150348315056734	0.6670392841652825	0.31890753081639345
329	-21.170588640810895	-12174.251465054544	0.7457505689892755	0.6427759782548189	0.5194946210761872	0.8484486673269744	2.5760981545596584	0.42523467815428123	0.311836154911834	0.43345334794580076	0.3150348315056734	0.6670392841652825	0.31890753081639345
330	-21.170588640810895	-12174.251465054544	0.7457505689892755	0.6427759782548189	0.5194946210761872	0.8484486673269744	2.5760981545596584	0.42523467815428123	0.311836154911834	0.43345334794580076	0.3150348315056734	0.6670392841652825	0.31890753081639345
331	-21.170588640810895	-12174.251465054544	0.7457505689892755	0.6427759782548189	0.5194946210761872	0.8484486673269744	2.5760981545596584	0.42523467815428123	0.311836154911834	0.43345334794580076	0.3150348315056734	0.6670392841652825	0.31890753081639345
332	-21.170588640810895	-12174.251465054544	0.7457505689892755	0.6427759782548189	0.5194946210761872	0.8484486673269744	2.5760981545596584	0.42523467815428123	0.311836154911834	0.43345334794580076	0.3150348315056734	0.6670392841652825	0.31890753081639345
333	-21.170588640810895	-12174.251465054544	0.7457505689892755	0.6427759782548189	0.5194946210761872	0.8484486673269744	2.5760981545596584	0.42523467815428123	0.311836154911834	0.43345334794580076	0.3150348315056734	0.6670392841652825	0.31890753081639345
334	-21.13650436891217	-12174.251465054544	0.7457505689892755	0.6427759782548189	0.5194946210761872	0.8484486673269744	2.5760981545596584	0.42523467815428123	0.311836154911834	0.43345334794580076	0.3150348315056734	0.6670392841652825	0.29419404328563586
335	-21.13650436891217	-12174.251465054544	0.7457505689892755	0.6427759782548189	0.5194946210761872	0.8484486673269744	2.5760981545596584	0.42523467815428123	0.311836154911834	0.43345334794580076	0.3150348315056734	0.6670392841652825	0.29419404328563586
336	-21.13650436891217	-12174.251465054544	0.7457505689892755	0.6427759782548189	0.5194946210761872	0.8484486673269744	2.5760981545596584	0.42523467815428123	0.311836154911834	0.43345334794580076	0.3150348315056734	0.6670392841652825	0.29419404328563586
337	-21.160143343686272	-12171.048030022663	0.7457505689892755	0.6427759782548189	0.5194946210761872	0.8484486673269744	2.5760981545596584	0.42523467815428123	0.311836154911834	0.43345334794580076	0.3150348315056734	0.6670392841652825	0.29419404328563586
338	-21.160143343686272	-12070.991119795111	0.7457505689892755	0.6427759782548189	0.5194946210761872	0.8484486673269744	2.5760981545596584	0.42523467815428123	0.311836154911834	0.43345334794580076	0.3150348315056734	0.6670392841652825	0.29419404328563586
339	-21.034400849516516	-12048.406756527225	0.7457505689892755	0.6427759782548189	0.5194946210761872	0.8484486673269744	2.5760981545596584	0.42523467815428123	0.311836154911834	0.43345334794580076	0.3150348315056734	0.6670392841652825	0.29419404328563586
340	-21.034400849516516	-12048.406756527225	0.7457505689892755	0.6427759782548189	0.5194946210761872	0.8484486673269744	2.5760981545596584	0.42523467815428123	0.311836154911834	0.43345334794580076	0.3150348315056734	0.6670392841652825	0.29419404328563586
341	-21.034400849516516	-12048.406756527225	0.7457505689892755	0.6427759782548189	0.5194946210761872	0.8484486673269744	2.5760981545596584	0.42523467815428123	0.311836154911834	0.43345334794580076	0.3150348315056734	0.6670392841652825	0.29419404328563586
342	-21.034400849516516	-12048.406756527225	0.7457505689892755	0.6427759782548189	0.5194946210761872	0.8484486673269744	2.5760981545596584	0.42523467815428123	0.311836154911834	0.43345334794580076	0.3150348315056734	0.6670392841652825	0.29419404328563586
343	-21.034400849516516	-12048.406756527225	0.7457505689892755	0.6427759782548189	0.5194946210761872	0.8484486673269744	2.5760981545596584	0.42523467815428123	0.311836154911834	0.43345334794580076	0.3150348315056734	0.6670392841652825	0.29419404328563586
344	-20.624536109205277	-12048.406756527225	0.7457505689892755	0.6427759782548189	0.5194946210761872	0.8484486673269744	2.5760981545596584	0.55518761112162	0.2887587957473673	0.4221187454703788	0.3743744890734362	0.5930711843888403	0.29419404328563586
345	-20.624536109205277	-12048.406756527225	0.7457505689892755	0.6427759782548189	0.5194946210761872	0.8484486673269744	2.5760981545596584	0.55518761112162	0.2887587957473673	0.4221187454703788	0.3743744890734362	0.5930711843888403	0.29419404328563586
346	-20.624536109205277	-12048.406756527225	0.7457505689892755	0.6427759782548189	0.5194946210761872	0.8484486673269744	2.5760981545596584	0.55518761112162	0.2887587957473673	0.4221187454703788	0.3743744890734362	0.5930711843888403	0.29419404328563586
347	-20.624536109205277	-12048.406756527225	0.7457505689892755	0.6427759782548189	0.5194946210761872	0.8484486673269744	2.5760981545596584	0.55518761112162	0.2887587957473673	0.4221187454703788	0.3743744890734362	0.5930711843888403	0.29419404328563586
348	-20.476055910990365	-12007.031529144797	0.7457505689892755	0.6427759782548189	0.5194946210761872	0.8484486673269744	2.5760981545596584	0.55518761112162	0.2887587957473673	0.4221187454703788	0.3743744890734362	0.5930711843888403	0.29419404328563586
349	-20.476055910990365	-12007.031529144797	0.7457505689892755	0.6427759782548189	0.5194946210761872	0.8484486673269744	2.5760981545596584	0.55518761112162	0.2887587957473673	0.4221187454703788	0.3743744890734362	0.5930711843888403	0.29419404328563586
350	-20.476055910990365	-12007.031529144797	0.7457505689892755	0.6427759782548189	0.5194946210761872	0.8484486673269744	2.5760981545596584	0.55518761112162	0.2887587957473673	0.4221187454703788	0.3743744890734362	0.5930711843888403	0.29419404328563586
351	-20.476055910990365	-12007.105101410461	0.7457505689892755	0.6427759782548189	0.5194946210761872	0.8484486673269744	2.5760981545596584	0.55518761112162	0.2887587957473673	0.4221187454703788	0.3743744890734362	0.5930711843888403	0.29419404328563586
352	-20.476055910990365	-12007.105101410461	0.7457505689892755	0.6427759782548189	0.5194946210761872	0.8484486673269744	2.5760981545596584	0.55518761112162	0.2887587957473673	0.4221187454703788	0.3743744890734362	0.5930711843888403	0.29419404328563586
353	-20.476055910990365	-12007.105101410461	0.7457505689892755	0.6427759782548189	0.5194946210761872	0.8484486673269744	2.5760981545596584	0.55518761112162	0.2887587957473673	0.4221187454703788	0.3743744890734362	0.5930711843888403	0.29419404328563586
354	-20.476055910990365	-12007.105101410461	0.7457505689892755	0.6427759782548189	0.5194946210761872	0.8484486673269744	2.5760981545596584	0.55518761112162	0.2887587957473673	0.4221187454703788	0.3743744890734362	0.5930711843888403	0.29419404328563586
355	-20.42336182804632	-12002.497104102787	0.7457505689892755	0.6427759782548189	0.5194946210761872	0.8484486673269744	2.5760981545596584	0.55518761112162	0.2887587957473673	0.4221187454703788	0.3743744890734362	0.5930711843888403	0.29419404328563586
356	-20.42336182804632	-11992.20103462228	0.7457505689892755	0.6427759782548189	0.5194946210761872	0.8484486673269744	2.5760981545596584	0.55518761112162	0.2887587957473673	0.4221187454703788	0.3743744890734362	0.5930711843888403	0.29419404328563586
357	-20.42336182804632	-11992.20103462228	0.7457505689892755	0.6427759782548189	0.5194946210761872	0.8484486673269744	2.5760981545596584	0.55518761112162	0.2887587957473673	0.4221187454703788	0.3743744890734362	0.5930711843888403	0.29419404328563586
358	-20.42336182804632	-11992.20103462228	0.7457505689892755	0.6427759782548189	0.5194946210761872	0.8484486673269744	2.5760981545596584	0.55518761112162	0.2887587957473673	0.4221187454703788	0.3743744890734362	0.5930711843888403	0.29419404328563586
359	-20.42336182804632	-11992.20103462228	0.7457505689892755	0.6427759782548189	0.5194946210761872	0.8484486673269744	2.5760981545596584	0.55518761112162	0.2887587957473673	0.4221187454703788	0.3743744890734362	0.5930711843888403	0.29419404328563586
360	-20.42336182804632	-11992.20103462228	0.7457505689892755	0.6427759782548189	0.5194946210761872	0.8484486673269744	2.5760981545596584	0.55518761112162	0.2887587957473673	0.4221187454703788	0.3743744890734362	0.5930711843888403	0.29419404328563586
361	-20.42336182804632	-11992.20103462228	0.7457505689892755	0.6427759782548189	0.5194946210761872	0.8484486673269744	2.5760981545596584	0.55518761112162	0.2887587957473673	0.4221187454703788	0.3743744890734362	0.5930711843888403	0.29419404328563586
362	-20.42336182804632	-11992.243693761102	0.7457505689892755	0.6427759782548189	0.5194946210761872	0.8484486673269744	2.5760981545596584	0.55518761112162	0.2887587957473673	0.4221187454703788	0.3743744890734362	0.5930711843888403	0.29419404328563586
363	-20.42336182804632	-11992.243693761102	0.7457505689892755	0.6427759782548189	0.5194946210761872	0.8484486673269744	2.5760981545596584	0.55518761112162	0.2887587957473673	0.4221187454703788	0.3743744890734362	0.5930711843888403	0.29419404328563586
364	-20.42336182804632	-11992.243693761102	0.7457505689892755	0.6427759782548189	0.5194946210761872	0.8484486673269744	2.5760981545596584	0.55518761112162	0.2887587957473673	0.4221187454703788	0.3743744890734362	0.5930711843888403	0.29419404328563586
365	-20.42336182804632	-11992.243693761102	0.7457505689892755	0.6427759782548189	0.5194946210761872	0.8484486673269744	2.5760981545596584	0.55518761112162	0.2887587957473673	0.4221187454703788	0.3743744890734362	0.5930711843888403	0.29419404328563586
366	-20.42336182804632	-11991.903589796664	0.7457505689892755	0.6427759782548189	0.5194946210761872	0.8484486673269744	2.5760981545596584	0.55518761112162	0.2887587957473673	0.4221187454703788	0.3743744890734362	0.5930711843888403	0.29419404328563586
367	-20.42336182804632	-11991.903589796664	0.7457505689892755	0.6427759782548189	0.5194946210761872	0.8484486673269744	2.5760981545596584	0.55518761112162	0.2887587957473673	0.4221187454703788	0.3743744890734362	0.5930711843888403	0.29419404328563586
368	-20.42336182804632	-11996.119513313033	0.7457505689892755	0.6427759782548189	0.5194946210761872	0.8484486673269744	2.5760981545596584	0.55518761112162	0.2887587957473673	0.4221187454703788	0.3743744890734362	0.5930711843888403	0.29419404328563586
369	-20.42336182804632	-11993.510435832062	0.7457505689892755	0.6427759782548189	0.5194946210761872	0.8484486673269744	2.5760981545596584	0.55518761112162	0.2887587957473673	0.4221187454703788	0.3743744890734362	0.5930711843888403	0.29419404328563586
370	-20.42336182804632	-11993.510435832062	0.7457505689892755	0.6427759782548189	0.5194946210761872	0.8484486673269744	2.5760981545596584	0.55518761112162	0.2887587957473673	0.4221187454703788	0.3743744890734362	0.5930711843888403	0.29419404328563586
371	-20.42336182804632	-11993.510435832062	0.7457505689892755	0.6427759782548189	0.5194946210761872	0.8484486673269744	2.5760981545596584	0.55518761112162	0.2887587957473673	0.4221187454703788	0.3743744890734362	0.5930711843888403	0.29419404328563586
372	-20.42336182804632	-11993.510435832062	0.7457505689892755	0.6427759782548189	0.5194946210761872	0.8484486673269744	2.5760981545596584	0.55518761112162	0.2887587957473673	0.4221187454703788	0.3743744890734362	0.5930711843888403	0.29419404328563586
373	-20.42336182804632	-11993.510435832062	0.7457505689892755	0.6427759782548189	0.5194946210761872	0.8484486673269744	2.5760981545596584	0.55518761112162	0.2887587957473673	0.4221187454703788	0.3743744890734362	0.5930711843888403	0.29419404328563586
374	-20.42336182804632	-11993.510435832062	0.7457505689892755	0.6427759782548189	0.5194946210761872	0.8484486673269744	2.5760981545596584	0.55518761112162	0.2887587957473673	0.4221187454703788	0.3743744890734362	0.5930711843888403	0.29419404328563586
375	-20.42336182804632	-11993.510435832062	0.7457505689892755	0.6427759782548189	0.5194946210761872	0.8484486673269744	2.5760981545596584	0.55518761112162	0.2887587957473673	0.4221187454703788	0.3743744890734362	0.5930711843888403	0.29419404328563586
376	-20.42336182804632	-11993.510435832062	0.7457505689892755	0.6427759782548189	0.5194946210761872	0.8484486673269744	2.5760981545596584	0.55518761112162	0.2887587957473673	0.4221187454703788	0.3743744890734362	0.5930711843888403	0.29419404328563586
377	-20.42336182804632	-11993.510435832062	0.7457505689892755	0.6427759782548189	0.5194946210761872	0.8484486673269744	2.5760981545596584	0.55518761112162	0.2887587957473673	0.4221187454703788	0.3743744890734362	0.5930711843888403	0.29419404328563586
378	-20.42336182804632	-11993.510435832062	0.7457505689892755	0.6427759782548189	0.5194946210761872	0.8484486673269744	2.5760981545596584	0.55518761112162	0.2887587957473673	0.4221187454703788	0.3743744890734362	0.5930711843888403	0.29419404328563586
379	-20.42336182804632	-11993.510435832062	0.7457505689892755	0.6427759782548189	0.5194946210761872	0.8484486673269744	2.5760981545596584	0.55518761112162	0.2887587957473673	0.4221187454703788	0.3743744890734362	0.5930711843888403	0.29419404328563586
380	-20.4321515262892	-11993.756059041134	0.7457505689892755	0.6427759782548189	0.5194946210761872	0.8484486673269744	2.5760981545596584	0.55518761112162	0.2887587957473673	0.4221187454703788	0.3743744890734362	0.5930711843888403	0.29419404328563586
381	-20.404845944228878	-11987.789900218568	0.7457505689892755	0.6427759782548189	0.5194946210761872	0.8484486673269744	2.5760981545596584	0.55518761112162	0.2887587957473673	0.4221187454703788	0.3743744890734362	0.5930711843888403	0.29419404328563586
382	-20.404845944228878	-11987.789900218568	0.7457505689892755	0.6427759782548189	0.5194946210761872	0.8484486673269744	2.5760981545596584	0.55518761112162	0.2887587957473673	0.4221187454703788	0.3743744890734362	0.5930711843888403	0.29419404328563586
383	-20.404845944228878	-11987.789900218568	0.7457505689892755	0.6427759782548189	0.5194946210761872	0.8484486673269744	2.5760981545596584	0.55518761112162	0.2887587957473673	0.4221187454703788	0.3743744890734362	0.5930711843888403	0.29419404328563586
384	-20.404845944228878	-11987.789900218568	0.7457505689892755	0.6427759782548189	0.5194946210761872	0.8484486673269744	2.5760981545596584	0.55518761112162	0.2887587957473673	0.4221187454703788	0.3743744890734362	0.5930711843888403	0.29419404328563586
385	-20.404845944228878	-11987.789900218568	0.7457505689892755	0.6427759782548189	0.5194946210761872	0.8484486673269744	2.5760981545596584	0.55518761112162	0.2887587957473673	0.4221187454703788	0.3743744890734362	0.5930711843888403	0.29419404328563586
386	-20.404845944228878	-11987.789900218568	0.7457505689892755	0.6427759782548189	0.5194946210761872	0.8484486673269744	2.5760981545596584	0.55518761112162	0.2887587957473673	0.4221187454703788	0.3743744890734362	0.5930711843888403	0.29419404328563586
387	-20.404845944228878	-11987.789900218568	0.7457505689892755	0.6427759782548189	0.5194946210761872	0.8484486673269744	2.5760981545596584	0.55518761112162	0.2887587957473673	0.4221187454703788	0.3743744890734362	0.5930711843888403	0.29419404328563586
388	-20.404845944228878	-11987.789900218568	0.7457505689892755	0.6427759782548189	0.5194946210761872	0.8484486673269744	2.5760981545596584	0.55518761112162	0.2887587957473673	0.4221187454703788	0.3743744890734362	0.5930711843888403	0.29419404328563586
389	-20.404845944228878	-11987.789900218568	0.7457505689892755	0.6427759782548189	0.5194946210761872	0.8484486673269744	2.5760981545596584	0.55518761112162	0.2887587957473673	0.4221187454703788	0.3743744890734362	0.5930711843888403	0.29419404328563586
390	-20.404845944228878	-11983.325959878392	0.7457505689892755	0.6427759782548189	0.5194946210761872	0.8484486673269744	2.5760981545596584	0.55518761112162	0.2887587957473673	0.4221187454703788	0.3743744890734362	0.5930711843888403	0.29419404328563586
391	-20.404845944228878	-11983.325959878392	0.7457505689892755	0.6427759782548189	0.5194946210761872	0.8484486673269744	2.5760981545596584	0.55518761112162	0.2887587957473673	0.4221187454703788	0.3743744890734362	0.5930711843888403	0.29419404328563586
392	-20.404845944228878	-11983.325959878392	0.7457505689892755	0.6427759782548189	0.5194946210761872	0.8484486673269744	2.5760981545596584	0.55518761112162	0.2887587957473673	0.4221187454703788	0.3743744890734362	0.5930711843888403	0.29419404328563586
393	-20.404845944228878	-11983.325959878392	0.7457505689892755	0.6427759782548189	0.5194946210761872	0.8484486673269744	2.5760981545596584	0.55518761112162	0.2887587957473673	0.4221187454703788	0.3743744890734362	0.5930711843888403	0.29419404328563586
394	-20.404845944228878	-11983.325959878392	0.7457505689892755	0.6427759782548189	0.5194946210761872	0.8484486673269744	2.5760981545596584	0.55518761112162	0.2887587957473673	0.4221187454703788	0.3743744890734362	0.5930711843888403	0.29419404328563586
395	-20.378616080551094	-11981.288814242214	0.7457505689892755	0.6427759782548189	0.5194946210761872	0.8484486673269744	2.5760981545596584	0.55518761112162	0.2887587957473673	0.4221187454703788	0.3743744890734362	0.5930711843888403	0.29419404328563586
396	-20.378616080551094	-11981.288814242214	0.7457505689892755	0.6427759782548189	0.5194946210761872	0.8484486673269744	2.5760981545596584	0.55518761112162	0.2887587957473673	0.4221187454703788	0.3743744890734362	0.5930711843888403	0.29419404328563586
397	-20.378616080551094	-11980.632189566211	0.7457505689892755	0.6427759782548189	0.5194946210761872	0.8484486673269744	2.5760981545596584	0.55518761112162	0.2887587957473673	0.4221187454703788	0.3743744890734362	0.5930711843888403	0.29419404328563586
398	-20.378616080551094	-11980.632189566211	0.7457505689892755	0.6427759782548189	0.5194946210761872	0.8484486673269744	2.5760981545596584	0.55518761112162	0.2887587957473673	0.4221187454703788	0.3743744890734362	0.5930711843888403	0.29419404328563586
399	-20.378616080551094	-11980.632189566211	0.7457505689892755	0.6427759782548189	0.5194946210761872	0.8484486673269744	2.5760981545596584	0.55518761112162	0.2887587957473673	0.4221187454703788	0.3743744890734362	0.5930711843888403	0.29419404328563586
400	-20.378616080551094	-11980.632189566211	0.7457505689892755	0.6427759782548189	0.5194946210761872	0.8484486673269744	2.5760981545596584	0.55518761112162	0.2887587957473673	0.4221187454703788	0.3743744890734362	0.5930711843888403	0.29419404328563586
401	-20.378616080551094	-11980.632189566211	0.7457505689892755	0.6427759782548189	0.5194946210761872	0.8484486673269744	2.5760981545596584	0.55518761112162	0.2887587957473673	0.4221187454703788	0.3743744890734362	0.5930711843888403	0.29419404328563586
402	-18.15239137831663	-11980.632189566211	0.9318758905913147	0.7203643969010969	0.5521382664273994	0.9126558224649387	2.6551450449191956	0.55518761112162	0.2887587957473673	0.4221187454703788	0.3743744890734362	0.5930711843888403	0.29419404328563586
403	-18.15239137831663	-11980.146900290003	0.9318758905913147	0.7203643969010969	0.5521382664273994	0.9126558224649387	2.6551450449191956	0.55518761112162	0.2887587957473673	0.4221187454703788	0.3743744890734362	0.5930711843888403	0.29419404328563586
404	-18.15239137831663	-11980.146900290003	0.9318758905913147	0.7203643969010969	0.5521382664273994	0.9126558224649387	2.6551450449191956	0.55518761112162	0.2887587957473673	0.4221187454703788	0.3743744890734362	0.5930711843888403	0.29419404328563586
405	-18.150714091833756	-11978.561539912213	0.9318758905913147	0.7203643969010969	0.5521382664273994	0.9126558224649387	2.6551450449191956	0.55518761112162	0.2887587957473673	0.4221187454703788	0.3743744890734362	0.5930711843888403	0.29419404328563586
406	-18.150714091833756	-11978.561539912213	0.9318758905913147	0.7203643969010969	0.5521382664273994	0.9126558224649387	2.6551450449191956	0.55518761112162	0.2887587957473673	0.4221187454703788	0.3743744890734362	0.5930711843888403	0.29419404328563586
407	-18.150714091833756	-11978.561539912213	0.9318758905913147	0.7203643969010969	0.5521382664273994	0.9126558224649387	2.6551450449191956	0.55518761112162	0.2887587957473673	0.4221187454703788	0.3743744890734362	0.5930711843888403	0.29419404328563586
408	-18.150714091833756	-11977.57101904863	0.9318758905913147	0.7203643969010969	0.5521382664273994	0.9126558224649387	2.6551450449191956	0.55518761112162	0.2887587957473673	0.4221187454703788	0.3743744890734362	0.5930711843888403	0.29419404328563586
409	-18.150714091833756	-11977.57101904863	0.9318758905913147	0.7203643969010969	0.5521382664273994	0.9126558224649387	2.6551450449191956	0.55518761112162	0.2887587957473673	0.4221187454703788	0.3743744890734362	0.5930711843888403	0.29419404328563586
410	-18.154351046788285	-11977.629595480523	0.9318758905913147	0.7203643969010969	0.5521382664273994	0.9126558224649387	2.6551450449191956	0.55518761112162	0.2887587957473673	0.4221187454703788	0.3743744890734362	0.5930711843888403	0.29419404328563586
411	-18.138637682069877	-11967.885543818418	0.9318758905913147	0.7203643969010969	0.5521382664273994	0.9126558224649387	2.6551450449191956	0.55518761112162	0.2887587957473673	0.4221187454703788	0.3743744890734362	0.5930711843888403	0.29419404328563586
412	-18.138637682069877	-11965.769322174518	0.9318758905913147	0.7203643969010969	0.5521382664273994	0.9126558224649387	2.6551450449191956	0.55518761112162	0.2887587957473673	0.4221187454703788	0.3743744890734362	0.5930711843888403	0.29419404328563586
413	-18.138637682069877	-11965.769322174518	0.9318758905913147	0.7203643969010969	0.5521382664273994	0.9126558224649387	2.6551450449191956	0.55518761112162	0.2887587957473673	0.4221187454703788	0.3743744890734362	0.5930711843888403	0.29419404328563586
414	-18.138637682069877	-11965.769322174518	0.9318758905913147	0.7203643969010969	0.5521382664273994	0.9126558224649387	2.6551450449191956	0.55518761112162	0.2887587957473673	0.4221187454703788	0.3743744890734362	0.5930711843888403	0.29419404328563586
415	-18.138637682069877	-11960.313517814151	0.9318758905913147	0.7203643969010969	0.5521382664273994	0.9126558224649387	2.6551450449191956	0.55518761112162	0.2887587957473673	0.4221187454703788	0.3743744890734362	0.5930711843888403	0.29419404328563586
416	-18.138637682069877	-11960.313517814151	0.9318758905913147	0.7203643969010969	0.5521382664273994	0.9126558224649387	2.6551450449191956	0.55518761112162	0.2887587957473673	0.4221187454703788	0.3743744890734362	0.5930711843888403	0.29419404328563586
417	-18.138637682069877	-11960.313517814151	0.9318758905913147	0.7203643969010969	0.5521382664273994	0.9126558224649387	2.6551450449191956	0.55518761112162	0.2887587957473673	0.4221187454703788	0.3743744890734362	0.5930711843888403	0.29419404328563586
418	-18.138637682069877	-11960.313517814151	0.9318758905913147	0.7203643969010969	0.5521382664273994	0.9126558224649387	2.6551450449191956	0.55518761112162	0.2887587957473673	0.4221187454703788	0.3743744890734362	0.5930711843888403	0.29419404328563586
419	-18.138637682069877	-11960.313517814151	0.9318758905913147	0.7203643969010969	0.5521382664273994	0.9126558224649387	2.6551450449191956	0.55518761112162	0.2887587957473673	0.4221187454703788	0.3743744890734362	0.5930711843888403	0.29419404328563586
420	-18.138637682069877	-11960.313517814151	0.9318758905913147	0.7203643969010969	0.5521382664273994	0.9126558224649387	2.6551450449191956	0.55518761112162	0.2887587957473673	0.4221187454703788	0.3743744890734362	0.5930711843888403	0.29419404328563586
421	-18.138637682069877	-11960.313517814151	0.9318758905913147	0.7203643969010969	0.5521382664273994	0.9126558224649387	2.6551450449191956	0.55518761112162	0.2887587957473673	0.4221187454703788	0.3743744890734362	0.5930711843888403	0.29419404328563586
422	-18.138637682069877	-11960.313517814151	0.9318758905913147	0.7203643969010969	0.5521382664273994	0.9126558224649387	2.6551450449191956	0.55518761112162	0.2887587957473673	0.4221187454703788	0.3743744890734362	0.5930711843888403	0.29419404328563586
423	-18.138637682069877	-11960.313517814151	0.9318758905913147	0.7203643969010969	0.5521382664273994	0.9126558224649387	2.6551450449191956	0.55518761112162	0.2887587957473673	0.4221187454703788	0.3743744890734362	0.5930711843888403	0.29419404328563586
424	-18.138637682069877	-11960.313517814151	0.9318758905913147	0.7203643969010969	0.5521382664273994	0.9126558224649387	2.6551450449191956	0.55518761112162	0.2887587957473673	0.4221187454703788	0.3743744890734362	0.5930711843888403	0.29419404328563586
425	-18.138637682069877	-11960.313517814151	0.9318758905913147	0.7203643969010969	0.5521382664273994	0.9126558224649387	2.6551450449191956	0.55518761112162	0.2887587957473673	0.4221187454703788	0.3743744890734362	0.5930711843888403	0.29419404328563586
426	-18.140272622372983	-11961.070907747275	0.9318758905913147	0.7203643969010969	0.5521382664273994	0.9126558224649387	2.6551450449191956	0.55518761112162	0.2887587957473673	0.4221187454703788	0.3743744890734362	0.5930711843888403	0.29419404328563586
427	-18.140272622372983	-11961.070907747275	0.9318758905913147	0.7203643969010969	0.5521382664273994	0.9126558224649387	2.6551450449191956	0.55518761112162	0.2887587957473673	0.4221187454703788	0.3743744890734362	0.5930711843888403	0.29419404328563586
428	-18.140272622372983	-11961.070907747275	0.9318758905913147	0.7203643969010969	0.5521382664273994	0.9126558224649387	2.6551450449191956	0.55518761112162	0.2887587957473673	0.4221187454703788	0.3743744890734362	0.5930711843888403	0.29419404328563586
429	-18.140272622372983	-11961.070907747275	0.9318758905913147	0.7203643969010969	0.5521382664273994	0.9126558224649387	2.6551450449191956	0.55518761112162	0.2887587957473673	0.4221187454703788	0.3743744890734362	0.5930711843888403	0.29419404328563586
430	-18.140272622372983	-11962.8428733446	0.9318758905913147	0.7203643969010969	0.5521382664273994	0.9126558224649387	2.6551450449191956	0.55518761112162	0.2887587957473673	0.4221187454703788	0.3743744890734362	0.5930711843888403	0.29419404328563586
431	-18.18592069113963	-11962.8428733446	0.9318758905913147	0.7203643969010969	0.5521382664273994	0.9126558224649387	2.6551450449191956	0.55518761112162	0.2887587957473673	0.4221187454703788	0.3743744890734362	0.5930711843888403	0.32428614463110567
432	-18.18592069113963	-11962.8428733446	0.9318758905913147	0.7203643969010969	0.5521382664273994	0.9126558224649387	2.6551450449191956	0.55518761112162	0.2887587957473673	0.4221187454703788	0.3743744890734362	0.5930711843888403	0.32428614463110567
433	-18.269976108858913	-11943.485159214795	0.9318758905913147	0.7203643969010969	0.5521382664273994	0.9126558224649387	2.6551450449191956	0.55518761112162	0.2887587957473673	0.4221187454703788	0.3743744890734362	0.5930711843888403	0.32428614463110567
434	-18.20595902846607	-11943.485159214795	0.9318758905913147	0.7203643969010969	0.5521382664273994	0.9126558224649387	2.6551450449191956	0.55518761112162	0.2887587957473673	0.4221187454703788	0.3743744890734362	0.5930711843888403	0.2817635631814921
435	-18.20595902846607	-11943.485159214795	0.9318758905913147	0.7203643969010969	0.5521382664273994	0.9126558224649387	2.6551450449191956	0.55518761112162	0.2887587957473673	0.4221187454703788	0.3743744890734362	0.5930711843888403	0.2817635631814921
436	-18.20595902846607	-11943.485159214795	0.9318758905913147	0.7203643969010969	0.5521382664273994	0.9126558224649387	2.6551450449191956	0.55518761112162	0.2887587957473673	0.4221187454703788	0.3743744890734362	0.5930711843888403	0.2817635631814921
437	-18.20595902846607	-11943.485159214795	0.9318758905913147	0.7203643969010969	0.5521382664273994	0.9126558224649387	2.6551450449191956	0.55518761112162	0.2887587957473673	0.4221187454703788	0.3743744890734362	0.5930711843888403	0.2817635631814921
438	-18.15924463099394	-11909.70808514559	0.9318758905913147	0.7203643969010969	0.5521382664273994	0.9126558224649387	2.6551450449191956	0.55518761112162	0.2887587957473673	0.4221187454703788	0.3743744890734362	0.5930711843888403	0.2817635631814921
439	-18.15924463099394	-11909.70808514559	0.9318758905913147	0.7203643969010969	0.5521382664273994	0.9126558224649387	2.6551450449191956	0.55518761112162	0.2887587957473673	0.4221187454703788	0.3743744890734362	0.5930711843888403	0.2817635631814921
440	-17.9781489346735	-11818.40755262076	0.9318758905913147	0.7203643969010969	0.5521382664273994	0.9126558224649387	2.6551450449191956	0.55518761112162	0.2887587957473673	0.4221187454703788	0.3743744890734362	0.5930711843888403	0.2817635631814921
441	-17.9781489346735	-11818.40755262076	0.9318758905913147	0.7203643969010969	0.5521382664273994	0.9126558224649387	2.6551450449191956	0.55518761112162	0.2887587957473673	0.4221187454703788	0.3743744890734362	0.5930711843888403	0.2817635631814921
442	-17.9781489346735	-11818.40755262076	0.9318758905913147	0.7203643969010969	0.5521382664273994	0.9126558224649387	2.6551450449191956	0.55518761112162	0.2887587957473673	0.4221187454703788	0.3743744890734362	0.5930711843888403	0.2817635631814921
443	-17.9781489346735	-11818.40755262076	0.9318758905913147	0.7203643969010969	0.5521382664273994	0.9126558224649387	2.6551450449191956	0.55518761112162	0.2887587957473673	0.4221187454703788	0.3743744890734362	0.5930711843888403	0.2817635631814921
444	-17.9781489346735	-11818.40755262076	0.9318758905913147	0.7203643969010969	0.5521382664273994	0.9126558224649387	2.6551450449191956	0.55518761112162	0.2887587957473673	0.4221187454703788	0.3743744890734362	0.5930711843888403	0.2817635631814921
445	-17.9781489346735	-11817.113928222407	0.9318758905913147	0.7203643969010969	0.5521382664273994	0.9126558224649387	2.6551450449191956	0.55518761112162	0.2887587957473673	0.4221187454703788	0.3743744890734362	0.5930711843888403	0.2817635631814921
446	-17.9781489346735	-11817.113928222407	0.9318758905913147	0.7203643969010969	0.5521382664273994	0.9126558224649387	2.6551450449191956	0.55518761112162	0.2887587957473673	0.4221187454703788	0.3743744890734362	0.5930711843888403	0.2817635631814921
447	-17.9781489346735	-11817.113928222407	0.9318758905913147	0.7203643969010969	0.5521382664273994	0.9126558224649387	2.6551450449191956	0.55518761112162	0.2887587957473673	0.4221187454703788	0.3743744890734362	0.5930711843888403	0.2817635631814921
448	-17.9781489346735	-11817.113928222407	0.9318758905913147	0.7203643969010969	0.5521382664273994	0.9126558224649387	2.6551450449191956	0.55518761112162	0.2887587957473673	0.4221187454703788	0.3743744890734362	0.5930711843888403	0.2817635631814921
449	-17.964387534853046	-11812.569547015462	0.9318758905913147	0.7203643969010969	0.5521382664273994	0.9126558224649387	2.6551450449191956	0.55518761112162	0.2887587957473673	0.4221187454703788	0.3743744890734362	0.5930711843888403	0.2817635631814921
450	-17.964387534853046	-11812.569547015462	0.9318758905913147	0.7203643969010969	0.5521382664273994	0.9126558224649387	2.6551450449191956	0.55518761112162	0.2887587957473673	0.4221187454703788	0.3743744890734362	0.5930711843888403	0.2817635631814921
451	-17.964387534853046	-11804.537161376307	0.9318758905913147	0.7203643969010969	0.5521382664273994	0.9126558224649387	2.6551450449191956	0.55518761112162	0.2887587957473673	0.4221187454703788	0.3743744890734362	0.5930711843888403	0.2817635631814921
452	-17.964387534853046	-11804.537161376307	0.9318758905913147	0.7203643969010969	0.5521382664273994	0.9126558224649387	2.6551450449191956	0.55518761112162	0.2887587957473673	0.4221187454703788	0.3743744890734362	0.5930711843888403	0.2817635631814921
453	-17.97025023960873	-11803.176098999875	0.9318758905913147	0.7203643969010969	0.5521382664273994	0.9126558224649387	2.6551450449191956	0.55518761112162	0.2887587957473673	0.4221187454703788	0.3743744890734362	0.5930711843888403	0.2817635631814921
454	-17.97025023960873	-11803.176098999875	0.9318758905913147	0.7203643969010969	0.5521382664273994	0.9126558224649387	2.6551450449191956	0.55518761112162	0.2887587957473673	0.4221187454703788	0.3743744890734362	0.5930711843888403	0.2817635631814921
455	-17.97025023960873	-11785.793680052206	0.9318758905913147	0.7203643969010969	0.5521382664273994	0.9126558224649387	2.6551450449191956	0.55518761112162	0.2887587957473673	0.4221187454703788	0.3743744890734362	0.5930711843888403	0.2817635631814921
456	-17.97025023960873	-11785.793680052206	0.9318758905913147	0.7203643969010969	0.5521382664273994	0.9126558224649387	2.6551450449191956	0.55518761112162	0.2887587957473673	0.4221187454703788	0.3743744890734362	0.5930711843888403	0.2817635631814921
457	-17.97025023960873	-11785.793680052206	0.9318758905913147	0.7203643969010969	0.5521382664273994	0.9126558224649387	2.6551450449191956	0.55518761112162	0.2887587957473673	0.4221187454703788	0.3743744890734362	0.5930711843888403	0.2817635631814921
458	-17.969551244504473	-11783.41672061677	0.9318758905913147	0.7203643969010969	0.5521382664273994	0.9126558224649387	2.6551450449191956	0.55518761112162	0.2887587957473673	0.4221187454703788	0.3743744890734362	0.5930711843888403	0.2817635631814921
459	-17.969551244504473	-11783.41672061677	0.9318758905913147	0.7203643969010969	0.5521382664273994	0.9126558224649387	2.6551450449191956	0.55518761112162	0.2887587957473673	0.4221187454703788	0.3743744890734362	0.5930711843888403	0.2817635631814921
460	-18.021536058660914	-11713.150476217366	0.9318758905913147	0.7203643969010969	0.5521382664273994	0.9126558224649387	2.6551450449191956	0.55518761112162	0.2887587957473673	0.4221187454703788	0.3743744890734362	0.5930711843888403	0.2817635631814921
461	-18.043614439006	-11713.150476217366	0.9318758905913147	0.7203643969010969	0.5521382664273994	0.9126558224649387	2.6551450449191956	0.55518761112162	0.2887587957473673	0.4221187454703788	0.3743744890734362	0.5930711843888403	0.2966807436951691
462	-18.043614439006	-11713.150476217366	0.9318758905913147	0.7203643969010969	0.5521382664273994	0.9126558224649387	2.6551450449191956	0.55518761112162	0.2887587957473673	0.4221187454703788	0.3743744890734362	0.5930711843888403	0.2966807436951691
463	-17.33518894812145	-11713.150476217366	0.8469399157964919	0.8650260861358461	0.646352977346723	0.7072441278539789	2.680698132284623	0.55518761112162	0.2887587957473673	0.4221187454703788	0.3743744890734362	0.5930711843888403	0.2966807436951691
464	-17.33518894812145	-11713.150476217366	0.8469399157964919	0.8650260861358461	0.646352977346723	0.7072441278539789	2.680698132284623	0.55518761112162	0.2887587957473673	0.4221187454703788	0.3743744890734362	0.5930711843888403	0.2966807436951691
465	-17.33518894812145	-11713.150476217366	0.8469399157964919	0.8650260861358461	0.646352977346723	0.7072441278539789	2.680698132284623	0.55518761112162	0.2887587957473673	0.4221187454703788	0.3743744890734362	0.5930711843888403	0.2966807436951691
466	-17.33518894812145	-11707.610686565595	0.8469399157964919	0.8650260861358461	0.646352977346723	0.7072441278539789	2.680698132284623	0.55518761112162	0.2887587957473673	0.4221187454703788	0.3743744890734362	0.5930711843888403	0.2966807436951691
467	-17.33518894812145	-11707.610686565595	0.8469399157964919	0.8650260861358461	0.646352977346723	0.7072441278539789	2.680698132284623	0.55518761112162	0.2887587957473673	0.4221187454703788	0.3743744890734362	0.5930711843888403	0.2966807436951691
468	-17.33518894812145	-11707.610686565595	0.8469399157964919	0.8650260861358461	0.646352977346723	0.7072441278539789	2.680698132284623	0.55518761112162	0.2887587957473673	0.4221187454703788	0.3743744890734362	0.5930711843888403	0.2966807436951691
469	-17.33518894812145	-11707.610686565595	0.8469399157964919	0.8650260861358461	0.646352977346723	0.7072441278539789	2.680698132284623	0.55518761112162	0.2887587957473673	0.4221187454703788	0.3743744890734362	0.5930711843888403	0.2966807436951691
470	-17.33518894812145	-11707.610686565595	0.8469399157964919	0.8650260861358461	0.646352977346723	0.7072441278539789	2.680698132284623	0.55518761112162	0.2887587957473673	0.4221187454703788	0.3743744890734362	0.5930711843888403	0.2966807436951691
471	-17.33518894812145	-11707.610686565595	0.8469399157964919	0.8650260861358461	0.646352977346723	0.7072441278539789	2.680698132284623	0.55518761112162	0.2887587957473673	0.4221187454703788	0.3743744890734362	0.5930711843888403	0.2966807436951691
472	-17.33518894812145	-11693.514697405504	0.8469399157964919	0.8650260861358461	0.646352977346723	0.7072441278539789	2.680698132284623	0.55518761112162	0.2887587957473673	0.4221187454703788	0.3743744890734362	0.5930711843888403	0.2966807436951691
473	-17.28151968693034	-11693.514697405504	0.8469399157964919	0.8650260861358461	0.646352977346723	0.7072441278539789	2.680698132284623	0.55518761112162	0.2887587957473673	0.4221187454703788	0.3743744890734362	0.5930711843888403	0.26063504061060305
474	-17.28151968693034	-11689.524712008108	0.8469399157964919	0.8650260861358461	0.646352977346723	0.7072441278539789	2.680698132284623	0.55518761112162	0.2887587957473673	0.4221187454703788	0.3743744890734362	0.5930711843888403	0.26063504061060305
475	-17.28151968693034	-11689.524712008108	0.8469399157964919	0.8650260861358461	0.646352977346723	0.7072441278539789	2.680698132284623	0.55518761112162	0.2887587957473673	0.4221187454703788	0.3743744890734362	0.5930711843888403	0.26063504061060305
476	-17.28151968693034	-11689.524712008108	0.8469399157964919	0.8650260861358461	0.646352977346723	0.7072441278539789	2.680698132284623	0.55518761112162	0.2887587957473673	0.4221187454703788	0.3743744890734362	0.5930711843888403	0.26063504061060305
477	-17.28151968693034	-11664.871841565977	0.8469399157964919	0.8650260861358461	0.646352977346723	0.7072441278539789	2.680698132284623	0.55518761112162	0.2887587957473673	0.4221187454703788	0.3743744890734362	0.5930711843888403	0.26063504061060305
478	-17.28151968693034	-11664.871841565977	0.8469399157964919	0.8650260861358461	0.646352977346723	0.7072441278539789	2.680698132284623	0.55518761112162	0.2887587957473673	0.4221187454703788	0.3743744890734362	0.5930711843888403	0.26063504061060305
479	-17.279975691141704	-11654.49081894212	0.8469399157964919	0.8650260861358461	0.646352977346723	0.7072441278539789	2.680698132284623	0.55518761112162	0.2887587957473673	0.4221187454703788	0.3743744890734362	0.5930711843888403	0.26063504061060305
480	-17.279975691141704	-11654.120905712261	0.8469399157964919	0.8650260861358461	0.646352977346723	0.7072441278539789	2.680698132284623	0.55518761112162	0.2887587957473673	0.4221187454703788	0.3743744890734362	0.5930711843888403	0.26063504061060305
481	-17.279975691141704	-11654.120905712261	0.8469399157964919	0.8650260861358461	0.646352977346723	0.7072441278539789	2.680698132284623	0.55518761112162	0.2887587957473673	0.4221187454703788	0.3743744890734362	0.5930711843888403	0.26063504061060305
482	-17.279975691141704	-11654.120905712261	0.8469399157964919	0.8650260861358461	0.646352977346723	0.7072441278539789	2.680698132284623	0.55518761112162	0.2887587957473673	0.4221187454703788	0.3743744890734362	0.5930711843888403	0.26063504061060305
483	-17.279975691141704	-11654.120905712261	0.8469399157964919	0.8650260861358461	0.646352977346723	0.7072441278539789	2.680698132284623	0.55518761112162	0.2887587957473673	0.4221187454703788	0.3743744890734362	0.5930711843888403	0.26063504061060305
484	-17.25618387926325	-11632.810174237111	0.8469399157964919	0.8650260861358461	0.646352977346723	0.7072441278539789	2.680698132284623	0.55518761112162	0.2887587957473673	0.4221187454703788	0.3743744890734362	0.5930711843888403	0.26063504061060305
485	-17.25618387926325	-11632.810174237111	0.8469399157964919	0.8650260861358461	0.646352977346723	0.7072441278539789	2.680698132284623	0.55518761112162	0.2887587957473673	0.4221187454703788	0.3743744890734362	0.5930711843888403	0.26063504061060305
486	-17.25618387926325	-11632.810174237111	0.8469399157964919	0.8650260861358461	0.646352977346723	0.7072441278539789	2.680698132284623	0.55518761112162	0.2887587957473673	0.4221187454703788	0.3743744890734362	0.5930711843888403	0.26063504061060305
487	-17.25618387926325	-11632.810174237111	0.8469399157964919	0.8650260861358461	0.646352977346723	0.7072441278539789	2.680698132284623	0.55518761112162	0.2887587957473673	0.4221187454703788	0.3743744890734362	0.5930711843888403	0.26063504061060305
488	-17.25618387926325	-11632.810174237111	0.8469399157964919	0.8650260861358461	0.646352977346723	0.7072441278539789	2.680698132284623	0.55518761112162	0.2887587957473673	0.4221187454703788	0.3743744890734362	0.5930711843888403	0.26063504061060305
489	-17.25618387926325	-11632.810174237111	0.8469399157964919	0.8650260861358461	0.646352977346723	0.7072441278539789	2.680698132284623	0.55518761112162	0.2887587957473673	0.4221187454703788	0.3743744890734362	0.5930711843888403	0.26063504061060305
490	-17.25618387926325	-11632.810174237111	0.8469399157964919	0.8650260861358461	0.646352977346723	0.7072441278539789	2.680698132284623	0.55518761112162	0.2887587957473673	0.4221187454703788	0.3743744890734362	0.5930711843888403	0.26063504061060305
491	-17.25618387926325	-11632.810174237111	0.8469399157964919	0.8650260861358461	0.646352977346723	0.7072441278539789	2.680698132284623	0.55518761112162	0.2887587957473673	0.4221187454703788	0.3743744890734362	0.5930711843888403	0.26063504061060305
492	-17.259644956148442	-11632.810174237111	0.8469399157964919	0.8650260861358461	0.646352977346723	0.7072441278539789	2.680698132284623	0.55518761112162	0.2887587957473673	0.4221187454703788	0.3743744890734362	0.5930711843888403	0.26301158764953786
493	-17.259644956148442	-11632.810174237111	0.8469399157964919	0.8650260861358461	0.646352977346723	0.7072441278539789	2.680698132284623	0.55518761112162	0.2887587957473673	0.4221187454703788	0.3743744890734362	0.5930711843888403	0.26301158764953786
494	-17.259644956148442	-11632.810174237111	0.8469399157964919	0.8650260861358461	0.646352977346723	0.7072441278539789	2.680698132284623	0.55518761112162	0.2887587957473673	0.4221187454703788	0.3743744890734362	0.5930711843888403	0.26301158764953786
495	-17.259644956148442	-11632.810174237111	0.8469399157964919	0.8650260861358461	0.646352977346723	0.7072441278539789	2.680698132284623	0.55518761112162	0.2887587957473673	0.4221187454703788	0.3743744890734362	0.5930711843888403	0.26301158764953786
496	-17.259644956148442	-11632.810174237111	0.8469399157964919	0.8650260861358461	0.646352977346723	0.7072441278539789	2.680698132284623	0.55518761112162	0.2887587957473673	0.4221187454703788	0.3743744890734362	0.5930711843888403	0.26301158764953786
497	-17.259644956148442	-11632.810174237111	0.8469399157964919	0.8650260861358461	0.646352977346723	0.7072441278539789	2.680698132284623	0.55518761112162	0.2887587957473673	0.4221187454703788	0.3743744890734362	0.5930711843888403	0.26301158764953786
498	-17.259644956148442	-11632.810174237111	0.8469399157964919	0.8650260861358461	0.646352977346723	0.7072441278539789	2.680698132284623	0.55518761112162	0.2887587957473673	0.4221187454703788	0.3743744890734362	0.5930711843888403	0.26301158764953786
499	-17.259644956148442	-11632.810174237111	0.8469399157964919	0.8650260861358461	0.646352977346723	0.7072441278539789	2.680698132284623	0.55518761112162	0.2887587957473673	0.4221187454703788	0.3743744890734362	0.5930711843888403	0.26301158764953786
500	-17.259644956148442	-11632.810174237111	0.8469399157964919	0.8650260861358461	0.646352977346723	0.7072441278539789	2.680698132284623	0.55518761112162	0.2887587957473673	0.4221187454703788	0.3743744890734362	0.5930711843888403	0.26301158764953786
501	-17.259644956148442	-11632.810174237111	0.8469399157964919	0.8650260861358461	0.646352977346723	0.7072441278539789	2.680698132284623	0.55518761112162	0.2887587957473673	0.4221187454703788	0.3743744890734362	0.5930711843888403	0.26301158764953786
502	-17.259644956148442	-11632.810174237111	0.8469399157964919	0.8650260861358461	0.646352977346723	0.7072441278539789	2.680698132284623	0.55518761112162	0.2887587957473673	0.4221187454703788	0.3743744890734362	0.5930711843888403	0.26301158764953786
503	-17.259644956148442	-11632.810174237111	0.8469399157964919	0.8650260861358461	0.646352977346723	0.7072441278539789	2.680698132284623	0.55518761112162	0.2887587957473673	0.4221187454703788	0.3743744890734362	0.5930711843888403	0.26301158764953786
504	-17.259644956148442	-11632.810174237111	0.8469399157964919	0.8650260861358461	0.646352977346723	0.7072441278539789	2.680698132284623	0.55518761112162	0.2887587957473673	0.4221187454703788	0.3743744890734362	0.5930711843888403	0.26301158764953786
505	-17.26552050172473	-11632.3006972278	0.8469399157964919	0.8650260861358461	0.646352977346723	0.7072441278539789	2.680698132284623	0.55518761112162	0.2887587957473673	0.4221187454703788	0.3743744890734362	0.5930711843888403	0.26301158764953786
506	-17.26552050172473	-11632.3006972278	0.8469399157964919	0.8650260861358461	0.646352977346723	0.7072441278539789	2.680698132284623	0.55518761112162	0.2887587957473673	0.4221187454703788	0.3743744890734362	0.5930711843888403	0.26301158764953786
507	-17.26552050172473	-11632.3006972278	0.8469399157964919	0.8650260861358461	0.646352977346723	0.7072441278539789	2.680698132284623	0.55518761112162	0.2887587957473673	0.4221187454703788	0.3743744890734362	0.5930711843888403	0.26301158764953786
508	-17.203155884492055	-11632.3006972278	0.8469399157964919	0.8650260861358461	0.646352977346723	0.7072441278539789	2.680698132284623	0.55518761112162	0.2887587957473673	0.4221187454703788	0.3743744890734362	0.5930711843888403	0.21892012165743177
509	-17.203155884492055	-11632.3006972278	0.8469399157964919	0.8650260861358461	0.646352977346723	0.7072441278539789	2.680698132284623	0.55518761112162	0.2887587957473673	0.4221187454703788	0.3743744890734362	0.5930711843888403	0.21892012165743177
510	-17.203155884492055	-11632.3006972278	0.8469399157964919	0.8650260861358461	0.646352977346723	0.7072441278539789	2.680698132284623	0.55518761112162	0.2887587957473673	0.4221187454703788	0.3743744890734362	0.5930711843888403	0.21892012165743177
511	-17.203155884492055	-11632.3006972278	0.8469399157964919	0.8650260861358461	0.646352977346723	0.7072441278539789	2.680698132284623	0.55518761112162	0.2887587957473673	0.4221187454703788	0.3743744890734362	0.5930711843888403	0.21892012165743177
512	-17.203155884492055	-11632.3006972278	0.8469399157964919	0.8650260861358461	0.646352977346723	0.7072441278539789	2.680698132284623	0.55518761112162	0.2887587957473673	0.4221187454703788	0.3743744890734362	0.5930711843888403	0.21892012165743177
513	-17.203155884492055	-11632.3006972278	0.8469399157964919	0.8650260861358461	0.646352977346723	0.7072441278539789	2.680698132284623	0.55518761112162	0.2887587957473673	0.4221187454703788	0.3743744890734362	0.5930711843888403	0.21892012165743177
514	-17.203155884492055	-11632.3006972278	0.8469399157964919	0.8650260861358461	0.646352977346723	0.7072441278539789	2.680698132284623	0.55518761112162	0.2887587957473673	0.4221187454703788	0.3743744890734362	0.5930711843888403	0.21892012165743177
515	-17.203155884492055	-11632.3006972278	0.8469399157964919	0.8650260861358461	0.646352977346723	0.7072441278539789	2.680698132284623	0.55518761112162	0.2887587957473673	0.4221187454703788	0.3743744890734362	0.5930711843888403	0.21892012165743177
516	-17.203155884492055	-11632.3006972278	0.8469399157964919	0.8650260861358461	0.646352977346723	0.7072441278539789	2.680698132284623	0.55518761112162	0.2887587957473673	0.4221187454703788	0.3743744890734362	0.5930711843888403	0.21892012165743177
517	-17.203155884492055	-11632.3006972278	0.8469399157964919	0.8650260861358461	0.646352977346723	0.7072441278539789	2.680698132284623	0.55518761112162	0.2887587957473673	0.4221187454703788	0.3743744890734362	0.5930711843888403	0.21892012165743177
518	-17.203155884492055	-11632.3006972278	0.8469399157964919	0.8650260861358461	0.646352977346723	0.7072441278539789	2.680698132284623	0.55518761112162	0.2887587957473673	0.4221187454703788	0.3743744890734362	0.5930711843888403	0.21892012165743177
519	-17.203155884492055	-11632.3006972278	0.8469399157964919	0.8650260861358461	0.646352977346723	0.7072441278539789	2.680698132284623	0.55518761112162	0.2887587957473673	0.4221187454703788	0.3743744890734362	0.5930711843888403	0.21892012165743177
520	-17.203155884492055	-11632.3006972278	0.8469399157964919	0.8650260861358461	0.646352977346723	0.7072441278539789	2.680698132284623	0.55518761112162	0.2887587957473673	0.4221187454703788	0.3743744890734362	0.5930711843888403	0.21892012165743177
521	-17.203155884492055	-11632.3006972278	0.8469399157964919	0.8650260861358461	0.646352977346723	0.7072441278539789	2.680698132284623	0.55518761112162	0.2887587957473673	0.4221187454703788	0.3743744890734362	0.5930711843888403	0.21892012165743177
522	-17.203155884492055	-11632.3006972278	0.8469399157964919	0.8650260861358461	0.646352977346723	0.7072441278539789	2.680698132284623	0.55518761112162	0.2887587957473673	0.4221187454703788	0.3743744890734362	0.5930711843888403	0.21892012165743177
523	-17.203155884492055	-11632.3006972278	0.8469399157964919	0.8650260861358461	0.646352977346723	0.7072441278539789	2.680698132284623	0.55518761112162	0.2887587957473673	0.4221187454703788	0.3743744890734362	0.5930711843888403	0.21892012165743177
524	-17.195003322672257	-11631.736878735908	0.8469399157964919	0.8650260861358461	0.646352977346723	0.7072441278539789	2.680698132284623	0.55518761112162	0.2887587957473673	0.4221187454703788	0.3743744890734362	0.5930711843888403	0.21892012165743177
525	-17.195003322672257	-11631.736878735908	0.8469399157964919	0.8650260861358461	0.646352977346723	0.7072441278539789	2.680698132284623	0.55518761112162	0.2887587957473673	0.4221187454703788	0.3743744890734362	0.5930711843888403	0.21892012165743177
526	-17.194960025277545	-11631.72102829526	0.8469399157964919	0.8650260861358461	0.646352977346723	0.7072441278539789	2.680698132284623	0.55518761112162	0.2887587957473673	0.4221187454703788	0.3743744890734362	0.5930711843888403	0.21892012165743177
527	-17.15565633839612	-11621.205591434617	0.8469399157964919	0.8650260861358461	0.646352977346723	0.7072441278539789	2.680698132284623	0.55518761112162	0.2887587957473673	0.4221187454703788	0.3743744890734362	0.5930711843888403	0.21892012165743177
528	-17.15565633839612	-11621.245354587785	0.8469399157964919	0.8650260861358461	0.646352977346723	0.7072441278539789	2.680698132284623	0.55518761112162	0.2887587957473673	0.4221187454703788	0.3743744890734362	0.5930711843888403	0.21892012165743177
529	-17.15565633839612	-11621.245354587785	0.8469399157964919	0.8650260861358461	0.646352977346723	0.7072441278539789	2.680698132284623	0.55518761112162	0.2887587957473673	0.4221187454703788	0.3743744890734362	0.5930711843888403	0.21892012165743177
530	-17.15184100480193	-11620.371344038873	0.8469399157964919	0.8650260861358461	0.646352977346723	0.7072441278539789	2.680698132284623	0.55518761112162	0.2887587957473673	0.4221187454703788	0.3743744890734362	0.5930711843888403	0.21892012165743177
531	-17.402307201958745	-11620.371344038873	0.8469399157964919	0.8650260861358461	0.646352977346723	0.7072441278539789	2.680698132284623	0.5554790751938588	0.311752638952595	0.32457468130769407	0.48012722451416967	0.6365729615410337	0.21892012165743177
532	-17.402307201958745	-11620.371344038873	0.8469399157964919	0.8650260861358461	0.646352977346723	0.7072441278539789	2.680698132284623	0.5554790751938588	0.311752638952595	0.32457468130769407	0.48012722451416967	0.6365729615410337	0.21892012165743177
533	-17.402307201958745	-11620.371344038873	0.8469399157964919	0.8650260861358461	0.646352977346723	0.7072441278539789	2.680698132284623	0.5554790751938588	0.311752638952595	0.32457468130769407	0.48012722451416967	0.6365729615410337	0.21892012165743177
534	-17.402307201958745	-11620.371344038873	0.8469399157964919	0.8650260861358461	0.646352977346723	0.7072441278539789	2.680698132284623	0.5554790751938588	0.311752638952595	0.32457468130769407	0.48012722451416967	0.6365729615410337	0.21892012165743177
535	-17.402307201958745	-11607.96623747251	0.8469399157964919	0.8650260861358461	0.646352977346723	0.7072441278539789	2.680698132284623	0.5554790751938588	0.311752638952595	0.32457468130769407	0.48012722451416967	0.6365729615410337	0.21892012165743177
536	-17.402307201958745	-11607.96623747251	0.8469399157964919	0.8650260861358461	0.646352977346723	0.7072441278539789	2.680698132284623	0.5554790751938588	0.311752638952595	0.32457468130769407	0.48012722451416967	0.6365729615410337	0.21892012165743177
537	-17.402307201958745	-11607.96623747251	0.8469399157964919	0.8650260861358461	0.646352977346723	0.7072441278539789	2.680698132284623	0.5554790751938588	0.311752638952595	0.32457468130769407	0.48012722451416967	0.6365729615410337	0.21892012165743177
538	-17.402307201958745	-11605.103082566575	0.8469399157964919	0.8650260861358461	0.646352977346723	0.7072441278539789	2.680698132284623	0.5554790751938588	0.311752638952595	0.32457468130769407	0.48012722451416967	0.6365729615410337	0.21892012165743177
539	-17.315395539911403	-11593.58844261967	0.8469399157964919	0.8650260861358461	0.646352977346723	0.7072441278539789	2.680698132284623	0.5554790751938588	0.311752638952595	0.32457468130769407	0.48012722451416967	0.6365729615410337	0.21892012165743177
540	-17.315395539911403	-11593.58844261967	0.8469399157964919	0.8650260861358461	0.646352977346723	0.7072441278539789	2.680698132284623	0.5554790751938588	0.311752638952595	0.32457468130769407	0.48012722451416967	0.6365729615410337	0.21892012165743177
541	-17.315395539911403	-11591.489395776654	0.8469399157964919	0.8650260861358461	0.646352977346723	0.7072441278539789	2.680698132284623	0.5554790751938588	0.311752638952595	0.32457468130769407	0.48012722451416967	0.6365729615410337	0.21892012165743177
542	-17.315395539911403	-11591.489395776654	0.8469399157964919	0.8650260861358461	0.646352977346723	0.7072441278539789	2.680698132284623	0.5554790751938588	0.311752638952595	0.32457468130769407	0.48012722451416967	0.6365729615410337	0.21892012165743177
543	-17.315395539911403	-11591.489395776654	0.8469399157964919	0.8650260861358461	0.646352977346723	0.7072441278539789	2.680698132284623	0.5554790751938588	0.311752638952595	0.32457468130769407	0.48012722451416967	0.6365729615410337	0.21892012165743177
544	-17.315395539911403	-11591.489395776654	0.8469399157964919	0.8650260861358461	0.646352977346723	0.7072441278539789	2.680698132284623	0.5554790751938588	0.311752638952595	0.32457468130769407	0.48012722451416967	0.6365729615410337	0.21892012165743177
545	-17.315395539911403	-11591.489395776654	0.8469399157964919	0.8650260861358461	0.646352977346723	0.7072441278539789	2.680698132284623	0.5554790751938588	0.311752638952595	0.32457468130769407	0.48012722451416967	0.6365729615410337	0.21892012165743177
546	-17.315395539911403	-11591.489395776654	0.8469399157964919	0.8650260861358461	0.646352977346723	0.7072441278539789	2.680698132284623	0.5554790751938588	0.311752638952595	0.32457468130769407	0.48012722451416967	0.6365729615410337	0.21892012165743177
547	-17.315395539911403	-11591.489395776654	0.8469399157964919	0.8650260861358461	0.646352977346723	0.7072441278539789	2.680698132284623	0.5554790751938588	0.311752638952595	0.32457468130769407	0.48012722451416967	0.6365729615410337	0.21892012165743177
548	-17.315395539911403	-11570.363861460115	0.8469399157964919	0.8650260861358461	0.646352977346723	0.7072441278539789	2.680698132284623	0.5554790751938588	0.311752638952595	0.32457468130769407	0.48012722451416967	0.6365729615410337	0.21892012165743177
549	-17.315395539911403	-11568.382127050676	0.8469399157964919	0.8650260861358461	0.646352977346723	0.7072441278539789	2.680698132284623	0.5554790751938588	0.311752638952595	0.32457468130769407	0.48012722451416967	0.6365729615410337	0.21892012165743177
550	-17.315395539911403	-11568.382127050676	0.8469399157964919	0.8650260861358461	0.646352977346723	0.7072441278539789	2.680698132284623	0.5554790751938588	0.311752638952595	0.32457468130769407	0.48012722451416967	0.6365729615410337	0.21892012165743177
551	-17.315395539911403	-11568.382127050676	0.8469399157964919	0.8650260861358461	0.646352977346723	0.7072441278539789	2.680698132284623	0.5554790751938588	0.311752638952595	0.32457468130769407	0.48012722451416967	0.6365729615410337	0.21892012165743177
552	-17.29463875814147	-11562.828895891047	0.8469399157964919	0.8650260861358461	0.646352977346723	0.7072441278539789	2.680698132284623	0.5554790751938588	0.311752638952595	0.32457468130769407	0.48012722451416967	0.6365729615410337	0.21892012165743177
553	-17.169850401172223	-11563.09714063404	0.8469399157964919	0.8650260861358461	0.646352977346723	0.7072441278539789	2.680698132284623	0.5554790751938588	0.311752638952595	0.32457468130769407	0.48012722451416967	0.6365729615410337	0.21892012165743177
554	-17.26131650059213	-11563.09714063404	0.8469399157964919	0.8650260861358461	0.646352977346723	0.7072441278539789	2.680698132284623	0.5554790751938588	0.311752638952595	0.32457468130769407	0.48012722451416967	0.6365729615410337	0.2837716962989043
555	-17.26131650059213	-11563.09714063404	0.8469399157964919	0.8650260861358461	0.646352977346723	0.7072441278539789	2.680698132284623	0.5554790751938588	0.311752638952595	0.32457468130769407	0.48012722451416967	0.6365729615410337	0.2837716962989043
556	-17.26131650059213	-11563.09714063404	0.8469399157964919	0.8650260861358461	0.646352977346723	0.7072441278539789	2.680698132284623	0.5554790751938588	0.311752638952595	0.32457468130769407	0.48012722451416967	0.6365729615410337	0.2837716962989043
557	-16.704413800245053	-11563.09714063404	0.8469399157964919	0.8650260861358461	0.646352977346723	0.7072441278539789	2.680698132284623	0.6055472370652609	0.2538702476172571	0.2847139886329022	0.5879603818488611	0.5410379272647281	0.2837716962989043
558	-16.704413800245053	-11563.09714063404	0.8469399157964919	0.8650260861358461	0.646352977346723	0.7072441278539789	2.680698132284623	0.6055472370652609	0.2538702476172571	0.2847139886329022	0.5879603818488611	0.5410379272647281	0.2837716962989043
559	-16.704413800245053	-11561.655361190438	0.8469399157964919	0.8650260861358461	0.646352977346723	0.7072441278539789	2.680698132284623	0.6055472370652609	0.2538702476172571	0.2847139886329022	0.5879603818488611	0.5410379272647281	0.2837716962989043
560	-16.693721149938984	-11559.677266838162	0.8469399157964919	0.8650260861358461	0.646352977346723	0.7072441278539789	2.680698132284623	0.6055472370652609	0.2538702476172571	0.2847139886329022	0.5879603818488611	0.5410379272647281	0.2837716962989043
561	-16.693721149938984	-11559.677266838162	0.8469399157964919	0.8650260861358461	0.646352977346723	0.7072441278539789	2.680698132284623	0.6055472370652609	0.2538702476172571	0.2847139886329022	0.5879603818488611	0.5410379272647281	0.2837716962989043
562	-16.693721149938984	-11559.677266838162	0.8469399157964919	0.8650260861358461	0.646352977346723	0.7072441278539789	2.680698132284623	0.6055472370652609	0.2538702476172571	0.2847139886329022	0.5879603818488611	0.5410379272647281	0.2837716962989043
563	-16.693721149938984	-11559.677266838162	0.8469399157964919	0.8650260861358461	0.646352977346723	0.7072441278539789	2.680698132284623	0.6055472370652609	0.2538702476172571	0.2847139886329022	0.5879603818488611	0.5410379272647281	0.2837716962989043
564	-16.693721149938984	-11558.249668748671	0.8469399157964919	0.8650260861358461	0.646352977346723	0.7072441278539789	2.680698132284623	0.6055472370652609	0.2538702476172571	0.2847139886329022	0.5879603818488611	0.5410379272647281	0.2837716962989043
565	-16.693721149938984	-11558.249668748671	0.8469399157964919	0.8650260861358461	0.646352977346723	0.7072441278539789	2.680698132284623	0.6055472370652609	0.2538702476172571	0.2847139886329022	0.5879603818488611	0.5410379272647281	0.2837716962989043
566	-16.693721149938984	-11558.249668748671	0.8469399157964919	0.8650260861358461	0.646352977346723	0.7072441278539789	2.680698132284623	0.6055472370652609	0.2538702476172571	0.2847139886329022	0.5879603818488611	0.5410379272647281	0.2837716962989043
567	-16.843880879413202	-11558.249668748671	0.8469399157964919	0.8650260861358461	0.646352977346723	0.7072441278539789	2.680698132284623	0.6055472370652609	0.2538702476172571	0.2847139886329022	0.5879603818488611	0.5410379272647281	0.3765897939882598
568	-16.843880879413202	-11558.249668748671	0.8469399157964919	0.8650260861358461	0.646352977346723	0.7072441278539789	2.680698132284623	0.6055472370652609	0.2538702476172571	0.2847139886329022	0.5879603818488611	0.5410379272647281	0.3765897939882598
569	-16.843880879413202	-11558.249668748671	0.8469399157964919	0.8650260861358461	0.646352977346723	0.7072441278539789	2.680698132284623	0.6055472370652609	0.2538702476172571	0.2847139886329022	0.5879603818488611	0.5410379272647281	0.3765897939882598
570	-16.843880879413202	-11558.249668748671	0.8469399157964919	0.8650260861358461	0.646352977346723	0.7072441278539789	2.680698132284623	0.6055472370652609	0.2538702476172571	0.2847139886329022	0.5879603818488611	0.5410379272647281	0.3765897939882598
571	-16.843880879413202	-11558.249668748671	0.8469399157964919	0.8650260861358461	0.646352977346723	0.7072441278539789	2.680698132284623	0.6055472370652609	0.2538702476172571	0.2847139886329022	0.5879603818488611	0.5410379272647281	0.3765897939882598
572	-16.843880879413202	-11558.249668748671	0.8469399157964919	0.8650260861358461	0.646352977346723	0.7072441278539789	2.680698132284623	0.6055472370652609	0.2538702476172571	0.2847139886329022	0.5879603818488611	0.5410379272647281	0.3765897939882598
573	-16.843880879413202	-11558.249668748671	0.8469399157964919	0.8650260861358461	0.646352977346723	0.7072441278539789	2.680698132284623	0.6055472370652609	0.2538702476172571	0.2847139886329022	0.5879603818488611	0.5410379272647281	0.3765897939882598
574	-16.843880879413202	-11544.819367406611	0.8469399157964919	0.8650260861358461	0.646352977346723	0.7072441278539789	2.680698132284623	0.6055472370652609	0.2538702476172571	0.2847139886329022	0.5879603818488611	0.5410379272647281	0.3765897939882598
575	-16.843880879413202	-11544.819367406611	0.8469399157964919	0.8650260861358461	0.646352977346723	0.7072441278539789	2.680698132284623	0.6055472370652609	0.2538702476172571	0.2847139886329022	0.5879603818488611	0.5410379272647281	0.3765897939882598
576	-16.852483559359417	-11544.819367406611	0.8469399157964919	0.8650260861358461	0.646352977346723	0.7072441278539789	2.680698132284623	0.6055472370652609	0.2538702476172571	0.2847139886329022	0.5879603818488611	0.5410379272647281	0.381637768777806
577	-16.852483559359417	-11543.576876084611	0.8469399157964919	0.8650260861358461	0.646352977346723	0.7072441278539789	2.680698132284623	0.6055472370652609	0.2538702476172571	0.2847139886329022	0.5879603818488611	0.5410379272647281	0.381637768777806
578	-16.852483559359417	-11543.576876084611	0.8469399157964919	0.8650260861358461	0.646352977346723	0.7072441278539789	2.680698132284623	0.6055472370652609	0.2538702476172571	0.2847139886329022	0.5879603818488611	0.5410379272647281	0.381637768777806
579	-16.852483559359417	-11543.576876084611	0.8469399157964919	0.8650260861358461	0.646352977346723	0.7072441278539789	2.680698132284623	0.6055472370652609	0.2538702476172571	0.2847139886329022	0.5879603818488611	0.5410379272647281	0.381637768777806
580	-16.852483559359417	-11543.576876084611	0.8469399157964919	0.8650260861358461	0.646352977346723	0.7072441278539789	2.680698132284623	0.6055472370652609	0.2538702476172571	0.2847139886329022	0.5879603818488611	0.5410379272647281	0.381637768777806
581	-16.852483559359417	-11543.576876084611	0.8469399157964919	0.8650260861358461	0.646352977346723	0.7072441278539789	2.680698132284623	0.6055472370652609	0.2538702476172571	0.2847139886329022	0.5879603818488611	0.5410379272647281	0.381637768777806
582	-16.852483559359417	-11543.576876084611	0.8469399157964919	0.8650260861358461	0.646352977346723	0.7072441278539789	2.680698132284623	0.6055472370652609	0.2538702476172571	0.2847139886329022	0.5879603818488611	0.5410379272647281	0.381637768777806
583	-16.852483559359417	-11543.576876084611	0.8469399157964919	0.8650260861358461	0.646352977346723	0.7072441278539789	2.680698132284623	0.6055472370652609	0.2538702476172571	0.2847139886329022	0.5879603818488611	0.5410379272647281	0.381637768777806
584	-16.852483559359417	-11543.576876084611	0.8469399157964919	0.8650260861358461	0.646352977346723	0.7072441278539789	2.680698132284623	0.6055472370652609	0.2538702476172571	0.2847139886329022	0.5879603818488611	0.5410379272647281	0.381637768777806
585	-16.708739649356154	-11543.576876084611	0.8469399157964919	0.8650260861358461	0.646352977346723	0.7072441278539789	2.680698132284623	0.6055472370652609	0.2538702476172571	0.2847139886329022	0.5879603818488611	0.5410379272647281	0.29351845306509966
586	-16.708739649356154	-11543.576876084611	0.8469399157964919	0.8650260861358461	0.646352977346723	0.7072441278539789	2.680698132284623	0.6055472370652609	0.2538702476172571	0.2847139886329022	0.5879603818488611	0.5410379272647281	0.29351845306509966
587	-16.708739649356154	-11543.576876084611	0.8469399157964919	0.8650260861358461	0.646352977346723	0.7072441278539789	2.680698132284623	0.6055472370652609	0.2538702476172571	0.2847139886329022	0.5879603818488611	0.5410379272647281	0.29351845306509966
588	-16.731333973107475	-11543.245470122081	0.8469399157964919	0.8650260861358461	0.646352977346723	0.7072441278539789	2.680698132284623	0.6055472370652609	0.2538702476172571	0.2847139886329022	0.5879603818488611	0.5410379272647281	0.29351845306509966
589	-16.731333973107475	-11541.786296260449	0.8469399157964919	0.8650260861358461	0.646352977346723	0.7072441278539789	2.680698132284623	0.6055472370652609	0.2538702476172571	0.2847139886329022	0.5879603818488611	0.5410379272647281	0.29351845306509966
590	-16.731333973107475	-11541.786296260449	0.8469399157964919	0.8650260861358461	0.646352977346723	0.7072441278539789	2.680698132284623	0.6055472370652609	0.2538702476172571	0.2847139886329022	0.5879603818488611	0.5410379272647281	0.29351845306509966
591	-16.731333973107475	-11541.786296260449	0.8469399157964919	0.8650260861358461	0.646352977346723	0.7072441278539789	2.680698132284623	0.6055472370652609	0.2538702476172571	0.2847139886329022	0.5879603818488611	0.5410379272647281	0.29351845306509966
592	-16.731333973107475	-11541.786296260449	0.8469399157964919	0.8650260861358461	0.646352977346723	0.7072441278539789	2.680698132284623	0.6055472370652609	0.2538702476172571	0.2847139886329022	0.5879603818488611	0.5410379272647281	0.29351845306509966
593	-16.731333973107475	-11541.786296260449	0.8469399157964919	0.8650260861358461	0.646352977346723	0.7072441278539789	2.680698132284623	0.6055472370652609	0.2538702476172571	0.2847139886329022	0.5879603818488611	0.5410379272647281	0.29351845306509966
594	-7.397299918081073	-11541.786296260449	1.1243495367269885	0.9203153126142362	0.5131497875325127	0.6797659723718547	3.037747718009438	0.6055472370652609	0.2538702476172571	0.2847139886329022	0.5879603818488611	0.5410379272647281	0.29351845306509966
595	-7.397299918081073	-11541.706019800371	1.1243495367269885	0.9203153126142362	0.5131497875325127	0.6797659723718547	3.037747718009438	0.6055472370652609	0.2538702476172571	0.2847139886329022	0.5879603818488611	0.5410379272647281	0.29351845306509966
596	-7.397299918081073	-11541.706019800371	1.1243495367269885	0.9203153126142362	0.5131497875325127	0.6797659723718547	3.037747718009438	0.6055472370652609	0.2538702476172571	0.2847139886329022	0.5879603818488611	0.5410379272647281	0.29351845306509966
597	-7.397299918081073	-11527.082847179416	1.1243495367269885	0.9203153126142362	0.5131497875325127	0.6797659723718547	3.037747718009438	0.6055472370652609	0.2538702476172571	0.2847139886329022	0.5879603818488611	0.5410379272647281	0.29351845306509966
598	-7.397299918081073	-11527.082847179416	1.1243495367269885	0.9203153126142362	0.5131497875325127	0.6797659723718547	3.037747718009438	0.6055472370652609	0.2538702476172571	0.2847139886329022	0.5879603818488611	0.5410379272647281	0.29351845306509966
599	-7.398222535356778	-11527.407306052151	1.1243495367269885	0.9203153126142362	0.5131497875325127	0.6797659723718547	3.037747718009438	0.6055472370652609	0.2538702476172571	0.2847139886329022	0.5879603818488611	0.5410379272647281	0.29351845306509966
600	-7.3198873549358465	-11527.407306052151	1.1243495367269885	0.9203153126142362	0.5131497875325127	0.6797659723718547	3.037747718009438	0.6055472370652609	0.2538702476172571	0.2847139886329022	0.5879603818488611	0.5410379272647281	0.25349469453582124
601	-7.3198873549358465	-11527.407306052151	1.1243495367269885	0.9203153126142362	0.5131497875325127	0.6797659723718547	3.037747718009438	0.6055472370652609	0.2538702476172571	0.2847139886329022	0.5879603818488611	0.5410379272647281	0.25349469453582124
602	-7.3198873549358465	-11527.407306052151	1.1243495367269885	0.9203153126142362	0.5131497875325127	0.6797659723718547	3.037747718009438	0.6055472370652609	0.2538702476172571	0.2847139886329022	0.5879603818488611	0.5410379272647281	0.25349469453582124
603	-7.29839801072541	-11525.996559167499	1.1243495367269885	0.9203153126142362	0.5131497875325127	0.6797659723718547	3.037747718009438	0.6055472370652609	0.2538702476172571	0.2847139886329022	0.5879603818488611	0.5410379272647281	0.25349469453582124
604	-7.290969340578616	-11503.054750375813	1.1243495367269885	0.9203153126142362	0.5131497875325127	0.6797659723718547	3.037747718009438	0.6055472370652609	0.2538702476172571	0.2847139886329022	0.5879603818488611	0.5410379272647281	0.25349469453582124
605	-7.290969340578616	-11503.054750375813	1.1243495367269885	0.9203153126142362	0.5131497875325127	0.6797659723718547	3.037747718009438	0.6055472370652609	0.2538702476172571	0.2847139886329022	0.5879603818488611	0.5410379272647281	0.25349469453582124
606	-7.290969340578616	-11503.054750375813	1.1243495367269885	0.9203153126142362	0.5131497875325127	0.6797659723718547	3.037747718009438	0.6055472370652609	0.2538702476172571	0.2847139886329022	0.5879603818488611	0.5410379272647281	0.25349469453582124
607	-7.290969340578616	-11503.054750375813	1.1243495367269885	0.9203153126142362	0.5131497875325127	0.6797659723718547	3.037747718009438	0.6055472370652609	0.2538702476172571	0.2847139886329022	0.5879603818488611	0.5410379272647281	0.25349469453582124
608	-7.290969340578616	-11503.054750375813	1.1243495367269885	0.9203153126142362	0.5131497875325127	0.6797659723718547	3.037747718009438	0.6055472370652609	0.2538702476172571	0.2847139886329022	0.5879603818488611	0.5410379272647281	0.25349469453582124
609	-7.286534789897391	-11501.853873906539	1.1243495367269885	0.9203153126142362	0.5131497875325127	0.6797659723718547	3.037747718009438	0.6055472370652609	0.2538702476172571	0.2847139886329022	0.5879603818488611	0.5410379272647281	0.25349469453582124
610	-7.286534789897391	-11501.853873906539	1.1243495367269885	0.9203153126142362	0.5131497875325127	0.6797659723718547	3.037747718009438	0.6055472370652609	0.2538702476172571	0.2847139886329022	0.5879603818488611	0.5410379272647281	0.25349469453582124
611	-7.286534789897391	-11501.48549001119	1.1243495367269885	0.9203153126142362	0.5131497875325127	0.6797659723718547	3.037747718009438	0.6055472370652609	0.2538702476172571	0.2847139886329022	0.5879603818488611	0.5410379272647281	0.25349469453582124
612	-7.286534789897391	-11501.48549001119	1.1243495367269885	0.9203153126142362	0.5131497875325127	0.6797659723718547	3.037747718009438	0.6055472370652609	0.2538702476172571	0.2847139886329022	0.5879603818488611	0.5410379272647281	0.25349469453582124
613	-8.006649759571443	-11485.104922203593	1.1243495367269885	0.9203153126142362	0.5131497875325127	0.6797659723718547	3.037747718009438	0.6055472370652609	0.2538702476172571	0.2847139886329022	0.5879603818488611	0.5410379272647281	0.25349469453582124
614	-8.006649759571443	-11407.12631671619	1.1243495367269885	0.9203153126142362	0.5131497875325127	0.6797659723718547	3.037747718009438	0.6055472370652609	0.2538702476172571	0.2847139886329022	0.5879603818488611	0.5410379272647281	0.25349469453582124
615	-7.988507132599039	-11406.816580328705	1.1243495367269885	0.9203153126142362	0.5131497875325127	0.6797659723718547	3.037747718009438	0.6055472370652609	0.2538702476172571	0.2847139886329022	0.5879603818488611	0.5410379272647281	0.25349469453582124
616	-8.270636946469436	-11289.203522203565	1.1243495367269885	0.9203153126142362	0.5131497875325127	0.6797659723718547	3.037747718009438	0.6055472370652609	0.2538702476172571	0.2847139886329022	0.5879603818488611	0.5410379272647281	0.25349469453582124
617	-8.270636946469436	-11289.203522203565	1.1243495367269885	0.9203153126142362	0.5131497875325127	0.6797659723718547	3.037747718009438	0.6055472370652609	0.2538702476172571	0.2847139886329022	0.5879603818488611	0.5410379272647281	0.25349469453582124
618	-8.397831667470069	-11289.203522203565	1.1243495367269885	0.9203153126142362	0.5131497875325127	0.6797659723718547	3.037747718009438	0.6055472370652609	0.2538702476172571	0.2847139886329022	0.5879603818488611	0.5410379272647281	0.32886850846963844
619	-8.377344123937558	-11289.904547528851	1.1243495367269885	0.9203153126142362	0.5131497875325127	0.6797659723718547	3.037747718009438	0.6055472370652609	0.2538702476172571	0.2847139886329022	0.5879603818488611	0.5410379272647281	0.32886850846963844
620	-8.377344123937558	-11289.904547528851	1.1243495367269885	0.9203153126142362	0.5131497875325127	0.6797659723718547	3.037747718009438	0.6055472370652609	0.2538702476172571	0.2847139886329022	0.5879603818488611	0.5410379272647281	0.32886850846963844
621	-8.377344123937558	-11289.904547528851	1.1243495367269885	0.9203153126142362	0.5131497875325127	0.6797659723718547	3.037747718009438	0.6055472370652609	0.2538702476172571	0.2847139886329022	0.5879603818488611	0.5410379272647281	0.32886850846963844
622	-8.377344123937558	-11289.904547528851	1.1243495367269885	0.9203153126142362	0.5131497875325127	0.6797659723718547	3.037747718009438	0.6055472370652609	0.2538702476172571	0.2847139886329022	0.5879603818488611	0.5410379272647281	0.32886850846963844
623	-8.377344123937558	-11289.904547528851	1.1243495367269885	0.9203153126142362	0.5131497875325127	0.6797659723718547	3.037747718009438	0.6055472370652609	0.2538702476172571	0.2847139886329022	0.5879603818488611	0.5410379272647281	0.32886850846963844
624	-8.20290877063169	-11272.40892655506	1.1243495367269885	0.9203153126142362	0.5131497875325127	0.6797659723718547	3.037747718009438	0.6055472370652609	0.2538702476172571	0.2847139886329022	0.5879603818488611	0.5410379272647281	0.32886850846963844
625	-8.170771234831616	-11266.274409758438	1.1243495367269885	0.9203153126142362	0.5131497875325127	0.6797659723718547	3.037747718009438	0.6055472370652609	0.2538702476172571	0.2847139886329022	0.5879603818488611	0.5410379272647281	0.32886850846963844
626	-8.170771234831616	-11266.274409758438	1.1243495367269885	0.9203153126142362	0.5131497875325127	0.6797659723718547	3.037747718009438	0.6055472370652609	0.2538702476172571	0.2847139886329022	0.5879603818488611	0.5410379272647281	0.32886850846963844
627	-8.170771234831616	-11266.274409758438	1.1243495367269885	0.9203153126142362	0.5131497875325127	0.6797659723718547	3.037747718009438	0.6055472370652609	0.2538702476172571	0.2847139886329022	0.5879603818488611	0.5410379272647281	0.32886850846963844
628	-8.170771234831616	-11266.454543448797	1.1243495367269885	0.9203153126142362	0.5131497875325127	0.6797659723718547	3.037747718009438	0.6055472370652609	0.2538702476172571	0.2847139886329022	0.5879603818488611	0.5410379272647281	0.32886850846963844
629	-8.240523223231445	-11256.602883848931	1.1243495367269885	0.9203153126142362	0.5131497875325127	0.6797659723718547	3.037747718009438	0.6055472370652609	0.2538702476172571	0.2847139886329022	0.5879603818488611	0.5410379272647281	0.32886850846963844
630	-8.240523223231445	-11254.9161325188	1.1243495367269885	0.9203153126142362	0.5131497875325127	0.6797659723718547	3.037747718009438	0.6055472370652609	0.2538702476172571	0.2847139886329022	0.5879603818488611	0.5410379272647281	0.32886850846963844
631	-8.240523223231445	-11254.9161325188	1.1243495367269885	0.9203153126142362	0.5131497875325127	0.6797659723718547	3.037747718009438	0.6055472370652609	0.2538702476172571	0.2847139886329022	0.5879603818488611	0.5410379272647281	0.32886850846963844
632	-7.12596414975234	-11254.9161325188	1.0998239321347507	0.7366337363717192	0.42222802966536316	0.7507410424500858	3.0836352863711953	0.6055472370652609	0.2538702476172571	0.2847139886329022	0.5879603818488611	0.5410379272647281	0.32886850846963844
633	-7.12596414975234	-11254.9161325188	1.0998239321347507	0.7366337363717192	0.42222802966536316	0.7507410424500858	3.0836352863711953	0.6055472370652609	0.2538702476172571	0.2847139886329022	0.5879603818488611	0.5410379272647281	0.32886850846963844
634	-7.12596414975234	-11251.281579121634	1.0998239321347507	0.7366337363717192	0.42222802966536316	0.7507410424500858	3.0836352863711953	0.6055472370652609	0.2538702476172571	0.2847139886329022	0.5879603818488611	0.5410379272647281	0.32886850846963844
635	-7.12596414975234	-11251.281579121634	1.0998239321347507	0.7366337363717192	0.42222802966536316	0.7507410424500858	3.0836352863711953	0.6055472370652609	0.2538702476172571	0.2847139886329022	0.5879603818488611	0.5410379272647281	0.32886850846963844
636	-7.318732161397696	-11222.983787861413	1.0998239321347507	0.7366337363717192	0.42222802966536316	0.7507410424500858	3.0836352863711953	0.6055472370652609	0.2538702476172571	0.2847139886329022	0.5879603818488611	0.5410379272647281	0.32886850846963844
637	-7.314870788001633	-11213.90648517261	1.0998239321347507	0.7366337363717192	0.42222802966536316	0.7507410424500858	3.0836352863711953	0.6055472370652609	0.2538702476172571	0.2847139886329022	0.5879603818488611	0.5410379272647281	0.32886850846963844
638	-7.200887060034807	-11149.93391003756	1.0998239321347507	0.7366337363717192	0.42222802966536316	0.7507410424500858	3.0836352863711953	0.6055472370652609	0.2538702476172571	0.2847139886329022	0.5879603818488611	0.5410379272647281	0.32886850846963844
639	-7.200887060034807	-11149.93391003756	1.0998239321347507	0.7366337363717192	0.42222802966536316	0.7507410424500858	3.0836352863711953	0.6055472370652609	0.2538702476172571	0.2847139886329022	0.5879603818488611	0.5410379272647281	0.32886850846963844
640	-7.200887060034807	-11149.93391003756	1.0998239321347507	0.7366337363717192	0.42222802966536316	0.7507410424500858	3.0836352863711953	0.6055472370652609	0.2538702476172571	0.2847139886329022	0.5879603818488611	0.5410379272647281	0.32886850846963844
641	-7.200887060034807	-11149.93391003756	1.0998239321347507	0.7366337363717192	0.42222802966536316	0.7507410424500858	3.0836352863711953	0.6055472370652609	0.2538702476172571	0.2847139886329022	0.5879603818488611	0.5410379272647281	0.32886850846963844
642	-7.241155798833276	-11149.93391003756	1.0998239321347507	0.7366337363717192	0.42222802966536316	0.7507410424500858	3.0836352863711953	0.6542189650935958	0.2027187709520936	0.2833887008846027	0.5051719452934297	0.549340257067242	0.32886850846963844
643	-7.241155798833276	-11145.224339134485	1.0998239321347507	0.7366337363717192	0.42222802966536316	0.7507410424500858	3.0836352863711953	0.6542189650935958	0.2027187709520936	0.2833887008846027	0.5051719452934297	0.549340257067242	0.32886850846963844
644	-7.241155798833276	-11145.224339134485	1.0998239321347507	0.7366337363717192	0.42222802966536316	0.7507410424500858	3.0836352863711953	0.6542189650935958	0.2027187709520936	0.2833887008846027	0.5051719452934297	0.549340257067242	0.32886850846963844
645	-7.289666337251347	-11139.034974881934	1.0998239321347507	0.7366337363717192	0.42222802966536316	0.7507410424500858	3.0836352863711953	0.6542189650935958	0.2027187709520936	0.2833887008846027	0.5051719452934297	0.549340257067242	0.32886850846963844
646	-6.747904485400424	-11139.034974881934	1.0998239321347507	0.7366337363717192	0.42222802966536316	0.7507410424500858	3.0836352863711953	0.6590582136932017	0.2235992128824315	0.24236471313665867	0.5327169273403279	0.4388242756825597	0.32886850846963844
647	-6.747904485400424	-11133.98827851187	1.0998239321347507	0.7366337363717192	0.42222802966536316	0.7507410424500858	3.0836352863711953	0.6590582136932017	0.2235992128824315	0.24236471313665867	0.5327169273403279	0.4388242756825597	0.32886850846963844
648	-6.747904485400424	-11133.98827851187	1.0998239321347507	0.7366337363717192	0.42222802966536316	0.7507410424500858	3.0836352863711953	0.6590582136932017	0.2235992128824315	0.24236471313665867	0.5327169273403279	0.4388242756825597	0.32886850846963844
649	-6.747904485400424	-11133.98827851187	1.0998239321347507	0.7366337363717192	0.42222802966536316	0.7507410424500858	3.0836352863711953	0.6590582136932017	0.2235992128824315	0.24236471313665867	0.5327169273403279	0.4388242756825597	0.32886850846963844
650	-6.747904485400424	-11133.98827851187	1.0998239321347507	0.7366337363717192	0.42222802966536316	0.7507410424500858	3.0836352863711953	0.6590582136932017	0.2235992128824315	0.24236471313665867	0.5327169273403279	0.4388242756825597	0.32886850846963844
651	-6.747904485400424	-11131.801488005915	1.0998239321347507	0.7366337363717192	0.42222802966536316	0.7507410424500858	3.0836352863711953	0.6590582136932017	0.2235992128824315	0.24236471313665867	0.5327169273403279	0.4388242756825597	0.32886850846963844
652	-6.7412259013872795	-11133.186893495993	1.0998239321347507	0.7366337363717192	0.42222802966536316	0.7507410424500858	3.0836352863711953	0.6590582136932017	0.2235992128824315	0.24236471313665867	0.5327169273403279	0.4388242756825597	0.32886850846963844
653	-6.7412259013872795	-11133.186893495993	1.0998239321347507	0.7366337363717192	0.42222802966536316	0.7507410424500858	3.0836352863711953	0.6590582136932017	0.2235992128824315	0.24236471313665867	0.5327169273403279	0.4388242756825597	0.32886850846963844
654	-6.7412259013872795	-11133.282650230662	1.0998239321347507	0.7366337363717192	0.42222802966536316	0.7507410424500858	3.0836352863711953	0.6590582136932017	0.2235992128824315	0.24236471313665867	0.5327169273403279	0.4388242756825597	0.32886850846963844
655	-6.8851341753146	-11133.282650230662	1.0998239321347507	0.7366337363717192	0.42222802966536316	0.7507410424500858	3.0836352863711953	0.6814683525459774	0.18145364482152032	0.3027917279777609	0.4950675795032459	0.4682683345233356	0.32886850846963844
656	-6.8851341753146	-11133.282650230662	1.0998239321347507	0.7366337363717192	0.42222802966536316	0.7507410424500858	3.0836352863711953	0.6814683525459774	0.18145364482152032	0.3027917279777609	0.4950675795032459	0.4682683345233356	0.32886850846963844
657	-6.8851341753146	-11133.282650230662	1.0998239321347507	0.7366337363717192	0.42222802966536316	0.7507410424500858	3.0836352863711953	0.6814683525459774	0.18145364482152032	0.3027917279777609	0.4950675795032459	0.4682683345233356	0.32886850846963844
658	-6.8851341753146	-11133.282650230662	1.0998239321347507	0.7366337363717192	0.42222802966536316	0.7507410424500858	3.0836352863711953	0.6814683525459774	0.18145364482152032	0.3027917279777609	0.4950675795032459	0.4682683345233356	0.32886850846963844
659	-6.543248083403396	-11133.282650230662	1.0998239321347507	0.7366337363717192	0.42222802966536316	0.7507410424500858	3.0836352863711953	0.5340425515261614	0.19345525827477975	0.29394894852762976	0.46287715731365103	0.39851622564851025	0.32886850846963844
660	-6.148293379380549	-11098.799024565742	1.0998239321347507	0.7366337363717192	0.42222802966536316	0.7507410424500858	3.0836352863711953	0.5340425515261614	0.19345525827477975	0.29394894852762976	0.46287715731365103	0.39851622564851025	0.32886850846963844
661	-6.1938727716268875	-11096.285290010524	1.0998239321347507	0.7366337363717192	0.42222802966536316	0.7507410424500858	3.0836352863711953	0.5340425515261614	0.19345525827477975	0.29394894852762976	0.46287715731365103	0.39851622564851025	0.32886850846963844
662	-6.1938727716268875	-11096.285290010524	1.0998239321347507	0.7366337363717192	0.42222802966536316	0.7507410424500858	3.0836352863711953	0.5340425515261614	0.19345525827477975	0.29394894852762976	0.46287715731365103	0.39851622564851025	0.32886850846963844
663	-6.1938727716268875	-11096.285290010524	1.0998239321347507	0.7366337363717192	0.42222802966536316	0.7507410424500858	3.0836352863711953	0.5340425515261614	0.19345525827477975	0.29394894852762976	0.46287715731365103	0.39851622564851025	0.32886850846963844
664	-6.1938727716268875	-11096.785287739714	1.0998239321347507	0.7366337363717192	0.42222802966536316	0.7507410424500858	3.0836352863711953	0.5340425515261614	0.19345525827477975	0.29394894852762976	0.46287715731365103	0.39851622564851025	0.32886850846963844
665	-6.1938727716268875	-11096.785287739714	1.0998239321347507	0.7366337363717192	0.42222802966536316	0.7507410424500858	3.0836352863711953	0.5340425515261614	0.19345525827477975	0.29394894852762976	0.46287715731365103	0.39851622564851025	0.32886850846963844
666	-6.1938727716268875	-11096.785287739714	1.0998239321347507	0.7366337363717192	0.42222802966536316	0.7507410424500858	3.0836352863711953	0.5340425515261614	0.19345525827477975	0.29394894852762976	0.46287715731365103	0.39851622564851025	0.32886850846963844
667	-6.1938727716268875	-11096.785287739714	1.0998239321347507	0.7366337363717192	0.42222802966536316	0.7507410424500858	3.0836352863711953	0.5340425515261614	0.19345525827477975	0.29394894852762976	0.46287715731365103	0.39851622564851025	0.32886850846963844
668	-6.1938727716268875	-11096.785287739714	1.0998239321347507	0.7366337363717192	0.42222802966536316	0.7507410424500858	3.0836352863711953	0.5340425515261614	0.19345525827477975	0.29394894852762976	0.46287715731365103	0.39851622564851025	0.32886850846963844
669	-6.1938727716268875	-11096.785287739714	1.0998239321347507	0.7366337363717192	0.42222802966536316	0.7507410424500858	3.0836352863711953	0.5340425515261614	0.19345525827477975	0.29394894852762976	0.46287715731365103	0.39851622564851025	0.32886850846963844
670	-6.352110921210536	-11096.785287739714	1.0998239321347507	0.7366337363717192	0.42222802966536316	0.7507410424500858	3.0836352863711953	0.5340425515261614	0.19345525827477975	0.29394894852762976	0.46287715731365103	0.39851622564851025	0.40599325305500406
671	-6.156866782274882	-11096.785287739714	1.0998239321347507	0.7366337363717192	0.42222802966536316	0.7507410424500858	3.0836352863711953	0.5577553846206452	0.24260684721372885	0.38325069922449956	0.37366449695374854	0.35890314185004124	0.40599325305500406
672	-6.101674557253789	-11096.785287739714	1.0998239321347507	0.7366337363717192	0.42222802966536316	0.7507410424500858	3.0836352863711953	0.5577553846206452	0.24260684721372885	0.38325069922449956	0.37366449695374854	0.35890314185004124	0.38030259622184664
673	-6.101674557253789	-11096.785287739714	1.0998239321347507	0.7366337363717192	0.42222802966536316	0.7507410424500858	3.0836352863711953	0.5577553846206452	0.24260684721372885	0.38325069922449956	0.37366449695374854	0.35890314185004124	0.38030259622184664
674	-6.097705362935828	-11097.594578633865	1.0998239321347507	0.7366337363717192	0.42222802966536316	0.7507410424500858	3.0836352863711953	0.5577553846206452	0.24260684721372885	0.38325069922449956	0.37366449695374854	0.35890314185004124	0.38030259622184664
675	-6.097705362935828	-11097.594578633865	1.0998239321347507	0.7366337363717192	0.42222802966536316	0.7507410424500858	3.0836352863711953	0.5577553846206452	0.24260684721372885	0.38325069922449956	0.37366449695374854	0.35890314185004124	0.38030259622184664
676	-6.097705362935828	-11092.704011540322	1.0998239321347507	0.7366337363717192	0.42222802966536316	0.7507410424500858	3.0836352863711953	0.5577553846206452	0.24260684721372885	0.38325069922449956	0.37366449695374854	0.35890314185004124	0.38030259622184664
677	-6.097705362935828	-11092.704011540322	1.0998239321347507	0.7366337363717192	0.42222802966536316	0.7507410424500858	3.0836352863711953	0.5577553846206452	0.24260684721372885	0.38325069922449956	0.37366449695374854	0.35890314185004124	0.38030259622184664
678	-6.096201672989041	-11092.757160278177	1.0998239321347507	0.7366337363717192	0.42222802966536316	0.7507410424500858	3.0836352863711953	0.5577553846206452	0.24260684721372885	0.38325069922449956	0.37366449695374854	0.35890314185004124	0.38030259622184664
679	-6.096201672989041	-11092.757160278177	1.0998239321347507	0.7366337363717192	0.42222802966536316	0.7507410424500858	3.0836352863711953	0.5577553846206452	0.24260684721372885	0.38325069922449956	0.37366449695374854	0.35890314185004124	0.38030259622184664
680	-6.095826547374431	-11092.742671885173	1.0998239321347507	0.7366337363717192	0.42222802966536316	0.7507410424500858	3.0836352863711953	0.5577553846206452	0.24260684721372885	0.38325069922449956	0.37366449695374854	0.35890314185004124	0.38030259622184664
681	-6.095826547374431	-11092.742671885173	1.0998239321347507	0.7366337363717192	0.42222802966536316	0.7507410424500858	3.0836352863711953	0.5577553846206452	0.24260684721372885	0.38325069922449956	0.37366449695374854	0.35890314185004124	0.38030259622184664
682	-6.095826547374431	-11092.742671885173	1.0998239321347507	0.7366337363717192	0.42222802966536316	0.7507410424500858	3.0836352863711953	0.5577553846206452	0.24260684721372885	0.38325069922449956	0.37366449695374854	0.35890314185004124	0.38030259622184664
683	-6.095826547374431	-11092.742671885173	1.0998239321347507	0.7366337363717192	0.42222802966536316	0.7507410424500858	3.0836352863711953	0.5577553846206452	0.24260684721372885	0.38325069922449956	0.37366449695374854	0.35890314185004124	0.38030259622184664
684	-6.095826547374431	-11092.742671885173	1.0998239321347507	0.7366337363717192	0.42222802966536316	0.7507410424500858	3.0836352863711953	0.5577553846206452	0.24260684721372885	0.38325069922449956	0.37366449695374854	0.35890314185004124	0.38030259622184664
685	-6.095826547374431	-11092.742671885173	1.0998239321347507	0.7366337363717192	0.42222802966536316	0.7507410424500858	3.0836352863711953	0.5577553846206452	0.24260684721372885	0.38325069922449956	0.37366449695374854	0.35890314185004124	0.38030259622184664
686	-6.095826547374431	-11092.742671885173	1.0998239321347507	0.7366337363717192	0.42222802966536316	0.7507410424500858	3.0836352863711953	0.5577553846206452	0.24260684721372885	0.38325069922449956	0.37366449695374854	0.35890314185004124	0.38030259622184664
687	-5.763790215500551	-11078.545883598612	1.0998239321347507	0.7366337363717192	0.42222802966536316	0.7507410424500858	3.0836352863711953	0.5577553846206452	0.24260684721372885	0.38325069922449956	0.37366449695374854	0.35890314185004124	0.38030259622184664
688	-5.763790215500551	-11078.545883598612	1.0998239321347507	0.7366337363717192	0.42222802966536316	0.7507410424500858	3.0836352863711953	0.5577553846206452	0.24260684721372885	0.38325069922449956	0.37366449695374854	0.35890314185004124	0.38030259622184664
689	-5.913818344431929	-11078.545883598612	1.0998239321347507	0.7366337363717192	0.42222802966536316	0.7507410424500858	3.0836352863711953	0.5577553846206452	0.24260684721372885	0.38325069922449956	0.37366449695374854	0.35890314185004124	0.4486405908969912
690	-5.913818344431929	-11078.545883598612	1.0998239321347507	0.7366337363717192	0.42222802966536316	0.7507410424500858	3.0836352863711953	0.5577553846206452	0.24260684721372885	0.38325069922449956	0.37366449695374854	0.35890314185004124	0.4486405908969912
691	-5.913818344431929	-11078.545883598612	1.0998239321347507	0.7366337363717192	0.42222802966536316	0.7507410424500858	3.0836352863711953	0.5577553846206452	0.24260684721372885	0.38325069922449956	0.37366449695374854	0.35890314185004124	0.4486405908969912
692	-5.913818344431929	-11014.948439050811	1.0998239321347507	0.7366337363717192	0.42222802966536316	0.7507410424500858	3.0836352863711953	0.5577553846206452	0.24260684721372885	0.38325069922449956	0.37366449695374854	0.35890314185004124	0.4486405908969912
693	-5.913818344431929	-11014.948439050811	1.0998239321347507	0.7366337363717192	0.42222802966536316	0.7507410424500858	3.0836352863711953	0.5577553846206452	0.24260684721372885	0.38325069922449956	0.37366449695374854	0.35890314185004124	0.4486405908969912
694	-5.913818344431929	-11014.948439050811	1.0998239321347507	0.7366337363717192	0.42222802966536316	0.7507410424500858	3.0836352863711953	0.5577553846206452	0.24260684721372885	0.38325069922449956	0.37366449695374854	0.35890314185004124	0.4486405908969912
695	-5.913818344431929	-11014.948439050811	1.0998239321347507	0.7366337363717192	0.42222802966536316	0.7507410424500858	3.0836352863711953	0.5577553846206452	0.24260684721372885	0.38325069922449956	0.37366449695374854	0.35890314185004124	0.4486405908969912
696	-5.913818344431929	-11014.948439050811	1.0998239321347507	0.7366337363717192	0.42222802966536316	0.7507410424500858	3.0836352863711953	0.5577553846206452	0.24260684721372885	0.38325069922449956	0.37366449695374854	0.35890314185004124	0.4486405908969912
697	-5.913818344431929	-11014.948439050811	1.0998239321347507	0.7366337363717192	0.42222802966536316	0.7507410424500858	3.0836352863711953	0.5577553846206452	0.24260684721372885	0.38325069922449956	0.37366449695374854	0.35890314185004124	0.4486405908969912
698	-5.913818344431929	-11014.948439050811	1.0998239321347507	0.7366337363717192	0.42222802966536316	0.7507410424500858	3.0836352863711953	0.5577553846206452	0.24260684721372885	0.38325069922449956	0.37366449695374854	0.35890314185004124	0.4486405908969912
699	-5.913818344431929	-11014.948439050811	1.0998239321347507	0.7366337363717192	0.42222802966536316	0.7507410424500858	3.0836352863711953	0.5577553846206452	0.24260684721372885	0.38325069922449956	0.37366449695374854	0.35890314185004124	0.4486405908969912
700	-5.913818344431929	-11014.948439050811	1.0998239321347507	0.7366337363717192	0.42222802966536316	0.7507410424500858	3.0836352863711953	0.5577553846206452	0.24260684721372885	0.38325069922449956	0.37366449695374854	0.35890314185004124	0.4486405908969912
701	-5.59160524520628	-10997.870748890946	1.0998239321347507	0.7366337363717192	0.42222802966536316	0.7507410424500858	3.0836352863711953	0.5577553846206452	0.24260684721372885	0.38325069922449956	0.37366449695374854	0.35890314185004124	0.4486405908969912
702	-5.59160524520628	-10997.870748890946	1.0998239321347507	0.7366337363717192	0.42222802966536316	0.7507410424500858	3.0836352863711953	0.5577553846206452	0.24260684721372885	0.38325069922449956	0.37366449695374854	0.35890314185004124	0.4486405908969912
703	-5.59160524520628	-10997.870748890946	1.0998239321347507	0.7366337363717192	0.42222802966536316	0.7507410424500858	3.0836352863711953	0.5577553846206452	0.24260684721372885	0.38325069922449956	0.37366449695374854	0.35890314185004124	0.4486405908969912
704	-5.587560038497612	-10996.816295395241	1.0998239321347507	0.7366337363717192	0.42222802966536316	0.7507410424500858	3.0836352863711953	0.5577553846206452	0.24260684721372885	0.38325069922449956	0.37366449695374854	0.35890314185004124	0.4486405908969912
705	-5.587560038497612	-10996.816295395241	1.0998239321347507	0.7366337363717192	0.42222802966536316	0.7507410424500858	3.0836352863711953	0.5577553846206452	0.24260684721372885	0.38325069922449956	0.37366449695374854	0.35890314185004124	0.4486405908969912
706	-5.587560038497612	-10996.816295395241	1.0998239321347507	0.7366337363717192	0.42222802966536316	0.7507410424500858	3.0836352863711953	0.5577553846206452	0.24260684721372885	0.38325069922449956	0.37366449695374854	0.35890314185004124	0.4486405908969912
707	-5.587560038497612	-10996.816295395241	1.0998239321347507	0.7366337363717192	0.42222802966536316	0.7507410424500858	3.0836352863711953	0.5577553846206452	0.24260684721372885	0.38325069922449956	0.37366449695374854	0.35890314185004124	0.4486405908969912
708	-5.587560038497612	-10996.816295395241	1.0998239321347507	0.7366337363717192	0.42222802966536316	0.7507410424500858	3.0836352863711953	0.5577553846206452	0.24260684721372885	0.38325069922449956	0.37366449695374854	0.35890314185004124	0.4486405908969912
709	-5.587560038497612	-10996.75105844597	1.0998239321347507	0.7366337363717192	0.42222802966536316	0.7507410424500858	3.0836352863711953	0.5577553846206452	0.24260684721372885	0.38325069922449956	0.37366449695374854	0.35890314185004124	0.4486405908969912
710	-5.5710176444287764	-10988.851992487505	1.0998239321347507	0.7366337363717192	0.42222802966536316	0.7507410424500858	3.0836352863711953	0.5577553846206452	0.24260684721372885	0.38325069922449956	0.37366449695374854	0.35890314185004124	0.4486405908969912
711	-5.5710176444287764	-10988.851992487505	1.0998239321347507	0.7366337363717192	0.42222802966536316	0.7507410424500858	3.0836352863711953	0.5577553846206452	0.24260684721372885	0.38325069922449956	0.37366449695374854	0.35890314185004124	0.4486405908969912
712	-5.5710176444287764	-10988.851992487505	1.0998239321347507	0.7366337363717192	0.42222802966536316	0.7507410424500858	3.0836352863711953	0.5577553846206452	0.24260684721372885	0.38325069922449956	0.37366449695374854	0.35890314185004124	0.4486405908969912
713	-5.5710176444287764	-10988.851992487505	1.0998239321347507	0.7366337363717192	0.42222802966536316	0.7507410424500858	3.0836352863711953	0.5577553846206452	0.24260684721372885	0.38325069922449956	0.37366449695374854	0.35890314185004124	0.4486405908969912
714	-5.5710176444287764	-10988.851992487505	1.0998239321347507	0.7366337363717192	0.42222802966536316	0.7507410424500858	3.0836352863711953	0.5577553846206452	0.24260684721372885	0.38325069922449956	0.37366449695374854	0.35890314185004124	0.4486405908969912
715	-5.5710176444287764	-10988.851992487505	1.0998239321347507	0.7366337363717192	0.42222802966536316	0.7507410424500858	3.0836352863711953	0.5577553846206452	0.24260684721372885	0.38325069922449956	0.37366449695374854	0.35890314185004124	0.4486405908969912
716	-5.5710176444287764	-10988.851992487505	1.0998239321347507	0.7366337363717192	0.42222802966536316	0.7507410424500858	3.0836352863711953	0.5577553846206452	0.24260684721372885	0.38325069922449956	0.37366449695374854	0.35890314185004124	0.4486405908969912
717	-5.644682347211408	-10988.851992487505	1.0998239321347507	0.7366337363717192	0.42222802966536316	0.7507410424500858	3.0836352863711953	0.5982434134030361	0.30837273200230836	0.474817915818035	0.47320039296870964	0.37254057790195544	0.4486405908969912
718	-5.644682347211408	-10988.851992487505	1.0998239321347507	0.7366337363717192	0.42222802966536316	0.7507410424500858	3.0836352863711953	0.5982434134030361	0.30837273200230836	0.474817915818035	0.47320039296870964	0.37254057790195544	0.4486405908969912
719	-5.577831311473311	-10987.737319821212	1.0998239321347507	0.7366337363717192	0.42222802966536316	0.7507410424500858	3.0836352863711953	0.5982434134030361	0.30837273200230836	0.474817915818035	0.47320039296870964	0.37254057790195544	0.4486405908969912
720	-5.577831311473311	-10987.737319821212	1.0998239321347507	0.7366337363717192	0.42222802966536316	0.7507410424500858	3.0836352863711953	0.5982434134030361	0.30837273200230836	0.474817915818035	0.47320039296870964	0.37254057790195544	0.4486405908969912
721	-5.570428264058471	-10987.075441851544	1.0998239321347507	0.7366337363717192	0.42222802966536316	0.7507410424500858	3.0836352863711953	0.5982434134030361	0.30837273200230836	0.474817915818035	0.47320039296870964	0.37254057790195544	0.4486405908969912
722	-5.570428264058471	-10987.075441851544	1.0998239321347507	0.7366337363717192	0.42222802966536316	0.7507410424500858	3.0836352863711953	0.5982434134030361	0.30837273200230836	0.474817915818035	0.47320039296870964	0.37254057790195544	0.4486405908969912
723	-5.570428264058471	-10987.68488638186	1.0998239321347507	0.7366337363717192	0.42222802966536316	0.7507410424500858	3.0836352863711953	0.5982434134030361	0.30837273200230836	0.474817915818035	0.47320039296870964	0.37254057790195544	0.4486405908969912
724	-5.5295244002035915	-10986.150702372739	1.0998239321347507	0.7366337363717192	0.42222802966536316	0.7507410424500858	3.0836352863711953	0.5982434134030361	0.30837273200230836	0.474817915818035	0.47320039296870964	0.37254057790195544	0.4486405908969912
725	-5.432778613620435	-10888.636547584147	1.0998239321347507	0.7366337363717192	0.42222802966536316	0.7507410424500858	3.0836352863711953	0.5982434134030361	0.30837273200230836	0.474817915818035	0.47320039296870964	0.37254057790195544	0.4486405908969912
726	-5.432778613620435	-10888.487784459465	1.0998239321347507	0.7366337363717192	0.42222802966536316	0.7507410424500858	3.0836352863711953	0.5982434134030361	0.30837273200230836	0.474817915818035	0.47320039296870964	0.37254057790195544	0.4486405908969912
727	-5.432778613620435	-10888.487784459465	1.0998239321347507	0.7366337363717192	0.42222802966536316	0.7507410424500858	3.0836352863711953	0.5982434134030361	0.30837273200230836	0.474817915818035	0.47320039296870964	0.37254057790195544	0.4486405908969912
728	-5.432778613620435	-10888.487784459465	1.0998239321347507	0.7366337363717192	0.42222802966536316	0.7507410424500858	3.0836352863711953	0.5982434134030361	0.30837273200230836	0.474817915818035	0.47320039296870964	0.37254057790195544	0.4486405908969912
729	-5.432778613620435	-10888.487784459465	1.0998239321347507	0.7366337363717192	0.42222802966536316	0.7507410424500858	3.0836352863711953	0.5982434134030361	0.30837273200230836	0.474817915818035	0.47320039296870964	0.37254057790195544	0.4486405908969912
730	-5.432778613620435	-10888.487784459465	1.0998239321347507	0.7366337363717192	0.42222802966536316	0.7507410424500858	3.0836352863711953	0.5982434134030361	0.30837273200230836	0.474817915818035	0.47320039296870964	0.37254057790195544	0.4486405908969912
731	-5.432778613620435	-10888.487784459465	1.0998239321347507	0.7366337363717192	0.42222802966536316	0.7507410424500858	3.0836352863711953	0.5982434134030361	0.30837273200230836	0.474817915818035	0.47320039296870964	0.37254057790195544	0.4486405908969912
732	-5.432778613620435	-10888.487784459465	1.0998239321347507	0.7366337363717192	0.42222802966536316	0.7507410424500858	3.0836352863711953	0.5982434134030361	0.30837273200230836	0.474817915818035	0.47320039296870964	0.37254057790195544	0.4486405908969912
733	-5.432778613620435	-10888.487784459465	1.0998239321347507	0.7366337363717192	0.42222802966536316	0.7507410424500858	3.0836352863711953	0.5982434134030361	0.30837273200230836	0.474817915818035	0.47320039296870964	0.37254057790195544	0.4486405908969912
734	-5.455804774289128	-10888.428833404023	1.0998239321347507	0.7366337363717192	0.42222802966536316	0.7507410424500858	3.0836352863711953	0.5982434134030361	0.30837273200230836	0.474817915818035	0.47320039296870964	0.37254057790195544	0.4486405908969912
735	-5.455804774289128	-10888.428833404023	1.0998239321347507	0.7366337363717192	0.42222802966536316	0.7507410424500858	3.0836352863711953	0.5982434134030361	0.30837273200230836	0.474817915818035	0.47320039296870964	0.37254057790195544	0.4486405908969912
736	-5.7510154842230286	-10888.428833404023	1.0998239321347507	0.7366337363717192	0.42222802966536316	0.7507410424500858	3.0836352863711953	0.7671504163604284	0.2981373213440899	0.38082048764087967	0.4857555423584878	0.4281789667863483	0.4486405908969912
737	-5.742113441956274	-10888.31931927384	1.0998239321347507	0.7366337363717192	0.42222802966536316	0.7507410424500858	3.0836352863711953	0.7671504163604284	0.2981373213440899	0.38082048764087967	0.4857555423584878	0.4281789667863483	0.4486405908969912
738	-5.742113441956274	-10888.31931927384	1.0998239321347507	0.7366337363717192	0.42222802966536316	0.7507410424500858	3.0836352863711953	0.7671504163604284	0.2981373213440899	0.38082048764087967	0.4857555423584878	0.4281789667863483	0.4486405908969912
739	-5.742113441956274	-10888.31931927384	1.0998239321347507	0.7366337363717192	0.42222802966536316	0.7507410424500858	3.0836352863711953	0.7671504163604284	0.2981373213440899	0.38082048764087967	0.4857555423584878	0.4281789667863483	0.4486405908969912
740	-5.742113441956274	-10888.31931927384	1.0998239321347507	0.7366337363717192	0.42222802966536316	0.7507410424500858	3.0836352863711953	0.7671504163604284	0.2981373213440899	0.38082048764087967	0.4857555423584878	0.4281789667863483	0.4486405908969912
741	-5.742113441956274	-10888.31931927384	1.0998239321347507	0.7366337363717192	0.42222802966536316	0.7507410424500858	3.0836352863711953	0.7671504163604284	0.2981373213440899	0.38082048764087967	0.4857555423584878	0.4281789667863483	0.4486405908969912
742	-5.742113441956274	-10888.31931927384	1.0998239321347507	0.7366337363717192	0.42222802966536316	0.7507410424500858	3.0836352863711953	0.7671504163604284	0.2981373213440899	0.38082048764087967	0.4857555423584878	0.4281789667863483	0.4486405908969912
743	-4.105841628439163	-10888.31931927384	1.0851412450369848	0.7416371262545784	0.5127761878797936	0.607255887186104	3.151602374914157	0.7671504163604284	0.2981373213440899	0.38082048764087967	0.4857555423584878	0.4281789667863483	0.4486405908969912
744	-4.105841628439163	-10888.31931927384	1.0851412450369848	0.7416371262545784	0.5127761878797936	0.607255887186104	3.151602374914157	0.7671504163604284	0.2981373213440899	0.38082048764087967	0.4857555423584878	0.4281789667863483	0.4486405908969912
745	-4.105841628439163	-10888.31931927384	1.0851412450369848	0.7416371262545784	0.5127761878797936	0.607255887186104	3.151602374914157	0.7671504163604284	0.2981373213440899	0.38082048764087967	0.4857555423584878	0.4281789667863483	0.4486405908969912
746	-4.105841628439163	-10888.31931927384	1.0851412450369848	0.7416371262545784	0.5127761878797936	0.607255887186104	3.151602374914157	0.7671504163604284	0.2981373213440899	0.38082048764087967	0.4857555423584878	0.4281789667863483	0.4486405908969912
747	-4.105841628439163	-10888.31931927384	1.0851412450369848	0.7416371262545784	0.5127761878797936	0.607255887186104	3.151602374914157	0.7671504163604284	0.2981373213440899	0.38082048764087967	0.4857555423584878	0.4281789667863483	0.4486405908969912
748	-4.105841628439163	-10888.31931927384	1.0851412450369848	0.7416371262545784	0.5127761878797936	0.607255887186104	3.151602374914157	0.7671504163604284	0.2981373213440899	0.38082048764087967	0.4857555423584878	0.4281789667863483	0.4486405908969912
749	-4.105841628439163	-10888.31931927384	1.0851412450369848	0.7416371262545784	0.5127761878797936	0.607255887186104	3.151602374914157	0.7671504163604284	0.2981373213440899	0.38082048764087967	0.4857555423584878	0.4281789667863483	0.4486405908969912
750	-4.105841628439163	-10888.31931927384	1.0851412450369848	0.7416371262545784	0.5127761878797936	0.607255887186104	3.151602374914157	0.7671504163604284	0.2981373213440899	0.38082048764087967	0.4857555423584878	0.4281789667863483	0.4486405908969912
751	-4.105841628439163	-10888.31931927384	1.0851412450369848	0.7416371262545784	0.5127761878797936	0.607255887186104	3.151602374914157	0.7671504163604284	0.2981373213440899	0.38082048764087967	0.4857555423584878	0.4281789667863483	0.4486405908969912
752	-4.357508248127619	-10888.31931927384	1.0851412450369848	0.7416371262545784	0.5127761878797936	0.607255887186104	3.151602374914157	0.6633553308999713	0.31672861330323065	0.3107542044446614	0.4232906512276458	0.4762913259732949	0.4486405908969912
753	-4.357508248127619	-10888.31931927384	1.0851412450369848	0.7416371262545784	0.5127761878797936	0.607255887186104	3.151602374914157	0.6633553308999713	0.31672861330323065	0.3107542044446614	0.4232906512276458	0.4762913259732949	0.4486405908969912
754	-4.357508248127619	-10888.31931927384	1.0851412450369848	0.7416371262545784	0.5127761878797936	0.607255887186104	3.151602374914157	0.6633553308999713	0.31672861330323065	0.3107542044446614	0.4232906512276458	0.4762913259732949	0.4486405908969912
755	-4.310742327973177	-10885.716799466387	1.0851412450369848	0.7416371262545784	0.5127761878797936	0.607255887186104	3.151602374914157	0.6633553308999713	0.31672861330323065	0.3107542044446614	0.4232906512276458	0.4762913259732949	0.4486405908969912
756	-4.304052745194372	-10885.351724698881	1.0851412450369848	0.7416371262545784	0.5127761878797936	0.607255887186104	3.151602374914157	0.6633553308999713	0.31672861330323065	0.3107542044446614	0.4232906512276458	0.4762913259732949	0.4486405908969912
757	-4.304052745194372	-10885.351724698881	1.0851412450369848	0.7416371262545784	0.5127761878797936	0.607255887186104	3.151602374914157	0.6633553308999713	0.31672861330323065	0.3107542044446614	0.4232906512276458	0.4762913259732949	0.4486405908969912
758	-4.3199804743403725	-10882.41310056305	1.0851412450369848	0.7416371262545784	0.5127761878797936	0.607255887186104	3.151602374914157	0.6633553308999713	0.31672861330323065	0.3107542044446614	0.4232906512276458	0.4762913259732949	0.4486405908969912
759	-4.3199804743403725	-10882.41310056305	1.0851412450369848	0.7416371262545784	0.5127761878797936	0.607255887186104	3.151602374914157	0.6633553308999713	0.31672861330323065	0.3107542044446614	0.4232906512276458	0.4762913259732949	0.4486405908969912
760	12.560058892971997	-10882.41310056305	0.8649789143331065	0.937018589745639	0.5278792968708444	0.7180117182487938	3.936742408500094	0.6633553308999713	0.31672861330323065	0.3107542044446614	0.4232906512276458	0.4762913259732949	0.4486405908969912
761	12.560058892971997	-10882.41310056305	0.8649789143331065	0.937018589745639	0.5278792968708444	0.7180117182487938	3.936742408500094	0.6633553308999713	0.31672861330323065	0.3107542044446614	0.4232906512276458	0.4762913259732949	0.4486405908969912
762	12.560058892971997	-10882.41310056305	0.8649789143331065	0.937018589745639	0.5278792968708444	0.7180117182487938	3.936742408500094	0.6633553308999713	0.31672861330323065	0.3107542044446614	0.4232906512276458	0.4762913259732949	0.4486405908969912
763	12.564502430332867	-10881.64528255072	0.8649789143331065	0.937018589745639	0.5278792968708444	0.7180117182487938	3.936742408500094	0.6633553308999713	0.31672861330323065	0.3107542044446614	0.4232906512276458	0.4762913259732949	0.4486405908969912
764	12.564502430332867	-10878.623779572046	0.8649789143331065	0.937018589745639	0.5278792968708444	0.7180117182487938	3.936742408500094	0.6633553308999713	0.31672861330323065	0.3107542044446614	0.4232906512276458	0.4762913259732949	0.4486405908969912
765	12.564502430332867	-10876.091031506052	0.8649789143331065	0.937018589745639	0.5278792968708444	0.7180117182487938	3.936742408500094	0.6633553308999713	0.31672861330323065	0.3107542044446614	0.4232906512276458	0.4762913259732949	0.4486405908969912
766	12.564502430332867	-10876.091031506052	0.8649789143331065	0.937018589745639	0.5278792968708444	0.7180117182487938	3.936742408500094	0.6633553308999713	0.31672861330323065	0.3107542044446614	0.4232906512276458	0.4762913259732949	0.4486405908969912
767	12.617653496063133	-10876.091031506052	0.8649789143331065	0.937018589745639	0.5278792968708444	0.7180117182487938	3.936742408500094	0.6633553308999713	0.31672861330323065	0.3107542044446614	0.4232906512276458	0.4762913259732949	0.43251804991493487
768	12.617653496063133	-10875.651548561123	0.8649789143331065	0.937018589745639	0.5278792968708444	0.7180117182487938	3.936742408500094	0.6633553308999713	0.31672861330323065	0.3107542044446614	0.4232906512276458	0.4762913259732949	0.43251804991493487
769	12.617653496063133	-10875.651548561123	0.8649789143331065	0.937018589745639	0.5278792968708444	0.7180117182487938	3.936742408500094	0.6633553308999713	0.31672861330323065	0.3107542044446614	0.4232906512276458	0.4762913259732949	0.43251804991493487
770	12.617653496063133	-10875.651548561123	0.8649789143331065	0.937018589745639	0.5278792968708444	0.7180117182487938	3.936742408500094	0.6633553308999713	0.31672861330323065	0.3107542044446614	0.4232906512276458	0.4762913259732949	0.43251804991493487
771	12.617653496063133	-10875.651548561123	0.8649789143331065	0.937018589745639	0.5278792968708444	0.7180117182487938	3.936742408500094	0.6633553308999713	0.31672861330323065	0.3107542044446614	0.4232906512276458	0.4762913259732949	0.43251804991493487
772	12.617653496063133	-10875.651548561123	0.8649789143331065	0.937018589745639	0.5278792968708444	0.7180117182487938	3.936742408500094	0.6633553308999713	0.31672861330323065	0.3107542044446614	0.4232906512276458	0.4762913259732949	0.43251804991493487
773	12.617653496063133	-10875.651548561123	0.8649789143331065	0.937018589745639	0.5278792968708444	0.7180117182487938	3.936742408500094	0.6633553308999713	0.31672861330323065	0.3107542044446614	0.4232906512276458	0.4762913259732949	0.43251804991493487
774	12.617653496063133	-10875.651548561123	0.8649789143331065	0.937018589745639	0.5278792968708444	0.7180117182487938	3.936742408500094	0.6633553308999713	0.31672861330323065	0.3107542044446614	0.4232906512276458	0.4762913259732949	0.43251804991493487
775	11.485584301788261	-10866.508013992987	0.8649789143331065	0.937018589745639	0.5278792968708444	0.7180117182487938	3.936742408500094	0.6633553308999713	0.31672861330323065	0.3107542044446614	0.4232906512276458	0.4762913259732949	0.43251804991493487
776	11.485584301788261	-10866.508013992987	0.8649789143331065	0.937018589745639	0.5278792968708444	0.7180117182487938	3.936742408500094	0.6633553308999713	0.31672861330323065	0.3107542044446614	0.4232906512276458	0.4762913259732949	0.43251804991493487
777	11.524914736798987	-10859.65927680466	0.8649789143331065	0.937018589745639	0.5278792968708444	0.7180117182487938	3.936742408500094	0.6633553308999713	0.31672861330323065	0.3107542044446614	0.4232906512276458	0.4762913259732949	0.43251804991493487
778	11.524914736798987	-10859.65927680466	0.8649789143331065	0.937018589745639	0.5278792968708444	0.7180117182487938	3.936742408500094	0.6633553308999713	0.31672861330323065	0.3107542044446614	0.4232906512276458	0.4762913259732949	0.43251804991493487
779	11.524914736798987	-10859.65927680466	0.8649789143331065	0.937018589745639	0.5278792968708444	0.7180117182487938	3.936742408500094	0.6633553308999713	0.31672861330323065	0.3107542044446614	0.4232906512276458	0.4762913259732949	0.43251804991493487
780	11.524914736798987	-10859.65927680466	0.8649789143331065	0.937018589745639	0.5278792968708444	0.7180117182487938	3.936742408500094	0.6633553308999713	0.31672861330323065	0.3107542044446614	0.4232906512276458	0.4762913259732949	0.43251804991493487
781	11.524914736798987	-10859.65927680466	0.8649789143331065	0.937018589745639	0.5278792968708444	0.7180117182487938	3.936742408500094	0.6633553308999713	0.31672861330323065	0.3107542044446614	0.4232906512276458	0.4762913259732949	0.43251804991493487
782	11.524914736798987	-10859.65927680466	0.8649789143331065	0.937018589745639	0.5278792968708444	0.7180117182487938	3.936742408500094	0.6633553308999713	0.31672861330323065	0.3107542044446614	0.4232906512276458	0.4762913259732949	0.43251804991493487
783	11.524914736798987	-10859.65927680466	0.8649789143331065	0.937018589745639	0.5278792968708444	0.7180117182487938	3.936742408500094	0.6633553308999713	0.31672861330323065	0.3107542044446614	0.4232906512276458	0.4762913259732949	0.43251804991493487
784	11.524914736798987	-10859.65927680466	0.8649789143331065	0.937018589745639	0.5278792968708444	0.7180117182487938	3.936742408500094	0.6633553308999713	0.31672861330323065	0.3107542044446614	0.4232906512276458	0.4762913259732949	0.43251804991493487
785	11.524914736798987	-10856.606680056613	0.8649789143331065	0.937018589745639	0.5278792968708444	0.7180117182487938	3.936742408500094	0.6633553308999713	0.31672861330323065	0.3107542044446614	0.4232906512276458	0.4762913259732949	0.43251804991493487
786	11.789285533957223	-10748.31095537358	0.8649789143331065	0.937018589745639	0.5278792968708444	0.7180117182487938	3.936742408500094	0.6633553308999713	0.31672861330323065	0.3107542044446614	0.4232906512276458	0.4762913259732949	0.43251804991493487
787	11.744985240150978	-10742.697095450443	0.8649789143331065	0.937018589745639	0.5278792968708444	0.7180117182487938	3.936742408500094	0.6633553308999713	0.31672861330323065	0.3107542044446614	0.4232906512276458	0.4762913259732949	0.43251804991493487
788	11.744985240150978	-10742.697095450443	0.8649789143331065	0.937018589745639	0.5278792968708444	0.7180117182487938	3.936742408500094	0.6633553308999713	0.31672861330323065	0.3107542044446614	0.4232906512276458	0.4762913259732949	0.43251804991493487
789	12.017314334921466	-10742.697095450443	0.8649789143331065	0.937018589745639	0.5278792968708444	0.7180117182487938	3.936742408500094	0.6092301649741727	0.4144338345009048	0.37721447177302236	0.487302620941991	0.4154167982078597	0.43251804991493487
790	12.017314334921466	-10739.383169725701	0.8649789143331065	0.937018589745639	0.5278792968708444	0.7180117182487938	3.936742408500094	0.6092301649741727	0.4144338345009048	0.37721447177302236	0.487302620941991	0.4154167982078597	0.43251804991493487
791	12.017314334921466	-10739.383169725701	0.8649789143331065	0.937018589745639	0.5278792968708444	0.7180117182487938	3.936742408500094	0.6092301649741727	0.4144338345009048	0.37721447177302236	0.487302620941991	0.4154167982078597	0.43251804991493487
792	12.163539524042822	-10739.383169725701	0.8649789143331065	0.937018589745639	0.5278792968708444	0.7180117182487938	3.936742408500094	0.4603345254659147	0.3208002866545841	0.37615618601557216	0.3684940983471041	0.38357880918207726	0.43251804991493487
793	12.163539524042822	-10739.311963484271	0.8649789143331065	0.937018589745639	0.5278792968708444	0.7180117182487938	3.936742408500094	0.4603345254659147	0.3208002866545841	0.37615618601557216	0.3684940983471041	0.38357880918207726	0.43251804991493487
794	12.163539524042822	-10739.311963484271	0.8649789143331065	0.937018589745639	0.5278792968708444	0.7180117182487938	3.936742408500094	0.4603345254659147	0.3208002866545841	0.37615618601557216	0.3684940983471041	0.38357880918207726	0.43251804991493487
795	12.163539524042822	-10739.311963484271	0.8649789143331065	0.937018589745639	0.5278792968708444	0.7180117182487938	3.936742408500094	0.4603345254659147	0.3208002866545841	0.37615618601557216	0.3684940983471041	0.38357880918207726	0.43251804991493487
796	12.163539524042822	-10739.311963484271	0.8649789143331065	0.937018589745639	0.5278792968708444	0.7180117182487938	3.936742408500094	0.4603345254659147	0.3208002866545841	0.37615618601557216	0.3684940983471041	0.38357880918207726	0.43251804991493487
797	12.163539524042822	-10728.399509736852	0.8649789143331065	0.937018589745639	0.5278792968708444	0.7180117182487938	3.936742408500094	0.4603345254659147	0.3208002866545841	0.37615618601557216	0.3684940983471041	0.38357880918207726	0.43251804991493487
798	12.163539524042822	-10728.399509736852	0.8649789143331065	0.937018589745639	0.5278792968708444	0.7180117182487938	3.936742408500094	0.4603345254659147	0.3208002866545841	0.37615618601557216	0.3684940983471041	0.38357880918207726	0.43251804991493487
799	12.186409132088986	-10717.701564158751	0.8649789143331065	0.937018589745639	0.5278792968708444	0.7180117182487938	3.936742408500094	0.4603345254659147	0.3208002866545841	0.37615618601557216	0.3684940983471041	0.38357880918207726	0.43251804991493487
800	12.186409132088986	-10716.082753950688	0.8649789143331065	0.937018589745639	0.5278792968708444	0.7180117182487938	3.936742408500094	0.4603345254659147	0.3208002866545841	0.37615618601557216	0.3684940983471041	0.38357880918207726	0.43251804991493487
801	12.186409132088986	-10716.082753950688	0.8649789143331065	0.937018589745639	0.5278792968708444	0.7180117182487938	3.936742408500094	0.4603345254659147	0.3208002866545841	0.37615618601557216	0.3684940983471041	0.38357880918207726	0.43251804991493487
802	12.193099160131684	-10715.133568459922	0.8649789143331065	0.937018589745639	0.5278792968708444	0.7180117182487938	3.936742408500094	0.4603345254659147	0.3208002866545841	0.37615618601557216	0.3684940983471041	0.38357880918207726	0.43251804991493487
803	12.208250700455611	-10713.04624495062	0.8649789143331065	0.937018589745639	0.5278792968708444	0.7180117182487938	3.936742408500094	0.4603345254659147	0.3208002866545841	0.37615618601557216	0.3684940983471041	0.38357880918207726	0.43251804991493487
804	12.190384250381104	-10714.14602389655	0.8649789143331065	0.937018589745639	0.5278792968708444	0.7180117182487938	3.936742408500094	0.4603345254659147	0.3208002866545841	0.37615618601557216	0.3684940983471041	0.38357880918207726	0.43251804991493487
805	12.190384250381104	-10714.14602389655	0.8649789143331065	0.937018589745639	0.5278792968708444	0.7180117182487938	3.936742408500094	0.4603345254659147	0.3208002866545841	0.37615618601557216	0.3684940983471041	0.38357880918207726	0.43251804991493487
806	12.190384250381104	-10715.15445540978	0.8649789143331065	0.937018589745639	0.5278792968708444	0.7180117182487938	3.936742408500094	0.4603345254659147	0.3208002866545841	0.37615618601557216	0.3684940983471041	0.38357880918207726	0.43251804991493487
807	12.190384250381104	-10709.73452837712	0.8649789143331065	0.937018589745639	0.5278792968708444	0.7180117182487938	3.936742408500094	0.4603345254659147	0.3208002866545841	0.37615618601557216	0.3684940983471041	0.38357880918207726	0.43251804991493487
808	12.190384250381104	-10709.73452837712	0.8649789143331065	0.937018589745639	0.5278792968708444	0.7180117182487938	3.936742408500094	0.4603345254659147	0.3208002866545841	0.37615618601557216	0.3684940983471041	0.38357880918207726	0.43251804991493487
809	12.190384250381104	-10709.882179059767	0.8649789143331065	0.937018589745639	0.5278792968708444	0.7180117182487938	3.936742408500094	0.4603345254659147	0.3208002866545841	0.37615618601557216	0.3684940983471041	0.38357880918207726	0.43251804991493487
810	12.190384250381104	-10708.87814823372	0.8649789143331065	0.937018589745639	0.5278792968708444	0.7180117182487938	3.936742408500094	0.4603345254659147	0.3208002866545841	0.37615618601557216	0.3684940983471041	0.38357880918207726	0.43251804991493487
811	12.190384250381104	-10708.659101964444	0.8649789143331065	0.937018589745639	0.5278792968708444	0.7180117182487938	3.936742408500094	0.4603345254659147	0.3208002866545841	0.37615618601557216	0.3684940983471041	0.38357880918207726	0.43251804991493487
812	12.190384250381104	-10706.373703266254	0.8649789143331065	0.937018589745639	0.5278792968708444	0.7180117182487938	3.936742408500094	0.4603345254659147	0.3208002866545841	0.37615618601557216	0.3684940983471041	0.38357880918207726	0.43251804991493487
813	12.190384250381104	-10706.373703266254	0.8649789143331065	0.937018589745639	0.5278792968708444	0.7180117182487938	3.936742408500094	0.4603345254659147	0.3208002866545841	0.37615618601557216	0.3684940983471041	0.38357880918207726	0.43251804991493487
814	12.23268638089704	-10707.092843677232	0.8649789143331065	0.937018589745639	0.5278792968708444	0.7180117182487938	3.936742408500094	0.4603345254659147	0.3208002866545841	0.37615618601557216	0.3684940983471041	0.38357880918207726	0.43251804991493487
815	12.23268638089704	-10707.092843677232	0.8649789143331065	0.937018589745639	0.5278792968708444	0.7180117182487938	3.936742408500094	0.4603345254659147	0.3208002866545841	0.37615618601557216	0.3684940983471041	0.38357880918207726	0.43251804991493487
816	12.23268638089704	-10709.422930887582	0.8649789143331065	0.937018589745639	0.5278792968708444	0.7180117182487938	3.936742408500094	0.4603345254659147	0.3208002866545841	0.37615618601557216	0.3684940983471041	0.38357880918207726	0.43251804991493487
817	12.23268638089704	-10709.422930887582	0.8649789143331065	0.937018589745639	0.5278792968708444	0.7180117182487938	3.936742408500094	0.4603345254659147	0.3208002866545841	0.37615618601557216	0.3684940983471041	0.38357880918207726	0.43251804991493487
818	12.201200271769807	-10709.422930887582	0.8649789143331065	0.937018589745639	0.5278792968708444	0.7180117182487938	3.936742408500094	0.5896648971301776	0.3075423862932028	0.37546576448566643	0.41311366468108945	0.39022919606363327	0.43251804991493487
819	12.201200271769807	-10709.422930887582	0.8649789143331065	0.937018589745639	0.5278792968708444	0.7180117182487938	3.936742408500094	0.5896648971301776	0.3075423862932028	0.37546576448566643	0.41311366468108945	0.39022919606363327	0.43251804991493487
820	12.201200271769807	-10709.422930887582	0.8649789143331065	0.937018589745639	0.5278792968708444	0.7180117182487938	3.936742408500094	0.5896648971301776	0.3075423862932028	0.37546576448566643	0.41311366468108945	0.39022919606363327	0.43251804991493487
821	12.201200271769807	-10703.907313422684	0.8649789143331065	0.937018589745639	0.5278792968708444	0.7180117182487938	3.936742408500094	0.5896648971301776	0.3075423862932028	0.37546576448566643	0.41311366468108945	0.39022919606363327	0.43251804991493487
822	12.201200271769807	-10703.907313422684	0.8649789143331065	0.937018589745639	0.5278792968708444	0.7180117182487938	3.936742408500094	0.5896648971301776	0.3075423862932028	0.37546576448566643	0.41311366468108945	0.39022919606363327	0.43251804991493487
823	12.201200271769807	-10703.907313422684	0.8649789143331065	0.937018589745639	0.5278792968708444	0.7180117182487938	3.936742408500094	0.5896648971301776	0.3075423862932028	0.37546576448566643	0.41311366468108945	0.39022919606363327	0.43251804991493487
824	12.201200271769807	-10704.01968612636	0.8649789143331065	0.937018589745639	0.5278792968708444	0.7180117182487938	3.936742408500094	0.5896648971301776	0.3075423862932028	0.37546576448566643	0.41311366468108945	0.39022919606363327	0.43251804991493487
825	12.201200271769807	-10704.01968612636	0.8649789143331065	0.937018589745639	0.5278792968708444	0.7180117182487938	3.936742408500094	0.5896648971301776	0.3075423862932028	0.37546576448566643	0.41311366468108945	0.39022919606363327	0.43251804991493487
826	30.610875447776138	-10704.01968612636	0.9212855219268071	0.9095890580935246	0.6772877911804713	0.6967520097753507	5.004366664277319	0.5896648971301776	0.3075423862932028	0.37546576448566643	0.41311366468108945	0.39022919606363327	0.43251804991493487
827	30.610875447776138	-10704.01968612636	0.9212855219268071	0.9095890580935246	0.6772877911804713	0.6967520097753507	5.004366664277319	0.5896648971301776	0.3075423862932028	0.37546576448566643	0.41311366468108945	0.39022919606363327	0.43251804991493487
828	30.610875447776138	-10703.209571498064	0.9212855219268071	0.9095890580935246	0.6772877911804713	0.6967520097753507	5.004366664277319	0.5896648971301776	0.3075423862932028	0.37546576448566643	0.41311366468108945	0.39022919606363327	0.43251804991493487
829	30.651513956176174	-10700.62937866934	0.9212855219268071	0.9095890580935246	0.6772877911804713	0.6967520097753507	5.004366664277319	0.5896648971301776	0.3075423862932028	0.37546576448566643	0.41311366468108945	0.39022919606363327	0.43251804991493487
830	30.651513956176174	-10700.62937866934	0.9212855219268071	0.9095890580935246	0.6772877911804713	0.6967520097753507	5.004366664277319	0.5896648971301776	0.3075423862932028	0.37546576448566643	0.41311366468108945	0.39022919606363327	0.43251804991493487
831	30.651513956176174	-10700.62937866934	0.9212855219268071	0.9095890580935246	0.6772877911804713	0.6967520097753507	5.004366664277319	0.5896648971301776	0.3075423862932028	0.37546576448566643	0.41311366468108945	0.39022919606363327	0.43251804991493487
832	30.651513956176174	-10700.62937866934	0.9212855219268071	0.9095890580935246	0.6772877911804713	0.6967520097753507	5.004366664277319	0.5896648971301776	0.3075423862932028	0.37546576448566643	0.41311366468108945	0.39022919606363327	0.43251804991493487
833	30.698213024693004	-10679.170824339102	0.9212855219268071	0.9095890580935246	0.6772877911804713	0.6967520097753507	5.004366664277319	0.5896648971301776	0.3075423862932028	0.37546576448566643	0.41311366468108945	0.39022919606363327	0.43251804991493487
834	30.698213024693004	-10679.170824339102	0.9212855219268071	0.9095890580935246	0.6772877911804713	0.6967520097753507	5.004366664277319	0.5896648971301776	0.3075423862932028	0.37546576448566643	0.41311366468108945	0.39022919606363327	0.43251804991493487
835	30.698213024693004	-10679.170824339102	0.9212855219268071	0.9095890580935246	0.6772877911804713	0.6967520097753507	5.004366664277319	0.5896648971301776	0.3075423862932028	0.37546576448566643	0.41311366468108945	0.39022919606363327	0.43251804991493487
836	30.698213024693004	-10679.170824339102	0.9212855219268071	0.9095890580935246	0.6772877911804713	0.6967520097753507	5.004366664277319	0.5896648971301776	0.3075423862932028	0.37546576448566643	0.41311366468108945	0.39022919606363327	0.43251804991493487
837	30.698213024693004	-10679.170824339102	0.9212855219268071	0.9095890580935246	0.6772877911804713	0.6967520097753507	5.004366664277319	0.5896648971301776	0.3075423862932028	0.37546576448566643	0.41311366468108945	0.39022919606363327	0.43251804991493487
838	30.698213024693004	-10679.170824339102	0.9212855219268071	0.9095890580935246	0.6772877911804713	0.6967520097753507	5.004366664277319	0.5896648971301776	0.3075423862932028	0.37546576448566643	0.41311366468108945	0.39022919606363327	0.43251804991493487
839	30.603470201964242	-10672.296891337326	0.9212855219268071	0.9095890580935246	0.6772877911804713	0.6967520097753507	5.004366664277319	0.5896648971301776	0.3075423862932028	0.37546576448566643	0.41311366468108945	0.39022919606363327	0.43251804991493487
840	30.603470201964242	-10672.296891337326	0.9212855219268071	0.9095890580935246	0.6772877911804713	0.6967520097753507	5.004366664277319	0.5896648971301776	0.3075423862932028	0.37546576448566643	0.41311366468108945	0.39022919606363327	0.43251804991493487
841	30.603470201964242	-10672.296891337326	0.9212855219268071	0.9095890580935246	0.6772877911804713	0.6967520097753507	5.004366664277319	0.5896648971301776	0.3075423862932028	0.37546576448566643	0.41311366468108945	0.39022919606363327	0.43251804991493487
842	30.603470201964242	-10672.296891337326	0.9212855219268071	0.9095890580935246	0.6772877911804713	0.6967520097753507	5.004366664277319	0.5896648971301776	0.3075423862932028	0.37546576448566643	0.41311366468108945	0.39022919606363327	0.43251804991493487
843	30.603470201964242	-10672.911991864417	0.9212855219268071	0.9095890580935246	0.6772877911804713	0.6967520097753507	5.004366664277319	0.5896648971301776	0.3075423862932028	0.37546576448566643	0.41311366468108945	0.39022919606363327	0.43251804991493487
844	30.603230236402723	-10672.90637750593	0.9212855219268071	0.9095890580935246	0.6772877911804713	0.6967520097753507	5.004366664277319	0.5896648971301776	0.3075423862932028	0.37546576448566643	0.41311366468108945	0.39022919606363327	0.43251804991493487
845	30.603230236402723	-10672.797377144996	0.9212855219268071	0.9095890580935246	0.6772877911804713	0.6967520097753507	5.004366664277319	0.5896648971301776	0.3075423862932028	0.37546576448566643	0.41311366468108945	0.39022919606363327	0.43251804991493487
846	30.603230236402723	-10672.797377144996	0.9212855219268071	0.9095890580935246	0.6772877911804713	0.6967520097753507	5.004366664277319	0.5896648971301776	0.3075423862932028	0.37546576448566643	0.41311366468108945	0.39022919606363327	0.43251804991493487
847	30.603230236402723	-10672.797377144996	0.9212855219268071	0.9095890580935246	0.6772877911804713	0.6967520097753507	5.004366664277319	0.5896648971301776	0.3075423862932028	0.37546576448566643	0.41311366468108945	0.39022919606363327	0.43251804991493487
848	30.603230236402723	-10672.797377144996	0.9212855219268071	0.9095890580935246	0.6772877911804713	0.6967520097753507	5.004366664277319	0.5896648971301776	0.3075423862932028	0.37546576448566643	0.41311366468108945	0.39022919606363327	0.43251804991493487
849	30.60685904786449	-10672.956732429879	0.9212855219268071	0.9095890580935246	0.6772877911804713	0.6967520097753507	5.004366664277319	0.5896648971301776	0.3075423862932028	0.37546576448566643	0.41311366468108945	0.39022919606363327	0.43251804991493487
850	30.60685904786449	-10672.956732429879	0.9212855219268071	0.9095890580935246	0.6772877911804713	0.6967520097753507	5.004366664277319	0.5896648971301776	0.3075423862932028	0.37546576448566643	0.41311366468108945	0.39022919606363327	0.43251804991493487
851	30.595619569213355	-10674.70344992026	0.9212855219268071	0.9095890580935246	0.6772877911804713	0.6967520097753507	5.004366664277319	0.5896648971301776	0.3075423862932028	0.37546576448566643	0.41311366468108945	0.39022919606363327	0.43251804991493487
852	30.595619569213355	-10674.70344992026	0.9212855219268071	0.9095890580935246	0.6772877911804713	0.6967520097753507	5.004366664277319	0.5896648971301776	0.3075423862932028	0.37546576448566643	0.41311366468108945	0.39022919606363327	0.43251804991493487
853	30.595619569213355	-10674.70344992026	0.9212855219268071	0.9095890580935246	0.6772877911804713	0.6967520097753507	5.004366664277319	0.5896648971301776	0.3075423862932028	0.37546576448566643	0.41311366468108945	0.39022919606363327	0.43251804991493487
854	30.082399931586355	-10674.70344992026	0.9212855219268071	0.9095890580935246	0.6772877911804713	0.6967520097753507	5.004366664277319	0.6146092579388236	0.27193900173754654	0.3820923728546911	0.36885771361614567	0.5186348819383269	0.43251804991493487
855	30.082399931586355	-10672.535978802624	0.9212855219268071	0.9095890580935246	0.6772877911804713	0.6967520097753507	5.004366664277319	0.6146092579388236	0.27193900173754654	0.3820923728546911	0.36885771361614567	0.5186348819383269	0.43251804991493487
856	30.082399931586355	-10672.535978802624	0.9212855219268071	0.9095890580935246	0.6772877911804713	0.6967520097753507	5.004366664277319	0.6146092579388236	0.27193900173754654	0.3820923728546911	0.36885771361614567	0.5186348819383269	0.43251804991493487
857	30.082399931586355	-10672.535978802624	0.9212855219268071	0.9095890580935246	0.6772877911804713	0.6967520097753507	5.004366664277319	0.6146092579388236	0.27193900173754654	0.3820923728546911	0.36885771361614567	0.5186348819383269	0.43251804991493487
858	30.141041953207836	-10671.357195179848	0.9212855219268071	0.9095890580935246	0.6772877911804713	0.6967520097753507	5.004366664277319	0.6146092579388236	0.27193900173754654	0.3820923728546911	0.36885771361614567	0.5186348819383269	0.43251804991493487
859	30.141041953207836	-10671.357195179848	0.9212855219268071	0.9095890580935246	0.6772877911804713	0.6967520097753507	5.004366664277319	0.6146092579388236	0.27193900173754654	0.3820923728546911	0.36885771361614567	0.5186348819383269	0.43251804991493487
860	30.141041953207836	-10671.357195179848	0.9212855219268071	0.9095890580935246	0.6772877911804713	0.6967520097753507	5.004366664277319	0.6146092579388236	0.27193900173754654	0.3820923728546911	0.36885771361614567	0.5186348819383269	0.43251804991493487
861	30.141041953207836	-10671.357195179848	0.9212855219268071	0.9095890580935246	0.6772877911804713	0.6967520097753507	5.004366664277319	0.6146092579388236	0.27193900173754654	0.3820923728546911	0.36885771361614567	0.5186348819383269	0.43251804991493487
862	30.092550068570066	-10664.101684151536	0.9212855219268071	0.9095890580935246	0.6772877911804713	0.6967520097753507	5.004366664277319	0.6146092579388236	0.27193900173754654	0.3820923728546911	0.36885771361614567	0.5186348819383269	0.43251804991493487
863	30.092550068570066	-10664.101684151536	0.9212855219268071	0.9095890580935246	0.6772877911804713	0.6967520097753507	5.004366664277319	0.6146092579388236	0.27193900173754654	0.3820923728546911	0.36885771361614567	0.5186348819383269	0.43251804991493487
864	30.092550068570066	-10664.101684151536	0.9212855219268071	0.9095890580935246	0.6772877911804713	0.6967520097753507	5.004366664277319	0.6146092579388236	0.27193900173754654	0.3820923728546911	0.36885771361614567	0.5186348819383269	0.43251804991493487
865	30.09079571278757	-10664.026057031155	0.9212855219268071	0.9095890580935246	0.6772877911804713	0.6967520097753507	5.004366664277319	0.6146092579388236	0.27193900173754654	0.3820923728546911	0.36885771361614567	0.5186348819383269	0.43251804991493487
866	30.09079571278757	-10664.026057031155	0.9212855219268071	0.9095890580935246	0.6772877911804713	0.6967520097753507	5.004366664277319	0.6146092579388236	0.27193900173754654	0.3820923728546911	0.36885771361614567	0.5186348819383269	0.43251804991493487
867	30.09079571278757	-10664.026057031155	0.9212855219268071	0.9095890580935246	0.6772877911804713	0.6967520097753507	5.004366664277319	0.6146092579388236	0.27193900173754654	0.3820923728546911	0.36885771361614567	0.5186348819383269	0.43251804991493487
868	30.09079571278757	-10664.026057031155	0.9212855219268071	0.9095890580935246	0.6772877911804713	0.6967520097753507	5.004366664277319	0.6146092579388236	0.27193900173754654	0.3820923728546911	0.36885771361614567	0.5186348819383269	0.43251804991493487
869	30.09079571278757	-10664.026057031155	0.9212855219268071	0.9095890580935246	0.6772877911804713	0.6967520097753507	5.004366664277319	0.6146092579388236	0.27193900173754654	0.3820923728546911	0.36885771361614567	0.5186348819383269	0.43251804991493487
870	30.08783826612684	-10664.006578700215	0.9212855219268071	0.9095890580935246	0.6772877911804713	0.6967520097753507	5.004366664277319	0.6146092579388236	0.27193900173754654	0.3820923728546911	0.36885771361614567	0.5186348819383269	0.43251804991493487
871	30.08783826612684	-10664.006578700215	0.9212855219268071	0.9095890580935246	0.6772877911804713	0.6967520097753507	5.004366664277319	0.6146092579388236	0.27193900173754654	0.3820923728546911	0.36885771361614567	0.5186348819383269	0.43251804991493487
872	30.08783826612684	-10664.006578700215	0.9212855219268071	0.9095890580935246	0.6772877911804713	0.6967520097753507	5.004366664277319	0.6146092579388236	0.27193900173754654	0.3820923728546911	0.36885771361614567	0.5186348819383269	0.43251804991493487
873	30.08783826612684	-10664.006578700215	0.9212855219268071	0.9095890580935246	0.6772877911804713	0.6967520097753507	5.004366664277319	0.6146092579388236	0.27193900173754654	0.3820923728546911	0.36885771361614567	0.5186348819383269	0.43251804991493487
874	30.08783826612684	-10664.006578700215	0.9212855219268071	0.9095890580935246	0.6772877911804713	0.6967520097753507	5.004366664277319	0.6146092579388236	0.27193900173754654	0.3820923728546911	0.36885771361614567	0.5186348819383269	0.43251804991493487
875	30.08783826612684	-10664.006578700215	0.9212855219268071	0.9095890580935246	0.6772877911804713	0.6967520097753507	5.004366664277319	0.6146092579388236	0.27193900173754654	0.3820923728546911	0.36885771361614567	0.5186348819383269	0.43251804991493487
876	30.08783826612684	-10664.006578700215	0.9212855219268071	0.9095890580935246	0.6772877911804713	0.6967520097753507	5.004366664277319	0.6146092579388236	0.27193900173754654	0.3820923728546911	0.36885771361614567	0.5186348819383269	0.43251804991493487
877	30.08783826612684	-10664.006578700215	0.9212855219268071	0.9095890580935246	0.6772877911804713	0.6967520097753507	5.004366664277319	0.6146092579388236	0.27193900173754654	0.3820923728546911	0.36885771361614567	0.5186348819383269	0.43251804991493487
878	30.08783826612684	-10665.653398466633	0.9212855219268071	0.9095890580935246	0.6772877911804713	0.6967520097753507	5.004366664277319	0.6146092579388236	0.27193900173754654	0.3820923728546911	0.36885771361614567	0.5186348819383269	0.43251804991493487
879	30.08783826612684	-10665.653398466633	0.9212855219268071	0.9095890580935246	0.6772877911804713	0.6967520097753507	5.004366664277319	0.6146092579388236	0.27193900173754654	0.3820923728546911	0.36885771361614567	0.5186348819383269	0.43251804991493487
880	30.08783826612684	-10665.653398466633	0.9212855219268071	0.9095890580935246	0.6772877911804713	0.6967520097753507	5.004366664277319	0.6146092579388236	0.27193900173754654	0.3820923728546911	0.36885771361614567	0.5186348819383269	0.43251804991493487
881	30.08783826612684	-10665.653398466633	0.9212855219268071	0.9095890580935246	0.6772877911804713	0.6967520097753507	5.004366664277319	0.6146092579388236	0.27193900173754654	0.3820923728546911	0.36885771361614567	0.5186348819383269	0.43251804991493487
882	30.08783826612684	-10665.653398466633	0.9212855219268071	0.9095890580935246	0.6772877911804713	0.6967520097753507	5.004366664277319	0.6146092579388236	0.27193900173754654	0.3820923728546911	0.36885771361614567	0.5186348819383269	0.43251804991493487
883	30.08783826612684	-10665.041001444686	0.9212855219268071	0.9095890580935246	0.6772877911804713	0.6967520097753507	5.004366664277319	0.6146092579388236	0.27193900173754654	0.3820923728546911	0.36885771361614567	0.5186348819383269	0.43251804991493487
884	30.08783826612684	-10665.041001444686	0.9212855219268071	0.9095890580935246	0.6772877911804713	0.6967520097753507	5.004366664277319	0.6146092579388236	0.27193900173754654	0.3820923728546911	0.36885771361614567	0.5186348819383269	0.43251804991493487
885	30.08783826612684	-10665.041001444686	0.9212855219268071	0.9095890580935246	0.6772877911804713	0.6967520097753507	5.004366664277319	0.6146092579388236	0.27193900173754654	0.3820923728546911	0.36885771361614567	0.5186348819383269	0.43251804991493487
886	30.05747355941057	-10665.416781504964	0.9212855219268071	0.9095890580935246	0.6772877911804713	0.6967520097753507	5.004366664277319	0.6146092579388236	0.27193900173754654	0.3820923728546911	0.36885771361614567	0.5186348819383269	0.43251804991493487
887	30.05747355941057	-10665.416781504964	0.9212855219268071	0.9095890580935246	0.6772877911804713	0.6967520097753507	5.004366664277319	0.6146092579388236	0.27193900173754654	0.3820923728546911	0.36885771361614567	0.5186348819383269	0.43251804991493487
888	29.958191459910303	-10665.416781504964	0.9212855219268071	0.9095890580935246	0.6772877911804713	0.6967520097753507	5.004366664277319	0.6146092579388236	0.27193900173754654	0.3820923728546911	0.36885771361614567	0.5186348819383269	0.45495716828018523
889	29.958191459910303	-10650.060433033583	0.9212855219268071	0.9095890580935246	0.6772877911804713	0.6967520097753507	5.004366664277319	0.6146092579388236	0.27193900173754654	0.3820923728546911	0.36885771361614567	0.5186348819383269	0.45495716828018523
890	29.785215482822785	-10642.044553820462	0.9212855219268071	0.9095890580935246	0.6772877911804713	0.6967520097753507	5.004366664277319	0.6146092579388236	0.27193900173754654	0.3820923728546911	0.36885771361614567	0.5186348819383269	0.45495716828018523
891	29.785215482822785	-10642.03121810406	0.9212855219268071	0.9095890580935246	0.6772877911804713	0.6967520097753507	5.004366664277319	0.6146092579388236	0.27193900173754654	0.3820923728546911	0.36885771361614567	0.5186348819383269	0.45495716828018523
892	29.785215482822785	-10642.03121810406	0.9212855219268071	0.9095890580935246	0.6772877911804713	0.6967520097753507	5.004366664277319	0.6146092579388236	0.27193900173754654	0.3820923728546911	0.36885771361614567	0.5186348819383269	0.45495716828018523
893	31.778211065504	-10642.03121810406	0.7382485015032882	0.9074108537041112	0.6364705861340998	0.6448403852029245	5.134831505297226	0.6146092579388236	0.27193900173754654	0.3820923728546911	0.36885771361614567	0.5186348819383269	0.45495716828018523
894	31.778211065504	-10602.576076140389	0.7382485015032882	0.9074108537041112	0.6364705861340998	0.6448403852029245	5.134831505297226	0.6146092579388236	0.27193900173754654	0.3820923728546911	0.36885771361614567	0.5186348819383269	0.45495716828018523
895	31.778211065504	-10602.576076140389	0.7382485015032882	0.9074108537041112	0.6364705861340998	0.6448403852029245	5.134831505297226	0.6146092579388236	0.27193900173754654	0.3820923728546911	0.36885771361614567	0.5186348819383269	0.45495716828018523
896	31.778211065504	-10601.911322529731	0.7382485015032882	0.9074108537041112	0.6364705861340998	0.6448403852029245	5.134831505297226	0.6146092579388236	0.27193900173754654	0.3820923728546911	0.36885771361614567	0.5186348819383269	0.45495716828018523
897	31.778211065504	-10601.911322529731	0.7382485015032882	0.9074108537041112	0.6364705861340998	0.6448403852029245	5.134831505297226	0.6146092579388236	0.27193900173754654	0.3820923728546911	0.36885771361614567	0.5186348819383269	0.45495716828018523
898	31.778211065504	-10601.911322529731	0.7382485015032882	0.9074108537041112	0.6364705861340998	0.6448403852029245	5.134831505297226	0.6146092579388236	0.27193900173754654	0.3820923728546911	0.36885771361614567	0.5186348819383269	0.45495716828018523
899	31.778211065504	-10601.911322529731	0.7382485015032882	0.9074108537041112	0.6364705861340998	0.6448403852029245	5.134831505297226	0.6146092579388236	0.27193900173754654	0.3820923728546911	0.36885771361614567	0.5186348819383269	0.45495716828018523
900	31.778211065504	-10601.911322529731	0.7382485015032882	0.9074108537041112	0.6364705861340998	0.6448403852029245	5.134831505297226	0.6146092579388236	0.27193900173754654	0.3820923728546911	0.36885771361614567	0.5186348819383269	0.45495716828018523
901	31.778211065504	-10601.911322529731	0.7382485015032882	0.9074108537041112	0.6364705861340998	0.6448403852029245	5.134831505297226	0.6146092579388236	0.27193900173754654	0.3820923728546911	0.36885771361614567	0.5186348819383269	0.45495716828018523
902	31.778211065504	-10601.911322529731	0.7382485015032882	0.9074108537041112	0.6364705861340998	0.6448403852029245	5.134831505297226	0.6146092579388236	0.27193900173754654	0.3820923728546911	0.36885771361614567	0.5186348819383269	0.45495716828018523
903	31.778211065504	-10601.911322529731	0.7382485015032882	0.9074108537041112	0.6364705861340998	0.6448403852029245	5.134831505297226	0.6146092579388236	0.27193900173754654	0.3820923728546911	0.36885771361614567	0.5186348819383269	0.45495716828018523
904	31.778211065504	-10601.911322529731	0.7382485015032882	0.9074108537041112	0.6364705861340998	0.6448403852029245	5.134831505297226	0.6146092579388236	0.27193900173754654	0.3820923728546911	0.36885771361614567	0.5186348819383269	0.45495716828018523
905	31.778211065504	-10601.911322529731	0.7382485015032882	0.9074108537041112	0.6364705861340998	0.6448403852029245	5.134831505297226	0.6146092579388236	0.27193900173754654	0.3820923728546911	0.36885771361614567	0.5186348819383269	0.45495716828018523
906	31.778211065504	-10601.911322529731	0.7382485015032882	0.9074108537041112	0.6364705861340998	0.6448403852029245	5.134831505297226	0.6146092579388236	0.27193900173754654	0.3820923728546911	0.36885771361614567	0.5186348819383269	0.45495716828018523
907	31.778211065504	-10601.911322529731	0.7382485015032882	0.9074108537041112	0.6364705861340998	0.6448403852029245	5.134831505297226	0.6146092579388236	0.27193900173754654	0.3820923728546911	0.36885771361614567	0.5186348819383269	0.45495716828018523
908	31.778211065504	-10601.911322529731	0.7382485015032882	0.9074108537041112	0.6364705861340998	0.6448403852029245	5.134831505297226	0.6146092579388236	0.27193900173754654	0.3820923728546911	0.36885771361614567	0.5186348819383269	0.45495716828018523
909	31.778211065504	-10601.911322529731	0.7382485015032882	0.9074108537041112	0.6364705861340998	0.6448403852029245	5.134831505297226	0.6146092579388236	0.27193900173754654	0.3820923728546911	0.36885771361614567	0.5186348819383269	0.45495716828018523
910	31.787257876673554	-10596.067530931601	0.7382485015032882	0.9074108537041112	0.6364705861340998	0.6448403852029245	5.134831505297226	0.6146092579388236	0.27193900173754654	0.3820923728546911	0.36885771361614567	0.5186348819383269	0.45495716828018523
911	31.787257876673554	-10548.30420810236	0.7382485015032882	0.9074108537041112	0.6364705861340998	0.6448403852029245	5.134831505297226	0.6146092579388236	0.27193900173754654	0.3820923728546911	0.36885771361614567	0.5186348819383269	0.45495716828018523
912	31.787257876673554	-10548.30420810236	0.7382485015032882	0.9074108537041112	0.6364705861340998	0.6448403852029245	5.134831505297226	0.6146092579388236	0.27193900173754654	0.3820923728546911	0.36885771361614567	0.5186348819383269	0.45495716828018523
913	31.787257876673554	-10548.30420810236	0.7382485015032882	0.9074108537041112	0.6364705861340998	0.6448403852029245	5.134831505297226	0.6146092579388236	0.27193900173754654	0.3820923728546911	0.36885771361614567	0.5186348819383269	0.45495716828018523
914	31.787257876673554	-10548.30420810236	0.7382485015032882	0.9074108537041112	0.6364705861340998	0.6448403852029245	5.134831505297226	0.6146092579388236	0.27193900173754654	0.3820923728546911	0.36885771361614567	0.5186348819383269	0.45495716828018523
915	31.787257876673554	-10545.548565484725	0.7382485015032882	0.9074108537041112	0.6364705861340998	0.6448403852029245	5.134831505297226	0.6146092579388236	0.27193900173754654	0.3820923728546911	0.36885771361614567	0.5186348819383269	0.45495716828018523
916	31.787257876673554	-10545.548565484725	0.7382485015032882	0.9074108537041112	0.6364705861340998	0.6448403852029245	5.134831505297226	0.6146092579388236	0.27193900173754654	0.3820923728546911	0.36885771361614567	0.5186348819383269	0.45495716828018523
917	31.787257876673554	-10545.548565484725	0.7382485015032882	0.9074108537041112	0.6364705861340998	0.6448403852029245	5.134831505297226	0.6146092579388236	0.27193900173754654	0.3820923728546911	0.36885771361614567	0.5186348819383269	0.45495716828018523
918	31.787257876673554	-10545.548565484725	0.7382485015032882	0.9074108537041112	0.6364705861340998	0.6448403852029245	5.134831505297226	0.6146092579388236	0.27193900173754654	0.3820923728546911	0.36885771361614567	0.5186348819383269	0.45495716828018523
919	31.74851925025695	-10538.510202930102	0.7382485015032882	0.9074108537041112	0.6364705861340998	0.6448403852029245	5.134831505297226	0.6146092579388236	0.27193900173754654	0.3820923728546911	0.36885771361614567	0.5186348819383269	0.45495716828018523
920	31.74851925025695	-10538.510202930102	0.7382485015032882	0.9074108537041112	0.6364705861340998	0.6448403852029245	5.134831505297226	0.6146092579388236	0.27193900173754654	0.3820923728546911	0.36885771361614567	0.5186348819383269	0.45495716828018523
921	31.74851925025695	-10538.510202930102	0.7382485015032882	0.9074108537041112	0.6364705861340998	0.6448403852029245	5.134831505297226	0.6146092579388236	0.27193900173754654	0.3820923728546911	0.36885771361614567	0.5186348819383269	0.45495716828018523
922	31.74851925025695	-10538.510202930102	0.7382485015032882	0.9074108537041112	0.6364705861340998	0.6448403852029245	5.134831505297226	0.6146092579388236	0.27193900173754654	0.3820923728546911	0.36885771361614567	0.5186348819383269	0.45495716828018523
923	31.746560045925182	-10538.833952238967	0.7382485015032882	0.9074108537041112	0.6364705861340998	0.6448403852029245	5.134831505297226	0.6146092579388236	0.27193900173754654	0.3820923728546911	0.36885771361614567	0.5186348819383269	0.45495716828018523
924	31.746560045925182	-10538.833952238967	0.7382485015032882	0.9074108537041112	0.6364705861340998	0.6448403852029245	5.134831505297226	0.6146092579388236	0.27193900173754654	0.3820923728546911	0.36885771361614567	0.5186348819383269	0.45495716828018523
925	31.746560045925182	-10538.833952238967	0.7382485015032882	0.9074108537041112	0.6364705861340998	0.6448403852029245	5.134831505297226	0.6146092579388236	0.27193900173754654	0.3820923728546911	0.36885771361614567	0.5186348819383269	0.45495716828018523
926	31.746560045925182	-10538.833952238967	0.7382485015032882	0.9074108537041112	0.6364705861340998	0.6448403852029245	5.134831505297226	0.6146092579388236	0.27193900173754654	0.3820923728546911	0.36885771361614567	0.5186348819383269	0.45495716828018523
927	31.746560045925182	-10538.833952238967	0.7382485015032882	0.9074108537041112	0.6364705861340998	0.6448403852029245	5.134831505297226	0.6146092579388236	0.27193900173754654	0.3820923728546911	0.36885771361614567	0.5186348819383269	0.45495716828018523
928	31.819956450569762	-10538.833952238967	0.7382485015032882	0.9074108537041112	0.6364705861340998	0.6448403852029245	5.134831505297226	0.5734333895100292	0.2194846022004114	0.4224448108233219	0.4917957058268714	0.49957217507397067	0.45495716828018523
929	31.819956450569762	-10538.833952238967	0.7382485015032882	0.9074108537041112	0.6364705861340998	0.6448403852029245	5.134831505297226	0.5734333895100292	0.2194846022004114	0.4224448108233219	0.4917957058268714	0.49957217507397067	0.45495716828018523
930	31.63434342525658	-10538.833952238967	0.7382485015032882	0.9074108537041112	0.6364705861340998	0.6448403852029245	5.134831505297226	0.5037826572297208	0.1785453147881304	0.38350080359818856	0.3999820289639103	0.5479016538411442	0.45495716828018523
931	31.63434342525658	-10538.833952238967	0.7382485015032882	0.9074108537041112	0.6364705861340998	0.6448403852029245	5.134831505297226	0.5037826572297208	0.1785453147881304	0.38350080359818856	0.3999820289639103	0.5479016538411442	0.45495716828018523
932	31.63434342525658	-10538.833952238967	0.7382485015032882	0.9074108537041112	0.6364705861340998	0.6448403852029245	5.134831505297226	0.5037826572297208	0.1785453147881304	0.38350080359818856	0.3999820289639103	0.5479016538411442	0.45495716828018523
933	31.63434342525658	-10538.833952238967	0.7382485015032882	0.9074108537041112	0.6364705861340998	0.6448403852029245	5.134831505297226	0.5037826572297208	0.1785453147881304	0.38350080359818856	0.3999820289639103	0.5479016538411442	0.45495716828018523
934	31.63434342525658	-10538.833952238967	0.7382485015032882	0.9074108537041112	0.6364705861340998	0.6448403852029245	5.134831505297226	0.5037826572297208	0.1785453147881304	0.38350080359818856	0.3999820289639103	0.5479016538411442	0.45495716828018523
935	31.63434342525658	-10538.833952238967	0.7382485015032882	0.9074108537041112	0.6364705861340998	0.6448403852029245	5.134831505297226	0.5037826572297208	0.1785453147881304	0.38350080359818856	0.3999820289639103	0.5479016538411442	0.45495716828018523
936	31.63434342525658	-10538.833952238967	0.7382485015032882	0.9074108537041112	0.6364705861340998	0.6448403852029245	5.134831505297226	0.5037826572297208	0.1785453147881304	0.38350080359818856	0.3999820289639103	0.5479016538411442	0.45495716828018523
937	31.707908886014586	-10530.038206082801	0.7382485015032882	0.9074108537041112	0.6364705861340998	0.6448403852029245	5.134831505297226	0.5037826572297208	0.1785453147881304	0.38350080359818856	0.3999820289639103	0.5479016538411442	0.45495716828018523
938	31.747410503008545	-10501.453077727472	0.7382485015032882	0.9074108537041112	0.6364705861340998	0.6448403852029245	5.134831505297226	0.5037826572297208	0.1785453147881304	0.38350080359818856	0.3999820289639103	0.5479016538411442	0.45495716828018523
939	31.747410503008545	-10501.453077727472	0.7382485015032882	0.9074108537041112	0.6364705861340998	0.6448403852029245	5.134831505297226	0.5037826572297208	0.1785453147881304	0.38350080359818856	0.3999820289639103	0.5479016538411442	0.45495716828018523
940	31.95552635850364	-10501.453077727472	0.7382485015032882	0.9074108537041112	0.6364705861340998	0.6448403852029245	5.134831505297226	0.5037826572297208	0.1785453147881304	0.38350080359818856	0.3999820289639103	0.5479016538411442	0.4090827610905481
941	31.95552635850364	-10501.453077727472	0.7382485015032882	0.9074108537041112	0.6364705861340998	0.6448403852029245	5.134831505297226	0.5037826572297208	0.1785453147881304	0.38350080359818856	0.3999820289639103	0.5479016538411442	0.4090827610905481
942	31.95552635850364	-10501.453077727472	0.7382485015032882	0.9074108537041112	0.6364705861340998	0.6448403852029245	5.134831505297226	0.5037826572297208	0.1785453147881304	0.38350080359818856	0.3999820289639103	0.5479016538411442	0.4090827610905481
943	31.95552635850364	-10501.453077727472	0.7382485015032882	0.9074108537041112	0.6364705861340998	0.6448403852029245	5.134831505297226	0.5037826572297208	0.1785453147881304	0.38350080359818856	0.3999820289639103	0.5479016538411442	0.4090827610905481
944	31.935841338813596	-10498.685189214844	0.7382485015032882	0.9074108537041112	0.6364705861340998	0.6448403852029245	5.134831505297226	0.5037826572297208	0.1785453147881304	0.38350080359818856	0.3999820289639103	0.5479016538411442	0.4090827610905481
945	31.935841338813596	-10482.303286655891	0.7382485015032882	0.9074108537041112	0.6364705861340998	0.6448403852029245	5.134831505297226	0.5037826572297208	0.1785453147881304	0.38350080359818856	0.3999820289639103	0.5479016538411442	0.4090827610905481
946	31.935841338813596	-10482.303286655891	0.7382485015032882	0.9074108537041112	0.6364705861340998	0.6448403852029245	5.134831505297226	0.5037826572297208	0.1785453147881304	0.38350080359818856	0.3999820289639103	0.5479016538411442	0.4090827610905481
947	31.935841338813596	-10482.633172080928	0.7382485015032882	0.9074108537041112	0.6364705861340998	0.6448403852029245	5.134831505297226	0.5037826572297208	0.1785453147881304	0.38350080359818856	0.3999820289639103	0.5479016538411442	0.4090827610905481
948	31.935841338813596	-10482.633172080928	0.7382485015032882	0.9074108537041112	0.6364705861340998	0.6448403852029245	5.134831505297226	0.5037826572297208	0.1785453147881304	0.38350080359818856	0.3999820289639103	0.5479016538411442	0.4090827610905481
949	31.935841338813596	-10482.633172080928	0.7382485015032882	0.9074108537041112	0.6364705861340998	0.6448403852029245	5.134831505297226	0.5037826572297208	0.1785453147881304	0.38350080359818856	0.3999820289639103	0.5479016538411442	0.4090827610905481
950	31.935841338813596	-10482.633172080928	0.7382485015032882	0.9074108537041112	0.6364705861340998	0.6448403852029245	5.134831505297226	0.5037826572297208	0.1785453147881304	0.38350080359818856	0.3999820289639103	0.5479016538411442	0.4090827610905481
951	31.935841338813596	-10482.633172080928	0.7382485015032882	0.9074108537041112	0.6364705861340998	0.6448403852029245	5.134831505297226	0.5037826572297208	0.1785453147881304	0.38350080359818856	0.3999820289639103	0.5479016538411442	0.4090827610905481
952	31.935841338813596	-10482.633172080928	0.7382485015032882	0.9074108537041112	0.6364705861340998	0.6448403852029245	5.134831505297226	0.5037826572297208	0.1785453147881304	0.38350080359818856	0.3999820289639103	0.5479016538411442	0.4090827610905481
953	31.935841338813596	-10482.633172080928	0.7382485015032882	0.9074108537041112	0.6364705861340998	0.6448403852029245	5.134831505297226	0.5037826572297208	0.1785453147881304	0.38350080359818856	0.3999820289639103	0.5479016538411442	0.4090827610905481
954	31.938190059223366	-10482.379687666351	0.7382485015032882	0.9074108537041112	0.6364705861340998	0.6448403852029245	5.134831505297226	0.5037826572297208	0.1785453147881304	0.38350080359818856	0.3999820289639103	0.5479016538411442	0.4090827610905481
955	31.938190059223366	-10482.379687666351	0.7382485015032882	0.9074108537041112	0.6364705861340998	0.6448403852029245	5.134831505297226	0.5037826572297208	0.1785453147881304	0.38350080359818856	0.3999820289639103	0.5479016538411442	0.4090827610905481
956	31.938190059223366	-10482.379687666351	0.7382485015032882	0.9074108537041112	0.6364705861340998	0.6448403852029245	5.134831505297226	0.5037826572297208	0.1785453147881304	0.38350080359818856	0.3999820289639103	0.5479016538411442	0.4090827610905481
957	31.938190059223366	-10479.140731996871	0.7382485015032882	0.9074108537041112	0.6364705861340998	0.6448403852029245	5.134831505297226	0.5037826572297208	0.1785453147881304	0.38350080359818856	0.3999820289639103	0.5479016538411442	0.4090827610905481
958	31.938190059223366	-10479.140731996871	0.7382485015032882	0.9074108537041112	0.6364705861340998	0.6448403852029245	5.134831505297226	0.5037826572297208	0.1785453147881304	0.38350080359818856	0.3999820289639103	0.5479016538411442	0.4090827610905481
959	31.938190059223366	-10479.140731996871	0.7382485015032882	0.9074108537041112	0.6364705861340998	0.6448403852029245	5.134831505297226	0.5037826572297208	0.1785453147881304	0.38350080359818856	0.3999820289639103	0.5479016538411442	0.4090827610905481
960	31.938190059223366	-10479.140731996871	0.7382485015032882	0.9074108537041112	0.6364705861340998	0.6448403852029245	5.134831505297226	0.5037826572297208	0.1785453147881304	0.38350080359818856	0.3999820289639103	0.5479016538411442	0.4090827610905481
961	31.938190059223366	-10479.140731996871	0.7382485015032882	0.9074108537041112	0.6364705861340998	0.6448403852029245	5.134831505297226	0.5037826572297208	0.1785453147881304	0.38350080359818856	0.3999820289639103	0.5479016538411442	0.4090827610905481
962	31.938190059223366	-10479.140731996871	0.7382485015032882	0.9074108537041112	0.6364705861340998	0.6448403852029245	5.134831505297226	0.5037826572297208	0.1785453147881304	0.38350080359818856	0.3999820289639103	0.5479016538411442	0.4090827610905481
963	31.938190059223366	-10475.669570184324	0.7382485015032882	0.9074108537041112	0.6364705861340998	0.6448403852029245	5.134831505297226	0.5037826572297208	0.1785453147881304	0.38350080359818856	0.3999820289639103	0.5479016538411442	0.4090827610905481
964	31.938190059223366	-10475.669570184324	0.7382485015032882	0.9074108537041112	0.6364705861340998	0.6448403852029245	5.134831505297226	0.5037826572297208	0.1785453147881304	0.38350080359818856	0.3999820289639103	0.5479016538411442	0.4090827610905481
965	31.938190059223366	-10475.669570184324	0.7382485015032882	0.9074108537041112	0.6364705861340998	0.6448403852029245	5.134831505297226	0.5037826572297208	0.1785453147881304	0.38350080359818856	0.3999820289639103	0.5479016538411442	0.4090827610905481
966	31.938190059223366	-10475.669570184324	0.7382485015032882	0.9074108537041112	0.6364705861340998	0.6448403852029245	5.134831505297226	0.5037826572297208	0.1785453147881304	0.38350080359818856	0.3999820289639103	0.5479016538411442	0.4090827610905481
967	31.938190059223366	-10475.669570184324	0.7382485015032882	0.9074108537041112	0.6364705861340998	0.6448403852029245	5.134831505297226	0.5037826572297208	0.1785453147881304	0.38350080359818856	0.3999820289639103	0.5479016538411442	0.4090827610905481
968	31.938190059223366	-10475.669570184324	0.7382485015032882	0.9074108537041112	0.6364705861340998	0.6448403852029245	5.134831505297226	0.5037826572297208	0.1785453147881304	0.38350080359818856	0.3999820289639103	0.5479016538411442	0.4090827610905481
969	31.938190059223366	-10475.669570184324	0.7382485015032882	0.9074108537041112	0.6364705861340998	0.6448403852029245	5.134831505297226	0.5037826572297208	0.1785453147881304	0.38350080359818856	0.3999820289639103	0.5479016538411442	0.4090827610905481
970	31.938190059223366	-10475.669570184324	0.7382485015032882	0.9074108537041112	0.6364705861340998	0.6448403852029245	5.134831505297226	0.5037826572297208	0.1785453147881304	0.38350080359818856	0.3999820289639103	0.5479016538411442	0.4090827610905481
971	31.938190059223366	-10475.669570184324	0.7382485015032882	0.9074108537041112	0.6364705861340998	0.6448403852029245	5.134831505297226	0.5037826572297208	0.1785453147881304	0.38350080359818856	0.3999820289639103	0.5479016538411442	0.4090827610905481
972	32.001620606661284	-10437.902918750331	0.7382485015032882	0.9074108537041112	0.6364705861340998	0.6448403852029245	5.134831505297226	0.5037826572297208	0.1785453147881304	0.38350080359818856	0.3999820289639103	0.5479016538411442	0.4090827610905481
973	32.001620606661284	-10437.005762736073	0.7382485015032882	0.9074108537041112	0.6364705861340998	0.6448403852029245	5.134831505297226	0.5037826572297208	0.1785453147881304	0.38350080359818856	0.3999820289639103	0.5479016538411442	0.4090827610905481
974	32.001620606661284	-10437.005762736073	0.7382485015032882	0.9074108537041112	0.6364705861340998	0.6448403852029245	5.134831505297226	0.5037826572297208	0.1785453147881304	0.38350080359818856	0.3999820289639103	0.5479016538411442	0.4090827610905481
975	31.84611905183892	-10417.475429992557	0.7382485015032882	0.9074108537041112	0.6364705861340998	0.6448403852029245	5.134831505297226	0.5037826572297208	0.1785453147881304	0.38350080359818856	0.3999820289639103	0.5479016538411442	0.4090827610905481
976	31.84611905183892	-10417.475429992557	0.7382485015032882	0.9074108537041112	0.6364705861340998	0.6448403852029245	5.134831505297226	0.5037826572297208	0.1785453147881304	0.38350080359818856	0.3999820289639103	0.5479016538411442	0.4090827610905481
977	31.84611905183892	-10417.475429992557	0.7382485015032882	0.9074108537041112	0.6364705861340998	0.6448403852029245	5.134831505297226	0.5037826572297208	0.1785453147881304	0.38350080359818856	0.3999820289639103	0.5479016538411442	0.4090827610905481
978	31.84611905183892	-10417.475429992557	0.7382485015032882	0.9074108537041112	0.6364705861340998	0.6448403852029245	5.134831505297226	0.5037826572297208	0.1785453147881304	0.38350080359818856	0.3999820289639103	0.5479016538411442	0.4090827610905481
979	31.84611905183892	-10417.475429992557	0.7382485015032882	0.9074108537041112	0.6364705861340998	0.6448403852029245	5.134831505297226	0.5037826572297208	0.1785453147881304	0.38350080359818856	0.3999820289639103	0.5479016538411442	0.4090827610905481
980	31.84611905183892	-10417.475429992557	0.7382485015032882	0.9074108537041112	0.6364705861340998	0.6448403852029245	5.134831505297226	0.5037826572297208	0.1785453147881304	0.38350080359818856	0.3999820289639103	0.5479016538411442	0.4090827610905481
981	31.84611905183892	-10417.475429992557	0.7382485015032882	0.9074108537041112	0.6364705861340998	0.6448403852029245	5.134831505297226	0.5037826572297208	0.1785453147881304	0.38350080359818856	0.3999820289639103	0.5479016538411442	0.4090827610905481
982	31.48422164396743	-10417.475429992557	0.7382485015032882	0.9074108537041112	0.6364705861340998	0.6448403852029245	5.134831505297226	0.5037826572297208	0.1785453147881304	0.38350080359818856	0.3999820289639103	0.5479016538411442	0.48840318271347766
983	31.471772897660315	-10417.606525954874	0.7382485015032882	0.9074108537041112	0.6364705861340998	0.6448403852029245	5.134831505297226	0.5037826572297208	0.1785453147881304	0.38350080359818856	0.3999820289639103	0.5479016538411442	0.48840318271347766
984	31.471772897660315	-10417.606525954874	0.7382485015032882	0.9074108537041112	0.6364705861340998	0.6448403852029245	5.134831505297226	0.5037826572297208	0.1785453147881304	0.38350080359818856	0.3999820289639103	0.5479016538411442	0.48840318271347766
985	34.216728614096574	-10417.606525954874	0.7378332981441763	0.8502195875054399	0.6798561500388216	0.5583442800882732	5.320305431553102	0.5037826572297208	0.1785453147881304	0.38350080359818856	0.3999820289639103	0.5479016538411442	0.48840318271347766
986	34.216728614096574	-10414.27076260554	0.7378332981441763	0.8502195875054399	0.6798561500388216	0.5583442800882732	5.320305431553102	0.5037826572297208	0.1785453147881304	0.38350080359818856	0.3999820289639103	0.5479016538411442	0.48840318271347766
987	34.216728614096574	-10413.032188015786	0.7378332981441763	0.8502195875054399	0.6798561500388216	0.5583442800882732	5.320305431553102	0.5037826572297208	0.1785453147881304	0.38350080359818856	0.3999820289639103	0.5479016538411442	0.48840318271347766
988	34.216728614096574	-10413.032188015786	0.7378332981441763	0.8502195875054399	0.6798561500388216	0.5583442800882732	5.320305431553102	0.5037826572297208	0.1785453147881304	0.38350080359818856	0.3999820289639103	0.5479016538411442	0.48840318271347766
989	34.216728614096574	-10413.032188015786	0.7378332981441763	0.8502195875054399	0.6798561500388216	0.5583442800882732	5.320305431553102	0.5037826572297208	0.1785453147881304	0.38350080359818856	0.3999820289639103	0.5479016538411442	0.48840318271347766
990	34.216728614096574	-10413.032188015786	0.7378332981441763	0.8502195875054399	0.6798561500388216	0.5583442800882732	5.320305431553102	0.5037826572297208	0.1785453147881304	0.38350080359818856	0.3999820289639103	0.5479016538411442	0.48840318271347766
991	34.277346659353235	-10401.175275249305	0.7378332981441763	0.8502195875054399	0.6798561500388216	0.5583442800882732	5.320305431553102	0.5037826572297208	0.1785453147881304	0.38350080359818856	0.3999820289639103	0.5479016538411442	0.48840318271347766
992	34.277346659353235	-10401.175275249305	0.7378332981441763	0.8502195875054399	0.6798561500388216	0.5583442800882732	5.320305431553102	0.5037826572297208	0.1785453147881304	0.38350080359818856	0.3999820289639103	0.5479016538411442	0.48840318271347766
993	34.277346659353235	-10401.175275249305	0.7378332981441763	0.8502195875054399	0.6798561500388216	0.5583442800882732	5.320305431553102	0.5037826572297208	0.1785453147881304	0.38350080359818856	0.3999820289639103	0.5479016538411442	0.48840318271347766
994	34.277346659353235	-10401.175275249305	0.7378332981441763	0.8502195875054399	0.6798561500388216	0.5583442800882732	5.320305431553102	0.5037826572297208	0.1785453147881304	0.38350080359818856	0.3999820289639103	0.5479016538411442	0.48840318271347766
995	34.277346659353235	-10401.175275249305	0.7378332981441763	0.8502195875054399	0.6798561500388216	0.5583442800882732	5.320305431553102	0.5037826572297208	0.1785453147881304	0.38350080359818856	0.3999820289639103	0.5479016538411442	0.48840318271347766
996	34.277346659353235	-10401.175275249305	0.7378332981441763	0.8502195875054399	0.6798561500388216	0.5583442800882732	5.320305431553102	0.5037826572297208	0.1785453147881304	0.38350080359818856	0.3999820289639103	0.5479016538411442	0.48840318271347766
997	52.37312110076218	-10401.175275249305	0.7103988986489403	0.7913055315702101	0.564008279280617	0.4287609129696815	6.705717106825968	0.5037826572297208	0.1785453147881304	0.38350080359818856	0.3999820289639103	0.5479016538411442	0.48840318271347766
998	52.37312110076218	-10401.175275249305	0.7103988986489403	0.7913055315702101	0.564008279280617	0.4287609129696815	6.705717106825968	0.5037826572297208	0.1785453147881304	0.38350080359818856	0.3999820289639103	0.5479016538411442	0.48840318271347766
999	52.37312110076218	-10401.175275249305	0.7103988986489403	0.7913055315702101	0.564008279280617	0.4287609129696815	6.705717106825968	0.5037826572297208	0.1785453147881304	0.38350080359818856	0.3999820289639103	0.5479016538411442	0.48840318271347766
