#
#model:
#
#<?xml version="1.0" encoding="UTF-8" standalone="no"?><input id="posterior" spec="beast.base.inference.CompoundDistribution">
#    <distribution id="prior" spec="beast.base.inference.CompoundDistribution">
#        <distribution conditionOnSurvival="false" id="birthDeath" originIsRootEdge="true" spec="bdsky.evolution.speciation.BirthDeathSkylineModel">
#            <parameter dimension="5" id="intervalTimes" name="intervalTimes" spec="beast.base.inference.parameter.RealParameter">0.0 0.01 0.02 0.03 0.04</parameter>
#            <reverseTimeArrays dimension="5" id="reverseTimeArrays" spec="beast.base.inference.parameter.BooleanParameter">true true true false false</reverseTimeArrays>
#            <parameter id="origin" lower="0.05" name="origin" spec="beast.base.inference.parameter.RealParameter">0.5</parameter>
#            <parameter dimension="5" id="birthRate" lower="0.0" name="birthRate" spec="beast.base.inference.parameter.RealParameter">1.0 1.2 0.9 1.4 1.1</parameter>
#            <parameter dimension="5" id="deathRate" lower="0.0" name="deathRate" spec="beast.base.inference.parameter.RealParameter">0.5 0.45 0.55 0.4 0.6</parameter>
#            <parameter dimension="5" id="samplingRate" lower="0.0" name="samplingRate" spec="beast.base.inference.parameter.RealParameter">0.25 0.25 0.25 0.25 0.25</parameter>
#            <tree IsLabelledNewick="true" adjustTipHeights="false" id="tree" newick="(((AF271852i_2685:0.13485022388767737,((AF271861i_3452:0.044938442268639876,(AF271885i_3289:0.009877310064721364,AF271838i_1803:0.009877310064721364):0.035061132203918516):0.04776379381323232,(((AF271874i_1359:0.0019230507078066622,AF271872i_4053:0.0019230507078066622):0.018078054544105073,((AF271873i_4055:0.010326640464516356,AF271835i_1767:0.010326640464516356):6.691823246665844E-4,(AF271884i_2659:7.271618491540825E-4,AF271854i_2856:7.271618491540825E-4):0.010268660940028857):0.009005282462728796):0.020364894203838493,((AF271882i_2153:0.003395986997383218,AF271866i_3465:0.003395986997383218):0.00658253443199398,AF271850i_2673:0.009978521429377198):0.03038747802637303):0.05233623662612197):0.04214798780580517):0.6375851514450108,((((((AF271836i_1796:0.05169983777759623,AF271843i_2147:0.05169983777759623):0.010272424497478873,((AF271887i_3405:0.04428061140044273,AF271839i_1997:0.04428061140044273):0.0046896880119626505,(AF271864i_3461:0.030147846840854635,(AF271831i_1164:0.02398309208276277,(AF271858i_3318:1.1512805904653285E-4,AF271862i_3458:1.1512805904653285E-4):0.023867964023716236):0.006164754758091865):0.018822452571550748):0.01300196286266972):0.12554138328517472,(((AF271880i_2115:0.019908338762199898,(AF271869i_4020:0.01573751002502666,AF271833i_1240:0.01573751002502666):0.004170828737173237):0.14266649854497382,(AF271829i_0923:0.0024642750872121456,AF271844i_2150:0.0024642750872121456):0.16011056221996156):0.016719352192174075,((AF271865i_3463:0.029262576178137382,AF271868i_3471:0.029262576178137382):0.07723382671065279,((AF271877i_1999:0.02514285819343654,AF271840i_2130:0.02514285819343654):0.014025532540322197,(AF271826i_0873:0.008795393863556829,(AF271846i_2429:0.00394942233304547,(AF271842i_2141:0.002140370181304716,AF271860i_3400:0.002140370181304716):0.0018090521517407539):0.004845971530511359):0.03037299687020191):0.06732801215503142):0.07279778661055761):0.008219456060902047):0.28533717561845773,(AF271878i_2000:0.3170022267994642,((((AF271875i_1380:0.0039599228619936295,AF271849i_2663:0.0039599228619936295):0.0021383652632776173,AF271876i_1797:0.006098288125271247):0.11194589205128644,((AF271886i_3319:0.03465192004670318,AF271855i_2862:0.03465192004670318):0.010552573079621111,(AF271834i_1339:0.010986413514016384,AF271828i_0922:0.010986413514016384):0.034218079612307904):0.07283968705023339):0.06864812465966152,((AF271837i_1801:0.04712983622462497,AF271857i_2957:0.04712983622462497):0.007189059218821459,AF271859i_3393:0.05431889544344643):0.13237340939277278):0.130309921963245):0.15584859437924337):0.022208720320151254,((AF271867i_3468:0.07566245220714256,(AF271827i_0883:0.025458135177596992,AF271847i_2438:0.025458135177596992):0.050204317029545566):0.29888329225148275,((AF271845i_2386:0.015002295400564077,AF271825i_0800:0.015002295400564077):0.34641892239624983,AF271848i_2446:0.3614212177968139):0.013124526661811409):0.12051379704023352):0.06682508054287822,(((((AF271863i_3460:0.019900613777813016,AF271871i_4036:0.019900613777813016):0.024365219137367815,(AF271856i_2926:6.312249097633727E-4,AF271841i_2134:6.312249097633727E-4):0.043634608005417456):0.003277450733616294,(AF271870i_4033:0.023509431187541514,AF271851i_2681:0.023509431187541514):0.02403385246125561):0.11390559951975099,((AF271881i_2116:0.023528010586812566,AF271830i_1150:0.023528010586812566):0.13306123321732607,AF271853i_2852:0.15658924380413863):0.004859639364409474):0.25181956742347134,AF271832i_1226:0.41326845059201944):0.14861617144971762):0.2105507532909512):0.8836734942709736,(AF271883i_2432:0.0793735467473457,AF271879i_2113:0.0793735467473457):1.5767353228563161);" spec="beast.base.evolution.tree.TreeParser">
#                <taxonset id="TaxonSet" spec="beast.base.evolution.alignment.TaxonSet">
#                    <taxon id="AF271852i_2685" spec="beast.base.evolution.alignment.Taxon"/>
#                    <taxon id="AF271861i_3452" spec="beast.base.evolution.alignment.Taxon"/>
#                    <taxon id="AF271885i_3289" spec="beast.base.evolution.alignment.Taxon"/>
#                    <taxon id="AF271838i_1803" spec="beast.base.evolution.alignment.Taxon"/>
#                    <taxon id="AF271874i_1359" spec="beast.base.evolution.alignment.Taxon"/>
#                    <taxon id="AF271872i_4053" spec="beast.base.evolution.alignment.Taxon"/>
#                    <taxon id="AF271873i_4055" spec="beast.base.evolution.alignment.Taxon"/>
#                    <taxon id="AF271835i_1767" spec="beast.base.evolution.alignment.Taxon"/>
#                    <taxon id="AF271884i_2659" spec="beast.base.evolution.alignment.Taxon"/>
#                    <taxon id="AF271854i_2856" spec="beast.base.evolution.alignment.Taxon"/>
#                    <taxon id="AF271882i_2153" spec="beast.base.evolution.alignment.Taxon"/>
#                    <taxon id="AF271866i_3465" spec="beast.base.evolution.alignment.Taxon"/>
#                    <taxon id="AF271850i_2673" spec="beast.base.evolution.alignment.Taxon"/>
#                    <taxon id="AF271836i_1796" spec="beast.base.evolution.alignment.Taxon"/>
#                    <taxon id="AF271843i_2147" spec="beast.base.evolution.alignment.Taxon"/>
#                    <taxon id="AF271887i_3405" spec="beast.base.evolution.alignment.Taxon"/>
#                    <taxon id="AF271839i_1997" spec="beast.base.evolution.alignment.Taxon"/>
#                    <taxon id="AF271864i_3461" spec="beast.base.evolution.alignment.Taxon"/>
#                    <taxon id="AF271831i_1164" spec="beast.base.evolution.alignment.Taxon"/>
#                    <taxon id="AF271858i_3318" spec="beast.base.evolution.alignment.Taxon"/>
#                    <taxon id="AF271862i_3458" spec="beast.base.evolution.alignment.Taxon"/>
#                    <taxon id="AF271880i_2115" spec="beast.base.evolution.alignment.Taxon"/>
#                    <taxon id="AF271869i_4020" spec="beast.base.evolution.alignment.Taxon"/>
#                    <taxon id="AF271833i_1240" spec="beast.base.evolution.alignment.Taxon"/>
#                    <taxon id="AF271829i_0923" spec="beast.base.evolution.alignment.Taxon"/>
#                    <taxon id="AF271844i_2150" spec="beast.base.evolution.alignment.Taxon"/>
#                    <taxon id="AF271865i_3463" spec="beast.base.evolution.alignment.Taxon"/>
#                    <taxon id="AF271868i_3471" spec="beast.base.evolution.alignment.Taxon"/>
#                    <taxon id="AF271877i_1999" spec="beast.base.evolution.alignment.Taxon"/>
#                    <taxon id="AF271840i_2130" spec="beast.base.evolution.alignment.Taxon"/>
#                    <taxon id="AF271826i_0873" spec="beast.base.evolution.alignment.Taxon"/>
#                    <taxon id="AF271846i_2429" spec="beast.base.evolution.alignment.Taxon"/>
#                    <taxon id="AF271842i_2141" spec="beast.base.evolution.alignment.Taxon"/>
#                    <taxon id="AF271860i_3400" spec="beast.base.evolution.alignment.Taxon"/>
#                    <taxon id="AF271878i_2000" spec="beast.base.evolution.alignment.Taxon"/>
#                    <taxon id="AF271875i_1380" spec="beast.base.evolution.alignment.Taxon"/>
#                    <taxon id="AF271849i_2663" spec="beast.base.evolution.alignment.Taxon"/>
#                    <taxon id="AF271876i_1797" spec="beast.base.evolution.alignment.Taxon"/>
#                    <taxon id="AF271886i_3319" spec="beast.base.evolution.alignment.Taxon"/>
#                    <taxon id="AF271855i_2862" spec="beast.base.evolution.alignment.Taxon"/>
#                    <taxon id="AF271834i_1339" spec="beast.base.evolution.alignment.Taxon"/>
#                    <taxon id="AF271828i_0922" spec="beast.base.evolution.alignment.Taxon"/>
#                    <taxon id="AF271837i_1801" spec="beast.base.evolution.alignment.Taxon"/>
#                    <taxon id="AF271857i_2957" spec="beast.base.evolution.alignment.Taxon"/>
#                    <taxon id="AF271859i_3393" spec="beast.base.evolution.alignment.Taxon"/>
#                    <taxon id="AF271867i_3468" spec="beast.base.evolution.alignment.Taxon"/>
#                    <taxon id="AF271827i_0883" spec="beast.base.evolution.alignment.Taxon"/>
#                    <taxon id="AF271847i_2438" spec="beast.base.evolution.alignment.Taxon"/>
#                    <taxon id="AF271845i_2386" spec="beast.base.evolution.alignment.Taxon"/>
#                    <taxon id="AF271825i_0800" spec="beast.base.evolution.alignment.Taxon"/>
#                    <taxon id="AF271848i_2446" spec="beast.base.evolution.alignment.Taxon"/>
#                    <taxon id="AF271863i_3460" spec="beast.base.evolution.alignment.Taxon"/>
#                    <taxon id="AF271871i_4036" spec="beast.base.evolution.alignment.Taxon"/>
#                    <taxon id="AF271856i_2926" spec="beast.base.evolution.alignment.Taxon"/>
#                    <taxon id="AF271841i_2134" spec="beast.base.evolution.alignment.Taxon"/>
#                    <taxon id="AF271870i_4033" spec="beast.base.evolution.alignment.Taxon"/>
#                    <taxon id="AF271851i_2681" spec="beast.base.evolution.alignment.Taxon"/>
#                    <taxon id="AF271881i_2116" spec="beast.base.evolution.alignment.Taxon"/>
#                    <taxon id="AF271830i_1150" spec="beast.base.evolution.alignment.Taxon"/>
#                    <taxon id="AF271853i_2852" spec="beast.base.evolution.alignment.Taxon"/>
#                    <taxon id="AF271832i_1226" spec="beast.base.evolution.alignment.Taxon"/>
#                    <taxon id="AF271883i_2432" spec="beast.base.evolution.alignment.Taxon"/>
#                    <taxon id="AF271879i_2113" spec="beast.base.evolution.alignment.Taxon"/>
#                </taxonset>
#            </tree>
#        </distribution>
#    </distribution>
#    <distribution id="likelihood" spec="beast.base.evolution.likelihood.TreeLikelihood" tree="@tree">
#        <siteModel id="siteModel" spec="beast.base.evolution.sitemodel.SiteModel">
#            <substModel id="jc" spec="beast.base.evolution.substitutionmodel.JukesCantor"/>
#        </siteModel>
#        <branchRateModel id="strictClock" spec="beast.base.evolution.branchratemodel.StrictClockModel">
#            <parameter id="clockRate" name="clock.rate" spec="beast.base.inference.parameter.RealParameter">1.0</parameter>
#        </branchRateModel>
#    </distribution>
#</input>
#
Sample	birthDeath	likelihood	birthRate0	birthRate1	birthRate2	birthRate3	birthRate4	deathRate0	deathRate1	deathRate2	deathRate3	deathRate4	origin
0	-83.5447652190626	-14854.706507453719	1.0	1.2	0.9	1.4	1.1	0.5	0.45	0.55	0.4	0.6	0.5
1	-83.5447652190626	-14852.22173165596	1.0	1.2	0.9	1.4	1.1	0.5	0.45	0.55	0.4	0.6	0.5
2	-83.5447652190626	-14852.22173165596	1.0	1.2	0.9	1.4	1.1	0.5	0.45	0.55	0.4	0.6	0.5
3	-83.5447652190626	-14852.22173165596	1.0	1.2	0.9	1.4	1.1	0.5	0.45	0.55	0.4	0.6	0.5
4	-83.5465863330794	-14848.991822190352	1.0	1.2	0.9	1.4	1.1	0.5	0.45	0.55	0.4	0.6	0.5
5	-83.55345606083424	-14829.190358484368	1.0	1.2	0.9	1.4	1.1	0.5	0.45	0.55	0.4	0.6	0.5
6	-83.55345606083424	-14829.190358484368	1.0	1.2	0.9	1.4	1.1	0.5	0.45	0.55	0.4	0.6	0.5
7	-83.55332493670961	-14825.37905153671	1.0	1.2	0.9	1.4	1.1	0.5	0.45	0.55	0.4	0.6	0.5
8	-83.55332493670961	-14662.273503659646	1.0	1.2	0.9	1.4	1.1	0.5	0.45	0.55	0.4	0.6	0.5
9	-83.55332493670961	-14662.273503659646	1.0	1.2	0.9	1.4	1.1	0.5	0.45	0.55	0.4	0.6	0.5
10	-83.55332493670961	-14655.369496765772	1.0	1.2	0.9	1.4	1.1	0.5	0.45	0.55	0.4	0.6	0.5
11	-83.55332493670961	-14655.369496765772	1.0	1.2	0.9	1.4	1.1	0.5	0.45	0.55	0.4	0.6	0.5
12	-83.55332493670961	-14655.369496765772	1.0	1.2	0.9	1.4	1.1	0.5	0.45	0.55	0.4	0.6	0.5
13	-83.43708601170954	-14572.548192061022	1.0	1.2	0.9	1.4	1.1	0.5	0.45	0.55	0.4	0.6	0.5
14	-83.43708601170954	-14571.346256242334	1.0	1.2	0.9	1.4	1.1	0.5	0.45	0.55	0.4	0.6	0.5
15	-83.43708601170954	-14571.346256242334	1.0	1.2	0.9	1.4	1.1	0.5	0.45	0.55	0.4	0.6	0.5
16	-83.43708601170954	-14568.173051415759	1.0	1.2	0.9	1.4	1.1	0.5	0.45	0.55	0.4	0.6	0.5
17	-83.43708601170954	-14568.173051415759	1.0	1.2	0.9	1.4	1.1	0.5	0.45	0.55	0.4	0.6	0.5
18	-83.43708601170954	-14567.816049495565	1.0	1.2	0.9	1.4	1.1	0.5	0.45	0.55	0.4	0.6	0.5
19	-83.43708601170954	-14567.816049495565	1.0	1.2	0.9	1.4	1.1	0.5	0.45	0.55	0.4	0.6	0.5
20	-83.43708601170954	-14543.105360298157	1.0	1.2	0.9	1.4	1.1	0.5	0.45	0.55	0.4	0.6	0.5
21	-83.43708601170954	-14531.369071803598	1.0	1.2	0.9	1.4	1.1	0.5	0.45	0.55	0.4	0.6	0.5
22	-83.43708601170954	-14531.369071803598	1.0	1.2	0.9	1.4	1.1	0.5	0.45	0.55	0.4	0.6	0.5
23	-83.43706960491215	-14531.258464157163	1.0	1.2	0.9	1.4	1.1	0.5	0.45	0.55	0.4	0.6	0.5
24	-83.43706960491215	-14511.484582149467	1.0	1.2	0.9	1.4	1.1	0.5	0.45	0.55	0.4	0.6	0.5
25	-83.43706960491215	-14511.484582149467	1.0	1.2	0.9	1.4	1.1	0.5	0.45	0.55	0.4	0.6	0.5
26	-83.43706960491215	-14511.450584338747	1.0	1.2	0.9	1.4	1.1	0.5	0.45	0.55	0.4	0.6	0.5
27	-83.51002729913601	-14354.719056694728	1.0	1.2	0.9	1.4	1.1	0.5	0.45	0.55	0.4	0.6	0.5
28	-83.51274879090431	-14348.326707469145	1.0	1.2	0.9	1.4	1.1	0.5	0.45	0.55	0.4	0.6	0.5
29	-83.51149893449112	-14334.853911118627	1.0	1.2	0.9	1.4	1.1	0.5	0.45	0.55	0.4	0.6	0.5
30	-83.51149893449112	-14334.853911118627	1.0	1.2	0.9	1.4	1.1	0.5	0.45	0.55	0.4	0.6	0.5
31	-83.51149893449112	-14334.853911118627	1.0	1.2	0.9	1.4	1.1	0.5	0.45	0.55	0.4	0.6	0.5
32	-83.51149893449112	-14334.853911118627	1.0	1.2	0.9	1.4	1.1	0.5	0.45	0.55	0.4	0.6	0.5
33	-83.51149893449112	-14334.853911118627	1.0	1.2	0.9	1.4	1.1	0.5	0.45	0.55	0.4	0.6	0.5
34	-72.04806626575751	-14334.853911118627	1.300558513680485	1.4778097143710884	1.0251412601694705	1.0979994452081334	1.2252442214135286	0.5	0.45	0.55	0.4	0.6	0.5
35	-72.04806626575751	-14334.520669207588	1.300558513680485	1.4778097143710884	1.0251412601694705	1.0979994452081334	1.2252442214135286	0.5	0.45	0.55	0.4	0.6	0.5
36	-72.05444320208008	-14328.509050851073	1.300558513680485	1.4778097143710884	1.0251412601694705	1.0979994452081334	1.2252442214135286	0.5	0.45	0.55	0.4	0.6	0.5
37	-72.05444320208008	-14328.509050851073	1.300558513680485	1.4778097143710884	1.0251412601694705	1.0979994452081334	1.2252442214135286	0.5	0.45	0.55	0.4	0.6	0.5
38	-72.05444320208008	-14328.509050851073	1.300558513680485	1.4778097143710884	1.0251412601694705	1.0979994452081334	1.2252442214135286	0.5	0.45	0.55	0.4	0.6	0.5
39	-72.05444320208008	-14328.509050851073	1.300558513680485	1.4778097143710884	1.0251412601694705	1.0979994452081334	1.2252442214135286	0.5	0.45	0.55	0.4	0.6	0.5
40	-72.05444320208008	-14328.509050851073	1.300558513680485	1.4778097143710884	1.0251412601694705	1.0979994452081334	1.2252442214135286	0.5	0.45	0.55	0.4	0.6	0.5
41	-72.05444320208008	-14311.901469363007	1.300558513680485	1.4778097143710884	1.0251412601694705	1.0979994452081334	1.2252442214135286	0.5	0.45	0.55	0.4	0.6	0.5
42	-71.85293944854658	-14071.997759101516	1.300558513680485	1.4778097143710884	1.0251412601694705	1.0979994452081334	1.2252442214135286	0.5	0.45	0.55	0.4	0.6	0.5
43	-71.85085265343653	-14022.900878166663	1.300558513680485	1.4778097143710884	1.0251412601694705	1.0979994452081334	1.2252442214135286	0.5	0.45	0.55	0.4	0.6	0.5
44	-71.85085265343653	-14004.915093203987	1.300558513680485	1.4778097143710884	1.0251412601694705	1.0979994452081334	1.2252442214135286	0.5	0.45	0.55	0.4	0.6	0.5
45	-71.85085265343653	-14004.915093203987	1.300558513680485	1.4778097143710884	1.0251412601694705	1.0979994452081334	1.2252442214135286	0.5	0.45	0.55	0.4	0.6	0.5
46	-71.85085265343653	-14000.900236336425	1.300558513680485	1.4778097143710884	1.0251412601694705	1.0979994452081334	1.2252442214135286	0.5	0.45	0.55	0.4	0.6	0.5
47	-71.85085265343653	-14000.900236336425	1.300558513680485	1.4778097143710884	1.0251412601694705	1.0979994452081334	1.2252442214135286	0.5	0.45	0.55	0.4	0.6	0.5
48	-71.85085265343653	-14000.900236336425	1.300558513680485	1.4778097143710884	1.0251412601694705	1.0979994452081334	1.2252442214135286	0.5	0.45	0.55	0.4	0.6	0.5
49	-71.9733209958419	-14000.900236336425	1.300558513680485	1.4778097143710884	1.0251412601694705	1.0979994452081334	1.2252442214135286	0.5	0.45	0.55	0.4	0.6	0.6314837091546421
50	-71.9733209958419	-14000.900236336425	1.300558513680485	1.4778097143710884	1.0251412601694705	1.0979994452081334	1.2252442214135286	0.5	0.45	0.55	0.4	0.6	0.6314837091546421
51	-71.9733209958419	-13993.71181039707	1.300558513680485	1.4778097143710884	1.0251412601694705	1.0979994452081334	1.2252442214135286	0.5	0.45	0.55	0.4	0.6	0.6314837091546421
52	-71.9733209958419	-13964.091497078245	1.300558513680485	1.4778097143710884	1.0251412601694705	1.0979994452081334	1.2252442214135286	0.5	0.45	0.55	0.4	0.6	0.6314837091546421
53	-71.9733209958419	-13953.80857619245	1.300558513680485	1.4778097143710884	1.0251412601694705	1.0979994452081334	1.2252442214135286	0.5	0.45	0.55	0.4	0.6	0.6314837091546421
54	-71.9733209958419	-13953.80857619245	1.300558513680485	1.4778097143710884	1.0251412601694705	1.0979994452081334	1.2252442214135286	0.5	0.45	0.55	0.4	0.6	0.6314837091546421
55	-71.9733209958419	-13953.80857619245	1.300558513680485	1.4778097143710884	1.0251412601694705	1.0979994452081334	1.2252442214135286	0.5	0.45	0.55	0.4	0.6	0.6314837091546421
56	-72.14653183607889	-13936.973108796788	1.300558513680485	1.4778097143710884	1.0251412601694705	1.0979994452081334	1.2252442214135286	0.5	0.45	0.55	0.4	0.6	0.6314837091546421
57	-72.14653183607889	-13936.973108796788	1.300558513680485	1.4778097143710884	1.0251412601694705	1.0979994452081334	1.2252442214135286	0.5	0.45	0.55	0.4	0.6	0.6314837091546421
58	-72.213803567511	-13915.580481747793	1.300558513680485	1.4778097143710884	1.0251412601694705	1.0979994452081334	1.2252442214135286	0.5	0.45	0.55	0.4	0.6	0.6314837091546421
59	-72.2146530252693	-13915.596586166941	1.300558513680485	1.4778097143710884	1.0251412601694705	1.0979994452081334	1.2252442214135286	0.5	0.45	0.55	0.4	0.6	0.6314837091546421
60	-72.31836505405971	-13758.172326884325	1.300558513680485	1.4778097143710884	1.0251412601694705	1.0979994452081334	1.2252442214135286	0.5	0.45	0.55	0.4	0.6	0.6314837091546421
61	-72.31836505405971	-13758.172326884325	1.300558513680485	1.4778097143710884	1.0251412601694705	1.0979994452081334	1.2252442214135286	0.5	0.45	0.55	0.4	0.6	0.6314837091546421
62	-72.31836505405971	-13614.695767087724	1.300558513680485	1.4778097143710884	1.0251412601694705	1.0979994452081334	1.2252442214135286	0.5	0.45	0.55	0.4	0.6	0.6314837091546421
63	-72.31836505405971	-13614.695767087724	1.300558513680485	1.4778097143710884	1.0251412601694705	1.0979994452081334	1.2252442214135286	0.5	0.45	0.55	0.4	0.6	0.6314837091546421
64	-72.31836505405971	-13614.932063081498	1.300558513680485	1.4778097143710884	1.0251412601694705	1.0979994452081334	1.2252442214135286	0.5	0.45	0.55	0.4	0.6	0.6314837091546421
65	-72.31836505405971	-13614.932063081498	1.300558513680485	1.4778097143710884	1.0251412601694705	1.0979994452081334	1.2252442214135286	0.5	0.45	0.55	0.4	0.6	0.6314837091546421
66	-72.31836505405971	-13614.932063081498	1.300558513680485	1.4778097143710884	1.0251412601694705	1.0979994452081334	1.2252442214135286	0.5	0.45	0.55	0.4	0.6	0.6314837091546421
67	-72.40738819309809	-13614.185422804574	1.300558513680485	1.4778097143710884	1.0251412601694705	1.0979994452081334	1.2252442214135286	0.5	0.45	0.55	0.4	0.6	0.6314837091546421
68	-72.40738819309809	-13545.655508818769	1.300558513680485	1.4778097143710884	1.0251412601694705	1.0979994452081334	1.2252442214135286	0.5	0.45	0.55	0.4	0.6	0.6314837091546421
69	-72.40738819309809	-13545.655508818769	1.300558513680485	1.4778097143710884	1.0251412601694705	1.0979994452081334	1.2252442214135286	0.5	0.45	0.55	0.4	0.6	0.6314837091546421
70	-72.40738819309809	-13545.655508818769	1.300558513680485	1.4778097143710884	1.0251412601694705	1.0979994452081334	1.2252442214135286	0.5	0.45	0.55	0.4	0.6	0.6314837091546421
71	-72.40738819309809	-13520.655808913778	1.300558513680485	1.4778097143710884	1.0251412601694705	1.0979994452081334	1.2252442214135286	0.5	0.45	0.55	0.4	0.6	0.6314837091546421
72	-72.40738819309809	-13520.655808913778	1.300558513680485	1.4778097143710884	1.0251412601694705	1.0979994452081334	1.2252442214135286	0.5	0.45	0.55	0.4	0.6	0.6314837091546421
73	-72.40738819309809	-13513.106900131525	1.300558513680485	1.4778097143710884	1.0251412601694705	1.0979994452081334	1.2252442214135286	0.5	0.45	0.55	0.4	0.6	0.6314837091546421
74	-72.41138814597488	-13505.712016854357	1.300558513680485	1.4778097143710884	1.0251412601694705	1.0979994452081334	1.2252442214135286	0.5	0.45	0.55	0.4	0.6	0.6314837091546421
75	-72.41138814597488	-13500.687609797382	1.300558513680485	1.4778097143710884	1.0251412601694705	1.0979994452081334	1.2252442214135286	0.5	0.45	0.55	0.4	0.6	0.6314837091546421
76	-72.41138814597488	-13500.687609797382	1.300558513680485	1.4778097143710884	1.0251412601694705	1.0979994452081334	1.2252442214135286	0.5	0.45	0.55	0.4	0.6	0.6314837091546421
77	-72.41138814597488	-13500.687609797382	1.300558513680485	1.4778097143710884	1.0251412601694705	1.0979994452081334	1.2252442214135286	0.5	0.45	0.55	0.4	0.6	0.6314837091546421
78	-72.41138814597488	-13500.687609797382	1.300558513680485	1.4778097143710884	1.0251412601694705	1.0979994452081334	1.2252442214135286	0.5	0.45	0.55	0.4	0.6	0.6314837091546421
79	-72.41138814597488	-13500.687609797382	1.300558513680485	1.4778097143710884	1.0251412601694705	1.0979994452081334	1.2252442214135286	0.5	0.45	0.55	0.4	0.6	0.6314837091546421
80	-72.41138814597488	-13500.687609797382	1.300558513680485	1.4778097143710884	1.0251412601694705	1.0979994452081334	1.2252442214135286	0.5	0.45	0.55	0.4	0.6	0.6314837091546421
81	-72.41138814597488	-13500.687609797382	1.300558513680485	1.4778097143710884	1.0251412601694705	1.0979994452081334	1.2252442214135286	0.5	0.45	0.55	0.4	0.6	0.6314837091546421
82	-72.41138814597488	-13500.687609797382	1.300558513680485	1.4778097143710884	1.0251412601694705	1.0979994452081334	1.2252442214135286	0.5	0.45	0.55	0.4	0.6	0.6314837091546421
83	-72.41138814597488	-13500.687609797382	1.300558513680485	1.4778097143710884	1.0251412601694705	1.0979994452081334	1.2252442214135286	0.5	0.45	0.55	0.4	0.6	0.6314837091546421
84	-71.88813530029854	-13500.687609797382	1.300558513680485	1.4778097143710884	1.0251412601694705	1.0979994452081334	1.2252442214135286	0.4215392450373938	0.3794664189240373	0.6402963253226099	0.3786605291852008	0.6410483626440274	0.6314837091546421
85	-71.88813530029854	-13494.04537976695	1.300558513680485	1.4778097143710884	1.0251412601694705	1.0979994452081334	1.2252442214135286	0.4215392450373938	0.3794664189240373	0.6402963253226099	0.3786605291852008	0.6410483626440274	0.6314837091546421
86	-71.88813530029854	-13494.04537976695	1.300558513680485	1.4778097143710884	1.0251412601694705	1.0979994452081334	1.2252442214135286	0.4215392450373938	0.3794664189240373	0.6402963253226099	0.3786605291852008	0.6410483626440274	0.6314837091546421
87	-71.88813530029854	-13494.04537976695	1.300558513680485	1.4778097143710884	1.0251412601694705	1.0979994452081334	1.2252442214135286	0.4215392450373938	0.3794664189240373	0.6402963253226099	0.3786605291852008	0.6410483626440274	0.6314837091546421
88	-71.88813530029854	-13494.04537976695	1.300558513680485	1.4778097143710884	1.0251412601694705	1.0979994452081334	1.2252442214135286	0.4215392450373938	0.3794664189240373	0.6402963253226099	0.3786605291852008	0.6410483626440274	0.6314837091546421
89	-71.88813530029854	-13494.04537976695	1.300558513680485	1.4778097143710884	1.0251412601694705	1.0979994452081334	1.2252442214135286	0.4215392450373938	0.3794664189240373	0.6402963253226099	0.3786605291852008	0.6410483626440274	0.6314837091546421
90	-71.88813530029854	-13394.515581320517	1.300558513680485	1.4778097143710884	1.0251412601694705	1.0979994452081334	1.2252442214135286	0.4215392450373938	0.3794664189240373	0.6402963253226099	0.3786605291852008	0.6410483626440274	0.6314837091546421
91	-71.88813530029854	-13394.515581320517	1.300558513680485	1.4778097143710884	1.0251412601694705	1.0979994452081334	1.2252442214135286	0.4215392450373938	0.3794664189240373	0.6402963253226099	0.3786605291852008	0.6410483626440274	0.6314837091546421
92	-71.88813530029854	-13394.515581320517	1.300558513680485	1.4778097143710884	1.0251412601694705	1.0979994452081334	1.2252442214135286	0.4215392450373938	0.3794664189240373	0.6402963253226099	0.3786605291852008	0.6410483626440274	0.6314837091546421
93	-71.88813530029854	-13394.515581320517	1.300558513680485	1.4778097143710884	1.0251412601694705	1.0979994452081334	1.2252442214135286	0.4215392450373938	0.3794664189240373	0.6402963253226099	0.3786605291852008	0.6410483626440274	0.6314837091546421
94	-71.88813530029854	-13394.515581320517	1.300558513680485	1.4778097143710884	1.0251412601694705	1.0979994452081334	1.2252442214135286	0.4215392450373938	0.3794664189240373	0.6402963253226099	0.3786605291852008	0.6410483626440274	0.6314837091546421
95	-71.88813530029854	-13386.22320810124	1.300558513680485	1.4778097143710884	1.0251412601694705	1.0979994452081334	1.2252442214135286	0.4215392450373938	0.3794664189240373	0.6402963253226099	0.3786605291852008	0.6410483626440274	0.6314837091546421
96	-71.88813530029854	-13386.22320810124	1.300558513680485	1.4778097143710884	1.0251412601694705	1.0979994452081334	1.2252442214135286	0.4215392450373938	0.3794664189240373	0.6402963253226099	0.3786605291852008	0.6410483626440274	0.6314837091546421
97	-71.88813530029854	-13387.030022884679	1.300558513680485	1.4778097143710884	1.0251412601694705	1.0979994452081334	1.2252442214135286	0.4215392450373938	0.3794664189240373	0.6402963253226099	0.3786605291852008	0.6410483626440274	0.6314837091546421
98	-71.88813530029854	-13387.030022884679	1.300558513680485	1.4778097143710884	1.0251412601694705	1.0979994452081334	1.2252442214135286	0.4215392450373938	0.3794664189240373	0.6402963253226099	0.3786605291852008	0.6410483626440274	0.6314837091546421
99	-71.88813530029854	-13387.030022884679	1.300558513680485	1.4778097143710884	1.0251412601694705	1.0979994452081334	1.2252442214135286	0.4215392450373938	0.3794664189240373	0.6402963253226099	0.3786605291852008	0.6410483626440274	0.6314837091546421
100	-71.90637721841306	-13351.119209436914	1.300558513680485	1.4778097143710884	1.0251412601694705	1.0979994452081334	1.2252442214135286	0.4215392450373938	0.3794664189240373	0.6402963253226099	0.3786605291852008	0.6410483626440274	0.6314837091546421
101	-71.96202110914943	-13313.74692022981	1.300558513680485	1.4778097143710884	1.0251412601694705	1.0979994452081334	1.2252442214135286	0.4215392450373938	0.3794664189240373	0.6402963253226099	0.3786605291852008	0.6410483626440274	0.6314837091546421
102	-71.96202110914943	-13313.74692022981	1.300558513680485	1.4778097143710884	1.0251412601694705	1.0979994452081334	1.2252442214135286	0.4215392450373938	0.3794664189240373	0.6402963253226099	0.3786605291852008	0.6410483626440274	0.6314837091546421
103	-72.06504430053381	-13307.236694553989	1.300558513680485	1.4778097143710884	1.0251412601694705	1.0979994452081334	1.2252442214135286	0.4215392450373938	0.3794664189240373	0.6402963253226099	0.3786605291852008	0.6410483626440274	0.6314837091546421
104	-72.06504430053381	-13307.236694553989	1.300558513680485	1.4778097143710884	1.0251412601694705	1.0979994452081334	1.2252442214135286	0.4215392450373938	0.3794664189240373	0.6402963253226099	0.3786605291852008	0.6410483626440274	0.6314837091546421
105	-71.69544439072962	-13303.493977088627	1.300558513680485	1.4778097143710884	1.0251412601694705	1.0979994452081334	1.2252442214135286	0.4215392450373938	0.3794664189240373	0.6402963253226099	0.3786605291852008	0.6410483626440274	0.6314837091546421
106	-71.69544439072962	-13303.493977088627	1.300558513680485	1.4778097143710884	1.0251412601694705	1.0979994452081334	1.2252442214135286	0.4215392450373938	0.3794664189240373	0.6402963253226099	0.3786605291852008	0.6410483626440274	0.6314837091546421
107	-71.7162808309436	-13301.373211437152	1.300558513680485	1.4778097143710884	1.0251412601694705	1.0979994452081334	1.2252442214135286	0.4215392450373938	0.3794664189240373	0.6402963253226099	0.3786605291852008	0.6410483626440274	0.6314837091546421
108	-71.7162808309436	-13275.172341433215	1.300558513680485	1.4778097143710884	1.0251412601694705	1.0979994452081334	1.2252442214135286	0.4215392450373938	0.3794664189240373	0.6402963253226099	0.3786605291852008	0.6410483626440274	0.6314837091546421
109	-71.71614506271045	-13240.955957815768	1.300558513680485	1.4778097143710884	1.0251412601694705	1.0979994452081334	1.2252442214135286	0.4215392450373938	0.3794664189240373	0.6402963253226099	0.3786605291852008	0.6410483626440274	0.6314837091546421
110	-71.71614506271045	-13240.955957815768	1.300558513680485	1.4778097143710884	1.0251412601694705	1.0979994452081334	1.2252442214135286	0.4215392450373938	0.3794664189240373	0.6402963253226099	0.3786605291852008	0.6410483626440274	0.6314837091546421
111	-71.71614506271045	-13239.491651859342	1.300558513680485	1.4778097143710884	1.0251412601694705	1.0979994452081334	1.2252442214135286	0.4215392450373938	0.3794664189240373	0.6402963253226099	0.3786605291852008	0.6410483626440274	0.6314837091546421
112	-71.71584857702769	-13239.265018425105	1.300558513680485	1.4778097143710884	1.0251412601694705	1.0979994452081334	1.2252442214135286	0.4215392450373938	0.3794664189240373	0.6402963253226099	0.3786605291852008	0.6410483626440274	0.6314837091546421
113	-71.71584857702769	-13239.265018425105	1.300558513680485	1.4778097143710884	1.0251412601694705	1.0979994452081334	1.2252442214135286	0.4215392450373938	0.3794664189240373	0.6402963253226099	0.3786605291852008	0.6410483626440274	0.6314837091546421
114	-71.7125790865033	-13240.47327481911	1.300558513680485	1.4778097143710884	1.0251412601694705	1.0979994452081334	1.2252442214135286	0.4215392450373938	0.3794664189240373	0.6402963253226099	0.3786605291852008	0.6410483626440274	0.6314837091546421
115	-71.7125790865033	-13240.47327481911	1.300558513680485	1.4778097143710884	1.0251412601694705	1.0979994452081334	1.2252442214135286	0.4215392450373938	0.3794664189240373	0.6402963253226099	0.3786605291852008	0.6410483626440274	0.6314837091546421
116	-71.7125790865033	-13240.47327481911	1.300558513680485	1.4778097143710884	1.0251412601694705	1.0979994452081334	1.2252442214135286	0.4215392450373938	0.3794664189240373	0.6402963253226099	0.3786605291852008	0.6410483626440274	0.6314837091546421
117	-71.7125790865033	-13240.47327481911	1.300558513680485	1.4778097143710884	1.0251412601694705	1.0979994452081334	1.2252442214135286	0.4215392450373938	0.3794664189240373	0.6402963253226099	0.3786605291852008	0.6410483626440274	0.6314837091546421
118	-71.69286600191184	-13207.881814195953	1.300558513680485	1.4778097143710884	1.0251412601694705	1.0979994452081334	1.2252442214135286	0.4215392450373938	0.3794664189240373	0.6402963253226099	0.3786605291852008	0.6410483626440274	0.6314837091546421
119	-71.69286600191184	-13207.881814195953	1.300558513680485	1.4778097143710884	1.0251412601694705	1.0979994452081334	1.2252442214135286	0.4215392450373938	0.3794664189240373	0.6402963253226099	0.3786605291852008	0.6410483626440274	0.6314837091546421
120	-71.69286600191184	-13207.881814195953	1.300558513680485	1.4778097143710884	1.0251412601694705	1.0979994452081334	1.2252442214135286	0.4215392450373938	0.3794664189240373	0.6402963253226099	0.3786605291852008	0.6410483626440274	0.6314837091546421
121	-71.69286600191184	-13207.881814195953	1.300558513680485	1.4778097143710884	1.0251412601694705	1.0979994452081334	1.2252442214135286	0.4215392450373938	0.3794664189240373	0.6402963253226099	0.3786605291852008	0.6410483626440274	0.6314837091546421
122	-71.49597839070732	-13082.777009066856	1.300558513680485	1.4778097143710884	1.0251412601694705	1.0979994452081334	1.2252442214135286	0.4215392450373938	0.3794664189240373	0.6402963253226099	0.3786605291852008	0.6410483626440274	0.6314837091546421
123	-71.51282481703522	-13075.155012541469	1.300558513680485	1.4778097143710884	1.0251412601694705	1.0979994452081334	1.2252442214135286	0.4215392450373938	0.3794664189240373	0.6402963253226099	0.3786605291852008	0.6410483626440274	0.6314837091546421
124	-71.51282481703522	-13067.73276882511	1.300558513680485	1.4778097143710884	1.0251412601694705	1.0979994452081334	1.2252442214135286	0.4215392450373938	0.3794664189240373	0.6402963253226099	0.3786605291852008	0.6410483626440274	0.6314837091546421
125	-71.01513044815725	-13067.73276882511	1.300558513680485	1.4778097143710884	1.0251412601694705	1.0979994452081334	1.2252442214135286	0.3305246123562991	0.42521990237063456	0.6289467587551667	0.4978947814352347	0.7034613084830433	0.6314837091546421
126	-71.01513044815725	-13067.73276882511	1.300558513680485	1.4778097143710884	1.0251412601694705	1.0979994452081334	1.2252442214135286	0.3305246123562991	0.42521990237063456	0.6289467587551667	0.4978947814352347	0.7034613084830433	0.6314837091546421
127	-71.01513044815725	-13067.73276882511	1.300558513680485	1.4778097143710884	1.0251412601694705	1.0979994452081334	1.2252442214135286	0.3305246123562991	0.42521990237063456	0.6289467587551667	0.4978947814352347	0.7034613084830433	0.6314837091546421
128	-71.01513044815725	-13067.73276882511	1.300558513680485	1.4778097143710884	1.0251412601694705	1.0979994452081334	1.2252442214135286	0.3305246123562991	0.42521990237063456	0.6289467587551667	0.4978947814352347	0.7034613084830433	0.6314837091546421
129	-71.01513044815725	-13067.73276882511	1.300558513680485	1.4778097143710884	1.0251412601694705	1.0979994452081334	1.2252442214135286	0.3305246123562991	0.42521990237063456	0.6289467587551667	0.4978947814352347	0.7034613084830433	0.6314837091546421
130	-71.01513044815725	-13067.73276882511	1.300558513680485	1.4778097143710884	1.0251412601694705	1.0979994452081334	1.2252442214135286	0.3305246123562991	0.42521990237063456	0.6289467587551667	0.4978947814352347	0.7034613084830433	0.6314837091546421
131	-71.01513044815725	-13067.73276882511	1.300558513680485	1.4778097143710884	1.0251412601694705	1.0979994452081334	1.2252442214135286	0.3305246123562991	0.42521990237063456	0.6289467587551667	0.4978947814352347	0.7034613084830433	0.6314837091546421
132	-71.00839371392205	-13038.718021051654	1.300558513680485	1.4778097143710884	1.0251412601694705	1.0979994452081334	1.2252442214135286	0.3305246123562991	0.42521990237063456	0.6289467587551667	0.4978947814352347	0.7034613084830433	0.6314837091546421
133	-67.51334711586605	-13038.718021051654	1.2420672675478843	1.6529128511184976	1.3023578525220747	1.3368850976927773	1.4951843130909988	0.3305246123562991	0.42521990237063456	0.6289467587551667	0.4978947814352347	0.7034613084830433	0.6314837091546421
134	-67.51334711586605	-13038.718021051654	1.2420672675478843	1.6529128511184976	1.3023578525220747	1.3368850976927773	1.4951843130909988	0.3305246123562991	0.42521990237063456	0.6289467587551667	0.4978947814352347	0.7034613084830433	0.6314837091546421
135	-67.51334711586605	-13038.718021051654	1.2420672675478843	1.6529128511184976	1.3023578525220747	1.3368850976927773	1.4951843130909988	0.3305246123562991	0.42521990237063456	0.6289467587551667	0.4978947814352347	0.7034613084830433	0.6314837091546421
136	-67.51334711586605	-13005.93791457745	1.2420672675478843	1.6529128511184976	1.3023578525220747	1.3368850976927773	1.4951843130909988	0.3305246123562991	0.42521990237063456	0.6289467587551667	0.4978947814352347	0.7034613084830433	0.6314837091546421
137	-67.51334711586605	-13005.93791457745	1.2420672675478843	1.6529128511184976	1.3023578525220747	1.3368850976927773	1.4951843130909988	0.3305246123562991	0.42521990237063456	0.6289467587551667	0.4978947814352347	0.7034613084830433	0.6314837091546421
138	-67.51334711586605	-13005.93791457745	1.2420672675478843	1.6529128511184976	1.3023578525220747	1.3368850976927773	1.4951843130909988	0.3305246123562991	0.42521990237063456	0.6289467587551667	0.4978947814352347	0.7034613084830433	0.6314837091546421
139	-67.51334711586605	-13005.25729050482	1.2420672675478843	1.6529128511184976	1.3023578525220747	1.3368850976927773	1.4951843130909988	0.3305246123562991	0.42521990237063456	0.6289467587551667	0.4978947814352347	0.7034613084830433	0.6314837091546421
140	-67.51334711586605	-13005.25729050482	1.2420672675478843	1.6529128511184976	1.3023578525220747	1.3368850976927773	1.4951843130909988	0.3305246123562991	0.42521990237063456	0.6289467587551667	0.4978947814352347	0.7034613084830433	0.6314837091546421
141	-67.51334711586605	-13005.25729050482	1.2420672675478843	1.6529128511184976	1.3023578525220747	1.3368850976927773	1.4951843130909988	0.3305246123562991	0.42521990237063456	0.6289467587551667	0.4978947814352347	0.7034613084830433	0.6314837091546421
142	-67.51334711586605	-13005.25729050482	1.2420672675478843	1.6529128511184976	1.3023578525220747	1.3368850976927773	1.4951843130909988	0.3305246123562991	0.42521990237063456	0.6289467587551667	0.4978947814352347	0.7034613084830433	0.6314837091546421
143	-67.51334711586605	-13004.747786490809	1.2420672675478843	1.6529128511184976	1.3023578525220747	1.3368850976927773	1.4951843130909988	0.3305246123562991	0.42521990237063456	0.6289467587551667	0.4978947814352347	0.7034613084830433	0.6314837091546421
144	-67.51563642600388	-13004.747786490809	1.2420672675478843	1.6529128511184976	1.3023578525220747	1.3368850976927773	1.4951843130909988	0.3305246123562991	0.42521990237063456	0.6289467587551667	0.4978947814352347	0.7034613084830433	0.633917279771065
145	-67.51563642600388	-12999.423007955134	1.2420672675478843	1.6529128511184976	1.3023578525220747	1.3368850976927773	1.4951843130909988	0.3305246123562991	0.42521990237063456	0.6289467587551667	0.4978947814352347	0.7034613084830433	0.633917279771065
146	-67.51563642600388	-12996.953018595084	1.2420672675478843	1.6529128511184976	1.3023578525220747	1.3368850976927773	1.4951843130909988	0.3305246123562991	0.42521990237063456	0.6289467587551667	0.4978947814352347	0.7034613084830433	0.633917279771065
147	-67.51563642600388	-12996.953018595084	1.2420672675478843	1.6529128511184976	1.3023578525220747	1.3368850976927773	1.4951843130909988	0.3305246123562991	0.42521990237063456	0.6289467587551667	0.4978947814352347	0.7034613084830433	0.633917279771065
148	-67.51563642600388	-12996.953018595084	1.2420672675478843	1.6529128511184976	1.3023578525220747	1.3368850976927773	1.4951843130909988	0.3305246123562991	0.42521990237063456	0.6289467587551667	0.4978947814352347	0.7034613084830433	0.633917279771065
149	-67.51563642600388	-12996.953018595084	1.2420672675478843	1.6529128511184976	1.3023578525220747	1.3368850976927773	1.4951843130909988	0.3305246123562991	0.42521990237063456	0.6289467587551667	0.4978947814352347	0.7034613084830433	0.633917279771065
150	-63.44029526663373	-12996.953018595084	1.279830260874679	1.7721779183953934	1.173514593124443	1.673705551561398	1.7853119648174645	0.3305246123562991	0.42521990237063456	0.6289467587551667	0.4978947814352347	0.7034613084830433	0.633917279771065
151	-63.7907075833593	-12996.308112434866	1.279830260874679	1.7721779183953934	1.173514593124443	1.673705551561398	1.7853119648174645	0.3305246123562991	0.42521990237063456	0.6289467587551667	0.4978947814352347	0.7034613084830433	0.633917279771065
152	-63.782199179244515	-12954.64896610065	1.279830260874679	1.7721779183953934	1.173514593124443	1.673705551561398	1.7853119648174645	0.3305246123562991	0.42521990237063456	0.6289467587551667	0.4978947814352347	0.7034613084830433	0.633917279771065
153	-63.782199179244515	-12954.64896610065	1.279830260874679	1.7721779183953934	1.173514593124443	1.673705551561398	1.7853119648174645	0.3305246123562991	0.42521990237063456	0.6289467587551667	0.4978947814352347	0.7034613084830433	0.633917279771065
154	-63.781897484055165	-12954.670748408276	1.279830260874679	1.7721779183953934	1.173514593124443	1.673705551561398	1.7853119648174645	0.3305246123562991	0.42521990237063456	0.6289467587551667	0.4978947814352347	0.7034613084830433	0.633917279771065
155	-64.46645619006232	-12954.670748408276	1.279830260874679	1.7721779183953934	1.173514593124443	1.673705551561398	1.7853119648174645	0.4086887057282759	0.4663736775348925	0.7592477506530082	0.5677190263724191	0.783674609456482	0.633917279771065
156	-64.46645619006232	-12952.589442814067	1.279830260874679	1.7721779183953934	1.173514593124443	1.673705551561398	1.7853119648174645	0.4086887057282759	0.4663736775348925	0.7592477506530082	0.5677190263724191	0.783674609456482	0.633917279771065
157	-64.46645619006232	-12952.589442814067	1.279830260874679	1.7721779183953934	1.173514593124443	1.673705551561398	1.7853119648174645	0.4086887057282759	0.4663736775348925	0.7592477506530082	0.5677190263724191	0.783674609456482	0.633917279771065
158	-64.46645619006232	-12952.589442814067	1.279830260874679	1.7721779183953934	1.173514593124443	1.673705551561398	1.7853119648174645	0.4086887057282759	0.4663736775348925	0.7592477506530082	0.5677190263724191	0.783674609456482	0.633917279771065
159	-64.46645619006232	-12835.705089162906	1.279830260874679	1.7721779183953934	1.173514593124443	1.673705551561398	1.7853119648174645	0.4086887057282759	0.4663736775348925	0.7592477506530082	0.5677190263724191	0.783674609456482	0.633917279771065
160	-64.46645619006232	-12835.705089162906	1.279830260874679	1.7721779183953934	1.173514593124443	1.673705551561398	1.7853119648174645	0.4086887057282759	0.4663736775348925	0.7592477506530082	0.5677190263724191	0.783674609456482	0.633917279771065
161	-64.46645619006232	-12811.082229964766	1.279830260874679	1.7721779183953934	1.173514593124443	1.673705551561398	1.7853119648174645	0.4086887057282759	0.4663736775348925	0.7592477506530082	0.5677190263724191	0.783674609456482	0.633917279771065
162	-64.43837562785579	-12811.082229964766	1.279830260874679	1.7721779183953934	1.173514593124443	1.673705551561398	1.7853119648174645	0.4086887057282759	0.4663736775348925	0.7592477506530082	0.5677190263724191	0.783674609456482	0.6043901366397626
163	-64.4406036836595	-12801.589920894177	1.279830260874679	1.7721779183953934	1.173514593124443	1.673705551561398	1.7853119648174645	0.4086887057282759	0.4663736775348925	0.7592477506530082	0.5677190263724191	0.783674609456482	0.6043901366397626
164	-64.4406036836595	-12799.03432576532	1.279830260874679	1.7721779183953934	1.173514593124443	1.673705551561398	1.7853119648174645	0.4086887057282759	0.4663736775348925	0.7592477506530082	0.5677190263724191	0.783674609456482	0.6043901366397626
165	-64.47439174563712	-12794.452096704796	1.279830260874679	1.7721779183953934	1.173514593124443	1.673705551561398	1.7853119648174645	0.4086887057282759	0.4663736775348925	0.7592477506530082	0.5677190263724191	0.783674609456482	0.6043901366397626
166	-64.47439174563712	-12794.452096704796	1.279830260874679	1.7721779183953934	1.173514593124443	1.673705551561398	1.7853119648174645	0.4086887057282759	0.4663736775348925	0.7592477506530082	0.5677190263724191	0.783674609456482	0.6043901366397626
167	-64.47439174563712	-12794.477673633373	1.279830260874679	1.7721779183953934	1.173514593124443	1.673705551561398	1.7853119648174645	0.4086887057282759	0.4663736775348925	0.7592477506530082	0.5677190263724191	0.783674609456482	0.6043901366397626
168	-64.47439174563712	-12794.477673633373	1.279830260874679	1.7721779183953934	1.173514593124443	1.673705551561398	1.7853119648174645	0.4086887057282759	0.4663736775348925	0.7592477506530082	0.5677190263724191	0.783674609456482	0.6043901366397626
169	-64.47439174563712	-12794.477673633373	1.279830260874679	1.7721779183953934	1.173514593124443	1.673705551561398	1.7853119648174645	0.4086887057282759	0.4663736775348925	0.7592477506530082	0.5677190263724191	0.783674609456482	0.6043901366397626
170	-64.48552736537954	-12791.202320096636	1.279830260874679	1.7721779183953934	1.173514593124443	1.673705551561398	1.7853119648174645	0.4086887057282759	0.4663736775348925	0.7592477506530082	0.5677190263724191	0.783674609456482	0.6043901366397626
171	-64.48552736537954	-12791.202320096636	1.279830260874679	1.7721779183953934	1.173514593124443	1.673705551561398	1.7853119648174645	0.4086887057282759	0.4663736775348925	0.7592477506530082	0.5677190263724191	0.783674609456482	0.6043901366397626
172	-64.48552736537954	-12791.202320096636	1.279830260874679	1.7721779183953934	1.173514593124443	1.673705551561398	1.7853119648174645	0.4086887057282759	0.4663736775348925	0.7592477506530082	0.5677190263724191	0.783674609456482	0.6043901366397626
173	-64.48552736537954	-12791.202320096636	1.279830260874679	1.7721779183953934	1.173514593124443	1.673705551561398	1.7853119648174645	0.4086887057282759	0.4663736775348925	0.7592477506530082	0.5677190263724191	0.783674609456482	0.6043901366397626
174	-64.48552736537954	-12791.09234760231	1.279830260874679	1.7721779183953934	1.173514593124443	1.673705551561398	1.7853119648174645	0.4086887057282759	0.4663736775348925	0.7592477506530082	0.5677190263724191	0.783674609456482	0.6043901366397626
175	-64.78133291557586	-12766.256906908407	1.279830260874679	1.7721779183953934	1.173514593124443	1.673705551561398	1.7853119648174645	0.4086887057282759	0.4663736775348925	0.7592477506530082	0.5677190263724191	0.783674609456482	0.6043901366397626
176	-64.78133291557586	-12766.256906908407	1.279830260874679	1.7721779183953934	1.173514593124443	1.673705551561398	1.7853119648174645	0.4086887057282759	0.4663736775348925	0.7592477506530082	0.5677190263724191	0.783674609456482	0.6043901366397626
177	-64.78133291557586	-12767.732203925796	1.279830260874679	1.7721779183953934	1.173514593124443	1.673705551561398	1.7853119648174645	0.4086887057282759	0.4663736775348925	0.7592477506530082	0.5677190263724191	0.783674609456482	0.6043901366397626
178	-64.78133291557586	-12767.732203925796	1.279830260874679	1.7721779183953934	1.173514593124443	1.673705551561398	1.7853119648174645	0.4086887057282759	0.4663736775348925	0.7592477506530082	0.5677190263724191	0.783674609456482	0.6043901366397626
179	-64.7883577258734	-12763.76804883488	1.279830260874679	1.7721779183953934	1.173514593124443	1.673705551561398	1.7853119648174645	0.4086887057282759	0.4663736775348925	0.7592477506530082	0.5677190263724191	0.783674609456482	0.6043901366397626
180	-64.7883577258734	-12763.76804883488	1.279830260874679	1.7721779183953934	1.173514593124443	1.673705551561398	1.7853119648174645	0.4086887057282759	0.4663736775348925	0.7592477506530082	0.5677190263724191	0.783674609456482	0.6043901366397626
181	-64.7883577258734	-12763.76804883488	1.279830260874679	1.7721779183953934	1.173514593124443	1.673705551561398	1.7853119648174645	0.4086887057282759	0.4663736775348925	0.7592477506530082	0.5677190263724191	0.783674609456482	0.6043901366397626
182	-64.7883577258734	-12762.688408783804	1.279830260874679	1.7721779183953934	1.173514593124443	1.673705551561398	1.7853119648174645	0.4086887057282759	0.4663736775348925	0.7592477506530082	0.5677190263724191	0.783674609456482	0.6043901366397626
183	-64.7883577258734	-12762.688408783804	1.279830260874679	1.7721779183953934	1.173514593124443	1.673705551561398	1.7853119648174645	0.4086887057282759	0.4663736775348925	0.7592477506530082	0.5677190263724191	0.783674609456482	0.6043901366397626
184	-64.7883577258734	-12762.688408783804	1.279830260874679	1.7721779183953934	1.173514593124443	1.673705551561398	1.7853119648174645	0.4086887057282759	0.4663736775348925	0.7592477506530082	0.5677190263724191	0.783674609456482	0.6043901366397626
185	-64.7883577258734	-12762.688408783804	1.279830260874679	1.7721779183953934	1.173514593124443	1.673705551561398	1.7853119648174645	0.4086887057282759	0.4663736775348925	0.7592477506530082	0.5677190263724191	0.783674609456482	0.6043901366397626
186	-64.7883577258734	-12764.698943853144	1.279830260874679	1.7721779183953934	1.173514593124443	1.673705551561398	1.7853119648174645	0.4086887057282759	0.4663736775348925	0.7592477506530082	0.5677190263724191	0.783674609456482	0.6043901366397626
187	-64.7883577258734	-12764.698943853144	1.279830260874679	1.7721779183953934	1.173514593124443	1.673705551561398	1.7853119648174645	0.4086887057282759	0.4663736775348925	0.7592477506530082	0.5677190263724191	0.783674609456482	0.6043901366397626
188	-64.7883577258734	-12764.698943853144	1.279830260874679	1.7721779183953934	1.173514593124443	1.673705551561398	1.7853119648174645	0.4086887057282759	0.4663736775348925	0.7592477506530082	0.5677190263724191	0.783674609456482	0.6043901366397626
189	-64.7883577258734	-12764.698943853144	1.279830260874679	1.7721779183953934	1.173514593124443	1.673705551561398	1.7853119648174645	0.4086887057282759	0.4663736775348925	0.7592477506530082	0.5677190263724191	0.783674609456482	0.6043901366397626
190	-65.06293650216081	-12549.05089991837	1.279830260874679	1.7721779183953934	1.173514593124443	1.673705551561398	1.7853119648174645	0.4086887057282759	0.4663736775348925	0.7592477506530082	0.5677190263724191	0.783674609456482	0.6043901366397626
191	-65.35346242588813	-12509.064986754238	1.279830260874679	1.7721779183953934	1.173514593124443	1.673705551561398	1.7853119648174645	0.4086887057282759	0.4663736775348925	0.7592477506530082	0.5677190263724191	0.783674609456482	0.6043901366397626
192	-65.35132213542148	-12509.764098975038	1.279830260874679	1.7721779183953934	1.173514593124443	1.673705551561398	1.7853119648174645	0.4086887057282759	0.4663736775348925	0.7592477506530082	0.5677190263724191	0.783674609456482	0.6043901366397626
193	-65.35132213542148	-12509.764098975038	1.279830260874679	1.7721779183953934	1.173514593124443	1.673705551561398	1.7853119648174645	0.4086887057282759	0.4663736775348925	0.7592477506530082	0.5677190263724191	0.783674609456482	0.6043901366397626
194	-65.35132213542148	-12509.738751795598	1.279830260874679	1.7721779183953934	1.173514593124443	1.673705551561398	1.7853119648174645	0.4086887057282759	0.4663736775348925	0.7592477506530082	0.5677190263724191	0.783674609456482	0.6043901366397626
195	-65.23490544170761	-12504.72174079366	1.279830260874679	1.7721779183953934	1.173514593124443	1.673705551561398	1.7853119648174645	0.4086887057282759	0.4663736775348925	0.7592477506530082	0.5677190263724191	0.783674609456482	0.6043901366397626
196	-65.23490544170761	-12504.72174079366	1.279830260874679	1.7721779183953934	1.173514593124443	1.673705551561398	1.7853119648174645	0.4086887057282759	0.4663736775348925	0.7592477506530082	0.5677190263724191	0.783674609456482	0.6043901366397626
197	-65.26490280697716	-12494.126916224039	1.279830260874679	1.7721779183953934	1.173514593124443	1.673705551561398	1.7853119648174645	0.4086887057282759	0.4663736775348925	0.7592477506530082	0.5677190263724191	0.783674609456482	0.6043901366397626
198	-65.26490280697716	-12494.126916224039	1.279830260874679	1.7721779183953934	1.173514593124443	1.673705551561398	1.7853119648174645	0.4086887057282759	0.4663736775348925	0.7592477506530082	0.5677190263724191	0.783674609456482	0.6043901366397626
199	-65.26490280697716	-12494.126916224039	1.279830260874679	1.7721779183953934	1.173514593124443	1.673705551561398	1.7853119648174645	0.4086887057282759	0.4663736775348925	0.7592477506530082	0.5677190263724191	0.783674609456482	0.6043901366397626
200	-65.26490280697716	-12494.126916224039	1.279830260874679	1.7721779183953934	1.173514593124443	1.673705551561398	1.7853119648174645	0.4086887057282759	0.4663736775348925	0.7592477506530082	0.5677190263724191	0.783674609456482	0.6043901366397626
201	-65.26490280697716	-12494.126916224039	1.279830260874679	1.7721779183953934	1.173514593124443	1.673705551561398	1.7853119648174645	0.4086887057282759	0.4663736775348925	0.7592477506530082	0.5677190263724191	0.783674609456482	0.6043901366397626
202	-65.26032454213994	-12495.362735464745	1.279830260874679	1.7721779183953934	1.173514593124443	1.673705551561398	1.7853119648174645	0.4086887057282759	0.4663736775348925	0.7592477506530082	0.5677190263724191	0.783674609456482	0.6043901366397626
203	-65.26032454213994	-12495.362735464745	1.279830260874679	1.7721779183953934	1.173514593124443	1.673705551561398	1.7853119648174645	0.4086887057282759	0.4663736775348925	0.7592477506530082	0.5677190263724191	0.783674609456482	0.6043901366397626
204	-65.26032454213994	-12495.362735464745	1.279830260874679	1.7721779183953934	1.173514593124443	1.673705551561398	1.7853119648174645	0.4086887057282759	0.4663736775348925	0.7592477506530082	0.5677190263724191	0.783674609456482	0.6043901366397626
205	-65.26032454213994	-12495.362735464745	1.279830260874679	1.7721779183953934	1.173514593124443	1.673705551561398	1.7853119648174645	0.4086887057282759	0.4663736775348925	0.7592477506530082	0.5677190263724191	0.783674609456482	0.6043901366397626
206	-65.2721758355029	-12493.047379749203	1.279830260874679	1.7721779183953934	1.173514593124443	1.673705551561398	1.7853119648174645	0.4086887057282759	0.4663736775348925	0.7592477506530082	0.5677190263724191	0.783674609456482	0.6043901366397626
207	-65.2721758355029	-12448.594176882214	1.279830260874679	1.7721779183953934	1.173514593124443	1.673705551561398	1.7853119648174645	0.4086887057282759	0.4663736775348925	0.7592477506530082	0.5677190263724191	0.783674609456482	0.6043901366397626
208	-65.2721758355029	-12448.594176882214	1.279830260874679	1.7721779183953934	1.173514593124443	1.673705551561398	1.7853119648174645	0.4086887057282759	0.4663736775348925	0.7592477506530082	0.5677190263724191	0.783674609456482	0.6043901366397626
209	-65.2721758355029	-12448.594176882214	1.279830260874679	1.7721779183953934	1.173514593124443	1.673705551561398	1.7853119648174645	0.4086887057282759	0.4663736775348925	0.7592477506530082	0.5677190263724191	0.783674609456482	0.6043901366397626
210	-65.2721758355029	-12448.594176882214	1.279830260874679	1.7721779183953934	1.173514593124443	1.673705551561398	1.7853119648174645	0.4086887057282759	0.4663736775348925	0.7592477506530082	0.5677190263724191	0.783674609456482	0.6043901366397626
211	-65.2721758355029	-12448.594176882214	1.279830260874679	1.7721779183953934	1.173514593124443	1.673705551561398	1.7853119648174645	0.4086887057282759	0.4663736775348925	0.7592477506530082	0.5677190263724191	0.783674609456482	0.6043901366397626
212	-65.28744658694406	-12430.147092224915	1.279830260874679	1.7721779183953934	1.173514593124443	1.673705551561398	1.7853119648174645	0.4086887057282759	0.4663736775348925	0.7592477506530082	0.5677190263724191	0.783674609456482	0.6043901366397626
213	-65.20643550394249	-12430.147092224915	1.279830260874679	1.7721779183953934	1.173514593124443	1.673705551561398	1.7853119648174645	0.4086887057282759	0.4663736775348925	0.7592477506530082	0.5677190263724191	0.783674609456482	0.5170982585375664
214	-65.20643550394249	-12428.597944091905	1.279830260874679	1.7721779183953934	1.173514593124443	1.673705551561398	1.7853119648174645	0.4086887057282759	0.4663736775348925	0.7592477506530082	0.5677190263724191	0.783674609456482	0.5170982585375664
215	-65.22273109147757	-12427.62509631546	1.279830260874679	1.7721779183953934	1.173514593124443	1.673705551561398	1.7853119648174645	0.4086887057282759	0.4663736775348925	0.7592477506530082	0.5677190263724191	0.783674609456482	0.5170982585375664
216	-65.22345281359293	-12427.322801040076	1.279830260874679	1.7721779183953934	1.173514593124443	1.673705551561398	1.7853119648174645	0.4086887057282759	0.4663736775348925	0.7592477506530082	0.5677190263724191	0.783674609456482	0.5170982585375664
217	-65.22345281359293	-12427.322801040076	1.279830260874679	1.7721779183953934	1.173514593124443	1.673705551561398	1.7853119648174645	0.4086887057282759	0.4663736775348925	0.7592477506530082	0.5677190263724191	0.783674609456482	0.5170982585375664
218	-65.20413132180117	-12427.253869227952	1.279830260874679	1.7721779183953934	1.173514593124443	1.673705551561398	1.7853119648174645	0.4086887057282759	0.4663736775348925	0.7592477506530082	0.5677190263724191	0.783674609456482	0.5170982585375664
219	-65.20413132180117	-12427.253869227952	1.279830260874679	1.7721779183953934	1.173514593124443	1.673705551561398	1.7853119648174645	0.4086887057282759	0.4663736775348925	0.7592477506530082	0.5677190263724191	0.783674609456482	0.5170982585375664
220	-65.20413132180117	-12427.253869227952	1.279830260874679	1.7721779183953934	1.173514593124443	1.673705551561398	1.7853119648174645	0.4086887057282759	0.4663736775348925	0.7592477506530082	0.5677190263724191	0.783674609456482	0.5170982585375664
221	-65.20413132180117	-12427.253869227952	1.279830260874679	1.7721779183953934	1.173514593124443	1.673705551561398	1.7853119648174645	0.4086887057282759	0.4663736775348925	0.7592477506530082	0.5677190263724191	0.783674609456482	0.5170982585375664
222	-65.20413132180117	-12427.253869227952	1.279830260874679	1.7721779183953934	1.173514593124443	1.673705551561398	1.7853119648174645	0.4086887057282759	0.4663736775348925	0.7592477506530082	0.5677190263724191	0.783674609456482	0.5170982585375664
223	-65.20413132180117	-12427.253869227952	1.279830260874679	1.7721779183953934	1.173514593124443	1.673705551561398	1.7853119648174645	0.4086887057282759	0.4663736775348925	0.7592477506530082	0.5677190263724191	0.783674609456482	0.5170982585375664
224	-62.01874326853987	-12291.70384773671	1.279830260874679	1.7721779183953934	1.173514593124443	1.673705551561398	1.7853119648174645	0.4086887057282759	0.4663736775348925	0.7592477506530082	0.5677190263724191	0.783674609456482	0.5170982585375664
225	-62.01874326853987	-12291.70384773671	1.279830260874679	1.7721779183953934	1.173514593124443	1.673705551561398	1.7853119648174645	0.4086887057282759	0.4663736775348925	0.7592477506530082	0.5677190263724191	0.783674609456482	0.5170982585375664
226	-62.01874326853987	-12291.70384773671	1.279830260874679	1.7721779183953934	1.173514593124443	1.673705551561398	1.7853119648174645	0.4086887057282759	0.4663736775348925	0.7592477506530082	0.5677190263724191	0.783674609456482	0.5170982585375664
227	-62.01874326853987	-12291.995620752861	1.279830260874679	1.7721779183953934	1.173514593124443	1.673705551561398	1.7853119648174645	0.4086887057282759	0.4663736775348925	0.7592477506530082	0.5677190263724191	0.783674609456482	0.5170982585375664
228	-62.018873651218705	-12292.11722422932	1.279830260874679	1.7721779183953934	1.173514593124443	1.673705551561398	1.7853119648174645	0.4086887057282759	0.4663736775348925	0.7592477506530082	0.5677190263724191	0.783674609456482	0.5170982585375664
229	-62.018873651218705	-12290.763250705986	1.279830260874679	1.7721779183953934	1.173514593124443	1.673705551561398	1.7853119648174645	0.4086887057282759	0.4663736775348925	0.7592477506530082	0.5677190263724191	0.783674609456482	0.5170982585375664
230	-52.262930115246235	-12290.763250705986	1.5327211615440606	2.2432071073854383	1.050620971714056	1.7395859920493815	1.9796384787203636	0.4086887057282759	0.4663736775348925	0.7592477506530082	0.5677190263724191	0.783674609456482	0.5170982585375664
231	-52.262930115246235	-12290.763250705986	1.5327211615440606	2.2432071073854383	1.050620971714056	1.7395859920493815	1.9796384787203636	0.4086887057282759	0.4663736775348925	0.7592477506530082	0.5677190263724191	0.783674609456482	0.5170982585375664
232	-52.262930115246235	-12290.763250705986	1.5327211615440606	2.2432071073854383	1.050620971714056	1.7395859920493815	1.9796384787203636	0.4086887057282759	0.4663736775348925	0.7592477506530082	0.5677190263724191	0.783674609456482	0.5170982585375664
233	-53.16581595145368	-12258.230694386826	1.5327211615440606	2.2432071073854383	1.050620971714056	1.7395859920493815	1.9796384787203636	0.4086887057282759	0.4663736775348925	0.7592477506530082	0.5677190263724191	0.783674609456482	0.5170982585375664
234	-53.16581595145368	-12258.230694386826	1.5327211615440606	2.2432071073854383	1.050620971714056	1.7395859920493815	1.9796384787203636	0.4086887057282759	0.4663736775348925	0.7592477506530082	0.5677190263724191	0.783674609456482	0.5170982585375664
235	-53.16581595145368	-12257.83391651764	1.5327211615440606	2.2432071073854383	1.050620971714056	1.7395859920493815	1.9796384787203636	0.4086887057282759	0.4663736775348925	0.7592477506530082	0.5677190263724191	0.783674609456482	0.5170982585375664
236	-53.16581595145368	-12257.83391651764	1.5327211615440606	2.2432071073854383	1.050620971714056	1.7395859920493815	1.9796384787203636	0.4086887057282759	0.4663736775348925	0.7592477506530082	0.5677190263724191	0.783674609456482	0.5170982585375664
237	-53.16581595145368	-12257.83391651764	1.5327211615440606	2.2432071073854383	1.050620971714056	1.7395859920493815	1.9796384787203636	0.4086887057282759	0.4663736775348925	0.7592477506530082	0.5677190263724191	0.783674609456482	0.5170982585375664
238	-53.16581595145368	-12257.83391651764	1.5327211615440606	2.2432071073854383	1.050620971714056	1.7395859920493815	1.9796384787203636	0.4086887057282759	0.4663736775348925	0.7592477506530082	0.5677190263724191	0.783674609456482	0.5170982585375664
239	-53.16581595145368	-12257.83391651764	1.5327211615440606	2.2432071073854383	1.050620971714056	1.7395859920493815	1.9796384787203636	0.4086887057282759	0.4663736775348925	0.7592477506530082	0.5677190263724191	0.783674609456482	0.5170982585375664
240	-53.16581595145368	-12255.501808624127	1.5327211615440606	2.2432071073854383	1.050620971714056	1.7395859920493815	1.9796384787203636	0.4086887057282759	0.4663736775348925	0.7592477506530082	0.5677190263724191	0.783674609456482	0.5170982585375664
241	-53.16581595145368	-12255.501808624127	1.5327211615440606	2.2432071073854383	1.050620971714056	1.7395859920493815	1.9796384787203636	0.4086887057282759	0.4663736775348925	0.7592477506530082	0.5677190263724191	0.783674609456482	0.5170982585375664
242	-53.161536384733	-12248.339156313701	1.5327211615440606	2.2432071073854383	1.050620971714056	1.7395859920493815	1.9796384787203636	0.4086887057282759	0.4663736775348925	0.7592477506530082	0.5677190263724191	0.783674609456482	0.5170982585375664
243	-52.88704359436166	-12209.142949761834	1.5327211615440606	2.2432071073854383	1.050620971714056	1.7395859920493815	1.9796384787203636	0.4086887057282759	0.4663736775348925	0.7592477506530082	0.5677190263724191	0.783674609456482	0.5170982585375664
244	-52.88704359436166	-12209.142949761834	1.5327211615440606	2.2432071073854383	1.050620971714056	1.7395859920493815	1.9796384787203636	0.4086887057282759	0.4663736775348925	0.7592477506530082	0.5677190263724191	0.783674609456482	0.5170982585375664
245	-52.88704359436166	-12209.142949761834	1.5327211615440606	2.2432071073854383	1.050620971714056	1.7395859920493815	1.9796384787203636	0.4086887057282759	0.4663736775348925	0.7592477506530082	0.5677190263724191	0.783674609456482	0.5170982585375664
246	-52.88704359436166	-12209.142949761834	1.5327211615440606	2.2432071073854383	1.050620971714056	1.7395859920493815	1.9796384787203636	0.4086887057282759	0.4663736775348925	0.7592477506530082	0.5677190263724191	0.783674609456482	0.5170982585375664
247	-52.88704359436166	-12209.142949761834	1.5327211615440606	2.2432071073854383	1.050620971714056	1.7395859920493815	1.9796384787203636	0.4086887057282759	0.4663736775348925	0.7592477506530082	0.5677190263724191	0.783674609456482	0.5170982585375664
248	-52.88704359436166	-12209.142949761834	1.5327211615440606	2.2432071073854383	1.050620971714056	1.7395859920493815	1.9796384787203636	0.4086887057282759	0.4663736775348925	0.7592477506530082	0.5677190263724191	0.783674609456482	0.5170982585375664
249	-52.88704359436166	-12207.172729451295	1.5327211615440606	2.2432071073854383	1.050620971714056	1.7395859920493815	1.9796384787203636	0.4086887057282759	0.4663736775348925	0.7592477506530082	0.5677190263724191	0.783674609456482	0.5170982585375664
250	-52.88704359436166	-12207.172729451295	1.5327211615440606	2.2432071073854383	1.050620971714056	1.7395859920493815	1.9796384787203636	0.4086887057282759	0.4663736775348925	0.7592477506530082	0.5677190263724191	0.783674609456482	0.5170982585375664
251	-52.887070720278075	-12207.683064790106	1.5327211615440606	2.2432071073854383	1.050620971714056	1.7395859920493815	1.9796384787203636	0.4086887057282759	0.4663736775348925	0.7592477506530082	0.5677190263724191	0.783674609456482	0.5170982585375664
252	-52.887070720278075	-12207.683064790106	1.5327211615440606	2.2432071073854383	1.050620971714056	1.7395859920493815	1.9796384787203636	0.4086887057282759	0.4663736775348925	0.7592477506530082	0.5677190263724191	0.783674609456482	0.5170982585375664
253	-52.887070720278075	-12207.683064790106	1.5327211615440606	2.2432071073854383	1.050620971714056	1.7395859920493815	1.9796384787203636	0.4086887057282759	0.4663736775348925	0.7592477506530082	0.5677190263724191	0.783674609456482	0.5170982585375664
254	-52.830883695681564	-12207.683064790106	1.5327211615440606	2.2432071073854383	1.050620971714056	1.7395859920493815	1.9796384787203636	0.4086887057282759	0.4663736775348925	0.7592477506530082	0.5677190263724191	0.783674609456482	0.4379253794857275
255	-52.830883695681564	-12207.683064790106	1.5327211615440606	2.2432071073854383	1.050620971714056	1.7395859920493815	1.9796384787203636	0.4086887057282759	0.4663736775348925	0.7592477506530082	0.5677190263724191	0.783674609456482	0.4379253794857275
256	-52.830883695681564	-12207.683064790106	1.5327211615440606	2.2432071073854383	1.050620971714056	1.7395859920493815	1.9796384787203636	0.4086887057282759	0.4663736775348925	0.7592477506530082	0.5677190263724191	0.783674609456482	0.4379253794857275
257	-52.830883695681564	-12207.683064790106	1.5327211615440606	2.2432071073854383	1.050620971714056	1.7395859920493815	1.9796384787203636	0.4086887057282759	0.4663736775348925	0.7592477506530082	0.5677190263724191	0.783674609456482	0.4379253794857275
258	-52.82788901161899	-12208.018162111828	1.5327211615440606	2.2432071073854383	1.050620971714056	1.7395859920493815	1.9796384787203636	0.4086887057282759	0.4663736775348925	0.7592477506530082	0.5677190263724191	0.783674609456482	0.4379253794857275
259	-52.82788901161899	-12208.018162111828	1.5327211615440606	2.2432071073854383	1.050620971714056	1.7395859920493815	1.9796384787203636	0.4086887057282759	0.4663736775348925	0.7592477506530082	0.5677190263724191	0.783674609456482	0.4379253794857275
260	-52.82788901161899	-12208.018162111828	1.5327211615440606	2.2432071073854383	1.050620971714056	1.7395859920493815	1.9796384787203636	0.4086887057282759	0.4663736775348925	0.7592477506530082	0.5677190263724191	0.783674609456482	0.4379253794857275
261	-52.82788901161899	-12199.563521071985	1.5327211615440606	2.2432071073854383	1.050620971714056	1.7395859920493815	1.9796384787203636	0.4086887057282759	0.4663736775348925	0.7592477506530082	0.5677190263724191	0.783674609456482	0.4379253794857275
262	-52.82788901161899	-12199.554990219505	1.5327211615440606	2.2432071073854383	1.050620971714056	1.7395859920493815	1.9796384787203636	0.4086887057282759	0.4663736775348925	0.7592477506530082	0.5677190263724191	0.783674609456482	0.4379253794857275
263	-52.82788901161899	-12199.554990219505	1.5327211615440606	2.2432071073854383	1.050620971714056	1.7395859920493815	1.9796384787203636	0.4086887057282759	0.4663736775348925	0.7592477506530082	0.5677190263724191	0.783674609456482	0.4379253794857275
264	-52.82788901161899	-12199.554990219505	1.5327211615440606	2.2432071073854383	1.050620971714056	1.7395859920493815	1.9796384787203636	0.4086887057282759	0.4663736775348925	0.7592477506530082	0.5677190263724191	0.783674609456482	0.4379253794857275
265	-53.22254886775997	-12175.666346346776	1.5327211615440606	2.2432071073854383	1.050620971714056	1.7395859920493815	1.9796384787203636	0.4086887057282759	0.4663736775348925	0.7592477506530082	0.5677190263724191	0.783674609456482	0.4379253794857275
266	-53.22254886775997	-12175.910744224711	1.5327211615440606	2.2432071073854383	1.050620971714056	1.7395859920493815	1.9796384787203636	0.4086887057282759	0.4663736775348925	0.7592477506530082	0.5677190263724191	0.783674609456482	0.4379253794857275
267	-53.223304445840434	-12175.869734137752	1.5327211615440606	2.2432071073854383	1.050620971714056	1.7395859920493815	1.9796384787203636	0.4086887057282759	0.4663736775348925	0.7592477506530082	0.5677190263724191	0.783674609456482	0.4379253794857275
268	-53.223304445840434	-12172.926769378128	1.5327211615440606	2.2432071073854383	1.050620971714056	1.7395859920493815	1.9796384787203636	0.4086887057282759	0.4663736775348925	0.7592477506530082	0.5677190263724191	0.783674609456482	0.4379253794857275
269	-53.223304445840434	-12172.926769378128	1.5327211615440606	2.2432071073854383	1.050620971714056	1.7395859920493815	1.9796384787203636	0.4086887057282759	0.4663736775348925	0.7592477506530082	0.5677190263724191	0.783674609456482	0.4379253794857275
270	-53.223304445840434	-12170.007686596824	1.5327211615440606	2.2432071073854383	1.050620971714056	1.7395859920493815	1.9796384787203636	0.4086887057282759	0.4663736775348925	0.7592477506530082	0.5677190263724191	0.783674609456482	0.4379253794857275
271	-53.223304445840434	-12170.007686596824	1.5327211615440606	2.2432071073854383	1.050620971714056	1.7395859920493815	1.9796384787203636	0.4086887057282759	0.4663736775348925	0.7592477506530082	0.5677190263724191	0.783674609456482	0.4379253794857275
272	-53.223304445840434	-12154.292913146815	1.5327211615440606	2.2432071073854383	1.050620971714056	1.7395859920493815	1.9796384787203636	0.4086887057282759	0.4663736775348925	0.7592477506530082	0.5677190263724191	0.783674609456482	0.4379253794857275
273	-53.84711208317534	-12142.693943082	1.5327211615440606	2.2432071073854383	1.050620971714056	1.7395859920493815	1.9796384787203636	0.4086887057282759	0.4663736775348925	0.7592477506530082	0.5677190263724191	0.783674609456482	0.4379253794857275
274	-53.84711208317534	-12142.693943082	1.5327211615440606	2.2432071073854383	1.050620971714056	1.7395859920493815	1.9796384787203636	0.4086887057282759	0.4663736775348925	0.7592477506530082	0.5677190263724191	0.783674609456482	0.4379253794857275
275	-53.848694910725584	-12142.693943082	1.5327211615440606	2.2432071073854383	1.050620971714056	1.7395859920493815	1.9796384787203636	0.4086887057282759	0.4663736775348925	0.7592477506530082	0.5677190263724191	0.783674609456482	0.44027051280745494
276	-53.848694910725584	-12142.693943082	1.5327211615440606	2.2432071073854383	1.050620971714056	1.7395859920493815	1.9796384787203636	0.4086887057282759	0.4663736775348925	0.7592477506530082	0.5677190263724191	0.783674609456482	0.44027051280745494
277	-53.848694910725584	-12142.693943082	1.5327211615440606	2.2432071073854383	1.050620971714056	1.7395859920493815	1.9796384787203636	0.4086887057282759	0.4663736775348925	0.7592477506530082	0.5677190263724191	0.783674609456482	0.44027051280745494
278	-53.848694910725584	-12142.693943082	1.5327211615440606	2.2432071073854383	1.050620971714056	1.7395859920493815	1.9796384787203636	0.4086887057282759	0.4663736775348925	0.7592477506530082	0.5677190263724191	0.783674609456482	0.44027051280745494
279	-53.848694910725584	-12142.693943082	1.5327211615440606	2.2432071073854383	1.050620971714056	1.7395859920493815	1.9796384787203636	0.4086887057282759	0.4663736775348925	0.7592477506530082	0.5677190263724191	0.783674609456482	0.44027051280745494
280	-53.848694910725584	-12142.105424665844	1.5327211615440606	2.2432071073854383	1.050620971714056	1.7395859920493815	1.9796384787203636	0.4086887057282759	0.4663736775348925	0.7592477506530082	0.5677190263724191	0.783674609456482	0.44027051280745494
281	-54.46970319376109	-12084.457769411163	1.5327211615440606	2.2432071073854383	1.050620971714056	1.7395859920493815	1.9796384787203636	0.4086887057282759	0.4663736775348925	0.7592477506530082	0.5677190263724191	0.783674609456482	0.44027051280745494
282	-54.46970319376109	-12084.457769411163	1.5327211615440606	2.2432071073854383	1.050620971714056	1.7395859920493815	1.9796384787203636	0.4086887057282759	0.4663736775348925	0.7592477506530082	0.5677190263724191	0.783674609456482	0.44027051280745494
283	-53.69661549294868	-12080.805591979431	1.5327211615440606	2.2432071073854383	1.050620971714056	1.7395859920493815	1.9796384787203636	0.4086887057282759	0.4663736775348925	0.7592477506530082	0.5677190263724191	0.783674609456482	0.44027051280745494
284	-53.69661549294868	-12080.805591979431	1.5327211615440606	2.2432071073854383	1.050620971714056	1.7395859920493815	1.9796384787203636	0.4086887057282759	0.4663736775348925	0.7592477506530082	0.5677190263724191	0.783674609456482	0.44027051280745494
285	-53.69661549294868	-12063.035227257955	1.5327211615440606	2.2432071073854383	1.050620971714056	1.7395859920493815	1.9796384787203636	0.4086887057282759	0.4663736775348925	0.7592477506530082	0.5677190263724191	0.783674609456482	0.44027051280745494
286	-53.69661549294868	-12063.035227257955	1.5327211615440606	2.2432071073854383	1.050620971714056	1.7395859920493815	1.9796384787203636	0.4086887057282759	0.4663736775348925	0.7592477506530082	0.5677190263724191	0.783674609456482	0.44027051280745494
287	-53.822657755862195	-12061.174245078742	1.5327211615440606	2.2432071073854383	1.050620971714056	1.7395859920493815	1.9796384787203636	0.4086887057282759	0.4663736775348925	0.7592477506530082	0.5677190263724191	0.783674609456482	0.44027051280745494
288	-53.822657755862195	-12061.174245078742	1.5327211615440606	2.2432071073854383	1.050620971714056	1.7395859920493815	1.9796384787203636	0.4086887057282759	0.4663736775348925	0.7592477506530082	0.5677190263724191	0.783674609456482	0.44027051280745494
289	-53.822657755862195	-12061.174245078742	1.5327211615440606	2.2432071073854383	1.050620971714056	1.7395859920493815	1.9796384787203636	0.4086887057282759	0.4663736775348925	0.7592477506530082	0.5677190263724191	0.783674609456482	0.44027051280745494
290	-53.822657755862195	-11982.393135800707	1.5327211615440606	2.2432071073854383	1.050620971714056	1.7395859920493815	1.9796384787203636	0.4086887057282759	0.4663736775348925	0.7592477506530082	0.5677190263724191	0.783674609456482	0.44027051280745494
291	-53.822657755862195	-11982.393135800707	1.5327211615440606	2.2432071073854383	1.050620971714056	1.7395859920493815	1.9796384787203636	0.4086887057282759	0.4663736775348925	0.7592477506530082	0.5677190263724191	0.783674609456482	0.44027051280745494
292	-53.84216588897857	-11982.393135800707	1.5327211615440606	2.2432071073854383	1.050620971714056	1.7395859920493815	1.9796384787203636	0.4086887057282759	0.4663736775348925	0.7592477506530082	0.5677190263724191	0.783674609456482	0.4685858633142459
293	-53.84216588897857	-11982.393135800707	1.5327211615440606	2.2432071073854383	1.050620971714056	1.7395859920493815	1.9796384787203636	0.4086887057282759	0.4663736775348925	0.7592477506530082	0.5677190263724191	0.783674609456482	0.4685858633142459
294	-53.84216588897857	-11982.393135800707	1.5327211615440606	2.2432071073854383	1.050620971714056	1.7395859920493815	1.9796384787203636	0.4086887057282759	0.4663736775348925	0.7592477506530082	0.5677190263724191	0.783674609456482	0.4685858633142459
295	-53.84216588897857	-11982.393135800707	1.5327211615440606	2.2432071073854383	1.050620971714056	1.7395859920493815	1.9796384787203636	0.4086887057282759	0.4663736775348925	0.7592477506530082	0.5677190263724191	0.783674609456482	0.4685858633142459
296	-53.84216588897857	-11982.393135800707	1.5327211615440606	2.2432071073854383	1.050620971714056	1.7395859920493815	1.9796384787203636	0.4086887057282759	0.4663736775348925	0.7592477506530082	0.5677190263724191	0.783674609456482	0.4685858633142459
297	-53.84216588897857	-11977.695204015878	1.5327211615440606	2.2432071073854383	1.050620971714056	1.7395859920493815	1.9796384787203636	0.4086887057282759	0.4663736775348925	0.7592477506530082	0.5677190263724191	0.783674609456482	0.4685858633142459
298	-53.84216588897857	-11941.867843887785	1.5327211615440606	2.2432071073854383	1.050620971714056	1.7395859920493815	1.9796384787203636	0.4086887057282759	0.4663736775348925	0.7592477506530082	0.5677190263724191	0.783674609456482	0.4685858633142459
299	-53.84216588897857	-11941.867843887785	1.5327211615440606	2.2432071073854383	1.050620971714056	1.7395859920493815	1.9796384787203636	0.4086887057282759	0.4663736775348925	0.7592477506530082	0.5677190263724191	0.783674609456482	0.4685858633142459
300	-53.84216588897857	-11941.867843887785	1.5327211615440606	2.2432071073854383	1.050620971714056	1.7395859920493815	1.9796384787203636	0.4086887057282759	0.4663736775348925	0.7592477506530082	0.5677190263724191	0.783674609456482	0.4685858633142459
301	-53.84216588897857	-11941.867843887785	1.5327211615440606	2.2432071073854383	1.050620971714056	1.7395859920493815	1.9796384787203636	0.4086887057282759	0.4663736775348925	0.7592477506530082	0.5677190263724191	0.783674609456482	0.4685858633142459
302	-53.84216588897857	-11941.867843887785	1.5327211615440606	2.2432071073854383	1.050620971714056	1.7395859920493815	1.9796384787203636	0.4086887057282759	0.4663736775348925	0.7592477506530082	0.5677190263724191	0.783674609456482	0.4685858633142459
303	-53.84216588897857	-11941.867843887785	1.5327211615440606	2.2432071073854383	1.050620971714056	1.7395859920493815	1.9796384787203636	0.4086887057282759	0.4663736775348925	0.7592477506530082	0.5677190263724191	0.783674609456482	0.4685858633142459
304	-53.84216588897857	-11941.867843887785	1.5327211615440606	2.2432071073854383	1.050620971714056	1.7395859920493815	1.9796384787203636	0.4086887057282759	0.4663736775348925	0.7592477506530082	0.5677190263724191	0.783674609456482	0.4685858633142459
305	-53.84216588897857	-11941.867843887785	1.5327211615440606	2.2432071073854383	1.050620971714056	1.7395859920493815	1.9796384787203636	0.4086887057282759	0.4663736775348925	0.7592477506530082	0.5677190263724191	0.783674609456482	0.4685858633142459
306	-53.84216588897857	-11941.867843887785	1.5327211615440606	2.2432071073854383	1.050620971714056	1.7395859920493815	1.9796384787203636	0.4086887057282759	0.4663736775348925	0.7592477506530082	0.5677190263724191	0.783674609456482	0.4685858633142459
307	-53.84216588897857	-11941.867843887785	1.5327211615440606	2.2432071073854383	1.050620971714056	1.7395859920493815	1.9796384787203636	0.4086887057282759	0.4663736775348925	0.7592477506530082	0.5677190263724191	0.783674609456482	0.4685858633142459
308	-53.84216588897857	-11941.867843887785	1.5327211615440606	2.2432071073854383	1.050620971714056	1.7395859920493815	1.9796384787203636	0.4086887057282759	0.4663736775348925	0.7592477506530082	0.5677190263724191	0.783674609456482	0.4685858633142459
309	-53.84216588897857	-11941.867843887785	1.5327211615440606	2.2432071073854383	1.050620971714056	1.7395859920493815	1.9796384787203636	0.4086887057282759	0.4663736775348925	0.7592477506530082	0.5677190263724191	0.783674609456482	0.4685858633142459
310	-53.84216588897857	-11941.867843887785	1.5327211615440606	2.2432071073854383	1.050620971714056	1.7395859920493815	1.9796384787203636	0.4086887057282759	0.4663736775348925	0.7592477506530082	0.5677190263724191	0.783674609456482	0.4685858633142459
311	-53.83489127131658	-11941.867843887785	1.5327211615440606	2.2432071073854383	1.050620971714056	1.7395859920493815	1.9796384787203636	0.4086887057282759	0.4663736775348925	0.7592477506530082	0.5677190263724191	0.783674609456482	0.4581502691534666
312	-53.83489127131658	-11941.867843887785	1.5327211615440606	2.2432071073854383	1.050620971714056	1.7395859920493815	1.9796384787203636	0.4086887057282759	0.4663736775348925	0.7592477506530082	0.5677190263724191	0.783674609456482	0.4581502691534666
313	-53.83489127131658	-11941.867843887785	1.5327211615440606	2.2432071073854383	1.050620971714056	1.7395859920493815	1.9796384787203636	0.4086887057282759	0.4663736775348925	0.7592477506530082	0.5677190263724191	0.783674609456482	0.4581502691534666
314	-53.8155410079853	-11941.867843887785	1.5327211615440606	2.2432071073854383	1.050620971714056	1.7395859920493815	1.9796384787203636	0.4086887057282759	0.4663736775348925	0.7592477506530082	0.5677190263724191	0.783674609456482	0.4296664161082239
315	-53.8155410079853	-11929.847887255128	1.5327211615440606	2.2432071073854383	1.050620971714056	1.7395859920493815	1.9796384787203636	0.4086887057282759	0.4663736775348925	0.7592477506530082	0.5677190263724191	0.783674609456482	0.4296664161082239
316	-53.81000273089626	-11930.03585631106	1.5327211615440606	2.2432071073854383	1.050620971714056	1.7395859920493815	1.9796384787203636	0.4086887057282759	0.4663736775348925	0.7592477506530082	0.5677190263724191	0.783674609456482	0.4296664161082239
317	-53.81000273089626	-11925.812379514458	1.5327211615440606	2.2432071073854383	1.050620971714056	1.7395859920493815	1.9796384787203636	0.4086887057282759	0.4663736775348925	0.7592477506530082	0.5677190263724191	0.783674609456482	0.4296664161082239
318	-53.81000273089626	-11925.812379514458	1.5327211615440606	2.2432071073854383	1.050620971714056	1.7395859920493815	1.9796384787203636	0.4086887057282759	0.4663736775348925	0.7592477506530082	0.5677190263724191	0.783674609456482	0.4296664161082239
319	-53.7827822281439	-11922.272973126985	1.5327211615440606	2.2432071073854383	1.050620971714056	1.7395859920493815	1.9796384787203636	0.4086887057282759	0.4663736775348925	0.7592477506530082	0.5677190263724191	0.783674609456482	0.4296664161082239
320	-53.7827822281439	-11922.272973126985	1.5327211615440606	2.2432071073854383	1.050620971714056	1.7395859920493815	1.9796384787203636	0.4086887057282759	0.4663736775348925	0.7592477506530082	0.5677190263724191	0.783674609456482	0.4296664161082239
321	-53.7827822281439	-11922.272973126985	1.5327211615440606	2.2432071073854383	1.050620971714056	1.7395859920493815	1.9796384787203636	0.4086887057282759	0.4663736775348925	0.7592477506530082	0.5677190263724191	0.783674609456482	0.4296664161082239
322	-53.7827822281439	-11858.097468249736	1.5327211615440606	2.2432071073854383	1.050620971714056	1.7395859920493815	1.9796384787203636	0.4086887057282759	0.4663736775348925	0.7592477506530082	0.5677190263724191	0.783674609456482	0.4296664161082239
323	-53.88660657336915	-11858.097468249736	1.5327211615440606	2.2432071073854383	1.050620971714056	1.7395859920493815	1.9796384787203636	0.4086887057282759	0.4663736775348925	0.7592477506530082	0.5677190263724191	0.783674609456482	0.5718946987312508
324	-53.88660657336915	-11854.09232445246	1.5327211615440606	2.2432071073854383	1.050620971714056	1.7395859920493815	1.9796384787203636	0.4086887057282759	0.4663736775348925	0.7592477506530082	0.5677190263724191	0.783674609456482	0.5718946987312508
325	-53.88660657336915	-11854.09232445246	1.5327211615440606	2.2432071073854383	1.050620971714056	1.7395859920493815	1.9796384787203636	0.4086887057282759	0.4663736775348925	0.7592477506530082	0.5677190263724191	0.783674609456482	0.5718946987312508
326	-54.114787363910686	-11820.156579099119	1.5327211615440606	2.2432071073854383	1.050620971714056	1.7395859920493815	1.9796384787203636	0.4086887057282759	0.4663736775348925	0.7592477506530082	0.5677190263724191	0.783674609456482	0.5718946987312508
327	-54.114787363910686	-11820.156579099119	1.5327211615440606	2.2432071073854383	1.050620971714056	1.7395859920493815	1.9796384787203636	0.4086887057282759	0.4663736775348925	0.7592477506530082	0.5677190263724191	0.783674609456482	0.5718946987312508
328	-54.114787363910686	-11820.156579099119	1.5327211615440606	2.2432071073854383	1.050620971714056	1.7395859920493815	1.9796384787203636	0.4086887057282759	0.4663736775348925	0.7592477506530082	0.5677190263724191	0.783674609456482	0.5718946987312508
329	-54.114787363910686	-11820.156579099119	1.5327211615440606	2.2432071073854383	1.050620971714056	1.7395859920493815	1.9796384787203636	0.4086887057282759	0.4663736775348925	0.7592477506530082	0.5677190263724191	0.783674609456482	0.5718946987312508
330	-54.114787363910686	-11820.156579099119	1.5327211615440606	2.2432071073854383	1.050620971714056	1.7395859920493815	1.9796384787203636	0.4086887057282759	0.4663736775348925	0.7592477506530082	0.5677190263724191	0.783674609456482	0.5718946987312508
331	-54.114787363910686	-11820.156579099119	1.5327211615440606	2.2432071073854383	1.050620971714056	1.7395859920493815	1.9796384787203636	0.4086887057282759	0.4663736775348925	0.7592477506530082	0.5677190263724191	0.783674609456482	0.5718946987312508
332	-54.114787363910686	-11820.156579099119	1.5327211615440606	2.2432071073854383	1.050620971714056	1.7395859920493815	1.9796384787203636	0.4086887057282759	0.4663736775348925	0.7592477506530082	0.5677190263724191	0.783674609456482	0.5718946987312508
333	-54.114787363910686	-11820.156579099119	1.5327211615440606	2.2432071073854383	1.050620971714056	1.7395859920493815	1.9796384787203636	0.4086887057282759	0.4663736775348925	0.7592477506530082	0.5677190263724191	0.783674609456482	0.5718946987312508
334	-54.114787363910686	-11820.156579099119	1.5327211615440606	2.2432071073854383	1.050620971714056	1.7395859920493815	1.9796384787203636	0.4086887057282759	0.4663736775348925	0.7592477506530082	0.5677190263724191	0.783674609456482	0.5718946987312508
335	-54.47884313756749	-11810.003421351325	1.5327211615440606	2.2432071073854383	1.050620971714056	1.7395859920493815	1.9796384787203636	0.4086887057282759	0.4663736775348925	0.7592477506530082	0.5677190263724191	0.783674609456482	0.5718946987312508
336	-54.47884313756749	-11810.003421351325	1.5327211615440606	2.2432071073854383	1.050620971714056	1.7395859920493815	1.9796384787203636	0.4086887057282759	0.4663736775348925	0.7592477506530082	0.5677190263724191	0.783674609456482	0.5718946987312508
337	-54.47884313756749	-11810.003421351325	1.5327211615440606	2.2432071073854383	1.050620971714056	1.7395859920493815	1.9796384787203636	0.4086887057282759	0.4663736775348925	0.7592477506530082	0.5677190263724191	0.783674609456482	0.5718946987312508
338	-54.48691210290959	-11809.482112935937	1.5327211615440606	2.2432071073854383	1.050620971714056	1.7395859920493815	1.9796384787203636	0.4086887057282759	0.4663736775348925	0.7592477506530082	0.5677190263724191	0.783674609456482	0.5718946987312508
339	-54.48691210290959	-11809.482112935937	1.5327211615440606	2.2432071073854383	1.050620971714056	1.7395859920493815	1.9796384787203636	0.4086887057282759	0.4663736775348925	0.7592477506530082	0.5677190263724191	0.783674609456482	0.5718946987312508
340	-54.48691210290959	-11807.362347157892	1.5327211615440606	2.2432071073854383	1.050620971714056	1.7395859920493815	1.9796384787203636	0.4086887057282759	0.4663736775348925	0.7592477506530082	0.5677190263724191	0.783674609456482	0.5718946987312508
341	-54.45251215926451	-11801.602875437346	1.5327211615440606	2.2432071073854383	1.050620971714056	1.7395859920493815	1.9796384787203636	0.4086887057282759	0.4663736775348925	0.7592477506530082	0.5677190263724191	0.783674609456482	0.5718946987312508
342	-53.67983939272296	-11795.059156563451	1.5327211615440606	2.2432071073854383	1.050620971714056	1.7395859920493815	1.9796384787203636	0.4086887057282759	0.4663736775348925	0.7592477506530082	0.5677190263724191	0.783674609456482	0.5718946987312508
343	-53.67983939272296	-11795.059156563451	1.5327211615440606	2.2432071073854383	1.050620971714056	1.7395859920493815	1.9796384787203636	0.4086887057282759	0.4663736775348925	0.7592477506530082	0.5677190263724191	0.783674609456482	0.5718946987312508
344	-53.67983939272296	-11795.059156563451	1.5327211615440606	2.2432071073854383	1.050620971714056	1.7395859920493815	1.9796384787203636	0.4086887057282759	0.4663736775348925	0.7592477506530082	0.5677190263724191	0.783674609456482	0.5718946987312508
345	-53.67983939272296	-11795.059156563451	1.5327211615440606	2.2432071073854383	1.050620971714056	1.7395859920493815	1.9796384787203636	0.4086887057282759	0.4663736775348925	0.7592477506530082	0.5677190263724191	0.783674609456482	0.5718946987312508
346	-53.67983939272296	-11795.059156563451	1.5327211615440606	2.2432071073854383	1.050620971714056	1.7395859920493815	1.9796384787203636	0.4086887057282759	0.4663736775348925	0.7592477506530082	0.5677190263724191	0.783674609456482	0.5718946987312508
347	-53.67983939272296	-11795.059156563451	1.5327211615440606	2.2432071073854383	1.050620971714056	1.7395859920493815	1.9796384787203636	0.4086887057282759	0.4663736775348925	0.7592477506530082	0.5677190263724191	0.783674609456482	0.5718946987312508
348	-53.666061185492694	-11790.842337816002	1.5327211615440606	2.2432071073854383	1.050620971714056	1.7395859920493815	1.9796384787203636	0.4086887057282759	0.4663736775348925	0.7592477506530082	0.5677190263724191	0.783674609456482	0.5718946987312508
349	-53.666061185492694	-11790.842337816002	1.5327211615440606	2.2432071073854383	1.050620971714056	1.7395859920493815	1.9796384787203636	0.4086887057282759	0.4663736775348925	0.7592477506530082	0.5677190263724191	0.783674609456482	0.5718946987312508
350	-53.666061185492694	-11790.842337816002	1.5327211615440606	2.2432071073854383	1.050620971714056	1.7395859920493815	1.9796384787203636	0.4086887057282759	0.4663736775348925	0.7592477506530082	0.5677190263724191	0.783674609456482	0.5718946987312508
351	-53.666061185492694	-11790.842337816002	1.5327211615440606	2.2432071073854383	1.050620971714056	1.7395859920493815	1.9796384787203636	0.4086887057282759	0.4663736775348925	0.7592477506530082	0.5677190263724191	0.783674609456482	0.5718946987312508
352	-53.67001226839075	-11768.336517921134	1.5327211615440606	2.2432071073854383	1.050620971714056	1.7395859920493815	1.9796384787203636	0.4086887057282759	0.4663736775348925	0.7592477506530082	0.5677190263724191	0.783674609456482	0.5718946987312508
353	-53.67001226839075	-11768.336517921134	1.5327211615440606	2.2432071073854383	1.050620971714056	1.7395859920493815	1.9796384787203636	0.4086887057282759	0.4663736775348925	0.7592477506530082	0.5677190263724191	0.783674609456482	0.5718946987312508
354	-53.691400560936046	-11764.696516724316	1.5327211615440606	2.2432071073854383	1.050620971714056	1.7395859920493815	1.9796384787203636	0.4086887057282759	0.4663736775348925	0.7592477506530082	0.5677190263724191	0.783674609456482	0.5718946987312508
355	-53.691400560936046	-11764.696516724316	1.5327211615440606	2.2432071073854383	1.050620971714056	1.7395859920493815	1.9796384787203636	0.4086887057282759	0.4663736775348925	0.7592477506530082	0.5677190263724191	0.783674609456482	0.5718946987312508
356	-53.68904249558691	-11762.376663300081	1.5327211615440606	2.2432071073854383	1.050620971714056	1.7395859920493815	1.9796384787203636	0.4086887057282759	0.4663736775348925	0.7592477506530082	0.5677190263724191	0.783674609456482	0.5718946987312508
357	-53.68904249558691	-11753.870303345848	1.5327211615440606	2.2432071073854383	1.050620971714056	1.7395859920493815	1.9796384787203636	0.4086887057282759	0.4663736775348925	0.7592477506530082	0.5677190263724191	0.783674609456482	0.5718946987312508
358	-53.68904249558691	-11753.870303345848	1.5327211615440606	2.2432071073854383	1.050620971714056	1.7395859920493815	1.9796384787203636	0.4086887057282759	0.4663736775348925	0.7592477506530082	0.5677190263724191	0.783674609456482	0.5718946987312508
359	-53.719784440900966	-11716.378317028744	1.5327211615440606	2.2432071073854383	1.050620971714056	1.7395859920493815	1.9796384787203636	0.4086887057282759	0.4663736775348925	0.7592477506530082	0.5677190263724191	0.783674609456482	0.5718946987312508
360	-47.77588224644953	-11716.378317028744	1.718680623805762	2.212619926627313	1.3541441128934397	1.563483377306173	2.3184557226641056	0.4086887057282759	0.4663736775348925	0.7592477506530082	0.5677190263724191	0.783674609456482	0.5718946987312508
361	-47.77588224644953	-11716.378317028744	1.718680623805762	2.212619926627313	1.3541441128934397	1.563483377306173	2.3184557226641056	0.4086887057282759	0.4663736775348925	0.7592477506530082	0.5677190263724191	0.783674609456482	0.5718946987312508
362	-47.77588224644953	-11716.378317028744	1.718680623805762	2.212619926627313	1.3541441128934397	1.563483377306173	2.3184557226641056	0.4086887057282759	0.4663736775348925	0.7592477506530082	0.5677190263724191	0.783674609456482	0.5718946987312508
363	-47.77588224644953	-11696.091689585002	1.718680623805762	2.212619926627313	1.3541441128934397	1.563483377306173	2.3184557226641056	0.4086887057282759	0.4663736775348925	0.7592477506530082	0.5677190263724191	0.783674609456482	0.5718946987312508
364	-47.77588224644953	-11696.091689585002	1.718680623805762	2.212619926627313	1.3541441128934397	1.563483377306173	2.3184557226641056	0.4086887057282759	0.4663736775348925	0.7592477506530082	0.5677190263724191	0.783674609456482	0.5718946987312508
365	-47.77588224644953	-11696.091689585002	1.718680623805762	2.212619926627313	1.3541441128934397	1.563483377306173	2.3184557226641056	0.4086887057282759	0.4663736775348925	0.7592477506530082	0.5677190263724191	0.783674609456482	0.5718946987312508
366	-47.77588224644953	-11696.091689585002	1.718680623805762	2.212619926627313	1.3541441128934397	1.563483377306173	2.3184557226641056	0.4086887057282759	0.4663736775348925	0.7592477506530082	0.5677190263724191	0.783674609456482	0.5718946987312508
367	-47.77588224644953	-11696.091689585002	1.718680623805762	2.212619926627313	1.3541441128934397	1.563483377306173	2.3184557226641056	0.4086887057282759	0.4663736775348925	0.7592477506530082	0.5677190263724191	0.783674609456482	0.5718946987312508
368	-47.769534701488126	-11696.423834402727	1.718680623805762	2.212619926627313	1.3541441128934397	1.563483377306173	2.3184557226641056	0.4086887057282759	0.4663736775348925	0.7592477506530082	0.5677190263724191	0.783674609456482	0.5718946987312508
369	-47.769534701488126	-11696.423834402727	1.718680623805762	2.212619926627313	1.3541441128934397	1.563483377306173	2.3184557226641056	0.4086887057282759	0.4663736775348925	0.7592477506530082	0.5677190263724191	0.783674609456482	0.5718946987312508
370	-47.769534701488126	-11696.423834402727	1.718680623805762	2.212619926627313	1.3541441128934397	1.563483377306173	2.3184557226641056	0.4086887057282759	0.4663736775348925	0.7592477506530082	0.5677190263724191	0.783674609456482	0.5718946987312508
371	-47.769534701488126	-11696.423834402727	1.718680623805762	2.212619926627313	1.3541441128934397	1.563483377306173	2.3184557226641056	0.4086887057282759	0.4663736775348925	0.7592477506530082	0.5677190263724191	0.783674609456482	0.5718946987312508
372	-47.769534701488126	-11692.449354715	1.718680623805762	2.212619926627313	1.3541441128934397	1.563483377306173	2.3184557226641056	0.4086887057282759	0.4663736775348925	0.7592477506530082	0.5677190263724191	0.783674609456482	0.5718946987312508
373	-47.769534701488126	-11692.449354715	1.718680623805762	2.212619926627313	1.3541441128934397	1.563483377306173	2.3184557226641056	0.4086887057282759	0.4663736775348925	0.7592477506530082	0.5677190263724191	0.783674609456482	0.5718946987312508
374	-47.5131025720919	-11686.703463768697	1.718680623805762	2.212619926627313	1.3541441128934397	1.563483377306173	2.3184557226641056	0.4086887057282759	0.4663736775348925	0.7592477506530082	0.5677190263724191	0.783674609456482	0.5718946987312508
375	-47.5131025720919	-11686.703463768697	1.718680623805762	2.212619926627313	1.3541441128934397	1.563483377306173	2.3184557226641056	0.4086887057282759	0.4663736775348925	0.7592477506530082	0.5677190263724191	0.783674609456482	0.5718946987312508
376	-48.00556660178524	-11686.270492603044	1.718680623805762	2.212619926627313	1.3541441128934397	1.563483377306173	2.3184557226641056	0.4086887057282759	0.4663736775348925	0.7592477506530082	0.5677190263724191	0.783674609456482	0.5718946987312508
377	-48.00556660178524	-11686.270492603044	1.718680623805762	2.212619926627313	1.3541441128934397	1.563483377306173	2.3184557226641056	0.4086887057282759	0.4663736775348925	0.7592477506530082	0.5677190263724191	0.783674609456482	0.5718946987312508
378	-48.00556660178524	-11682.013242461811	1.718680623805762	2.212619926627313	1.3541441128934397	1.563483377306173	2.3184557226641056	0.4086887057282759	0.4663736775348925	0.7592477506530082	0.5677190263724191	0.783674609456482	0.5718946987312508
379	-48.00556660178524	-11680.441474361058	1.718680623805762	2.212619926627313	1.3541441128934397	1.563483377306173	2.3184557226641056	0.4086887057282759	0.4663736775348925	0.7592477506530082	0.5677190263724191	0.783674609456482	0.5718946987312508
380	-48.00556660178524	-11680.441474361058	1.718680623805762	2.212619926627313	1.3541441128934397	1.563483377306173	2.3184557226641056	0.4086887057282759	0.4663736775348925	0.7592477506530082	0.5677190263724191	0.783674609456482	0.5718946987312508
381	-48.00556660178524	-11680.441474361058	1.718680623805762	2.212619926627313	1.3541441128934397	1.563483377306173	2.3184557226641056	0.4086887057282759	0.4663736775348925	0.7592477506530082	0.5677190263724191	0.783674609456482	0.5718946987312508
382	-48.00556660178524	-11680.441474361058	1.718680623805762	2.212619926627313	1.3541441128934397	1.563483377306173	2.3184557226641056	0.4086887057282759	0.4663736775348925	0.7592477506530082	0.5677190263724191	0.783674609456482	0.5718946987312508
383	-48.00556660178524	-11680.441474361058	1.718680623805762	2.212619926627313	1.3541441128934397	1.563483377306173	2.3184557226641056	0.4086887057282759	0.4663736775348925	0.7592477506530082	0.5677190263724191	0.783674609456482	0.5718946987312508
384	-48.00556660178524	-11680.441474361058	1.718680623805762	2.212619926627313	1.3541441128934397	1.563483377306173	2.3184557226641056	0.4086887057282759	0.4663736775348925	0.7592477506530082	0.5677190263724191	0.783674609456482	0.5718946987312508
385	-48.00556660178524	-11680.441474361058	1.718680623805762	2.212619926627313	1.3541441128934397	1.563483377306173	2.3184557226641056	0.4086887057282759	0.4663736775348925	0.7592477506530082	0.5677190263724191	0.783674609456482	0.5718946987312508
386	-48.00679362644173	-11679.304403651873	1.718680623805762	2.212619926627313	1.3541441128934397	1.563483377306173	2.3184557226641056	0.4086887057282759	0.4663736775348925	0.7592477506530082	0.5677190263724191	0.783674609456482	0.5718946987312508
387	-48.00679362644173	-11679.304403651873	1.718680623805762	2.212619926627313	1.3541441128934397	1.563483377306173	2.3184557226641056	0.4086887057282759	0.4663736775348925	0.7592477506530082	0.5677190263724191	0.783674609456482	0.5718946987312508
388	-48.00679362644173	-11679.304403651873	1.718680623805762	2.212619926627313	1.3541441128934397	1.563483377306173	2.3184557226641056	0.4086887057282759	0.4663736775348925	0.7592477506530082	0.5677190263724191	0.783674609456482	0.5718946987312508
389	-48.00679362644173	-11655.817843063387	1.718680623805762	2.212619926627313	1.3541441128934397	1.563483377306173	2.3184557226641056	0.4086887057282759	0.4663736775348925	0.7592477506530082	0.5677190263724191	0.783674609456482	0.5718946987312508
390	-48.00679362644173	-11655.817843063387	1.718680623805762	2.212619926627313	1.3541441128934397	1.563483377306173	2.3184557226641056	0.4086887057282759	0.4663736775348925	0.7592477506530082	0.5677190263724191	0.783674609456482	0.5718946987312508
391	-48.00679362644173	-11655.817843063387	1.718680623805762	2.212619926627313	1.3541441128934397	1.563483377306173	2.3184557226641056	0.4086887057282759	0.4663736775348925	0.7592477506530082	0.5677190263724191	0.783674609456482	0.5718946987312508
392	-48.00679362644173	-11493.229275274161	1.718680623805762	2.212619926627313	1.3541441128934397	1.563483377306173	2.3184557226641056	0.4086887057282759	0.4663736775348925	0.7592477506530082	0.5677190263724191	0.783674609456482	0.5718946987312508
393	-48.081901720778795	-11474.250754123828	1.718680623805762	2.212619926627313	1.3541441128934397	1.563483377306173	2.3184557226641056	0.4086887057282759	0.4663736775348925	0.7592477506530082	0.5677190263724191	0.783674609456482	0.5718946987312508
394	-48.081901720778795	-11454.318866016603	1.718680623805762	2.212619926627313	1.3541441128934397	1.563483377306173	2.3184557226641056	0.4086887057282759	0.4663736775348925	0.7592477506530082	0.5677190263724191	0.783674609456482	0.5718946987312508
395	-48.081901720778795	-11392.360693075087	1.718680623805762	2.212619926627313	1.3541441128934397	1.563483377306173	2.3184557226641056	0.4086887057282759	0.4663736775348925	0.7592477506530082	0.5677190263724191	0.783674609456482	0.5718946987312508
396	-48.081901720778795	-11392.360693075087	1.718680623805762	2.212619926627313	1.3541441128934397	1.563483377306173	2.3184557226641056	0.4086887057282759	0.4663736775348925	0.7592477506530082	0.5677190263724191	0.783674609456482	0.5718946987312508
397	-48.081901720778795	-11388.634930105954	1.718680623805762	2.212619926627313	1.3541441128934397	1.563483377306173	2.3184557226641056	0.4086887057282759	0.4663736775348925	0.7592477506530082	0.5677190263724191	0.783674609456482	0.5718946987312508
398	-48.081901720778795	-11388.634930105954	1.718680623805762	2.212619926627313	1.3541441128934397	1.563483377306173	2.3184557226641056	0.4086887057282759	0.4663736775348925	0.7592477506530082	0.5677190263724191	0.783674609456482	0.5718946987312508
399	-48.158383606359145	-11360.415538359703	1.718680623805762	2.212619926627313	1.3541441128934397	1.563483377306173	2.3184557226641056	0.4086887057282759	0.4663736775348925	0.7592477506530082	0.5677190263724191	0.783674609456482	0.5718946987312508
400	-48.158758850032335	-11360.689383720686	1.718680623805762	2.212619926627313	1.3541441128934397	1.563483377306173	2.3184557226641056	0.4086887057282759	0.4663736775348925	0.7592477506530082	0.5677190263724191	0.783674609456482	0.5718946987312508
401	-48.158758850032335	-11360.689383720686	1.718680623805762	2.212619926627313	1.3541441128934397	1.563483377306173	2.3184557226641056	0.4086887057282759	0.4663736775348925	0.7592477506530082	0.5677190263724191	0.783674609456482	0.5718946987312508
402	-48.15620699248172	-11358.40782881368	1.718680623805762	2.212619926627313	1.3541441128934397	1.563483377306173	2.3184557226641056	0.4086887057282759	0.4663736775348925	0.7592477506530082	0.5677190263724191	0.783674609456482	0.5718946987312508
403	-48.15620699248172	-11350.19420647058	1.718680623805762	2.212619926627313	1.3541441128934397	1.563483377306173	2.3184557226641056	0.4086887057282759	0.4663736775348925	0.7592477506530082	0.5677190263724191	0.783674609456482	0.5718946987312508
404	-48.15620699248172	-11350.19420647058	1.718680623805762	2.212619926627313	1.3541441128934397	1.563483377306173	2.3184557226641056	0.4086887057282759	0.4663736775348925	0.7592477506530082	0.5677190263724191	0.783674609456482	0.5718946987312508
405	-48.15620699248172	-11350.19420647058	1.718680623805762	2.212619926627313	1.3541441128934397	1.563483377306173	2.3184557226641056	0.4086887057282759	0.4663736775348925	0.7592477506530082	0.5677190263724191	0.783674609456482	0.5718946987312508
406	-48.15620699248172	-11350.19420647058	1.718680623805762	2.212619926627313	1.3541441128934397	1.563483377306173	2.3184557226641056	0.4086887057282759	0.4663736775348925	0.7592477506530082	0.5677190263724191	0.783674609456482	0.5718946987312508
407	-48.15620699248172	-11350.19420647058	1.718680623805762	2.212619926627313	1.3541441128934397	1.563483377306173	2.3184557226641056	0.4086887057282759	0.4663736775348925	0.7592477506530082	0.5677190263724191	0.783674609456482	0.5718946987312508
408	-48.14766194974744	-11349.783506182186	1.718680623805762	2.212619926627313	1.3541441128934397	1.563483377306173	2.3184557226641056	0.4086887057282759	0.4663736775348925	0.7592477506530082	0.5677190263724191	0.783674609456482	0.5718946987312508
409	-48.14766194974744	-11349.783506182186	1.718680623805762	2.212619926627313	1.3541441128934397	1.563483377306173	2.3184557226641056	0.4086887057282759	0.4663736775348925	0.7592477506530082	0.5677190263724191	0.783674609456482	0.5718946987312508
410	-48.14766194974744	-11349.783506182186	1.718680623805762	2.212619926627313	1.3541441128934397	1.563483377306173	2.3184557226641056	0.4086887057282759	0.4663736775348925	0.7592477506530082	0.5677190263724191	0.783674609456482	0.5718946987312508
411	-38.040214944503106	-11349.783506182186	2.2652431330761624	2.2358796192974664	1.0410869205517983	1.6842765444217467	2.972179696330029	0.4086887057282759	0.4663736775348925	0.7592477506530082	0.5677190263724191	0.783674609456482	0.5718946987312508
412	-38.040214944503106	-11349.292606063358	2.2652431330761624	2.2358796192974664	1.0410869205517983	1.6842765444217467	2.972179696330029	0.4086887057282759	0.4663736775348925	0.7592477506530082	0.5677190263724191	0.783674609456482	0.5718946987312508
413	-38.04908850395428	-11346.692271702499	2.2652431330761624	2.2358796192974664	1.0410869205517983	1.6842765444217467	2.972179696330029	0.4086887057282759	0.4663736775348925	0.7592477506530082	0.5677190263724191	0.783674609456482	0.5718946987312508
414	-38.04908850395428	-11346.692271702499	2.2652431330761624	2.2358796192974664	1.0410869205517983	1.6842765444217467	2.972179696330029	0.4086887057282759	0.4663736775348925	0.7592477506530082	0.5677190263724191	0.783674609456482	0.5718946987312508
415	-38.04908850395428	-11346.692271702499	2.2652431330761624	2.2358796192974664	1.0410869205517983	1.6842765444217467	2.972179696330029	0.4086887057282759	0.4663736775348925	0.7592477506530082	0.5677190263724191	0.783674609456482	0.5718946987312508
416	-38.04908850395428	-11346.655793357808	2.2652431330761624	2.2358796192974664	1.0410869205517983	1.6842765444217467	2.972179696330029	0.4086887057282759	0.4663736775348925	0.7592477506530082	0.5677190263724191	0.783674609456482	0.5718946987312508
417	-38.04908850395428	-11346.655793357808	2.2652431330761624	2.2358796192974664	1.0410869205517983	1.6842765444217467	2.972179696330029	0.4086887057282759	0.4663736775348925	0.7592477506530082	0.5677190263724191	0.783674609456482	0.5718946987312508
418	-38.04908850395428	-11344.224207176407	2.2652431330761624	2.2358796192974664	1.0410869205517983	1.6842765444217467	2.972179696330029	0.4086887057282759	0.4663736775348925	0.7592477506530082	0.5677190263724191	0.783674609456482	0.5718946987312508
419	-38.04908850395428	-11344.224207176407	2.2652431330761624	2.2358796192974664	1.0410869205517983	1.6842765444217467	2.972179696330029	0.4086887057282759	0.4663736775348925	0.7592477506530082	0.5677190263724191	0.783674609456482	0.5718946987312508
420	-38.04908850395428	-11344.224207176407	2.2652431330761624	2.2358796192974664	1.0410869205517983	1.6842765444217467	2.972179696330029	0.4086887057282759	0.4663736775348925	0.7592477506530082	0.5677190263724191	0.783674609456482	0.5718946987312508
421	-38.104353965715035	-11283.95644685718	2.2652431330761624	2.2358796192974664	1.0410869205517983	1.6842765444217467	2.972179696330029	0.4086887057282759	0.4663736775348925	0.7592477506530082	0.5677190263724191	0.783674609456482	0.5718946987312508
422	-38.104353965715035	-11283.95644685718	2.2652431330761624	2.2358796192974664	1.0410869205517983	1.6842765444217467	2.972179696330029	0.4086887057282759	0.4663736775348925	0.7592477506530082	0.5677190263724191	0.783674609456482	0.5718946987312508
423	-38.104353965715035	-11284.491652022645	2.2652431330761624	2.2358796192974664	1.0410869205517983	1.6842765444217467	2.972179696330029	0.4086887057282759	0.4663736775348925	0.7592477506530082	0.5677190263724191	0.783674609456482	0.5718946987312508
424	-38.104353965715035	-11284.221453442091	2.2652431330761624	2.2358796192974664	1.0410869205517983	1.6842765444217467	2.972179696330029	0.4086887057282759	0.4663736775348925	0.7592477506530082	0.5677190263724191	0.783674609456482	0.5718946987312508
425	-38.104353965715035	-11284.221453442091	2.2652431330761624	2.2358796192974664	1.0410869205517983	1.6842765444217467	2.972179696330029	0.4086887057282759	0.4663736775348925	0.7592477506530082	0.5677190263724191	0.783674609456482	0.5718946987312508
426	-38.104353965715035	-11284.221453442091	2.2652431330761624	2.2358796192974664	1.0410869205517983	1.6842765444217467	2.972179696330029	0.4086887057282759	0.4663736775348925	0.7592477506530082	0.5677190263724191	0.783674609456482	0.5718946987312508
427	-38.104353965715035	-11284.221453442091	2.2652431330761624	2.2358796192974664	1.0410869205517983	1.6842765444217467	2.972179696330029	0.4086887057282759	0.4663736775348925	0.7592477506530082	0.5677190263724191	0.783674609456482	0.5718946987312508
428	-38.09445967978654	-11116.47007932093	2.2652431330761624	2.2358796192974664	1.0410869205517983	1.6842765444217467	2.972179696330029	0.4086887057282759	0.4663736775348925	0.7592477506530082	0.5677190263724191	0.783674609456482	0.5718946987312508
429	-38.08779144635267	-11117.85350429101	2.2652431330761624	2.2358796192974664	1.0410869205517983	1.6842765444217467	2.972179696330029	0.4086887057282759	0.4663736775348925	0.7592477506530082	0.5677190263724191	0.783674609456482	0.5718946987312508
430	-38.09324272380266	-11117.719907417017	2.2652431330761624	2.2358796192974664	1.0410869205517983	1.6842765444217467	2.972179696330029	0.4086887057282759	0.4663736775348925	0.7592477506530082	0.5677190263724191	0.783674609456482	0.5718946987312508
431	-38.09324272380266	-11111.1945309001	2.2652431330761624	2.2358796192974664	1.0410869205517983	1.6842765444217467	2.972179696330029	0.4086887057282759	0.4663736775348925	0.7592477506530082	0.5677190263724191	0.783674609456482	0.5718946987312508
432	-38.09324272380266	-11111.1945309001	2.2652431330761624	2.2358796192974664	1.0410869205517983	1.6842765444217467	2.972179696330029	0.4086887057282759	0.4663736775348925	0.7592477506530082	0.5677190263724191	0.783674609456482	0.5718946987312508
433	-38.096362399375195	-11110.639211492244	2.2652431330761624	2.2358796192974664	1.0410869205517983	1.6842765444217467	2.972179696330029	0.4086887057282759	0.4663736775348925	0.7592477506530082	0.5677190263724191	0.783674609456482	0.5718946987312508
434	-38.096362399375195	-11110.639211492244	2.2652431330761624	2.2358796192974664	1.0410869205517983	1.6842765444217467	2.972179696330029	0.4086887057282759	0.4663736775348925	0.7592477506530082	0.5677190263724191	0.783674609456482	0.5718946987312508
435	-38.66037184317297	-11104.070410275506	2.2652431330761624	2.2358796192974664	1.0410869205517983	1.6842765444217467	2.972179696330029	0.4086887057282759	0.4663736775348925	0.7592477506530082	0.5677190263724191	0.783674609456482	0.5718946987312508
436	-38.66037184317297	-11104.070410275506	2.2652431330761624	2.2358796192974664	1.0410869205517983	1.6842765444217467	2.972179696330029	0.4086887057282759	0.4663736775348925	0.7592477506530082	0.5677190263724191	0.783674609456482	0.5718946987312508
437	-38.66037184317297	-11104.070410275506	2.2652431330761624	2.2358796192974664	1.0410869205517983	1.6842765444217467	2.972179696330029	0.4086887057282759	0.4663736775348925	0.7592477506530082	0.5677190263724191	0.783674609456482	0.5718946987312508
438	-38.66037184317297	-11104.070410275506	2.2652431330761624	2.2358796192974664	1.0410869205517983	1.6842765444217467	2.972179696330029	0.4086887057282759	0.4663736775348925	0.7592477506530082	0.5677190263724191	0.783674609456482	0.5718946987312508
439	-38.85340454706684	-11104.070410275506	2.2652431330761624	2.2358796192974664	1.0410869205517983	1.6842765444217467	2.972179696330029	0.4086887057282759	0.4663736775348925	0.7592477506530082	0.5677190263724191	0.783674609456482	0.6916801512889535
440	-38.52477832196845	-11082.175667315527	2.2652431330761624	2.2358796192974664	1.0410869205517983	1.6842765444217467	2.972179696330029	0.4086887057282759	0.4663736775348925	0.7592477506530082	0.5677190263724191	0.783674609456482	0.6916801512889535
441	-38.52477832196845	-11082.175667315527	2.2652431330761624	2.2358796192974664	1.0410869205517983	1.6842765444217467	2.972179696330029	0.4086887057282759	0.4663736775348925	0.7592477506530082	0.5677190263724191	0.783674609456482	0.6916801512889535
442	-38.52477832196845	-11082.175667315527	2.2652431330761624	2.2358796192974664	1.0410869205517983	1.6842765444217467	2.972179696330029	0.4086887057282759	0.4663736775348925	0.7592477506530082	0.5677190263724191	0.783674609456482	0.6916801512889535
443	-38.52477832196845	-11082.175667315527	2.2652431330761624	2.2358796192974664	1.0410869205517983	1.6842765444217467	2.972179696330029	0.4086887057282759	0.4663736775348925	0.7592477506530082	0.5677190263724191	0.783674609456482	0.6916801512889535
444	-38.52477832196845	-11082.175667315527	2.2652431330761624	2.2358796192974664	1.0410869205517983	1.6842765444217467	2.972179696330029	0.4086887057282759	0.4663736775348925	0.7592477506530082	0.5677190263724191	0.783674609456482	0.6916801512889535
445	-38.52477832196845	-11082.175667315527	2.2652431330761624	2.2358796192974664	1.0410869205517983	1.6842765444217467	2.972179696330029	0.4086887057282759	0.4663736775348925	0.7592477506530082	0.5677190263724191	0.783674609456482	0.6916801512889535
446	-38.63085005446306	-11055.269541210848	2.2652431330761624	2.2358796192974664	1.0410869205517983	1.6842765444217467	2.972179696330029	0.4086887057282759	0.4663736775348925	0.7592477506530082	0.5677190263724191	0.783674609456482	0.6916801512889535
447	-38.63085005446306	-11055.269541210848	2.2652431330761624	2.2358796192974664	1.0410869205517983	1.6842765444217467	2.972179696330029	0.4086887057282759	0.4663736775348925	0.7592477506530082	0.5677190263724191	0.783674609456482	0.6916801512889535
448	-38.63085005446306	-11055.269541210848	2.2652431330761624	2.2358796192974664	1.0410869205517983	1.6842765444217467	2.972179696330029	0.4086887057282759	0.4663736775348925	0.7592477506530082	0.5677190263724191	0.783674609456482	0.6916801512889535
449	-38.86234326907281	-11030.816738315594	2.2652431330761624	2.2358796192974664	1.0410869205517983	1.6842765444217467	2.972179696330029	0.4086887057282759	0.4663736775348925	0.7592477506530082	0.5677190263724191	0.783674609456482	0.6916801512889535
450	-38.84296955347166	-11026.303549641905	2.2652431330761624	2.2358796192974664	1.0410869205517983	1.6842765444217467	2.972179696330029	0.4086887057282759	0.4663736775348925	0.7592477506530082	0.5677190263724191	0.783674609456482	0.6916801512889535
451	-38.84296955347166	-11026.303549641905	2.2652431330761624	2.2358796192974664	1.0410869205517983	1.6842765444217467	2.972179696330029	0.4086887057282759	0.4663736775348925	0.7592477506530082	0.5677190263724191	0.783674609456482	0.6916801512889535
452	-38.84296955347166	-11026.303549641905	2.2652431330761624	2.2358796192974664	1.0410869205517983	1.6842765444217467	2.972179696330029	0.4086887057282759	0.4663736775348925	0.7592477506530082	0.5677190263724191	0.783674609456482	0.6916801512889535
453	-38.84296955347166	-11026.303549641905	2.2652431330761624	2.2358796192974664	1.0410869205517983	1.6842765444217467	2.972179696330029	0.4086887057282759	0.4663736775348925	0.7592477506530082	0.5677190263724191	0.783674609456482	0.6916801512889535
454	-38.84296955347166	-11025.485776507707	2.2652431330761624	2.2358796192974664	1.0410869205517983	1.6842765444217467	2.972179696330029	0.4086887057282759	0.4663736775348925	0.7592477506530082	0.5677190263724191	0.783674609456482	0.6916801512889535
455	-38.84296955347166	-11025.485776507707	2.2652431330761624	2.2358796192974664	1.0410869205517983	1.6842765444217467	2.972179696330029	0.4086887057282759	0.4663736775348925	0.7592477506530082	0.5677190263724191	0.783674609456482	0.6916801512889535
456	-38.84102714179387	-11013.190176878043	2.2652431330761624	2.2358796192974664	1.0410869205517983	1.6842765444217467	2.972179696330029	0.4086887057282759	0.4663736775348925	0.7592477506530082	0.5677190263724191	0.783674609456482	0.6916801512889535
457	-38.84102714179387	-11013.190176878043	2.2652431330761624	2.2358796192974664	1.0410869205517983	1.6842765444217467	2.972179696330029	0.4086887057282759	0.4663736775348925	0.7592477506530082	0.5677190263724191	0.783674609456482	0.6916801512889535
458	-38.50321993434613	-10917.079920154185	2.2652431330761624	2.2358796192974664	1.0410869205517983	1.6842765444217467	2.972179696330029	0.4086887057282759	0.4663736775348925	0.7592477506530082	0.5677190263724191	0.783674609456482	0.6916801512889535
459	-38.50321993434613	-10917.079920154185	2.2652431330761624	2.2358796192974664	1.0410869205517983	1.6842765444217467	2.972179696330029	0.4086887057282759	0.4663736775348925	0.7592477506530082	0.5677190263724191	0.783674609456482	0.6916801512889535
460	-38.50321993434613	-10917.079920154185	2.2652431330761624	2.2358796192974664	1.0410869205517983	1.6842765444217467	2.972179696330029	0.4086887057282759	0.4663736775348925	0.7592477506530082	0.5677190263724191	0.783674609456482	0.6916801512889535
461	-38.50321993434613	-10914.981893494278	2.2652431330761624	2.2358796192974664	1.0410869205517983	1.6842765444217467	2.972179696330029	0.4086887057282759	0.4663736775348925	0.7592477506530082	0.5677190263724191	0.783674609456482	0.6916801512889535
462	-38.50321993434613	-10914.981893494278	2.2652431330761624	2.2358796192974664	1.0410869205517983	1.6842765444217467	2.972179696330029	0.4086887057282759	0.4663736775348925	0.7592477506530082	0.5677190263724191	0.783674609456482	0.6916801512889535
463	-38.50321993434613	-10914.981893494278	2.2652431330761624	2.2358796192974664	1.0410869205517983	1.6842765444217467	2.972179696330029	0.4086887057282759	0.4663736775348925	0.7592477506530082	0.5677190263724191	0.783674609456482	0.6916801512889535
464	-38.50321993434613	-10914.981893494278	2.2652431330761624	2.2358796192974664	1.0410869205517983	1.6842765444217467	2.972179696330029	0.4086887057282759	0.4663736775348925	0.7592477506530082	0.5677190263724191	0.783674609456482	0.6916801512889535
465	-38.503092697956	-10915.005974265701	2.2652431330761624	2.2358796192974664	1.0410869205517983	1.6842765444217467	2.972179696330029	0.4086887057282759	0.4663736775348925	0.7592477506530082	0.5677190263724191	0.783674609456482	0.6916801512889535
466	-38.502295077311224	-10915.321871018388	2.2652431330761624	2.2358796192974664	1.0410869205517983	1.6842765444217467	2.972179696330029	0.4086887057282759	0.4663736775348925	0.7592477506530082	0.5677190263724191	0.783674609456482	0.6916801512889535
467	-38.502295077311224	-10915.321871018388	2.2652431330761624	2.2358796192974664	1.0410869205517983	1.6842765444217467	2.972179696330029	0.4086887057282759	0.4663736775348925	0.7592477506530082	0.5677190263724191	0.783674609456482	0.6916801512889535
468	-38.502295077311224	-10915.321871018388	2.2652431330761624	2.2358796192974664	1.0410869205517983	1.6842765444217467	2.972179696330029	0.4086887057282759	0.4663736775348925	0.7592477506530082	0.5677190263724191	0.783674609456482	0.6916801512889535
469	-38.213119808065215	-10904.159531248897	2.2652431330761624	2.2358796192974664	1.0410869205517983	1.6842765444217467	2.972179696330029	0.4086887057282759	0.4663736775348925	0.7592477506530082	0.5677190263724191	0.783674609456482	0.6916801512889535
470	-38.213119808065215	-10882.958646697516	2.2652431330761624	2.2358796192974664	1.0410869205517983	1.6842765444217467	2.972179696330029	0.4086887057282759	0.4663736775348925	0.7592477506530082	0.5677190263724191	0.783674609456482	0.6916801512889535
471	-38.213119808065215	-10882.958646697516	2.2652431330761624	2.2358796192974664	1.0410869205517983	1.6842765444217467	2.972179696330029	0.4086887057282759	0.4663736775348925	0.7592477506530082	0.5677190263724191	0.783674609456482	0.6916801512889535
472	-38.213119808065215	-10882.958646697516	2.2652431330761624	2.2358796192974664	1.0410869205517983	1.6842765444217467	2.972179696330029	0.4086887057282759	0.4663736775348925	0.7592477506530082	0.5677190263724191	0.783674609456482	0.6916801512889535
473	-38.213119808065215	-10880.970009020368	2.2652431330761624	2.2358796192974664	1.0410869205517983	1.6842765444217467	2.972179696330029	0.4086887057282759	0.4663736775348925	0.7592477506530082	0.5677190263724191	0.783674609456482	0.6916801512889535
474	-38.213183573262896	-10881.430176903757	2.2652431330761624	2.2358796192974664	1.0410869205517983	1.6842765444217467	2.972179696330029	0.4086887057282759	0.4663736775348925	0.7592477506530082	0.5677190263724191	0.783674609456482	0.6916801512889535
475	-38.20040284364417	-10881.564856667273	2.2652431330761624	2.2358796192974664	1.0410869205517983	1.6842765444217467	2.972179696330029	0.4086887057282759	0.4663736775348925	0.7592477506530082	0.5677190263724191	0.783674609456482	0.6916801512889535
476	-38.20040284364417	-10882.731497137493	2.2652431330761624	2.2358796192974664	1.0410869205517983	1.6842765444217467	2.972179696330029	0.4086887057282759	0.4663736775348925	0.7592477506530082	0.5677190263724191	0.783674609456482	0.6916801512889535
477	-38.20040284364417	-10865.616296127582	2.2652431330761624	2.2358796192974664	1.0410869205517983	1.6842765444217467	2.972179696330029	0.4086887057282759	0.4663736775348925	0.7592477506530082	0.5677190263724191	0.783674609456482	0.6916801512889535
478	-38.18902082631966	-10857.265268633262	2.2652431330761624	2.2358796192974664	1.0410869205517983	1.6842765444217467	2.972179696330029	0.4086887057282759	0.4663736775348925	0.7592477506530082	0.5677190263724191	0.783674609456482	0.6916801512889535
479	-38.18902082631966	-10857.265268633262	2.2652431330761624	2.2358796192974664	1.0410869205517983	1.6842765444217467	2.972179696330029	0.4086887057282759	0.4663736775348925	0.7592477506530082	0.5677190263724191	0.783674609456482	0.6916801512889535
480	-38.18902082631966	-10857.265268633262	2.2652431330761624	2.2358796192974664	1.0410869205517983	1.6842765444217467	2.972179696330029	0.4086887057282759	0.4663736775348925	0.7592477506530082	0.5677190263724191	0.783674609456482	0.6916801512889535
481	-38.54893424984715	-10801.292062383294	2.2652431330761624	2.2358796192974664	1.0410869205517983	1.6842765444217467	2.972179696330029	0.4086887057282759	0.4663736775348925	0.7592477506530082	0.5677190263724191	0.783674609456482	0.6916801512889535
482	-38.54893424984715	-10801.292062383294	2.2652431330761624	2.2358796192974664	1.0410869205517983	1.6842765444217467	2.972179696330029	0.4086887057282759	0.4663736775348925	0.7592477506530082	0.5677190263724191	0.783674609456482	0.6916801512889535
483	-38.54893424984715	-10801.292062383294	2.2652431330761624	2.2358796192974664	1.0410869205517983	1.6842765444217467	2.972179696330029	0.4086887057282759	0.4663736775348925	0.7592477506530082	0.5677190263724191	0.783674609456482	0.6916801512889535
484	-30.832690116235586	-10801.292062383294	2.939565120015343	1.7193217268280623	0.9270203158132058	2.001468636287106	3.165481107548859	0.4086887057282759	0.4663736775348925	0.7592477506530082	0.5677190263724191	0.783674609456482	0.6916801512889535
485	-30.832690116235586	-10801.292062383294	2.939565120015343	1.7193217268280623	0.9270203158132058	2.001468636287106	3.165481107548859	0.4086887057282759	0.4663736775348925	0.7592477506530082	0.5677190263724191	0.783674609456482	0.6916801512889535
486	-30.832690116235586	-10801.292062383294	2.939565120015343	1.7193217268280623	0.9270203158132058	2.001468636287106	3.165481107548859	0.4086887057282759	0.4663736775348925	0.7592477506530082	0.5677190263724191	0.783674609456482	0.6916801512889535
487	-30.832690116235586	-10801.292062383294	2.939565120015343	1.7193217268280623	0.9270203158132058	2.001468636287106	3.165481107548859	0.4086887057282759	0.4663736775348925	0.7592477506530082	0.5677190263724191	0.783674609456482	0.6916801512889535
488	-30.832690116235586	-10801.292062383294	2.939565120015343	1.7193217268280623	0.9270203158132058	2.001468636287106	3.165481107548859	0.4086887057282759	0.4663736775348925	0.7592477506530082	0.5677190263724191	0.783674609456482	0.6916801512889535
489	-30.832690116235586	-10801.292062383294	2.939565120015343	1.7193217268280623	0.9270203158132058	2.001468636287106	3.165481107548859	0.4086887057282759	0.4663736775348925	0.7592477506530082	0.5677190263724191	0.783674609456482	0.6916801512889535
490	-30.832690116235586	-10801.292062383294	2.939565120015343	1.7193217268280623	0.9270203158132058	2.001468636287106	3.165481107548859	0.4086887057282759	0.4663736775348925	0.7592477506530082	0.5677190263724191	0.783674609456482	0.6916801512889535
491	-30.84930517856228	-10798.86015729231	2.939565120015343	1.7193217268280623	0.9270203158132058	2.001468636287106	3.165481107548859	0.4086887057282759	0.4663736775348925	0.7592477506530082	0.5677190263724191	0.783674609456482	0.6916801512889535
492	-30.84930517856228	-10798.86015729231	2.939565120015343	1.7193217268280623	0.9270203158132058	2.001468636287106	3.165481107548859	0.4086887057282759	0.4663736775348925	0.7592477506530082	0.5677190263724191	0.783674609456482	0.6916801512889535
493	-30.84930517856228	-10798.86015729231	2.939565120015343	1.7193217268280623	0.9270203158132058	2.001468636287106	3.165481107548859	0.4086887057282759	0.4663736775348925	0.7592477506530082	0.5677190263724191	0.783674609456482	0.6916801512889535
494	-30.84930517856228	-10798.86015729231	2.939565120015343	1.7193217268280623	0.9270203158132058	2.001468636287106	3.165481107548859	0.4086887057282759	0.4663736775348925	0.7592477506530082	0.5677190263724191	0.783674609456482	0.6916801512889535
495	-30.84930517856228	-10798.86015729231	2.939565120015343	1.7193217268280623	0.9270203158132058	2.001468636287106	3.165481107548859	0.4086887057282759	0.4663736775348925	0.7592477506530082	0.5677190263724191	0.783674609456482	0.6916801512889535
496	-30.84930517856228	-10798.399437884967	2.939565120015343	1.7193217268280623	0.9270203158132058	2.001468636287106	3.165481107548859	0.4086887057282759	0.4663736775348925	0.7592477506530082	0.5677190263724191	0.783674609456482	0.6916801512889535
497	-30.84930517856228	-10798.399437884967	2.939565120015343	1.7193217268280623	0.9270203158132058	2.001468636287106	3.165481107548859	0.4086887057282759	0.4663736775348925	0.7592477506530082	0.5677190263724191	0.783674609456482	0.6916801512889535
498	-30.84930517856228	-10798.399437884967	2.939565120015343	1.7193217268280623	0.9270203158132058	2.001468636287106	3.165481107548859	0.4086887057282759	0.4663736775348925	0.7592477506530082	0.5677190263724191	0.783674609456482	0.6916801512889535
499	-30.84930517856228	-10798.399437884967	2.939565120015343	1.7193217268280623	0.9270203158132058	2.001468636287106	3.165481107548859	0.4086887057282759	0.4663736775348925	0.7592477506530082	0.5677190263724191	0.783674609456482	0.6916801512889535
500	-30.84930517856228	-10799.265187508776	2.939565120015343	1.7193217268280623	0.9270203158132058	2.001468636287106	3.165481107548859	0.4086887057282759	0.4663736775348925	0.7592477506530082	0.5677190263724191	0.783674609456482	0.6916801512889535
501	-30.84930517856228	-10799.265187508776	2.939565120015343	1.7193217268280623	0.9270203158132058	2.001468636287106	3.165481107548859	0.4086887057282759	0.4663736775348925	0.7592477506530082	0.5677190263724191	0.783674609456482	0.6916801512889535
502	-30.84930517856228	-10799.265187508776	2.939565120015343	1.7193217268280623	0.9270203158132058	2.001468636287106	3.165481107548859	0.4086887057282759	0.4663736775348925	0.7592477506530082	0.5677190263724191	0.783674609456482	0.6916801512889535
503	-30.84930517856228	-10799.265187508776	2.939565120015343	1.7193217268280623	0.9270203158132058	2.001468636287106	3.165481107548859	0.4086887057282759	0.4663736775348925	0.7592477506530082	0.5677190263724191	0.783674609456482	0.6916801512889535
504	-30.2240027313103	-10799.419940408192	2.939565120015343	1.7193217268280623	0.9270203158132058	2.001468636287106	3.165481107548859	0.4086887057282759	0.4663736775348925	0.7592477506530082	0.5677190263724191	0.783674609456482	0.6916801512889535
505	-30.2240027313103	-10799.419940408192	2.939565120015343	1.7193217268280623	0.9270203158132058	2.001468636287106	3.165481107548859	0.4086887057282759	0.4663736775348925	0.7592477506530082	0.5677190263724191	0.783674609456482	0.6916801512889535
506	-30.2240027313103	-10798.867179967396	2.939565120015343	1.7193217268280623	0.9270203158132058	2.001468636287106	3.165481107548859	0.4086887057282759	0.4663736775348925	0.7592477506530082	0.5677190263724191	0.783674609456482	0.6916801512889535
507	-30.29773826811482	-10782.489652747201	2.939565120015343	1.7193217268280623	0.9270203158132058	2.001468636287106	3.165481107548859	0.4086887057282759	0.4663736775348925	0.7592477506530082	0.5677190263724191	0.783674609456482	0.6916801512889535
508	-30.29789565136273	-10783.326364946977	2.939565120015343	1.7193217268280623	0.9270203158132058	2.001468636287106	3.165481107548859	0.4086887057282759	0.4663736775348925	0.7592477506530082	0.5677190263724191	0.783674609456482	0.6916801512889535
509	-30.298055084518303	-10771.086874241375	2.939565120015343	1.7193217268280623	0.9270203158132058	2.001468636287106	3.165481107548859	0.4086887057282759	0.4663736775348925	0.7592477506530082	0.5677190263724191	0.783674609456482	0.6916801512889535
510	-30.298055084518303	-10771.086874241375	2.939565120015343	1.7193217268280623	0.9270203158132058	2.001468636287106	3.165481107548859	0.4086887057282759	0.4663736775348925	0.7592477506530082	0.5677190263724191	0.783674609456482	0.6916801512889535
511	-30.295411127688034	-10770.717863986414	2.939565120015343	1.7193217268280623	0.9270203158132058	2.001468636287106	3.165481107548859	0.4086887057282759	0.4663736775348925	0.7592477506530082	0.5677190263724191	0.783674609456482	0.6916801512889535
512	-30.295411127688034	-10770.717863986414	2.939565120015343	1.7193217268280623	0.9270203158132058	2.001468636287106	3.165481107548859	0.4086887057282759	0.4663736775348925	0.7592477506530082	0.5677190263724191	0.783674609456482	0.6916801512889535
513	-30.295411127688034	-10770.57985597488	2.939565120015343	1.7193217268280623	0.9270203158132058	2.001468636287106	3.165481107548859	0.4086887057282759	0.4663736775348925	0.7592477506530082	0.5677190263724191	0.783674609456482	0.6916801512889535
514	-30.295411127688034	-10767.893862413403	2.939565120015343	1.7193217268280623	0.9270203158132058	2.001468636287106	3.165481107548859	0.4086887057282759	0.4663736775348925	0.7592477506530082	0.5677190263724191	0.783674609456482	0.6916801512889535
515	-29.671377187184238	-10765.177540501842	2.939565120015343	1.7193217268280623	0.9270203158132058	2.001468636287106	3.165481107548859	0.4086887057282759	0.4663736775348925	0.7592477506530082	0.5677190263724191	0.783674609456482	0.6916801512889535
516	-29.637012976863634	-10765.177540501842	2.939565120015343	1.7193217268280623	0.9270203158132058	2.001468636287106	3.165481107548859	0.3074687320451952	0.5975739292658672	0.7642882422547083	0.7249665673117708	0.9049820569515242	0.6916801512889535
517	-29.398796161508034	-10710.963425271708	2.939565120015343	1.7193217268280623	0.9270203158132058	2.001468636287106	3.165481107548859	0.3074687320451952	0.5975739292658672	0.7642882422547083	0.7249665673117708	0.9049820569515242	0.6916801512889535
518	-29.398796161508034	-10710.963425271708	2.939565120015343	1.7193217268280623	0.9270203158132058	2.001468636287106	3.165481107548859	0.3074687320451952	0.5975739292658672	0.7642882422547083	0.7249665673117708	0.9049820569515242	0.6916801512889535
519	-29.398796161508034	-10710.963425271708	2.939565120015343	1.7193217268280623	0.9270203158132058	2.001468636287106	3.165481107548859	0.3074687320451952	0.5975739292658672	0.7642882422547083	0.7249665673117708	0.9049820569515242	0.6916801512889535
520	-29.398796161508034	-10710.963425271708	2.939565120015343	1.7193217268280623	0.9270203158132058	2.001468636287106	3.165481107548859	0.3074687320451952	0.5975739292658672	0.7642882422547083	0.7249665673117708	0.9049820569515242	0.6916801512889535
521	-29.398796161508034	-10708.465156546674	2.939565120015343	1.7193217268280623	0.9270203158132058	2.001468636287106	3.165481107548859	0.3074687320451952	0.5975739292658672	0.7642882422547083	0.7249665673117708	0.9049820569515242	0.6916801512889535
522	-29.398796161508034	-10706.74310115789	2.939565120015343	1.7193217268280623	0.9270203158132058	2.001468636287106	3.165481107548859	0.3074687320451952	0.5975739292658672	0.7642882422547083	0.7249665673117708	0.9049820569515242	0.6916801512889535
523	-29.398796161508034	-10706.74310115789	2.939565120015343	1.7193217268280623	0.9270203158132058	2.001468636287106	3.165481107548859	0.3074687320451952	0.5975739292658672	0.7642882422547083	0.7249665673117708	0.9049820569515242	0.6916801512889535
524	-29.398796161508034	-10706.74310115789	2.939565120015343	1.7193217268280623	0.9270203158132058	2.001468636287106	3.165481107548859	0.3074687320451952	0.5975739292658672	0.7642882422547083	0.7249665673117708	0.9049820569515242	0.6916801512889535
525	-29.398796161508034	-10706.596297129174	2.939565120015343	1.7193217268280623	0.9270203158132058	2.001468636287106	3.165481107548859	0.3074687320451952	0.5975739292658672	0.7642882422547083	0.7249665673117708	0.9049820569515242	0.6916801512889535
526	-29.398796161508034	-10706.596297129174	2.939565120015343	1.7193217268280623	0.9270203158132058	2.001468636287106	3.165481107548859	0.3074687320451952	0.5975739292658672	0.7642882422547083	0.7249665673117708	0.9049820569515242	0.6916801512889535
527	-29.399907261944822	-10707.06122678577	2.939565120015343	1.7193217268280623	0.9270203158132058	2.001468636287106	3.165481107548859	0.3074687320451952	0.5975739292658672	0.7642882422547083	0.7249665673117708	0.9049820569515242	0.6916801512889535
528	-29.791909926925573	-10707.06122678577	2.939565120015343	1.7193217268280623	0.9270203158132058	2.001468636287106	3.165481107548859	0.3074687320451952	0.5975739292658672	0.7642882422547083	0.7249665673117708	0.9049820569515242	0.838063748571651
529	-29.791909926925573	-10707.06122678577	2.939565120015343	1.7193217268280623	0.9270203158132058	2.001468636287106	3.165481107548859	0.3074687320451952	0.5975739292658672	0.7642882422547083	0.7249665673117708	0.9049820569515242	0.838063748571651
530	-29.791909926925573	-10707.208225451257	2.939565120015343	1.7193217268280623	0.9270203158132058	2.001468636287106	3.165481107548859	0.3074687320451952	0.5975739292658672	0.7642882422547083	0.7249665673117708	0.9049820569515242	0.838063748571651
531	-29.785559428027387	-10679.751212765248	2.939565120015343	1.7193217268280623	0.9270203158132058	2.001468636287106	3.165481107548859	0.3074687320451952	0.5975739292658672	0.7642882422547083	0.7249665673117708	0.9049820569515242	0.838063748571651
532	-29.785559428027387	-10677.209398737965	2.939565120015343	1.7193217268280623	0.9270203158132058	2.001468636287106	3.165481107548859	0.3074687320451952	0.5975739292658672	0.7642882422547083	0.7249665673117708	0.9049820569515242	0.838063748571651
533	-29.785559428027387	-10677.209398737965	2.939565120015343	1.7193217268280623	0.9270203158132058	2.001468636287106	3.165481107548859	0.3074687320451952	0.5975739292658672	0.7642882422547083	0.7249665673117708	0.9049820569515242	0.838063748571651
534	-30.243409399480605	-10676.980818193882	2.939565120015343	1.7193217268280623	0.9270203158132058	2.001468636287106	3.165481107548859	0.3074687320451952	0.5975739292658672	0.7642882422547083	0.7249665673117708	0.9049820569515242	0.838063748571651
535	-30.243409399480605	-10676.980818193882	2.939565120015343	1.7193217268280623	0.9270203158132058	2.001468636287106	3.165481107548859	0.3074687320451952	0.5975739292658672	0.7642882422547083	0.7249665673117708	0.9049820569515242	0.838063748571651
536	-30.243409399480605	-10616.324254023208	2.939565120015343	1.7193217268280623	0.9270203158132058	2.001468636287106	3.165481107548859	0.3074687320451952	0.5975739292658672	0.7642882422547083	0.7249665673117708	0.9049820569515242	0.838063748571651
537	-30.243409399480605	-10616.324254023208	2.939565120015343	1.7193217268280623	0.9270203158132058	2.001468636287106	3.165481107548859	0.3074687320451952	0.5975739292658672	0.7642882422547083	0.7249665673117708	0.9049820569515242	0.838063748571651
538	-30.243409399480605	-10616.647854800509	2.939565120015343	1.7193217268280623	0.9270203158132058	2.001468636287106	3.165481107548859	0.3074687320451952	0.5975739292658672	0.7642882422547083	0.7249665673117708	0.9049820569515242	0.838063748571651
539	-29.990856284397033	-10616.647854800509	2.939565120015343	1.7193217268280623	0.9270203158132058	2.001468636287106	3.165481107548859	0.3074687320451952	0.5975739292658672	0.7642882422547083	0.7249665673117708	0.9049820569515242	0.7444292390997111
540	-29.990856284397033	-10616.647854800509	2.939565120015343	1.7193217268280623	0.9270203158132058	2.001468636287106	3.165481107548859	0.3074687320451952	0.5975739292658672	0.7642882422547083	0.7249665673117708	0.9049820569515242	0.7444292390997111
541	-29.990856284397033	-10616.647854800509	2.939565120015343	1.7193217268280623	0.9270203158132058	2.001468636287106	3.165481107548859	0.3074687320451952	0.5975739292658672	0.7642882422547083	0.7249665673117708	0.9049820569515242	0.7444292390997111
542	-29.990856284397033	-10616.647854800509	2.939565120015343	1.7193217268280623	0.9270203158132058	2.001468636287106	3.165481107548859	0.3074687320451952	0.5975739292658672	0.7642882422547083	0.7249665673117708	0.9049820569515242	0.7444292390997111
543	-29.99274220223797	-10616.762525816937	2.939565120015343	1.7193217268280623	0.9270203158132058	2.001468636287106	3.165481107548859	0.3074687320451952	0.5975739292658672	0.7642882422547083	0.7249665673117708	0.9049820569515242	0.7444292390997111
544	-29.99274220223797	-10616.762525816937	2.939565120015343	1.7193217268280623	0.9270203158132058	2.001468636287106	3.165481107548859	0.3074687320451952	0.5975739292658672	0.7642882422547083	0.7249665673117708	0.9049820569515242	0.7444292390997111
545	-29.99274220223797	-10616.762525816937	2.939565120015343	1.7193217268280623	0.9270203158132058	2.001468636287106	3.165481107548859	0.3074687320451952	0.5975739292658672	0.7642882422547083	0.7249665673117708	0.9049820569515242	0.7444292390997111
546	-30.10126729553687	-10588.910326339688	2.939565120015343	1.7193217268280623	0.9270203158132058	2.001468636287106	3.165481107548859	0.3074687320451952	0.5975739292658672	0.7642882422547083	0.7249665673117708	0.9049820569515242	0.7444292390997111
547	-30.10126729553687	-10587.382814948716	2.939565120015343	1.7193217268280623	0.9270203158132058	2.001468636287106	3.165481107548859	0.3074687320451952	0.5975739292658672	0.7642882422547083	0.7249665673117708	0.9049820569515242	0.7444292390997111
548	-30.10126729553687	-10587.382814948716	2.939565120015343	1.7193217268280623	0.9270203158132058	2.001468636287106	3.165481107548859	0.3074687320451952	0.5975739292658672	0.7642882422547083	0.7249665673117708	0.9049820569515242	0.7444292390997111
549	-30.10126729553687	-10587.382814948716	2.939565120015343	1.7193217268280623	0.9270203158132058	2.001468636287106	3.165481107548859	0.3074687320451952	0.5975739292658672	0.7642882422547083	0.7249665673117708	0.9049820569515242	0.7444292390997111
550	-30.137046945273426	-10572.251404424967	2.939565120015343	1.7193217268280623	0.9270203158132058	2.001468636287106	3.165481107548859	0.3074687320451952	0.5975739292658672	0.7642882422547083	0.7249665673117708	0.9049820569515242	0.7444292390997111
551	-30.137046945273426	-10572.251404424967	2.939565120015343	1.7193217268280623	0.9270203158132058	2.001468636287106	3.165481107548859	0.3074687320451952	0.5975739292658672	0.7642882422547083	0.7249665673117708	0.9049820569515242	0.7444292390997111
552	-30.137046945273426	-10565.708248347324	2.939565120015343	1.7193217268280623	0.9270203158132058	2.001468636287106	3.165481107548859	0.3074687320451952	0.5975739292658672	0.7642882422547083	0.7249665673117708	0.9049820569515242	0.7444292390997111
553	-30.175983802419168	-10560.657852979582	2.939565120015343	1.7193217268280623	0.9270203158132058	2.001468636287106	3.165481107548859	0.3074687320451952	0.5975739292658672	0.7642882422547083	0.7249665673117708	0.9049820569515242	0.7444292390997111
554	-30.175983802419168	-10560.657852979582	2.939565120015343	1.7193217268280623	0.9270203158132058	2.001468636287106	3.165481107548859	0.3074687320451952	0.5975739292658672	0.7642882422547083	0.7249665673117708	0.9049820569515242	0.7444292390997111
555	-30.175983802419168	-10560.657852979582	2.939565120015343	1.7193217268280623	0.9270203158132058	2.001468636287106	3.165481107548859	0.3074687320451952	0.5975739292658672	0.7642882422547083	0.7249665673117708	0.9049820569515242	0.7444292390997111
556	-30.175983802419168	-10561.312754161449	2.939565120015343	1.7193217268280623	0.9270203158132058	2.001468636287106	3.165481107548859	0.3074687320451952	0.5975739292658672	0.7642882422547083	0.7249665673117708	0.9049820569515242	0.7444292390997111
557	-30.175983802419168	-10561.312754161449	2.939565120015343	1.7193217268280623	0.9270203158132058	2.001468636287106	3.165481107548859	0.3074687320451952	0.5975739292658672	0.7642882422547083	0.7249665673117708	0.9049820569515242	0.7444292390997111
558	-30.175983802419168	-10561.312754161449	2.939565120015343	1.7193217268280623	0.9270203158132058	2.001468636287106	3.165481107548859	0.3074687320451952	0.5975739292658672	0.7642882422547083	0.7249665673117708	0.9049820569515242	0.7444292390997111
559	-30.175983802419168	-10561.312754161449	2.939565120015343	1.7193217268280623	0.9270203158132058	2.001468636287106	3.165481107548859	0.3074687320451952	0.5975739292658672	0.7642882422547083	0.7249665673117708	0.9049820569515242	0.7444292390997111
560	-29.01294026666173	-10551.075277347403	2.939565120015343	1.7193217268280623	0.9270203158132058	2.001468636287106	3.165481107548859	0.3074687320451952	0.5975739292658672	0.7642882422547083	0.7249665673117708	0.9049820569515242	0.7444292390997111
561	-29.01294026666173	-10551.075277347403	2.939565120015343	1.7193217268280623	0.9270203158132058	2.001468636287106	3.165481107548859	0.3074687320451952	0.5975739292658672	0.7642882422547083	0.7249665673117708	0.9049820569515242	0.7444292390997111
562	-29.120156616240408	-10551.075277347403	2.939565120015343	1.7193217268280623	0.9270203158132058	2.001468636287106	3.165481107548859	0.3538774555497791	0.6136667116272025	0.8468281029195315	0.6362297670718471	0.8955935216669147	0.7444292390997111
563	-29.88731768364997	-10548.752667165343	2.939565120015343	1.7193217268280623	0.9270203158132058	2.001468636287106	3.165481107548859	0.3538774555497791	0.6136667116272025	0.8468281029195315	0.6362297670718471	0.8955935216669147	0.7444292390997111
564	-29.88731768364997	-10548.752667165343	2.939565120015343	1.7193217268280623	0.9270203158132058	2.001468636287106	3.165481107548859	0.3538774555497791	0.6136667116272025	0.8468281029195315	0.6362297670718471	0.8955935216669147	0.7444292390997111
565	-29.88731768364997	-10548.752667165343	2.939565120015343	1.7193217268280623	0.9270203158132058	2.001468636287106	3.165481107548859	0.3538774555497791	0.6136667116272025	0.8468281029195315	0.6362297670718471	0.8955935216669147	0.7444292390997111
566	-29.88731768364997	-10548.752667165343	2.939565120015343	1.7193217268280623	0.9270203158132058	2.001468636287106	3.165481107548859	0.3538774555497791	0.6136667116272025	0.8468281029195315	0.6362297670718471	0.8955935216669147	0.7444292390997111
567	-29.88731768364997	-10548.752667165343	2.939565120015343	1.7193217268280623	0.9270203158132058	2.001468636287106	3.165481107548859	0.3538774555497791	0.6136667116272025	0.8468281029195315	0.6362297670718471	0.8955935216669147	0.7444292390997111
568	-29.88731768364997	-10548.752667165343	2.939565120015343	1.7193217268280623	0.9270203158132058	2.001468636287106	3.165481107548859	0.3538774555497791	0.6136667116272025	0.8468281029195315	0.6362297670718471	0.8955935216669147	0.7444292390997111
569	-28.67681099250829	-10548.752667165343	2.722656900716988	1.9315187166546173	1.1279817761610722	2.290405264654998	3.2321315202400034	0.3538774555497791	0.6136667116272025	0.8468281029195315	0.6362297670718471	0.8955935216669147	0.7444292390997111
570	-28.67681099250829	-10548.752667165343	2.722656900716988	1.9315187166546173	1.1279817761610722	2.290405264654998	3.2321315202400034	0.3538774555497791	0.6136667116272025	0.8468281029195315	0.6362297670718471	0.8955935216669147	0.7444292390997111
571	-28.67681099250829	-10548.752667165343	2.722656900716988	1.9315187166546173	1.1279817761610722	2.290405264654998	3.2321315202400034	0.3538774555497791	0.6136667116272025	0.8468281029195315	0.6362297670718471	0.8955935216669147	0.7444292390997111
572	-28.67681099250829	-10548.752667165343	2.722656900716988	1.9315187166546173	1.1279817761610722	2.290405264654998	3.2321315202400034	0.3538774555497791	0.6136667116272025	0.8468281029195315	0.6362297670718471	0.8955935216669147	0.7444292390997111
573	-28.67681099250829	-10548.097766072902	2.722656900716988	1.9315187166546173	1.1279817761610722	2.290405264654998	3.2321315202400034	0.3538774555497791	0.6136667116272025	0.8468281029195315	0.6362297670718471	0.8955935216669147	0.7444292390997111
574	-28.67681099250829	-10548.097766072902	2.722656900716988	1.9315187166546173	1.1279817761610722	2.290405264654998	3.2321315202400034	0.3538774555497791	0.6136667116272025	0.8468281029195315	0.6362297670718471	0.8955935216669147	0.7444292390997111
575	-28.67681099250829	-10542.539507512456	2.722656900716988	1.9315187166546173	1.1279817761610722	2.290405264654998	3.2321315202400034	0.3538774555497791	0.6136667116272025	0.8468281029195315	0.6362297670718471	0.8955935216669147	0.7444292390997111
576	-28.67681099250829	-10542.539507512456	2.722656900716988	1.9315187166546173	1.1279817761610722	2.290405264654998	3.2321315202400034	0.3538774555497791	0.6136667116272025	0.8468281029195315	0.6362297670718471	0.8955935216669147	0.7444292390997111
577	-28.67681099250829	-10541.916434412924	2.722656900716988	1.9315187166546173	1.1279817761610722	2.290405264654998	3.2321315202400034	0.3538774555497791	0.6136667116272025	0.8468281029195315	0.6362297670718471	0.8955935216669147	0.7444292390997111
578	-29.492738908255916	-10535.433829150183	2.722656900716988	1.9315187166546173	1.1279817761610722	2.290405264654998	3.2321315202400034	0.3538774555497791	0.6136667116272025	0.8468281029195315	0.6362297670718471	0.8955935216669147	0.7444292390997111
579	-29.492738908255916	-10535.433829150183	2.722656900716988	1.9315187166546173	1.1279817761610722	2.290405264654998	3.2321315202400034	0.3538774555497791	0.6136667116272025	0.8468281029195315	0.6362297670718471	0.8955935216669147	0.7444292390997111
580	-29.492738908255916	-10535.433829150183	2.722656900716988	1.9315187166546173	1.1279817761610722	2.290405264654998	3.2321315202400034	0.3538774555497791	0.6136667116272025	0.8468281029195315	0.6362297670718471	0.8955935216669147	0.7444292390997111
581	-29.492738908255916	-10535.433829150183	2.722656900716988	1.9315187166546173	1.1279817761610722	2.290405264654998	3.2321315202400034	0.3538774555497791	0.6136667116272025	0.8468281029195315	0.6362297670718471	0.8955935216669147	0.7444292390997111
582	-29.492738908255916	-10535.433829150183	2.722656900716988	1.9315187166546173	1.1279817761610722	2.290405264654998	3.2321315202400034	0.3538774555497791	0.6136667116272025	0.8468281029195315	0.6362297670718471	0.8955935216669147	0.7444292390997111
583	-29.492738908255916	-10535.433829150183	2.722656900716988	1.9315187166546173	1.1279817761610722	2.290405264654998	3.2321315202400034	0.3538774555497791	0.6136667116272025	0.8468281029195315	0.6362297670718471	0.8955935216669147	0.7444292390997111
584	-29.47939722640524	-10539.466910139447	2.722656900716988	1.9315187166546173	1.1279817761610722	2.290405264654998	3.2321315202400034	0.3538774555497791	0.6136667116272025	0.8468281029195315	0.6362297670718471	0.8955935216669147	0.7444292390997111
585	-29.47939722640524	-10539.466910139447	2.722656900716988	1.9315187166546173	1.1279817761610722	2.290405264654998	3.2321315202400034	0.3538774555497791	0.6136667116272025	0.8468281029195315	0.6362297670718471	0.8955935216669147	0.7444292390997111
586	-29.47939722640524	-10539.466910139447	2.722656900716988	1.9315187166546173	1.1279817761610722	2.290405264654998	3.2321315202400034	0.3538774555497791	0.6136667116272025	0.8468281029195315	0.6362297670718471	0.8955935216669147	0.7444292390997111
587	-29.47939722640524	-10539.466910139447	2.722656900716988	1.9315187166546173	1.1279817761610722	2.290405264654998	3.2321315202400034	0.3538774555497791	0.6136667116272025	0.8468281029195315	0.6362297670718471	0.8955935216669147	0.7444292390997111
588	-29.4794577056023	-10535.862367443333	2.722656900716988	1.9315187166546173	1.1279817761610722	2.290405264654998	3.2321315202400034	0.3538774555497791	0.6136667116272025	0.8468281029195315	0.6362297670718471	0.8955935216669147	0.7444292390997111
589	-29.4794577056023	-10535.862367443333	2.722656900716988	1.9315187166546173	1.1279817761610722	2.290405264654998	3.2321315202400034	0.3538774555497791	0.6136667116272025	0.8468281029195315	0.6362297670718471	0.8955935216669147	0.7444292390997111
590	-29.4794577056023	-10535.862367443333	2.722656900716988	1.9315187166546173	1.1279817761610722	2.290405264654998	3.2321315202400034	0.3538774555497791	0.6136667116272025	0.8468281029195315	0.6362297670718471	0.8955935216669147	0.7444292390997111
591	-29.4794577056023	-10535.862367443333	2.722656900716988	1.9315187166546173	1.1279817761610722	2.290405264654998	3.2321315202400034	0.3538774555497791	0.6136667116272025	0.8468281029195315	0.6362297670718471	0.8955935216669147	0.7444292390997111
592	-28.936917326916195	-10529.10016495914	2.722656900716988	1.9315187166546173	1.1279817761610722	2.290405264654998	3.2321315202400034	0.3538774555497791	0.6136667116272025	0.8468281029195315	0.6362297670718471	0.8955935216669147	0.7444292390997111
593	-28.93826778385371	-10526.217661616118	2.722656900716988	1.9315187166546173	1.1279817761610722	2.290405264654998	3.2321315202400034	0.3538774555497791	0.6136667116272025	0.8468281029195315	0.6362297670718471	0.8955935216669147	0.7444292390997111
594	-28.93826778385371	-10526.217661616118	2.722656900716988	1.9315187166546173	1.1279817761610722	2.290405264654998	3.2321315202400034	0.3538774555497791	0.6136667116272025	0.8468281029195315	0.6362297670718471	0.8955935216669147	0.7444292390997111
595	-28.89317252941776	-10525.646256281447	2.722656900716988	1.9315187166546173	1.1279817761610722	2.290405264654998	3.2321315202400034	0.3538774555497791	0.6136667116272025	0.8468281029195315	0.6362297670718471	0.8955935216669147	0.7444292390997111
596	-28.89317252941776	-10525.646256281447	2.722656900716988	1.9315187166546173	1.1279817761610722	2.290405264654998	3.2321315202400034	0.3538774555497791	0.6136667116272025	0.8468281029195315	0.6362297670718471	0.8955935216669147	0.7444292390997111
597	-28.89317252941776	-10525.646256281447	2.722656900716988	1.9315187166546173	1.1279817761610722	2.290405264654998	3.2321315202400034	0.3538774555497791	0.6136667116272025	0.8468281029195315	0.6362297670718471	0.8955935216669147	0.7444292390997111
598	-28.893115759786646	-10525.62395929422	2.722656900716988	1.9315187166546173	1.1279817761610722	2.290405264654998	3.2321315202400034	0.3538774555497791	0.6136667116272025	0.8468281029195315	0.6362297670718471	0.8955935216669147	0.7444292390997111
599	-28.893115759786646	-10525.62395929422	2.722656900716988	1.9315187166546173	1.1279817761610722	2.290405264654998	3.2321315202400034	0.3538774555497791	0.6136667116272025	0.8468281029195315	0.6362297670718471	0.8955935216669147	0.7444292390997111
600	-28.893115759786646	-10525.62395929422	2.722656900716988	1.9315187166546173	1.1279817761610722	2.290405264654998	3.2321315202400034	0.3538774555497791	0.6136667116272025	0.8468281029195315	0.6362297670718471	0.8955935216669147	0.7444292390997111
601	-28.893115759786646	-10525.62395929422	2.722656900716988	1.9315187166546173	1.1279817761610722	2.290405264654998	3.2321315202400034	0.3538774555497791	0.6136667116272025	0.8468281029195315	0.6362297670718471	0.8955935216669147	0.7444292390997111
602	-28.89057978821635	-10526.033842344565	2.722656900716988	1.9315187166546173	1.1279817761610722	2.290405264654998	3.2321315202400034	0.3538774555497791	0.6136667116272025	0.8468281029195315	0.6362297670718471	0.8955935216669147	0.7444292390997111
603	-28.890268234991737	-10525.582579385133	2.722656900716988	1.9315187166546173	1.1279817761610722	2.290405264654998	3.2321315202400034	0.3538774555497791	0.6136667116272025	0.8468281029195315	0.6362297670718471	0.8955935216669147	0.7444292390997111
604	-28.890268234991737	-10525.582579385133	2.722656900716988	1.9315187166546173	1.1279817761610722	2.290405264654998	3.2321315202400034	0.3538774555497791	0.6136667116272025	0.8468281029195315	0.6362297670718471	0.8955935216669147	0.7444292390997111
605	-28.890268234991737	-10525.582579385133	2.722656900716988	1.9315187166546173	1.1279817761610722	2.290405264654998	3.2321315202400034	0.3538774555497791	0.6136667116272025	0.8468281029195315	0.6362297670718471	0.8955935216669147	0.7444292390997111
606	-28.890268234991737	-10525.582579385133	2.722656900716988	1.9315187166546173	1.1279817761610722	2.290405264654998	3.2321315202400034	0.3538774555497791	0.6136667116272025	0.8468281029195315	0.6362297670718471	0.8955935216669147	0.7444292390997111
607	-28.890268234991737	-10525.582579385133	2.722656900716988	1.9315187166546173	1.1279817761610722	2.290405264654998	3.2321315202400034	0.3538774555497791	0.6136667116272025	0.8468281029195315	0.6362297670718471	0.8955935216669147	0.7444292390997111
608	-28.890268234991737	-10525.582579385133	2.722656900716988	1.9315187166546173	1.1279817761610722	2.290405264654998	3.2321315202400034	0.3538774555497791	0.6136667116272025	0.8468281029195315	0.6362297670718471	0.8955935216669147	0.7444292390997111
609	-29.048075989494592	-10525.582579385133	2.722656900716988	1.9315187166546173	1.1279817761610722	2.290405264654998	3.2321315202400034	0.3538774555497791	0.6136667116272025	0.8468281029195315	0.6362297670718471	0.8955935216669147	0.8118609954835356
610	-29.031931653940163	-10525.582579385133	2.722656900716988	1.9315187166546173	1.1279817761610722	2.290405264654998	3.2321315202400034	0.3708829845292262	0.6919998744169905	0.9195307530656001	0.6305045310096208	0.6953737212392851	0.8118609954835356
611	-29.029816982914582	-10524.943679788286	2.722656900716988	1.9315187166546173	1.1279817761610722	2.290405264654998	3.2321315202400034	0.3708829845292262	0.6919998744169905	0.9195307530656001	0.6305045310096208	0.6953737212392851	0.8118609954835356
612	-29.029816982914582	-10524.943679788286	2.722656900716988	1.9315187166546173	1.1279817761610722	2.290405264654998	3.2321315202400034	0.3708829845292262	0.6919998744169905	0.9195307530656001	0.6305045310096208	0.6953737212392851	0.8118609954835356
613	-29.029816982914582	-10524.943679788286	2.722656900716988	1.9315187166546173	1.1279817761610722	2.290405264654998	3.2321315202400034	0.3708829845292262	0.6919998744169905	0.9195307530656001	0.6305045310096208	0.6953737212392851	0.8118609954835356
614	-29.029816982914582	-10524.943679788286	2.722656900716988	1.9315187166546173	1.1279817761610722	2.290405264654998	3.2321315202400034	0.3708829845292262	0.6919998744169905	0.9195307530656001	0.6305045310096208	0.6953737212392851	0.8118609954835356
615	-29.029816982914582	-10524.943679788286	2.722656900716988	1.9315187166546173	1.1279817761610722	2.290405264654998	3.2321315202400034	0.3708829845292262	0.6919998744169905	0.9195307530656001	0.6305045310096208	0.6953737212392851	0.8118609954835356
616	-29.029816982914582	-10525.2099318822	2.722656900716988	1.9315187166546173	1.1279817761610722	2.290405264654998	3.2321315202400034	0.3708829845292262	0.6919998744169905	0.9195307530656001	0.6305045310096208	0.6953737212392851	0.8118609954835356
617	-29.029816982914582	-10525.2099318822	2.722656900716988	1.9315187166546173	1.1279817761610722	2.290405264654998	3.2321315202400034	0.3708829845292262	0.6919998744169905	0.9195307530656001	0.6305045310096208	0.6953737212392851	0.8118609954835356
618	-29.029816982914582	-10525.2099318822	2.722656900716988	1.9315187166546173	1.1279817761610722	2.290405264654998	3.2321315202400034	0.3708829845292262	0.6919998744169905	0.9195307530656001	0.6305045310096208	0.6953737212392851	0.8118609954835356
619	-29.025613698029204	-10524.010621387382	2.722656900716988	1.9315187166546173	1.1279817761610722	2.290405264654998	3.2321315202400034	0.3708829845292262	0.6919998744169905	0.9195307530656001	0.6305045310096208	0.6953737212392851	0.8118609954835356
620	-29.025613698029204	-10524.010621387382	2.722656900716988	1.9315187166546173	1.1279817761610722	2.290405264654998	3.2321315202400034	0.3708829845292262	0.6919998744169905	0.9195307530656001	0.6305045310096208	0.6953737212392851	0.8118609954835356
621	-29.025613698029204	-10524.010621387382	2.722656900716988	1.9315187166546173	1.1279817761610722	2.290405264654998	3.2321315202400034	0.3708829845292262	0.6919998744169905	0.9195307530656001	0.6305045310096208	0.6953737212392851	0.8118609954835356
622	-29.016026308408613	-10523.13281545843	2.722656900716988	1.9315187166546173	1.1279817761610722	2.290405264654998	3.2321315202400034	0.3708829845292262	0.6919998744169905	0.9195307530656001	0.6305045310096208	0.6953737212392851	0.8118609954835356
623	-29.016026308408613	-10523.13281545843	2.722656900716988	1.9315187166546173	1.1279817761610722	2.290405264654998	3.2321315202400034	0.3708829845292262	0.6919998744169905	0.9195307530656001	0.6305045310096208	0.6953737212392851	0.8118609954835356
624	-29.00655150199745	-10520.8702251201	2.722656900716988	1.9315187166546173	1.1279817761610722	2.290405264654998	3.2321315202400034	0.3708829845292262	0.6919998744169905	0.9195307530656001	0.6305045310096208	0.6953737212392851	0.8118609954835356
625	-28.658501132503293	-10519.72678782566	2.722656900716988	1.9315187166546173	1.1279817761610722	2.290405264654998	3.2321315202400034	0.3708829845292262	0.6919998744169905	0.9195307530656001	0.6305045310096208	0.6953737212392851	0.8118609954835356
626	-28.658501132503293	-10519.72678782566	2.722656900716988	1.9315187166546173	1.1279817761610722	2.290405264654998	3.2321315202400034	0.3708829845292262	0.6919998744169905	0.9195307530656001	0.6305045310096208	0.6953737212392851	0.8118609954835356
627	-28.658501132503293	-10519.72678782566	2.722656900716988	1.9315187166546173	1.1279817761610722	2.290405264654998	3.2321315202400034	0.3708829845292262	0.6919998744169905	0.9195307530656001	0.6305045310096208	0.6953737212392851	0.8118609954835356
628	-28.658501132503293	-10519.72678782566	2.722656900716988	1.9315187166546173	1.1279817761610722	2.290405264654998	3.2321315202400034	0.3708829845292262	0.6919998744169905	0.9195307530656001	0.6305045310096208	0.6953737212392851	0.8118609954835356
629	-28.658501132503293	-10519.72678782566	2.722656900716988	1.9315187166546173	1.1279817761610722	2.290405264654998	3.2321315202400034	0.3708829845292262	0.6919998744169905	0.9195307530656001	0.6305045310096208	0.6953737212392851	0.8118609954835356
630	-30.74117464833511	-10513.596228249122	2.722656900716988	1.9315187166546173	1.1279817761610722	2.290405264654998	3.2321315202400034	0.3708829845292262	0.6919998744169905	0.9195307530656001	0.6305045310096208	0.6953737212392851	0.8118609954835356
631	-30.74117464833511	-10513.596228249122	2.722656900716988	1.9315187166546173	1.1279817761610722	2.290405264654998	3.2321315202400034	0.3708829845292262	0.6919998744169905	0.9195307530656001	0.6305045310096208	0.6953737212392851	0.8118609954835356
632	-30.75848344203009	-10508.277911553436	2.722656900716988	1.9315187166546173	1.1279817761610722	2.290405264654998	3.2321315202400034	0.3708829845292262	0.6919998744169905	0.9195307530656001	0.6305045310096208	0.6953737212392851	0.8118609954835356
633	-30.75848344203009	-10508.277911553436	2.722656900716988	1.9315187166546173	1.1279817761610722	2.290405264654998	3.2321315202400034	0.3708829845292262	0.6919998744169905	0.9195307530656001	0.6305045310096208	0.6953737212392851	0.8118609954835356
634	-30.75848344203009	-10508.277911553436	2.722656900716988	1.9315187166546173	1.1279817761610722	2.290405264654998	3.2321315202400034	0.3708829845292262	0.6919998744169905	0.9195307530656001	0.6305045310096208	0.6953737212392851	0.8118609954835356
635	-30.75848344203009	-10508.277911553436	2.722656900716988	1.9315187166546173	1.1279817761610722	2.290405264654998	3.2321315202400034	0.3708829845292262	0.6919998744169905	0.9195307530656001	0.6305045310096208	0.6953737212392851	0.8118609954835356
636	-30.75848344203009	-10508.277911553436	2.722656900716988	1.9315187166546173	1.1279817761610722	2.290405264654998	3.2321315202400034	0.3708829845292262	0.6919998744169905	0.9195307530656001	0.6305045310096208	0.6953737212392851	0.8118609954835356
637	-30.75848344203009	-10508.277911553436	2.722656900716988	1.9315187166546173	1.1279817761610722	2.290405264654998	3.2321315202400034	0.3708829845292262	0.6919998744169905	0.9195307530656001	0.6305045310096208	0.6953737212392851	0.8118609954835356
638	-30.75848344203009	-10507.966072689462	2.722656900716988	1.9315187166546173	1.1279817761610722	2.290405264654998	3.2321315202400034	0.3708829845292262	0.6919998744169905	0.9195307530656001	0.6305045310096208	0.6953737212392851	0.8118609954835356
639	-30.75848344203009	-10507.966072689462	2.722656900716988	1.9315187166546173	1.1279817761610722	2.290405264654998	3.2321315202400034	0.3708829845292262	0.6919998744169905	0.9195307530656001	0.6305045310096208	0.6953737212392851	0.8118609954835356
640	-30.75848344203009	-10507.966072689462	2.722656900716988	1.9315187166546173	1.1279817761610722	2.290405264654998	3.2321315202400034	0.3708829845292262	0.6919998744169905	0.9195307530656001	0.6305045310096208	0.6953737212392851	0.8118609954835356
641	-30.75848344203009	-10507.966072689462	2.722656900716988	1.9315187166546173	1.1279817761610722	2.290405264654998	3.2321315202400034	0.3708829845292262	0.6919998744169905	0.9195307530656001	0.6305045310096208	0.6953737212392851	0.8118609954835356
642	-30.75848344203009	-10507.966072689462	2.722656900716988	1.9315187166546173	1.1279817761610722	2.290405264654998	3.2321315202400034	0.3708829845292262	0.6919998744169905	0.9195307530656001	0.6305045310096208	0.6953737212392851	0.8118609954835356
643	-30.75848344203009	-10507.966072689462	2.722656900716988	1.9315187166546173	1.1279817761610722	2.290405264654998	3.2321315202400034	0.3708829845292262	0.6919998744169905	0.9195307530656001	0.6305045310096208	0.6953737212392851	0.8118609954835356
644	-30.411984536196897	-10507.773624581345	2.722656900716988	1.9315187166546173	1.1279817761610722	2.290405264654998	3.2321315202400034	0.3708829845292262	0.6919998744169905	0.9195307530656001	0.6305045310096208	0.6953737212392851	0.8118609954835356
645	-30.411984536196897	-10507.773624581345	2.722656900716988	1.9315187166546173	1.1279817761610722	2.290405264654998	3.2321315202400034	0.3708829845292262	0.6919998744169905	0.9195307530656001	0.6305045310096208	0.6953737212392851	0.8118609954835356
646	-30.411984536196897	-10507.773624581345	2.722656900716988	1.9315187166546173	1.1279817761610722	2.290405264654998	3.2321315202400034	0.3708829845292262	0.6919998744169905	0.9195307530656001	0.6305045310096208	0.6953737212392851	0.8118609954835356
647	-30.411984536196897	-10507.773624581345	2.722656900716988	1.9315187166546173	1.1279817761610722	2.290405264654998	3.2321315202400034	0.3708829845292262	0.6919998744169905	0.9195307530656001	0.6305045310096208	0.6953737212392851	0.8118609954835356
648	-30.411984536196897	-10507.773624581345	2.722656900716988	1.9315187166546173	1.1279817761610722	2.290405264654998	3.2321315202400034	0.3708829845292262	0.6919998744169905	0.9195307530656001	0.6305045310096208	0.6953737212392851	0.8118609954835356
649	-30.411984536196897	-10507.376787005025	2.722656900716988	1.9315187166546173	1.1279817761610722	2.290405264654998	3.2321315202400034	0.3708829845292262	0.6919998744169905	0.9195307530656001	0.6305045310096208	0.6953737212392851	0.8118609954835356
650	-30.411984536196897	-10507.376787005025	2.722656900716988	1.9315187166546173	1.1279817761610722	2.290405264654998	3.2321315202400034	0.3708829845292262	0.6919998744169905	0.9195307530656001	0.6305045310096208	0.6953737212392851	0.8118609954835356
651	-30.411984536196897	-10507.376787005025	2.722656900716988	1.9315187166546173	1.1279817761610722	2.290405264654998	3.2321315202400034	0.3708829845292262	0.6919998744169905	0.9195307530656001	0.6305045310096208	0.6953737212392851	0.8118609954835356
652	-30.411984536196897	-10507.376787005025	2.722656900716988	1.9315187166546173	1.1279817761610722	2.290405264654998	3.2321315202400034	0.3708829845292262	0.6919998744169905	0.9195307530656001	0.6305045310096208	0.6953737212392851	0.8118609954835356
653	-30.411984536196897	-10507.03506672006	2.722656900716988	1.9315187166546173	1.1279817761610722	2.290405264654998	3.2321315202400034	0.3708829845292262	0.6919998744169905	0.9195307530656001	0.6305045310096208	0.6953737212392851	0.8118609954835356
654	-30.411723923064883	-10507.03122887522	2.722656900716988	1.9315187166546173	1.1279817761610722	2.290405264654998	3.2321315202400034	0.3708829845292262	0.6919998744169905	0.9195307530656001	0.6305045310096208	0.6953737212392851	0.8118609954835356
655	-30.411723923064883	-10507.03122887522	2.722656900716988	1.9315187166546173	1.1279817761610722	2.290405264654998	3.2321315202400034	0.3708829845292262	0.6919998744169905	0.9195307530656001	0.6305045310096208	0.6953737212392851	0.8118609954835356
656	-30.411723923064883	-10505.191275211613	2.722656900716988	1.9315187166546173	1.1279817761610722	2.290405264654998	3.2321315202400034	0.3708829845292262	0.6919998744169905	0.9195307530656001	0.6305045310096208	0.6953737212392851	0.8118609954835356
657	-30.411723923064883	-10505.191275211613	2.722656900716988	1.9315187166546173	1.1279817761610722	2.290405264654998	3.2321315202400034	0.3708829845292262	0.6919998744169905	0.9195307530656001	0.6305045310096208	0.6953737212392851	0.8118609954835356
658	-30.411723923064883	-10504.677189388956	2.722656900716988	1.9315187166546173	1.1279817761610722	2.290405264654998	3.2321315202400034	0.3708829845292262	0.6919998744169905	0.9195307530656001	0.6305045310096208	0.6953737212392851	0.8118609954835356
659	-30.411723923064883	-10491.030818643547	2.722656900716988	1.9315187166546173	1.1279817761610722	2.290405264654998	3.2321315202400034	0.3708829845292262	0.6919998744169905	0.9195307530656001	0.6305045310096208	0.6953737212392851	0.8118609954835356
660	-30.411723923064883	-10491.030818643547	2.722656900716988	1.9315187166546173	1.1279817761610722	2.290405264654998	3.2321315202400034	0.3708829845292262	0.6919998744169905	0.9195307530656001	0.6305045310096208	0.6953737212392851	0.8118609954835356
661	-30.411723923064883	-10491.030818643547	2.722656900716988	1.9315187166546173	1.1279817761610722	2.290405264654998	3.2321315202400034	0.3708829845292262	0.6919998744169905	0.9195307530656001	0.6305045310096208	0.6953737212392851	0.8118609954835356
662	-30.44648557399259	-10491.030818643547	2.722656900716988	1.9315187166546173	1.1279817761610722	2.290405264654998	3.2321315202400034	0.3708829845292262	0.6919998744169905	0.9195307530656001	0.6305045310096208	0.6953737212392851	0.8270556730679121
663	-30.44648557399259	-10491.030818643547	2.722656900716988	1.9315187166546173	1.1279817761610722	2.290405264654998	3.2321315202400034	0.3708829845292262	0.6919998744169905	0.9195307530656001	0.6305045310096208	0.6953737212392851	0.8270556730679121
664	-30.44648557399259	-10491.030818643547	2.722656900716988	1.9315187166546173	1.1279817761610722	2.290405264654998	3.2321315202400034	0.3708829845292262	0.6919998744169905	0.9195307530656001	0.6305045310096208	0.6953737212392851	0.8270556730679121
665	-25.650388663927252	-10491.030818643547	2.5890352896857496	2.509201537079307	1.0622851608495096	2.634086445124179	3.9930528949328767	0.3708829845292262	0.6919998744169905	0.9195307530656001	0.6305045310096208	0.6953737212392851	0.8270556730679121
666	-25.654426358336366	-10490.1240503326	2.5890352896857496	2.509201537079307	1.0622851608495096	2.634086445124179	3.9930528949328767	0.3708829845292262	0.6919998744169905	0.9195307530656001	0.6305045310096208	0.6953737212392851	0.8270556730679121
667	-25.654426358336366	-10490.1240503326	2.5890352896857496	2.509201537079307	1.0622851608495096	2.634086445124179	3.9930528949328767	0.3708829845292262	0.6919998744169905	0.9195307530656001	0.6305045310096208	0.6953737212392851	0.8270556730679121
668	-25.64390834456745	-10481.286861833078	2.5890352896857496	2.509201537079307	1.0622851608495096	2.634086445124179	3.9930528949328767	0.3708829845292262	0.6919998744169905	0.9195307530656001	0.6305045310096208	0.6953737212392851	0.8270556730679121
669	-26.089427763529585	-10481.286861833078	2.5890352896857496	2.509201537079307	1.0622851608495096	2.634086445124179	3.9930528949328767	0.4850515665725951	0.7714325541981664	1.0351573105438976	0.6925127079206398	0.7510831506676056	0.8270556730679121
670	-26.089427763529585	-10481.286861833078	2.5890352896857496	2.509201537079307	1.0622851608495096	2.634086445124179	3.9930528949328767	0.4850515665725951	0.7714325541981664	1.0351573105438976	0.6925127079206398	0.7510831506676056	0.8270556730679121
671	-26.089427763529585	-10481.286861833078	2.5890352896857496	2.509201537079307	1.0622851608495096	2.634086445124179	3.9930528949328767	0.4850515665725951	0.7714325541981664	1.0351573105438976	0.6925127079206398	0.7510831506676056	0.8270556730679121
672	-26.089427763529585	-10481.286861833078	2.5890352896857496	2.509201537079307	1.0622851608495096	2.634086445124179	3.9930528949328767	0.4850515665725951	0.7714325541981664	1.0351573105438976	0.6925127079206398	0.7510831506676056	0.8270556730679121
673	-25.230355572232	-10472.105072728846	2.5890352896857496	2.509201537079307	1.0622851608495096	2.634086445124179	3.9930528949328767	0.4850515665725951	0.7714325541981664	1.0351573105438976	0.6925127079206398	0.7510831506676056	0.8270556730679121
674	-25.230355572232	-10472.105072728846	2.5890352896857496	2.509201537079307	1.0622851608495096	2.634086445124179	3.9930528949328767	0.4850515665725951	0.7714325541981664	1.0351573105438976	0.6925127079206398	0.7510831506676056	0.8270556730679121
675	-25.230355572232	-10472.105072728846	2.5890352896857496	2.509201537079307	1.0622851608495096	2.634086445124179	3.9930528949328767	0.4850515665725951	0.7714325541981664	1.0351573105438976	0.6925127079206398	0.7510831506676056	0.8270556730679121
676	-25.49285700715586	-10472.105072728846	2.5890352896857496	2.509201537079307	1.0622851608495096	2.634086445124179	3.9930528949328767	0.4850515665725951	0.7714325541981664	1.0351573105438976	0.6925127079206398	0.7510831506676056	0.953060676913611
677	-25.49285700715586	-10468.830401958592	2.5890352896857496	2.509201537079307	1.0622851608495096	2.634086445124179	3.9930528949328767	0.4850515665725951	0.7714325541981664	1.0351573105438976	0.6925127079206398	0.7510831506676056	0.953060676913611
678	-25.49285700715586	-10468.830401958592	2.5890352896857496	2.509201537079307	1.0622851608495096	2.634086445124179	3.9930528949328767	0.4850515665725951	0.7714325541981664	1.0351573105438976	0.6925127079206398	0.7510831506676056	0.953060676913611
679	-25.49285700715586	-10468.830401958592	2.5890352896857496	2.509201537079307	1.0622851608495096	2.634086445124179	3.9930528949328767	0.4850515665725951	0.7714325541981664	1.0351573105438976	0.6925127079206398	0.7510831506676056	0.953060676913611
680	-25.491860589845952	-10469.104789137184	2.5890352896857496	2.509201537079307	1.0622851608495096	2.634086445124179	3.9930528949328767	0.4850515665725951	0.7714325541981664	1.0351573105438976	0.6925127079206398	0.7510831506676056	0.953060676913611
681	-25.491860589845952	-10469.104789137184	2.5890352896857496	2.509201537079307	1.0622851608495096	2.634086445124179	3.9930528949328767	0.4850515665725951	0.7714325541981664	1.0351573105438976	0.6925127079206398	0.7510831506676056	0.953060676913611
682	-25.491860589845952	-10469.104789137184	2.5890352896857496	2.509201537079307	1.0622851608495096	2.634086445124179	3.9930528949328767	0.4850515665725951	0.7714325541981664	1.0351573105438976	0.6925127079206398	0.7510831506676056	0.953060676913611
683	-25.491860589845952	-10469.104789137184	2.5890352896857496	2.509201537079307	1.0622851608495096	2.634086445124179	3.9930528949328767	0.4850515665725951	0.7714325541981664	1.0351573105438976	0.6925127079206398	0.7510831506676056	0.953060676913611
684	-25.491860589845952	-10469.104789137184	2.5890352896857496	2.509201537079307	1.0622851608495096	2.634086445124179	3.9930528949328767	0.4850515665725951	0.7714325541981664	1.0351573105438976	0.6925127079206398	0.7510831506676056	0.953060676913611
685	-25.491860589845952	-10469.104789137184	2.5890352896857496	2.509201537079307	1.0622851608495096	2.634086445124179	3.9930528949328767	0.4850515665725951	0.7714325541981664	1.0351573105438976	0.6925127079206398	0.7510831506676056	0.953060676913611
686	-25.491860589845952	-10469.104789137184	2.5890352896857496	2.509201537079307	1.0622851608495096	2.634086445124179	3.9930528949328767	0.4850515665725951	0.7714325541981664	1.0351573105438976	0.6925127079206398	0.7510831506676056	0.953060676913611
687	-25.491860589845952	-10469.104789137184	2.5890352896857496	2.509201537079307	1.0622851608495096	2.634086445124179	3.9930528949328767	0.4850515665725951	0.7714325541981664	1.0351573105438976	0.6925127079206398	0.7510831506676056	0.953060676913611
688	-25.491860589845952	-10469.104789137184	2.5890352896857496	2.509201537079307	1.0622851608495096	2.634086445124179	3.9930528949328767	0.4850515665725951	0.7714325541981664	1.0351573105438976	0.6925127079206398	0.7510831506676056	0.953060676913611
689	-25.491860589845952	-10469.104789137184	2.5890352896857496	2.509201537079307	1.0622851608495096	2.634086445124179	3.9930528949328767	0.4850515665725951	0.7714325541981664	1.0351573105438976	0.6925127079206398	0.7510831506676056	0.953060676913611
690	-25.491860589845952	-10469.104789137184	2.5890352896857496	2.509201537079307	1.0622851608495096	2.634086445124179	3.9930528949328767	0.4850515665725951	0.7714325541981664	1.0351573105438976	0.6925127079206398	0.7510831506676056	0.953060676913611
691	-25.491751158255166	-10468.975981840082	2.5890352896857496	2.509201537079307	1.0622851608495096	2.634086445124179	3.9930528949328767	0.4850515665725951	0.7714325541981664	1.0351573105438976	0.6925127079206398	0.7510831506676056	0.953060676913611
692	-25.492726892124363	-10468.856921250583	2.5890352896857496	2.509201537079307	1.0622851608495096	2.634086445124179	3.9930528949328767	0.4850515665725951	0.7714325541981664	1.0351573105438976	0.6925127079206398	0.7510831506676056	0.953060676913611
693	-25.493416167257276	-10466.65743493003	2.5890352896857496	2.509201537079307	1.0622851608495096	2.634086445124179	3.9930528949328767	0.4850515665725951	0.7714325541981664	1.0351573105438976	0.6925127079206398	0.7510831506676056	0.953060676913611
694	-25.493416167257276	-10460.154491431076	2.5890352896857496	2.509201537079307	1.0622851608495096	2.634086445124179	3.9930528949328767	0.4850515665725951	0.7714325541981664	1.0351573105438976	0.6925127079206398	0.7510831506676056	0.953060676913611
695	-25.493416167257276	-10460.154491431076	2.5890352896857496	2.509201537079307	1.0622851608495096	2.634086445124179	3.9930528949328767	0.4850515665725951	0.7714325541981664	1.0351573105438976	0.6925127079206398	0.7510831506676056	0.953060676913611
696	-25.52361965511178	-10272.222867228775	2.5890352896857496	2.509201537079307	1.0622851608495096	2.634086445124179	3.9930528949328767	0.4850515665725951	0.7714325541981664	1.0351573105438976	0.6925127079206398	0.7510831506676056	0.953060676913611
697	-25.52361965511178	-10272.222867228775	2.5890352896857496	2.509201537079307	1.0622851608495096	2.634086445124179	3.9930528949328767	0.4850515665725951	0.7714325541981664	1.0351573105438976	0.6925127079206398	0.7510831506676056	0.953060676913611
698	-25.52361965511178	-10272.222867228775	2.5890352896857496	2.509201537079307	1.0622851608495096	2.634086445124179	3.9930528949328767	0.4850515665725951	0.7714325541981664	1.0351573105438976	0.6925127079206398	0.7510831506676056	0.953060676913611
699	-25.52361965511178	-10272.222867228775	2.5890352896857496	2.509201537079307	1.0622851608495096	2.634086445124179	3.9930528949328767	0.4850515665725951	0.7714325541981664	1.0351573105438976	0.6925127079206398	0.7510831506676056	0.953060676913611
700	-25.52361965511178	-10272.222867228775	2.5890352896857496	2.509201537079307	1.0622851608495096	2.634086445124179	3.9930528949328767	0.4850515665725951	0.7714325541981664	1.0351573105438976	0.6925127079206398	0.7510831506676056	0.953060676913611
701	-19.97547934403112	-10272.222867228775	3.1116622632274797	1.9988324665106483	1.0053283405885056	3.4860260028204606	4.859307675990499	0.4850515665725951	0.7714325541981664	1.0351573105438976	0.6925127079206398	0.7510831506676056	0.953060676913611
702	-19.97547934403112	-10272.222867228775	3.1116622632274797	1.9988324665106483	1.0053283405885056	3.4860260028204606	4.859307675990499	0.4850515665725951	0.7714325541981664	1.0351573105438976	0.6925127079206398	0.7510831506676056	0.953060676913611
703	-19.97547934403112	-10272.222867228775	3.1116622632274797	1.9988324665106483	1.0053283405885056	3.4860260028204606	4.859307675990499	0.4850515665725951	0.7714325541981664	1.0351573105438976	0.6925127079206398	0.7510831506676056	0.953060676913611
704	-19.97547934403112	-10272.222867228775	3.1116622632274797	1.9988324665106483	1.0053283405885056	3.4860260028204606	4.859307675990499	0.4850515665725951	0.7714325541981664	1.0351573105438976	0.6925127079206398	0.7510831506676056	0.953060676913611
705	-19.97547934403112	-10272.222867228775	3.1116622632274797	1.9988324665106483	1.0053283405885056	3.4860260028204606	4.859307675990499	0.4850515665725951	0.7714325541981664	1.0351573105438976	0.6925127079206398	0.7510831506676056	0.953060676913611
706	-19.97547934403112	-10272.222867228775	3.1116622632274797	1.9988324665106483	1.0053283405885056	3.4860260028204606	4.859307675990499	0.4850515665725951	0.7714325541981664	1.0351573105438976	0.6925127079206398	0.7510831506676056	0.953060676913611
707	-19.97547934403112	-10272.222867228775	3.1116622632274797	1.9988324665106483	1.0053283405885056	3.4860260028204606	4.859307675990499	0.4850515665725951	0.7714325541981664	1.0351573105438976	0.6925127079206398	0.7510831506676056	0.953060676913611
708	-19.513346711299743	-10265.800005244619	3.1116622632274797	1.9988324665106483	1.0053283405885056	3.4860260028204606	4.859307675990499	0.4850515665725951	0.7714325541981664	1.0351573105438976	0.6925127079206398	0.7510831506676056	0.953060676913611
709	-19.619711843030064	-10265.800005244619	3.1116622632274797	1.9988324665106483	1.0053283405885056	3.4860260028204606	4.859307675990499	0.5289038827532929	0.8781780662044615	1.2377150130163763	0.5327342913069606	0.6987107976545355	0.953060676913611
710	-19.619711843030064	-10263.74651291741	3.1116622632274797	1.9988324665106483	1.0053283405885056	3.4860260028204606	4.859307675990499	0.5289038827532929	0.8781780662044615	1.2377150130163763	0.5327342913069606	0.6987107976545355	0.953060676913611
711	-19.619711843030064	-10263.74651291741	3.1116622632274797	1.9988324665106483	1.0053283405885056	3.4860260028204606	4.859307675990499	0.5289038827532929	0.8781780662044615	1.2377150130163763	0.5327342913069606	0.6987107976545355	0.953060676913611
712	-19.619711843030064	-10263.74651291741	3.1116622632274797	1.9988324665106483	1.0053283405885056	3.4860260028204606	4.859307675990499	0.5289038827532929	0.8781780662044615	1.2377150130163763	0.5327342913069606	0.6987107976545355	0.953060676913611
713	-19.619711843030064	-10263.74651291741	3.1116622632274797	1.9988324665106483	1.0053283405885056	3.4860260028204606	4.859307675990499	0.5289038827532929	0.8781780662044615	1.2377150130163763	0.5327342913069606	0.6987107976545355	0.953060676913611
714	-19.619711843030064	-10263.74651291741	3.1116622632274797	1.9988324665106483	1.0053283405885056	3.4860260028204606	4.859307675990499	0.5289038827532929	0.8781780662044615	1.2377150130163763	0.5327342913069606	0.6987107976545355	0.953060676913611
715	-19.619711843030064	-10263.74651291741	3.1116622632274797	1.9988324665106483	1.0053283405885056	3.4860260028204606	4.859307675990499	0.5289038827532929	0.8781780662044615	1.2377150130163763	0.5327342913069606	0.6987107976545355	0.953060676913611
716	-19.619711843030064	-10263.74651291741	3.1116622632274797	1.9988324665106483	1.0053283405885056	3.4860260028204606	4.859307675990499	0.5289038827532929	0.8781780662044615	1.2377150130163763	0.5327342913069606	0.6987107976545355	0.953060676913611
717	-19.619711843030064	-10263.74651291741	3.1116622632274797	1.9988324665106483	1.0053283405885056	3.4860260028204606	4.859307675990499	0.5289038827532929	0.8781780662044615	1.2377150130163763	0.5327342913069606	0.6987107976545355	0.953060676913611
718	-19.619711843030064	-10263.74651291741	3.1116622632274797	1.9988324665106483	1.0053283405885056	3.4860260028204606	4.859307675990499	0.5289038827532929	0.8781780662044615	1.2377150130163763	0.5327342913069606	0.6987107976545355	0.953060676913611
719	-19.619711843030064	-10263.74651291741	3.1116622632274797	1.9988324665106483	1.0053283405885056	3.4860260028204606	4.859307675990499	0.5289038827532929	0.8781780662044615	1.2377150130163763	0.5327342913069606	0.6987107976545355	0.953060676913611
720	-19.619711843030064	-10263.74651291741	3.1116622632274797	1.9988324665106483	1.0053283405885056	3.4860260028204606	4.859307675990499	0.5289038827532929	0.8781780662044615	1.2377150130163763	0.5327342913069606	0.6987107976545355	0.953060676913611
721	-19.619711843030064	-10263.74651291741	3.1116622632274797	1.9988324665106483	1.0053283405885056	3.4860260028204606	4.859307675990499	0.5289038827532929	0.8781780662044615	1.2377150130163763	0.5327342913069606	0.6987107976545355	0.953060676913611
722	-19.619711843030064	-10263.74651291741	3.1116622632274797	1.9988324665106483	1.0053283405885056	3.4860260028204606	4.859307675990499	0.5289038827532929	0.8781780662044615	1.2377150130163763	0.5327342913069606	0.6987107976545355	0.953060676913611
723	-19.619711843030064	-10263.74651291741	3.1116622632274797	1.9988324665106483	1.0053283405885056	3.4860260028204606	4.859307675990499	0.5289038827532929	0.8781780662044615	1.2377150130163763	0.5327342913069606	0.6987107976545355	0.953060676913611
724	-18.354885193502707	-10262.263236244982	3.1116622632274797	1.9988324665106483	1.0053283405885056	3.4860260028204606	4.859307675990499	0.5289038827532929	0.8781780662044615	1.2377150130163763	0.5327342913069606	0.6987107976545355	0.953060676913611
725	-18.354885193502707	-10262.263236244982	3.1116622632274797	1.9988324665106483	1.0053283405885056	3.4860260028204606	4.859307675990499	0.5289038827532929	0.8781780662044615	1.2377150130163763	0.5327342913069606	0.6987107976545355	0.953060676913611
726	-18.354885193502707	-10262.263236244982	3.1116622632274797	1.9988324665106483	1.0053283405885056	3.4860260028204606	4.859307675990499	0.5289038827532929	0.8781780662044615	1.2377150130163763	0.5327342913069606	0.6987107976545355	0.953060676913611
727	-18.354885193502707	-10262.263236244982	3.1116622632274797	1.9988324665106483	1.0053283405885056	3.4860260028204606	4.859307675990499	0.5289038827532929	0.8781780662044615	1.2377150130163763	0.5327342913069606	0.6987107976545355	0.953060676913611
728	-18.354885193502707	-10261.442015339118	3.1116622632274797	1.9988324665106483	1.0053283405885056	3.4860260028204606	4.859307675990499	0.5289038827532929	0.8781780662044615	1.2377150130163763	0.5327342913069606	0.6987107976545355	0.953060676913611
729	-18.354885193502707	-10261.442015339118	3.1116622632274797	1.9988324665106483	1.0053283405885056	3.4860260028204606	4.859307675990499	0.5289038827532929	0.8781780662044615	1.2377150130163763	0.5327342913069606	0.6987107976545355	0.953060676913611
730	-18.354885193502707	-10261.442015339118	3.1116622632274797	1.9988324665106483	1.0053283405885056	3.4860260028204606	4.859307675990499	0.5289038827532929	0.8781780662044615	1.2377150130163763	0.5327342913069606	0.6987107976545355	0.953060676913611
731	-18.354885193502707	-10261.442015339118	3.1116622632274797	1.9988324665106483	1.0053283405885056	3.4860260028204606	4.859307675990499	0.5289038827532929	0.8781780662044615	1.2377150130163763	0.5327342913069606	0.6987107976545355	0.953060676913611
732	-18.354885193502707	-10261.442015339118	3.1116622632274797	1.9988324665106483	1.0053283405885056	3.4860260028204606	4.859307675990499	0.5289038827532929	0.8781780662044615	1.2377150130163763	0.5327342913069606	0.6987107976545355	0.953060676913611
733	-18.428074949299994	-10248.33834056978	3.1116622632274797	1.9988324665106483	1.0053283405885056	3.4860260028204606	4.859307675990499	0.5289038827532929	0.8781780662044615	1.2377150130163763	0.5327342913069606	0.6987107976545355	0.953060676913611
734	-17.98259136257663	-10248.557170379852	3.1116622632274797	1.9988324665106483	1.0053283405885056	3.4860260028204606	4.859307675990499	0.5289038827532929	0.8781780662044615	1.2377150130163763	0.5327342913069606	0.6987107976545355	0.953060676913611
735	-17.98259136257663	-10248.557170379852	3.1116622632274797	1.9988324665106483	1.0053283405885056	3.4860260028204606	4.859307675990499	0.5289038827532929	0.8781780662044615	1.2377150130163763	0.5327342913069606	0.6987107976545355	0.953060676913611
736	-17.98259136257663	-10248.557170379852	3.1116622632274797	1.9988324665106483	1.0053283405885056	3.4860260028204606	4.859307675990499	0.5289038827532929	0.8781780662044615	1.2377150130163763	0.5327342913069606	0.6987107976545355	0.953060676913611
737	-17.98259136257663	-10248.557170379852	3.1116622632274797	1.9988324665106483	1.0053283405885056	3.4860260028204606	4.859307675990499	0.5289038827532929	0.8781780662044615	1.2377150130163763	0.5327342913069606	0.6987107976545355	0.953060676913611
738	-17.98259136257663	-10248.508102982858	3.1116622632274797	1.9988324665106483	1.0053283405885056	3.4860260028204606	4.859307675990499	0.5289038827532929	0.8781780662044615	1.2377150130163763	0.5327342913069606	0.6987107976545355	0.953060676913611
739	-18.864716401991807	-10248.508102982858	3.1116622632274797	1.9988324665106483	1.0053283405885056	3.4860260028204606	4.859307675990499	0.5289038827532929	0.8781780662044615	1.2377150130163763	0.5327342913069606	0.6987107976545355	1.2690657170330557
740	-18.864716401991807	-10248.508102982858	3.1116622632274797	1.9988324665106483	1.0053283405885056	3.4860260028204606	4.859307675990499	0.5289038827532929	0.8781780662044615	1.2377150130163763	0.5327342913069606	0.6987107976545355	1.2690657170330557
741	-18.864716401991807	-10248.508102982858	3.1116622632274797	1.9988324665106483	1.0053283405885056	3.4860260028204606	4.859307675990499	0.5289038827532929	0.8781780662044615	1.2377150130163763	0.5327342913069606	0.6987107976545355	1.2690657170330557
742	-18.864716401991807	-10248.508102982858	3.1116622632274797	1.9988324665106483	1.0053283405885056	3.4860260028204606	4.859307675990499	0.5289038827532929	0.8781780662044615	1.2377150130163763	0.5327342913069606	0.6987107976545355	1.2690657170330557
743	-18.864716401991807	-10248.508102982858	3.1116622632274797	1.9988324665106483	1.0053283405885056	3.4860260028204606	4.859307675990499	0.5289038827532929	0.8781780662044615	1.2377150130163763	0.5327342913069606	0.6987107976545355	1.2690657170330557
744	-18.864716401991807	-10248.64069240934	3.1116622632274797	1.9988324665106483	1.0053283405885056	3.4860260028204606	4.859307675990499	0.5289038827532929	0.8781780662044615	1.2377150130163763	0.5327342913069606	0.6987107976545355	1.2690657170330557
745	-18.864716401991807	-10248.64069240934	3.1116622632274797	1.9988324665106483	1.0053283405885056	3.4860260028204606	4.859307675990499	0.5289038827532929	0.8781780662044615	1.2377150130163763	0.5327342913069606	0.6987107976545355	1.2690657170330557
746	-18.864716401991807	-10248.64069240934	3.1116622632274797	1.9988324665106483	1.0053283405885056	3.4860260028204606	4.859307675990499	0.5289038827532929	0.8781780662044615	1.2377150130163763	0.5327342913069606	0.6987107976545355	1.2690657170330557
747	-20.001407648416084	-10248.64069240934	3.1116622632274797	1.9988324665106483	1.0053283405885056	3.4860260028204606	4.859307675990499	0.5289038827532929	0.8781780662044615	1.2377150130163763	0.5327342913069606	0.6987107976545355	1.6643141154941963
748	-20.001407648416084	-10248.64069240934	3.1116622632274797	1.9988324665106483	1.0053283405885056	3.4860260028204606	4.859307675990499	0.5289038827532929	0.8781780662044615	1.2377150130163763	0.5327342913069606	0.6987107976545355	1.6643141154941963
749	-20.001407648416084	-10248.64069240934	3.1116622632274797	1.9988324665106483	1.0053283405885056	3.4860260028204606	4.859307675990499	0.5289038827532929	0.8781780662044615	1.2377150130163763	0.5327342913069606	0.6987107976545355	1.6643141154941963
750	-20.001407648416084	-10179.123444205065	3.1116622632274797	1.9988324665106483	1.0053283405885056	3.4860260028204606	4.859307675990499	0.5289038827532929	0.8781780662044615	1.2377150130163763	0.5327342913069606	0.6987107976545355	1.6643141154941963
751	-20.001407648416084	-10179.123444205065	3.1116622632274797	1.9988324665106483	1.0053283405885056	3.4860260028204606	4.859307675990499	0.5289038827532929	0.8781780662044615	1.2377150130163763	0.5327342913069606	0.6987107976545355	1.6643141154941963
752	-20.001407648416084	-10179.123444205065	3.1116622632274797	1.9988324665106483	1.0053283405885056	3.4860260028204606	4.859307675990499	0.5289038827532929	0.8781780662044615	1.2377150130163763	0.5327342913069606	0.6987107976545355	1.6643141154941963
753	-20.008560861941383	-10179.07316000666	3.1116622632274797	1.9988324665106483	1.0053283405885056	3.4860260028204606	4.859307675990499	0.5289038827532929	0.8781780662044615	1.2377150130163763	0.5327342913069606	0.6987107976545355	1.6643141154941963
754	-20.008560861941383	-10179.07316000666	3.1116622632274797	1.9988324665106483	1.0053283405885056	3.4860260028204606	4.859307675990499	0.5289038827532929	0.8781780662044615	1.2377150130163763	0.5327342913069606	0.6987107976545355	1.6643141154941963
755	-20.008560861941383	-10179.07316000666	3.1116622632274797	1.9988324665106483	1.0053283405885056	3.4860260028204606	4.859307675990499	0.5289038827532929	0.8781780662044615	1.2377150130163763	0.5327342913069606	0.6987107976545355	1.6643141154941963
756	-20.023532072342817	-10178.708861461575	3.1116622632274797	1.9988324665106483	1.0053283405885056	3.4860260028204606	4.859307675990499	0.5289038827532929	0.8781780662044615	1.2377150130163763	0.5327342913069606	0.6987107976545355	1.6643141154941963
757	-20.023532072342817	-10178.708861461575	3.1116622632274797	1.9988324665106483	1.0053283405885056	3.4860260028204606	4.859307675990499	0.5289038827532929	0.8781780662044615	1.2377150130163763	0.5327342913069606	0.6987107976545355	1.6643141154941963
758	-20.023532072342817	-10178.708861461575	3.1116622632274797	1.9988324665106483	1.0053283405885056	3.4860260028204606	4.859307675990499	0.5289038827532929	0.8781780662044615	1.2377150130163763	0.5327342913069606	0.6987107976545355	1.6643141154941963
759	-20.023532072342817	-10178.708861461575	3.1116622632274797	1.9988324665106483	1.0053283405885056	3.4860260028204606	4.859307675990499	0.5289038827532929	0.8781780662044615	1.2377150130163763	0.5327342913069606	0.6987107976545355	1.6643141154941963
760	-20.023532072342817	-10178.708861461575	3.1116622632274797	1.9988324665106483	1.0053283405885056	3.4860260028204606	4.859307675990499	0.5289038827532929	0.8781780662044615	1.2377150130163763	0.5327342913069606	0.6987107976545355	1.6643141154941963
761	-20.023532072342817	-10178.708861461575	3.1116622632274797	1.9988324665106483	1.0053283405885056	3.4860260028204606	4.859307675990499	0.5289038827532929	0.8781780662044615	1.2377150130163763	0.5327342913069606	0.6987107976545355	1.6643141154941963
762	-20.023532072342817	-10178.720161706377	3.1116622632274797	1.9988324665106483	1.0053283405885056	3.4860260028204606	4.859307675990499	0.5289038827532929	0.8781780662044615	1.2377150130163763	0.5327342913069606	0.6987107976545355	1.6643141154941963
763	-20.023532072342817	-10178.720161706377	3.1116622632274797	1.9988324665106483	1.0053283405885056	3.4860260028204606	4.859307675990499	0.5289038827532929	0.8781780662044615	1.2377150130163763	0.5327342913069606	0.6987107976545355	1.6643141154941963
764	-20.023532072342817	-10178.720161706377	3.1116622632274797	1.9988324665106483	1.0053283405885056	3.4860260028204606	4.859307675990499	0.5289038827532929	0.8781780662044615	1.2377150130163763	0.5327342913069606	0.6987107976545355	1.6643141154941963
765	-20.023532072342817	-10178.720161706377	3.1116622632274797	1.9988324665106483	1.0053283405885056	3.4860260028204606	4.859307675990499	0.5289038827532929	0.8781780662044615	1.2377150130163763	0.5327342913069606	0.6987107976545355	1.6643141154941963
766	-20.019786008529678	-10179.873673877419	3.1116622632274797	1.9988324665106483	1.0053283405885056	3.4860260028204606	4.859307675990499	0.5289038827532929	0.8781780662044615	1.2377150130163763	0.5327342913069606	0.6987107976545355	1.6643141154941963
767	-20.231327855582194	-10121.436015862302	3.1116622632274797	1.9988324665106483	1.0053283405885056	3.4860260028204606	4.859307675990499	0.5289038827532929	0.8781780662044615	1.2377150130163763	0.5327342913069606	0.6987107976545355	1.6643141154941963
768	-20.276987820258526	-10120.169618755033	3.1116622632274797	1.9988324665106483	1.0053283405885056	3.4860260028204606	4.859307675990499	0.5289038827532929	0.8781780662044615	1.2377150130163763	0.5327342913069606	0.6987107976545355	1.6643141154941963
769	-20.276987820258526	-10120.169618755033	3.1116622632274797	1.9988324665106483	1.0053283405885056	3.4860260028204606	4.859307675990499	0.5289038827532929	0.8781780662044615	1.2377150130163763	0.5327342913069606	0.6987107976545355	1.6643141154941963
770	-19.227828614698673	-10122.583920376588	3.1116622632274797	1.9988324665106483	1.0053283405885056	3.4860260028204606	4.859307675990499	0.5289038827532929	0.8781780662044615	1.2377150130163763	0.5327342913069606	0.6987107976545355	1.6643141154941963
771	-19.227828614698673	-10122.583920376588	3.1116622632274797	1.9988324665106483	1.0053283405885056	3.4860260028204606	4.859307675990499	0.5289038827532929	0.8781780662044615	1.2377150130163763	0.5327342913069606	0.6987107976545355	1.6643141154941963
772	-19.22858108303746	-10122.474694617655	3.1116622632274797	1.9988324665106483	1.0053283405885056	3.4860260028204606	4.859307675990499	0.5289038827532929	0.8781780662044615	1.2377150130163763	0.5327342913069606	0.6987107976545355	1.6643141154941963
773	-19.22858108303746	-10122.474694617655	3.1116622632274797	1.9988324665106483	1.0053283405885056	3.4860260028204606	4.859307675990499	0.5289038827532929	0.8781780662044615	1.2377150130163763	0.5327342913069606	0.6987107976545355	1.6643141154941963
774	-19.22858108303746	-10122.474694617655	3.1116622632274797	1.9988324665106483	1.0053283405885056	3.4860260028204606	4.859307675990499	0.5289038827532929	0.8781780662044615	1.2377150130163763	0.5327342913069606	0.6987107976545355	1.6643141154941963
775	-19.22858108303746	-10122.474694617655	3.1116622632274797	1.9988324665106483	1.0053283405885056	3.4860260028204606	4.859307675990499	0.5289038827532929	0.8781780662044615	1.2377150130163763	0.5327342913069606	0.6987107976545355	1.6643141154941963
776	-19.22858108303746	-10122.474694617655	3.1116622632274797	1.9988324665106483	1.0053283405885056	3.4860260028204606	4.859307675990499	0.5289038827532929	0.8781780662044615	1.2377150130163763	0.5327342913069606	0.6987107976545355	1.6643141154941963
777	-19.22858108303746	-10118.91797648988	3.1116622632274797	1.9988324665106483	1.0053283405885056	3.4860260028204606	4.859307675990499	0.5289038827532929	0.8781780662044615	1.2377150130163763	0.5327342913069606	0.6987107976545355	1.6643141154941963
778	-19.22858108303746	-10118.91797648988	3.1116622632274797	1.9988324665106483	1.0053283405885056	3.4860260028204606	4.859307675990499	0.5289038827532929	0.8781780662044615	1.2377150130163763	0.5327342913069606	0.6987107976545355	1.6643141154941963
779	-19.22858108303746	-10118.91797648988	3.1116622632274797	1.9988324665106483	1.0053283405885056	3.4860260028204606	4.859307675990499	0.5289038827532929	0.8781780662044615	1.2377150130163763	0.5327342913069606	0.6987107976545355	1.6643141154941963
780	-19.22858108303746	-10118.91797648988	3.1116622632274797	1.9988324665106483	1.0053283405885056	3.4860260028204606	4.859307675990499	0.5289038827532929	0.8781780662044615	1.2377150130163763	0.5327342913069606	0.6987107976545355	1.6643141154941963
781	-20.08807522703044	-9861.776135497708	3.1116622632274797	1.9988324665106483	1.0053283405885056	3.4860260028204606	4.859307675990499	0.5289038827532929	0.8781780662044615	1.2377150130163763	0.5327342913069606	0.6987107976545355	1.6643141154941963
782	-20.08861632410115	-9861.445196741977	3.1116622632274797	1.9988324665106483	1.0053283405885056	3.4860260028204606	4.859307675990499	0.5289038827532929	0.8781780662044615	1.2377150130163763	0.5327342913069606	0.6987107976545355	1.6643141154941963
783	-20.084820350704216	-9857.59360758978	3.1116622632274797	1.9988324665106483	1.0053283405885056	3.4860260028204606	4.859307675990499	0.5289038827532929	0.8781780662044615	1.2377150130163763	0.5327342913069606	0.6987107976545355	1.6643141154941963
784	-20.084820350704216	-9857.59360758978	3.1116622632274797	1.9988324665106483	1.0053283405885056	3.4860260028204606	4.859307675990499	0.5289038827532929	0.8781780662044615	1.2377150130163763	0.5327342913069606	0.6987107976545355	1.6643141154941963
785	-14.739341209526845	-9857.59360758978	3.4906071555197835	2.4141767799435154	1.1467784052789605	2.8238016265375556	4.6740666826689505	0.5289038827532929	0.8781780662044615	1.2377150130163763	0.5327342913069606	0.6987107976545355	1.6643141154941963
786	-14.739341209526845	-9857.59360758978	3.4906071555197835	2.4141767799435154	1.1467784052789605	2.8238016265375556	4.6740666826689505	0.5289038827532929	0.8781780662044615	1.2377150130163763	0.5327342913069606	0.6987107976545355	1.6643141154941963
787	-14.739341209526845	-9857.59360758978	3.4906071555197835	2.4141767799435154	1.1467784052789605	2.8238016265375556	4.6740666826689505	0.5289038827532929	0.8781780662044615	1.2377150130163763	0.5327342913069606	0.6987107976545355	1.6643141154941963
788	-14.739341209526845	-9857.59360758978	3.4906071555197835	2.4141767799435154	1.1467784052789605	2.8238016265375556	4.6740666826689505	0.5289038827532929	0.8781780662044615	1.2377150130163763	0.5327342913069606	0.6987107976545355	1.6643141154941963
789	-14.739341209526845	-9857.59360758978	3.4906071555197835	2.4141767799435154	1.1467784052789605	2.8238016265375556	4.6740666826689505	0.5289038827532929	0.8781780662044615	1.2377150130163763	0.5327342913069606	0.6987107976545355	1.6643141154941963
790	-14.739341209526845	-9857.59360758978	3.4906071555197835	2.4141767799435154	1.1467784052789605	2.8238016265375556	4.6740666826689505	0.5289038827532929	0.8781780662044615	1.2377150130163763	0.5327342913069606	0.6987107976545355	1.6643141154941963
791	-14.739341209526845	-9857.59360758978	3.4906071555197835	2.4141767799435154	1.1467784052789605	2.8238016265375556	4.6740666826689505	0.5289038827532929	0.8781780662044615	1.2377150130163763	0.5327342913069606	0.6987107976545355	1.6643141154941963
792	-14.739341209526845	-9857.59360758978	3.4906071555197835	2.4141767799435154	1.1467784052789605	2.8238016265375556	4.6740666826689505	0.5289038827532929	0.8781780662044615	1.2377150130163763	0.5327342913069606	0.6987107976545355	1.6643141154941963
793	-14.855164746499202	-9808.7344474342	3.4906071555197835	2.4141767799435154	1.1467784052789605	2.8238016265375556	4.6740666826689505	0.5289038827532929	0.8781780662044615	1.2377150130163763	0.5327342913069606	0.6987107976545355	1.6643141154941963
794	-14.855164746499202	-9808.7344474342	3.4906071555197835	2.4141767799435154	1.1467784052789605	2.8238016265375556	4.6740666826689505	0.5289038827532929	0.8781780662044615	1.2377150130163763	0.5327342913069606	0.6987107976545355	1.6643141154941963
795	-14.855164746499202	-9808.7344474342	3.4906071555197835	2.4141767799435154	1.1467784052789605	2.8238016265375556	4.6740666826689505	0.5289038827532929	0.8781780662044615	1.2377150130163763	0.5327342913069606	0.6987107976545355	1.6643141154941963
796	-14.855164746499202	-9808.7344474342	3.4906071555197835	2.4141767799435154	1.1467784052789605	2.8238016265375556	4.6740666826689505	0.5289038827532929	0.8781780662044615	1.2377150130163763	0.5327342913069606	0.6987107976545355	1.6643141154941963
797	-14.854885648709601	-9808.76274717142	3.4906071555197835	2.4141767799435154	1.1467784052789605	2.8238016265375556	4.6740666826689505	0.5289038827532929	0.8781780662044615	1.2377150130163763	0.5327342913069606	0.6987107976545355	1.6643141154941963
798	-14.854885648709601	-9808.76274717142	3.4906071555197835	2.4141767799435154	1.1467784052789605	2.8238016265375556	4.6740666826689505	0.5289038827532929	0.8781780662044615	1.2377150130163763	0.5327342913069606	0.6987107976545355	1.6643141154941963
799	-14.854885648709601	-9808.80927395279	3.4906071555197835	2.4141767799435154	1.1467784052789605	2.8238016265375556	4.6740666826689505	0.5289038827532929	0.8781780662044615	1.2377150130163763	0.5327342913069606	0.6987107976545355	1.6643141154941963
800	-14.854885648709601	-9808.80927395279	3.4906071555197835	2.4141767799435154	1.1467784052789605	2.8238016265375556	4.6740666826689505	0.5289038827532929	0.8781780662044615	1.2377150130163763	0.5327342913069606	0.6987107976545355	1.6643141154941963
801	-14.854885648709601	-9808.80927395279	3.4906071555197835	2.4141767799435154	1.1467784052789605	2.8238016265375556	4.6740666826689505	0.5289038827532929	0.8781780662044615	1.2377150130163763	0.5327342913069606	0.6987107976545355	1.6643141154941963
802	-14.854885648709601	-9808.80927395279	3.4906071555197835	2.4141767799435154	1.1467784052789605	2.8238016265375556	4.6740666826689505	0.5289038827532929	0.8781780662044615	1.2377150130163763	0.5327342913069606	0.6987107976545355	1.6643141154941963
803	-14.849179332262839	-9796.115685111574	3.4906071555197835	2.4141767799435154	1.1467784052789605	2.8238016265375556	4.6740666826689505	0.5289038827532929	0.8781780662044615	1.2377150130163763	0.5327342913069606	0.6987107976545355	1.6643141154941963
804	-14.849179332262839	-9796.115685111574	3.4906071555197835	2.4141767799435154	1.1467784052789605	2.8238016265375556	4.6740666826689505	0.5289038827532929	0.8781780662044615	1.2377150130163763	0.5327342913069606	0.6987107976545355	1.6643141154941963
805	-14.849179332262839	-9796.115685111574	3.4906071555197835	2.4141767799435154	1.1467784052789605	2.8238016265375556	4.6740666826689505	0.5289038827532929	0.8781780662044615	1.2377150130163763	0.5327342913069606	0.6987107976545355	1.6643141154941963
806	-13.960077871966195	-9784.900451617714	3.4906071555197835	2.4141767799435154	1.1467784052789605	2.8238016265375556	4.6740666826689505	0.5289038827532929	0.8781780662044615	1.2377150130163763	0.5327342913069606	0.6987107976545355	1.6643141154941963
807	-13.960077871966195	-9784.900451617714	3.4906071555197835	2.4141767799435154	1.1467784052789605	2.8238016265375556	4.6740666826689505	0.5289038827532929	0.8781780662044615	1.2377150130163763	0.5327342913069606	0.6987107976545355	1.6643141154941963
808	-13.960077871966195	-9784.60660639289	3.4906071555197835	2.4141767799435154	1.1467784052789605	2.8238016265375556	4.6740666826689505	0.5289038827532929	0.8781780662044615	1.2377150130163763	0.5327342913069606	0.6987107976545355	1.6643141154941963
809	-13.960077871966195	-9784.60660639289	3.4906071555197835	2.4141767799435154	1.1467784052789605	2.8238016265375556	4.6740666826689505	0.5289038827532929	0.8781780662044615	1.2377150130163763	0.5327342913069606	0.6987107976545355	1.6643141154941963
810	-13.960077871966195	-9784.60660639289	3.4906071555197835	2.4141767799435154	1.1467784052789605	2.8238016265375556	4.6740666826689505	0.5289038827532929	0.8781780662044615	1.2377150130163763	0.5327342913069606	0.6987107976545355	1.6643141154941963
811	-13.960077871966195	-9784.60660639289	3.4906071555197835	2.4141767799435154	1.1467784052789605	2.8238016265375556	4.6740666826689505	0.5289038827532929	0.8781780662044615	1.2377150130163763	0.5327342913069606	0.6987107976545355	1.6643141154941963
812	-13.960077871966195	-9784.60660639289	3.4906071555197835	2.4141767799435154	1.1467784052789605	2.8238016265375556	4.6740666826689505	0.5289038827532929	0.8781780662044615	1.2377150130163763	0.5327342913069606	0.6987107976545355	1.6643141154941963
813	-13.960077871966195	-9784.60660639289	3.4906071555197835	2.4141767799435154	1.1467784052789605	2.8238016265375556	4.6740666826689505	0.5289038827532929	0.8781780662044615	1.2377150130163763	0.5327342913069606	0.6987107976545355	1.6643141154941963
814	-13.960077871966195	-9784.60660639289	3.4906071555197835	2.4141767799435154	1.1467784052789605	2.8238016265375556	4.6740666826689505	0.5289038827532929	0.8781780662044615	1.2377150130163763	0.5327342913069606	0.6987107976545355	1.6643141154941963
815	-13.94716195114366	-9786.313402839272	3.4906071555197835	2.4141767799435154	1.1467784052789605	2.8238016265375556	4.6740666826689505	0.5289038827532929	0.8781780662044615	1.2377150130163763	0.5327342913069606	0.6987107976545355	1.6643141154941963
816	-13.94716195114366	-9786.313402839272	3.4906071555197835	2.4141767799435154	1.1467784052789605	2.8238016265375556	4.6740666826689505	0.5289038827532929	0.8781780662044615	1.2377150130163763	0.5327342913069606	0.6987107976545355	1.6643141154941963
817	-13.94716195114366	-9786.313402839272	3.4906071555197835	2.4141767799435154	1.1467784052789605	2.8238016265375556	4.6740666826689505	0.5289038827532929	0.8781780662044615	1.2377150130163763	0.5327342913069606	0.6987107976545355	1.6643141154941963
818	-13.94716195114366	-9786.313402839272	3.4906071555197835	2.4141767799435154	1.1467784052789605	2.8238016265375556	4.6740666826689505	0.5289038827532929	0.8781780662044615	1.2377150130163763	0.5327342913069606	0.6987107976545355	1.6643141154941963
819	-13.94716195114366	-9783.862384211556	3.4906071555197835	2.4141767799435154	1.1467784052789605	2.8238016265375556	4.6740666826689505	0.5289038827532929	0.8781780662044615	1.2377150130163763	0.5327342913069606	0.6987107976545355	1.6643141154941963
820	-13.94716195114366	-9782.481454121618	3.4906071555197835	2.4141767799435154	1.1467784052789605	2.8238016265375556	4.6740666826689505	0.5289038827532929	0.8781780662044615	1.2377150130163763	0.5327342913069606	0.6987107976545355	1.6643141154941963
821	-13.94716195114366	-9782.481454121618	3.4906071555197835	2.4141767799435154	1.1467784052789605	2.8238016265375556	4.6740666826689505	0.5289038827532929	0.8781780662044615	1.2377150130163763	0.5327342913069606	0.6987107976545355	1.6643141154941963
822	-13.906160547768668	-9783.239667277843	3.4906071555197835	2.4141767799435154	1.1467784052789605	2.8238016265375556	4.6740666826689505	0.5289038827532929	0.8781780662044615	1.2377150130163763	0.5327342913069606	0.6987107976545355	1.6643141154941963
823	-13.906160547768668	-9783.239667277843	3.4906071555197835	2.4141767799435154	1.1467784052789605	2.8238016265375556	4.6740666826689505	0.5289038827532929	0.8781780662044615	1.2377150130163763	0.5327342913069606	0.6987107976545355	1.6643141154941963
824	-13.906160547768668	-9783.239667277843	3.4906071555197835	2.4141767799435154	1.1467784052789605	2.8238016265375556	4.6740666826689505	0.5289038827532929	0.8781780662044615	1.2377150130163763	0.5327342913069606	0.6987107976545355	1.6643141154941963
825	-13.906160547768668	-9783.239667277843	3.4906071555197835	2.4141767799435154	1.1467784052789605	2.8238016265375556	4.6740666826689505	0.5289038827532929	0.8781780662044615	1.2377150130163763	0.5327342913069606	0.6987107976545355	1.6643141154941963
826	-13.906160547768668	-9783.239667277843	3.4906071555197835	2.4141767799435154	1.1467784052789605	2.8238016265375556	4.6740666826689505	0.5289038827532929	0.8781780662044615	1.2377150130163763	0.5327342913069606	0.6987107976545355	1.6643141154941963
827	-13.905855592814365	-9783.17882642571	3.4906071555197835	2.4141767799435154	1.1467784052789605	2.8238016265375556	4.6740666826689505	0.5289038827532929	0.8781780662044615	1.2377150130163763	0.5327342913069606	0.6987107976545355	1.6643141154941963
828	-13.910395601663115	-9782.988579777377	3.4906071555197835	2.4141767799435154	1.1467784052789605	2.8238016265375556	4.6740666826689505	0.5289038827532929	0.8781780662044615	1.2377150130163763	0.5327342913069606	0.6987107976545355	1.6643141154941963
829	-13.910395601663115	-9782.988579777377	3.4906071555197835	2.4141767799435154	1.1467784052789605	2.8238016265375556	4.6740666826689505	0.5289038827532929	0.8781780662044615	1.2377150130163763	0.5327342913069606	0.6987107976545355	1.6643141154941963
830	-14.10066350717021	-9782.988579777377	3.4906071555197835	2.4141767799435154	1.1467784052789605	2.8238016265375556	4.6740666826689505	0.5289038827532929	0.8781780662044615	1.2377150130163763	0.5327342913069606	0.6987107976545355	1.7222651796374766
831	-14.10066350717021	-9782.988579777377	3.4906071555197835	2.4141767799435154	1.1467784052789605	2.8238016265375556	4.6740666826689505	0.5289038827532929	0.8781780662044615	1.2377150130163763	0.5327342913069606	0.6987107976545355	1.7222651796374766
832	-14.10066350717021	-9782.988579777377	3.4906071555197835	2.4141767799435154	1.1467784052789605	2.8238016265375556	4.6740666826689505	0.5289038827532929	0.8781780662044615	1.2377150130163763	0.5327342913069606	0.6987107976545355	1.7222651796374766
833	-14.10066350717021	-9785.158698332312	3.4906071555197835	2.4141767799435154	1.1467784052789605	2.8238016265375556	4.6740666826689505	0.5289038827532929	0.8781780662044615	1.2377150130163763	0.5327342913069606	0.6987107976545355	1.7222651796374766
834	-14.10066350717021	-9785.490674343086	3.4906071555197835	2.4141767799435154	1.1467784052789605	2.8238016265375556	4.6740666826689505	0.5289038827532929	0.8781780662044615	1.2377150130163763	0.5327342913069606	0.6987107976545355	1.7222651796374766
835	-11.511168014556004	-9785.490674343086	4.001103855505926	2.119769312025177	1.2181202433075653	3.3114528048344427	4.310125485899044	0.5289038827532929	0.8781780662044615	1.2377150130163763	0.5327342913069606	0.6987107976545355	1.7222651796374766
836	-11.511168014556004	-9785.490674343086	4.001103855505926	2.119769312025177	1.2181202433075653	3.3114528048344427	4.310125485899044	0.5289038827532929	0.8781780662044615	1.2377150130163763	0.5327342913069606	0.6987107976545355	1.7222651796374766
837	-11.511168014556004	-9785.490674343086	4.001103855505926	2.119769312025177	1.2181202433075653	3.3114528048344427	4.310125485899044	0.5289038827532929	0.8781780662044615	1.2377150130163763	0.5327342913069606	0.6987107976545355	1.7222651796374766
838	-11.512050553882174	-9785.386575741984	4.001103855505926	2.119769312025177	1.2181202433075653	3.3114528048344427	4.310125485899044	0.5289038827532929	0.8781780662044615	1.2377150130163763	0.5327342913069606	0.6987107976545355	1.7222651796374766
839	-11.512050553882174	-9785.386575741984	4.001103855505926	2.119769312025177	1.2181202433075653	3.3114528048344427	4.310125485899044	0.5289038827532929	0.8781780662044615	1.2377150130163763	0.5327342913069606	0.6987107976545355	1.7222651796374766
840	-11.512050553882174	-9785.386575741984	4.001103855505926	2.119769312025177	1.2181202433075653	3.3114528048344427	4.310125485899044	0.5289038827532929	0.8781780662044615	1.2377150130163763	0.5327342913069606	0.6987107976545355	1.7222651796374766
841	-11.512050553882174	-9785.386575741984	4.001103855505926	2.119769312025177	1.2181202433075653	3.3114528048344427	4.310125485899044	0.5289038827532929	0.8781780662044615	1.2377150130163763	0.5327342913069606	0.6987107976545355	1.7222651796374766
842	-11.512050553882174	-9785.386575741984	4.001103855505926	2.119769312025177	1.2181202433075653	3.3114528048344427	4.310125485899044	0.5289038827532929	0.8781780662044615	1.2377150130163763	0.5327342913069606	0.6987107976545355	1.7222651796374766
843	-11.512050553882174	-9785.386575741984	4.001103855505926	2.119769312025177	1.2181202433075653	3.3114528048344427	4.310125485899044	0.5289038827532929	0.8781780662044615	1.2377150130163763	0.5327342913069606	0.6987107976545355	1.7222651796374766
844	-11.512050553882174	-9785.386575741984	4.001103855505926	2.119769312025177	1.2181202433075653	3.3114528048344427	4.310125485899044	0.5289038827532929	0.8781780662044615	1.2377150130163763	0.5327342913069606	0.6987107976545355	1.7222651796374766
845	-11.512050553882174	-9785.386575741984	4.001103855505926	2.119769312025177	1.2181202433075653	3.3114528048344427	4.310125485899044	0.5289038827532929	0.8781780662044615	1.2377150130163763	0.5327342913069606	0.6987107976545355	1.7222651796374766
846	-11.512050553882174	-9785.386575741984	4.001103855505926	2.119769312025177	1.2181202433075653	3.3114528048344427	4.310125485899044	0.5289038827532929	0.8781780662044615	1.2377150130163763	0.5327342913069606	0.6987107976545355	1.7222651796374766
847	-11.512050553882174	-9785.386575741984	4.001103855505926	2.119769312025177	1.2181202433075653	3.3114528048344427	4.310125485899044	0.5289038827532929	0.8781780662044615	1.2377150130163763	0.5327342913069606	0.6987107976545355	1.7222651796374766
848	-11.512050553882174	-9785.386575741984	4.001103855505926	2.119769312025177	1.2181202433075653	3.3114528048344427	4.310125485899044	0.5289038827532929	0.8781780662044615	1.2377150130163763	0.5327342913069606	0.6987107976545355	1.7222651796374766
849	-11.512050553882174	-9785.386575741984	4.001103855505926	2.119769312025177	1.2181202433075653	3.3114528048344427	4.310125485899044	0.5289038827532929	0.8781780662044615	1.2377150130163763	0.5327342913069606	0.6987107976545355	1.7222651796374766
850	-11.512050553882174	-9785.386575741984	4.001103855505926	2.119769312025177	1.2181202433075653	3.3114528048344427	4.310125485899044	0.5289038827532929	0.8781780662044615	1.2377150130163763	0.5327342913069606	0.6987107976545355	1.7222651796374766
851	-11.013320446565265	-9781.987446820094	4.001103855505926	2.119769312025177	1.2181202433075653	3.3114528048344427	4.310125485899044	0.5289038827532929	0.8781780662044615	1.2377150130163763	0.5327342913069606	0.6987107976545355	1.7222651796374766
852	-11.013320446565265	-9781.987446820094	4.001103855505926	2.119769312025177	1.2181202433075653	3.3114528048344427	4.310125485899044	0.5289038827532929	0.8781780662044615	1.2377150130163763	0.5327342913069606	0.6987107976545355	1.7222651796374766
853	-11.013320446565265	-9781.987446820094	4.001103855505926	2.119769312025177	1.2181202433075653	3.3114528048344427	4.310125485899044	0.5289038827532929	0.8781780662044615	1.2377150130163763	0.5327342913069606	0.6987107976545355	1.7222651796374766
854	-11.013320446565265	-9781.987446820094	4.001103855505926	2.119769312025177	1.2181202433075653	3.3114528048344427	4.310125485899044	0.5289038827532929	0.8781780662044615	1.2377150130163763	0.5327342913069606	0.6987107976545355	1.7222651796374766
855	-11.013320446565265	-9781.987446820094	4.001103855505926	2.119769312025177	1.2181202433075653	3.3114528048344427	4.310125485899044	0.5289038827532929	0.8781780662044615	1.2377150130163763	0.5327342913069606	0.6987107976545355	1.7222651796374766
856	-11.013320446565265	-9772.324086770246	4.001103855505926	2.119769312025177	1.2181202433075653	3.3114528048344427	4.310125485899044	0.5289038827532929	0.8781780662044615	1.2377150130163763	0.5327342913069606	0.6987107976545355	1.7222651796374766
857	-11.013320446565265	-9772.324086770246	4.001103855505926	2.119769312025177	1.2181202433075653	3.3114528048344427	4.310125485899044	0.5289038827532929	0.8781780662044615	1.2377150130163763	0.5327342913069606	0.6987107976545355	1.7222651796374766
858	-2.436445632582048	-9772.324086770246	4.568322643013392	2.7726743735241826	1.4914852947444843	2.4916286756141335	5.400828127952834	0.5289038827532929	0.8781780662044615	1.2377150130163763	0.5327342913069606	0.6987107976545355	1.7222651796374766
859	-2.5132397474817463	-9765.79189219553	4.568322643013392	2.7726743735241826	1.4914852947444843	2.4916286756141335	5.400828127952834	0.5289038827532929	0.8781780662044615	1.2377150130163763	0.5327342913069606	0.6987107976545355	1.7222651796374766
860	-2.5132397474817463	-9765.79189219553	4.568322643013392	2.7726743735241826	1.4914852947444843	2.4916286756141335	5.400828127952834	0.5289038827532929	0.8781780662044615	1.2377150130163763	0.5327342913069606	0.6987107976545355	1.7222651796374766
861	-2.5132397474817463	-9765.79189219553	4.568322643013392	2.7726743735241826	1.4914852947444843	2.4916286756141335	5.400828127952834	0.5289038827532929	0.8781780662044615	1.2377150130163763	0.5327342913069606	0.6987107976545355	1.7222651796374766
862	-2.5132397474817463	-9765.79189219553	4.568322643013392	2.7726743735241826	1.4914852947444843	2.4916286756141335	5.400828127952834	0.5289038827532929	0.8781780662044615	1.2377150130163763	0.5327342913069606	0.6987107976545355	1.7222651796374766
863	-2.5132397474817463	-9765.79189219553	4.568322643013392	2.7726743735241826	1.4914852947444843	2.4916286756141335	5.400828127952834	0.5289038827532929	0.8781780662044615	1.2377150130163763	0.5327342913069606	0.6987107976545355	1.7222651796374766
864	-3.025060450118623	-9760.247313051606	4.568322643013392	2.7726743735241826	1.4914852947444843	2.4916286756141335	5.400828127952834	0.5289038827532929	0.8781780662044615	1.2377150130163763	0.5327342913069606	0.6987107976545355	1.7222651796374766
865	-3.0278786920835827	-9760.351276036989	4.568322643013392	2.7726743735241826	1.4914852947444843	2.4916286756141335	5.400828127952834	0.5289038827532929	0.8781780662044615	1.2377150130163763	0.5327342913069606	0.6987107976545355	1.7222651796374766
866	-3.0278786920835827	-9760.351276036989	4.568322643013392	2.7726743735241826	1.4914852947444843	2.4916286756141335	5.400828127952834	0.5289038827532929	0.8781780662044615	1.2377150130163763	0.5327342913069606	0.6987107976545355	1.7222651796374766
867	-3.0278786920835827	-9760.419028071841	4.568322643013392	2.7726743735241826	1.4914852947444843	2.4916286756141335	5.400828127952834	0.5289038827532929	0.8781780662044615	1.2377150130163763	0.5327342913069606	0.6987107976545355	1.7222651796374766
868	-3.0278786920835827	-9760.419028071841	4.568322643013392	2.7726743735241826	1.4914852947444843	2.4916286756141335	5.400828127952834	0.5289038827532929	0.8781780662044615	1.2377150130163763	0.5327342913069606	0.6987107976545355	1.7222651796374766
869	-3.0278786920835827	-9760.419028071841	4.568322643013392	2.7726743735241826	1.4914852947444843	2.4916286756141335	5.400828127952834	0.5289038827532929	0.8781780662044615	1.2377150130163763	0.5327342913069606	0.6987107976545355	1.7222651796374766
870	-2.4341543513478374	-9748.519244861978	4.568322643013392	2.7726743735241826	1.4914852947444843	2.4916286756141335	5.400828127952834	0.5289038827532929	0.8781780662044615	1.2377150130163763	0.5327342913069606	0.6987107976545355	1.7222651796374766
871	-2.4341543513478374	-9748.519244861978	4.568322643013392	2.7726743735241826	1.4914852947444843	2.4916286756141335	5.400828127952834	0.5289038827532929	0.8781780662044615	1.2377150130163763	0.5327342913069606	0.6987107976545355	1.7222651796374766
872	-2.4341543513478374	-9731.94185500029	4.568322643013392	2.7726743735241826	1.4914852947444843	2.4916286756141335	5.400828127952834	0.5289038827532929	0.8781780662044615	1.2377150130163763	0.5327342913069606	0.6987107976545355	1.7222651796374766
873	-1.2448839349007126	-9731.94185500029	4.568322643013392	2.7726743735241826	1.4914852947444843	2.4916286756141335	5.400828127952834	0.5289038827532929	0.8781780662044615	1.2377150130163763	0.5327342913069606	0.6987107976545355	1.4487968339462847
874	-1.2448839349007126	-9731.94185500029	4.568322643013392	2.7726743735241826	1.4914852947444843	2.4916286756141335	5.400828127952834	0.5289038827532929	0.8781780662044615	1.2377150130163763	0.5327342913069606	0.6987107976545355	1.4487968339462847
875	-1.245194498320998	-9732.005923210545	4.568322643013392	2.7726743735241826	1.4914852947444843	2.4916286756141335	5.400828127952834	0.5289038827532929	0.8781780662044615	1.2377150130163763	0.5327342913069606	0.6987107976545355	1.4487968339462847
876	-1.245194498320998	-9732.005923210545	4.568322643013392	2.7726743735241826	1.4914852947444843	2.4916286756141335	5.400828127952834	0.5289038827532929	0.8781780662044615	1.2377150130163763	0.5327342913069606	0.6987107976545355	1.4487968339462847
877	-1.245194498320998	-9732.005923210545	4.568322643013392	2.7726743735241826	1.4914852947444843	2.4916286756141335	5.400828127952834	0.5289038827532929	0.8781780662044615	1.2377150130163763	0.5327342913069606	0.6987107976545355	1.4487968339462847
878	0.04830578035909028	-9732.005923210545	4.997392817817487	2.4225244549929146	1.2297724254642348	3.2501151807674016	5.227484190451192	0.5289038827532929	0.8781780662044615	1.2377150130163763	0.5327342913069606	0.6987107976545355	1.4487968339462847
879	0.04830578035909028	-9732.005923210545	4.997392817817487	2.4225244549929146	1.2297724254642348	3.2501151807674016	5.227484190451192	0.5289038827532929	0.8781780662044615	1.2377150130163763	0.5327342913069606	0.6987107976545355	1.4487968339462847
880	0.04830578035909028	-9732.005923210545	4.997392817817487	2.4225244549929146	1.2297724254642348	3.2501151807674016	5.227484190451192	0.5289038827532929	0.8781780662044615	1.2377150130163763	0.5327342913069606	0.6987107976545355	1.4487968339462847
881	0.04830578035909028	-9732.005923210545	4.997392817817487	2.4225244549929146	1.2297724254642348	3.2501151807674016	5.227484190451192	0.5289038827532929	0.8781780662044615	1.2377150130163763	0.5327342913069606	0.6987107976545355	1.4487968339462847
882	0.04830578035909028	-9732.005923210545	4.997392817817487	2.4225244549929146	1.2297724254642348	3.2501151807674016	5.227484190451192	0.5289038827532929	0.8781780662044615	1.2377150130163763	0.5327342913069606	0.6987107976545355	1.4487968339462847
883	0.04830578035909028	-9732.005923210545	4.997392817817487	2.4225244549929146	1.2297724254642348	3.2501151807674016	5.227484190451192	0.5289038827532929	0.8781780662044615	1.2377150130163763	0.5327342913069606	0.6987107976545355	1.4487968339462847
884	0.04830578035909028	-9732.005923210545	4.997392817817487	2.4225244549929146	1.2297724254642348	3.2501151807674016	5.227484190451192	0.5289038827532929	0.8781780662044615	1.2377150130163763	0.5327342913069606	0.6987107976545355	1.4487968339462847
885	0.04830578035909028	-9732.005923210545	4.997392817817487	2.4225244549929146	1.2297724254642348	3.2501151807674016	5.227484190451192	0.5289038827532929	0.8781780662044615	1.2377150130163763	0.5327342913069606	0.6987107976545355	1.4487968339462847
886	0.04830578035909028	-9732.005923210545	4.997392817817487	2.4225244549929146	1.2297724254642348	3.2501151807674016	5.227484190451192	0.5289038827532929	0.8781780662044615	1.2377150130163763	0.5327342913069606	0.6987107976545355	1.4487968339462847
887	-0.6369262988272917	-9727.16905605654	4.997392817817487	2.4225244549929146	1.2297724254642348	3.2501151807674016	5.227484190451192	0.5289038827532929	0.8781780662044615	1.2377150130163763	0.5327342913069606	0.6987107976545355	1.4487968339462847
888	-0.6369262988272917	-9727.16905605654	4.997392817817487	2.4225244549929146	1.2297724254642348	3.2501151807674016	5.227484190451192	0.5289038827532929	0.8781780662044615	1.2377150130163763	0.5327342913069606	0.6987107976545355	1.4487968339462847
889	-0.6385527095833377	-9728.302526159583	4.997392817817487	2.4225244549929146	1.2297724254642348	3.2501151807674016	5.227484190451192	0.5289038827532929	0.8781780662044615	1.2377150130163763	0.5327342913069606	0.6987107976545355	1.4487968339462847
890	-0.6385527095833377	-9728.302526159583	4.997392817817487	2.4225244549929146	1.2297724254642348	3.2501151807674016	5.227484190451192	0.5289038827532929	0.8781780662044615	1.2377150130163763	0.5327342913069606	0.6987107976545355	1.4487968339462847
891	-0.6385527095833377	-9728.302526159583	4.997392817817487	2.4225244549929146	1.2297724254642348	3.2501151807674016	5.227484190451192	0.5289038827532929	0.8781780662044615	1.2377150130163763	0.5327342913069606	0.6987107976545355	1.4487968339462847
892	-0.6385527095833377	-9728.296792551557	4.997392817817487	2.4225244549929146	1.2297724254642348	3.2501151807674016	5.227484190451192	0.5289038827532929	0.8781780662044615	1.2377150130163763	0.5327342913069606	0.6987107976545355	1.4487968339462847
893	-0.6359389777364166	-9728.675751273595	4.997392817817487	2.4225244549929146	1.2297724254642348	3.2501151807674016	5.227484190451192	0.5289038827532929	0.8781780662044615	1.2377150130163763	0.5327342913069606	0.6987107976545355	1.4487968339462847
894	-0.6359389777364166	-9728.681332762713	4.997392817817487	2.4225244549929146	1.2297724254642348	3.2501151807674016	5.227484190451192	0.5289038827532929	0.8781780662044615	1.2377150130163763	0.5327342913069606	0.6987107976545355	1.4487968339462847
895	-0.6359389777364166	-9728.681332762713	4.997392817817487	2.4225244549929146	1.2297724254642348	3.2501151807674016	5.227484190451192	0.5289038827532929	0.8781780662044615	1.2377150130163763	0.5327342913069606	0.6987107976545355	1.4487968339462847
896	-0.6359389777364166	-9728.681332762713	4.997392817817487	2.4225244549929146	1.2297724254642348	3.2501151807674016	5.227484190451192	0.5289038827532929	0.8781780662044615	1.2377150130163763	0.5327342913069606	0.6987107976545355	1.4487968339462847
897	-0.6359389777364166	-9728.681332762713	4.997392817817487	2.4225244549929146	1.2297724254642348	3.2501151807674016	5.227484190451192	0.5289038827532929	0.8781780662044615	1.2377150130163763	0.5327342913069606	0.6987107976545355	1.4487968339462847
898	-0.6359389777364166	-9728.681332762713	4.997392817817487	2.4225244549929146	1.2297724254642348	3.2501151807674016	5.227484190451192	0.5289038827532929	0.8781780662044615	1.2377150130163763	0.5327342913069606	0.6987107976545355	1.4487968339462847
899	-0.6359389777364166	-9728.681332762713	4.997392817817487	2.4225244549929146	1.2297724254642348	3.2501151807674016	5.227484190451192	0.5289038827532929	0.8781780662044615	1.2377150130163763	0.5327342913069606	0.6987107976545355	1.4487968339462847
900	-0.6359389777364166	-9726.080539887093	4.997392817817487	2.4225244549929146	1.2297724254642348	3.2501151807674016	5.227484190451192	0.5289038827532929	0.8781780662044615	1.2377150130163763	0.5327342913069606	0.6987107976545355	1.4487968339462847
901	-0.6359389777364166	-9726.080539887093	4.997392817817487	2.4225244549929146	1.2297724254642348	3.2501151807674016	5.227484190451192	0.5289038827532929	0.8781780662044615	1.2377150130163763	0.5327342913069606	0.6987107976545355	1.4487968339462847
902	-0.6359389777364166	-9726.080539887093	4.997392817817487	2.4225244549929146	1.2297724254642348	3.2501151807674016	5.227484190451192	0.5289038827532929	0.8781780662044615	1.2377150130163763	0.5327342913069606	0.6987107976545355	1.4487968339462847
903	0.46941673481918755	-9726.080539887093	4.997392817817487	2.4225244549929146	1.2297724254642348	3.2501151807674016	5.227484190451192	0.5289038827532929	0.8781780662044615	1.2377150130163763	0.5327342913069606	0.6987107976545355	1.2171516622849348
904	0.46941673481918755	-9721.90965728913	4.997392817817487	2.4225244549929146	1.2297724254642348	3.2501151807674016	5.227484190451192	0.5289038827532929	0.8781780662044615	1.2377150130163763	0.5327342913069606	0.6987107976545355	1.2171516622849348
905	0.46941673481918755	-9709.515751019657	4.997392817817487	2.4225244549929146	1.2297724254642348	3.2501151807674016	5.227484190451192	0.5289038827532929	0.8781780662044615	1.2377150130163763	0.5327342913069606	0.6987107976545355	1.2171516622849348
906	0.46941673481918755	-9709.515751019657	4.997392817817487	2.4225244549929146	1.2297724254642348	3.2501151807674016	5.227484190451192	0.5289038827532929	0.8781780662044615	1.2377150130163763	0.5327342913069606	0.6987107976545355	1.2171516622849348
907	0.46941673481918755	-9710.234344838553	4.997392817817487	2.4225244549929146	1.2297724254642348	3.2501151807674016	5.227484190451192	0.5289038827532929	0.8781780662044615	1.2377150130163763	0.5327342913069606	0.6987107976545355	1.2171516622849348
908	0.46941673481918755	-9709.793891842311	4.997392817817487	2.4225244549929146	1.2297724254642348	3.2501151807674016	5.227484190451192	0.5289038827532929	0.8781780662044615	1.2377150130163763	0.5327342913069606	0.6987107976545355	1.2171516622849348
909	0.46941673481918755	-9709.793891842311	4.997392817817487	2.4225244549929146	1.2297724254642348	3.2501151807674016	5.227484190451192	0.5289038827532929	0.8781780662044615	1.2377150130163763	0.5327342913069606	0.6987107976545355	1.2171516622849348
910	0.46941673481918755	-9709.793891842311	4.997392817817487	2.4225244549929146	1.2297724254642348	3.2501151807674016	5.227484190451192	0.5289038827532929	0.8781780662044615	1.2377150130163763	0.5327342913069606	0.6987107976545355	1.2171516622849348
911	0.46941673481918755	-9709.793891842311	4.997392817817487	2.4225244549929146	1.2297724254642348	3.2501151807674016	5.227484190451192	0.5289038827532929	0.8781780662044615	1.2377150130163763	0.5327342913069606	0.6987107976545355	1.2171516622849348
912	0.46941673481918755	-9707.343287976986	4.997392817817487	2.4225244549929146	1.2297724254642348	3.2501151807674016	5.227484190451192	0.5289038827532929	0.8781780662044615	1.2377150130163763	0.5327342913069606	0.6987107976545355	1.2171516622849348
913	0.46941673481918755	-9707.343287976986	4.997392817817487	2.4225244549929146	1.2297724254642348	3.2501151807674016	5.227484190451192	0.5289038827532929	0.8781780662044615	1.2377150130163763	0.5327342913069606	0.6987107976545355	1.2171516622849348
914	0.46941673481918755	-9707.343287976986	4.997392817817487	2.4225244549929146	1.2297724254642348	3.2501151807674016	5.227484190451192	0.5289038827532929	0.8781780662044615	1.2377150130163763	0.5327342913069606	0.6987107976545355	1.2171516622849348
915	0.46941673481918755	-9706.655421644411	4.997392817817487	2.4225244549929146	1.2297724254642348	3.2501151807674016	5.227484190451192	0.5289038827532929	0.8781780662044615	1.2377150130163763	0.5327342913069606	0.6987107976545355	1.2171516622849348
916	0.4657307145226177	-9706.632123522511	4.997392817817487	2.4225244549929146	1.2297724254642348	3.2501151807674016	5.227484190451192	0.5289038827532929	0.8781780662044615	1.2377150130163763	0.5327342913069606	0.6987107976545355	1.2171516622849348
917	0.4657307145226177	-9706.632123522511	4.997392817817487	2.4225244549929146	1.2297724254642348	3.2501151807674016	5.227484190451192	0.5289038827532929	0.8781780662044615	1.2377150130163763	0.5327342913069606	0.6987107976545355	1.2171516622849348
918	0.4657307145226177	-9706.632123522511	4.997392817817487	2.4225244549929146	1.2297724254642348	3.2501151807674016	5.227484190451192	0.5289038827532929	0.8781780662044615	1.2377150130163763	0.5327342913069606	0.6987107976545355	1.2171516622849348
919	0.4657307145226177	-9706.632123522511	4.997392817817487	2.4225244549929146	1.2297724254642348	3.2501151807674016	5.227484190451192	0.5289038827532929	0.8781780662044615	1.2377150130163763	0.5327342913069606	0.6987107976545355	1.2171516622849348
920	0.4657307145226177	-9706.632123522511	4.997392817817487	2.4225244549929146	1.2297724254642348	3.2501151807674016	5.227484190451192	0.5289038827532929	0.8781780662044615	1.2377150130163763	0.5327342913069606	0.6987107976545355	1.2171516622849348
921	2.240995693088324	-9706.632123522511	4.5632845695216595	2.7527228881883508	1.0136183167738717	3.7325109057772887	6.927842863815889	0.5289038827532929	0.8781780662044615	1.2377150130163763	0.5327342913069606	0.6987107976545355	1.2171516622849348
922	0.3665297156572578	-9685.113028307856	4.5632845695216595	2.7527228881883508	1.0136183167738717	3.7325109057772887	6.927842863815889	0.5289038827532929	0.8781780662044615	1.2377150130163763	0.5327342913069606	0.6987107976545355	1.2171516622849348
923	0.22509364037114077	-9685.113028307856	4.5632845695216595	2.7527228881883508	1.0136183167738717	3.7325109057772887	6.927842863815889	0.5711668611466433	0.8098540843136184	1.4426543462178056	0.4381862717970186	0.8247795992454932	1.2171516622849348
924	0.22509364037114077	-9685.113028307856	4.5632845695216595	2.7527228881883508	1.0136183167738717	3.7325109057772887	6.927842863815889	0.5711668611466433	0.8098540843136184	1.4426543462178056	0.4381862717970186	0.8247795992454932	1.2171516622849348
925	0.22509364037114077	-9685.113028307856	4.5632845695216595	2.7527228881883508	1.0136183167738717	3.7325109057772887	6.927842863815889	0.5711668611466433	0.8098540843136184	1.4426543462178056	0.4381862717970186	0.8247795992454932	1.2171516622849348
926	0.22509364037114077	-9685.113028307856	4.5632845695216595	2.7527228881883508	1.0136183167738717	3.7325109057772887	6.927842863815889	0.5711668611466433	0.8098540843136184	1.4426543462178056	0.4381862717970186	0.8247795992454932	1.2171516622849348
927	0.22509364037114077	-9685.113028307856	4.5632845695216595	2.7527228881883508	1.0136183167738717	3.7325109057772887	6.927842863815889	0.5711668611466433	0.8098540843136184	1.4426543462178056	0.4381862717970186	0.8247795992454932	1.2171516622849348
928	0.22509364037114077	-9685.113028307856	4.5632845695216595	2.7527228881883508	1.0136183167738717	3.7325109057772887	6.927842863815889	0.5711668611466433	0.8098540843136184	1.4426543462178056	0.4381862717970186	0.8247795992454932	1.2171516622849348
929	0.23766991142061267	-9685.113028307856	4.5632845695216595	2.7527228881883508	1.0136183167738717	3.7325109057772887	6.927842863815889	0.6150275828571453	0.7288447109706593	1.4517206199999078	0.4249870663132837	0.7935571823058795	1.2171516622849348
930	0.23766991142061267	-9685.113028307856	4.5632845695216595	2.7527228881883508	1.0136183167738717	3.7325109057772887	6.927842863815889	0.6150275828571453	0.7288447109706593	1.4517206199999078	0.4249870663132837	0.7935571823058795	1.2171516622849348
931	0.23766991142061267	-9685.113028307856	4.5632845695216595	2.7527228881883508	1.0136183167738717	3.7325109057772887	6.927842863815889	0.6150275828571453	0.7288447109706593	1.4517206199999078	0.4249870663132837	0.7935571823058795	1.2171516622849348
932	0.23766991142061267	-9685.113028307856	4.5632845695216595	2.7527228881883508	1.0136183167738717	3.7325109057772887	6.927842863815889	0.6150275828571453	0.7288447109706593	1.4517206199999078	0.4249870663132837	0.7935571823058795	1.2171516622849348
933	0.23766991142061267	-9685.113028307856	4.5632845695216595	2.7527228881883508	1.0136183167738717	3.7325109057772887	6.927842863815889	0.6150275828571453	0.7288447109706593	1.4517206199999078	0.4249870663132837	0.7935571823058795	1.2171516622849348
934	0.23766991142061267	-9685.113028307856	4.5632845695216595	2.7527228881883508	1.0136183167738717	3.7325109057772887	6.927842863815889	0.6150275828571453	0.7288447109706593	1.4517206199999078	0.4249870663132837	0.7935571823058795	1.2171516622849348
935	0.23716844396844516	-9685.391658707225	4.5632845695216595	2.7527228881883508	1.0136183167738717	3.7325109057772887	6.927842863815889	0.6150275828571453	0.7288447109706593	1.4517206199999078	0.4249870663132837	0.7935571823058795	1.2171516622849348
936	0.7521715302063883	-9684.584231007864	4.5632845695216595	2.7527228881883508	1.0136183167738717	3.7325109057772887	6.927842863815889	0.6150275828571453	0.7288447109706593	1.4517206199999078	0.4249870663132837	0.7935571823058795	1.2171516622849348
937	0.7521715302063883	-9684.584231007864	4.5632845695216595	2.7527228881883508	1.0136183167738717	3.7325109057772887	6.927842863815889	0.6150275828571453	0.7288447109706593	1.4517206199999078	0.4249870663132837	0.7935571823058795	1.2171516622849348
938	0.7521715302063883	-9684.584231007864	4.5632845695216595	2.7527228881883508	1.0136183167738717	3.7325109057772887	6.927842863815889	0.6150275828571453	0.7288447109706593	1.4517206199999078	0.4249870663132837	0.7935571823058795	1.2171516622849348
939	0.23284783699696954	-9683.283611041072	4.5632845695216595	2.7527228881883508	1.0136183167738717	3.7325109057772887	6.927842863815889	0.6150275828571453	0.7288447109706593	1.4517206199999078	0.4249870663132837	0.7935571823058795	1.2171516622849348
940	-1.0506221925438437	-9673.116977172353	4.5632845695216595	2.7527228881883508	1.0136183167738717	3.7325109057772887	6.927842863815889	0.6150275828571453	0.7288447109706593	1.4517206199999078	0.4249870663132837	0.7935571823058795	1.2171516622849348
941	-1.0506221925438437	-9673.116977172353	4.5632845695216595	2.7527228881883508	1.0136183167738717	3.7325109057772887	6.927842863815889	0.6150275828571453	0.7288447109706593	1.4517206199999078	0.4249870663132837	0.7935571823058795	1.2171516622849348
942	-1.0506221925438437	-9673.116977172353	4.5632845695216595	2.7527228881883508	1.0136183167738717	3.7325109057772887	6.927842863815889	0.6150275828571453	0.7288447109706593	1.4517206199999078	0.4249870663132837	0.7935571823058795	1.2171516622849348
943	-1.0506221925438437	-9673.116977172353	4.5632845695216595	2.7527228881883508	1.0136183167738717	3.7325109057772887	6.927842863815889	0.6150275828571453	0.7288447109706593	1.4517206199999078	0.4249870663132837	0.7935571823058795	1.2171516622849348
944	-0.0384285362211676	-9670.765441837497	4.5632845695216595	2.7527228881883508	1.0136183167738717	3.7325109057772887	6.927842863815889	0.6150275828571453	0.7288447109706593	1.4517206199999078	0.4249870663132837	0.7935571823058795	1.2171516622849348
945	-0.0384285362211676	-9656.37458118566	4.5632845695216595	2.7527228881883508	1.0136183167738717	3.7325109057772887	6.927842863815889	0.6150275828571453	0.7288447109706593	1.4517206199999078	0.4249870663132837	0.7935571823058795	1.2171516622849348
946	-0.0384285362211676	-9656.37458118566	4.5632845695216595	2.7527228881883508	1.0136183167738717	3.7325109057772887	6.927842863815889	0.6150275828571453	0.7288447109706593	1.4517206199999078	0.4249870663132837	0.7935571823058795	1.2171516622849348
947	-0.0384285362211676	-9655.237287448212	4.5632845695216595	2.7527228881883508	1.0136183167738717	3.7325109057772887	6.927842863815889	0.6150275828571453	0.7288447109706593	1.4517206199999078	0.4249870663132837	0.7935571823058795	1.2171516622849348
948	-0.0384285362211676	-9655.237287448212	4.5632845695216595	2.7527228881883508	1.0136183167738717	3.7325109057772887	6.927842863815889	0.6150275828571453	0.7288447109706593	1.4517206199999078	0.4249870663132837	0.7935571823058795	1.2171516622849348
949	-0.0384285362211676	-9655.237287448212	4.5632845695216595	2.7527228881883508	1.0136183167738717	3.7325109057772887	6.927842863815889	0.6150275828571453	0.7288447109706593	1.4517206199999078	0.4249870663132837	0.7935571823058795	1.2171516622849348
950	-0.0384285362211676	-9653.506596023952	4.5632845695216595	2.7527228881883508	1.0136183167738717	3.7325109057772887	6.927842863815889	0.6150275828571453	0.7288447109706593	1.4517206199999078	0.4249870663132837	0.7935571823058795	1.2171516622849348
951	1.1314439967691308	-9648.227170359447	4.5632845695216595	2.7527228881883508	1.0136183167738717	3.7325109057772887	6.927842863815889	0.6150275828571453	0.7288447109706593	1.4517206199999078	0.4249870663132837	0.7935571823058795	1.2171516622849348
952	1.1319323816446833	-9648.247528538044	4.5632845695216595	2.7527228881883508	1.0136183167738717	3.7325109057772887	6.927842863815889	0.6150275828571453	0.7288447109706593	1.4517206199999078	0.4249870663132837	0.7935571823058795	1.2171516622849348
953	1.1319323816446833	-9648.247528538044	4.5632845695216595	2.7527228881883508	1.0136183167738717	3.7325109057772887	6.927842863815889	0.6150275828571453	0.7288447109706593	1.4517206199999078	0.4249870663132837	0.7935571823058795	1.2171516622849348
954	1.1319323816446833	-9648.247528538044	4.5632845695216595	2.7527228881883508	1.0136183167738717	3.7325109057772887	6.927842863815889	0.6150275828571453	0.7288447109706593	1.4517206199999078	0.4249870663132837	0.7935571823058795	1.2171516622849348
955	1.1319323816446833	-9648.247528538044	4.5632845695216595	2.7527228881883508	1.0136183167738717	3.7325109057772887	6.927842863815889	0.6150275828571453	0.7288447109706593	1.4517206199999078	0.4249870663132837	0.7935571823058795	1.2171516622849348
956	1.1319323816446833	-9648.247528538044	4.5632845695216595	2.7527228881883508	1.0136183167738717	3.7325109057772887	6.927842863815889	0.6150275828571453	0.7288447109706593	1.4517206199999078	0.4249870663132837	0.7935571823058795	1.2171516622849348
957	1.1319323816446833	-9648.247528538044	4.5632845695216595	2.7527228881883508	1.0136183167738717	3.7325109057772887	6.927842863815889	0.6150275828571453	0.7288447109706593	1.4517206199999078	0.4249870663132837	0.7935571823058795	1.2171516622849348
958	1.1319323816446833	-9648.247528538044	4.5632845695216595	2.7527228881883508	1.0136183167738717	3.7325109057772887	6.927842863815889	0.6150275828571453	0.7288447109706593	1.4517206199999078	0.4249870663132837	0.7935571823058795	1.2171516622849348
959	1.1319323816446833	-9648.247528538044	4.5632845695216595	2.7527228881883508	1.0136183167738717	3.7325109057772887	6.927842863815889	0.6150275828571453	0.7288447109706593	1.4517206199999078	0.4249870663132837	0.7935571823058795	1.2171516622849348
960	1.1319323816446833	-9648.247528538044	4.5632845695216595	2.7527228881883508	1.0136183167738717	3.7325109057772887	6.927842863815889	0.6150275828571453	0.7288447109706593	1.4517206199999078	0.4249870663132837	0.7935571823058795	1.2171516622849348
961	1.1319323816446833	-9648.247528538044	4.5632845695216595	2.7527228881883508	1.0136183167738717	3.7325109057772887	6.927842863815889	0.6150275828571453	0.7288447109706593	1.4517206199999078	0.4249870663132837	0.7935571823058795	1.2171516622849348
962	1.1273948092499304	-9648.353711104464	4.5632845695216595	2.7527228881883508	1.0136183167738717	3.7325109057772887	6.927842863815889	0.6150275828571453	0.7288447109706593	1.4517206199999078	0.4249870663132837	0.7935571823058795	1.2171516622849348
963	1.1273948092499304	-9648.353711104464	4.5632845695216595	2.7527228881883508	1.0136183167738717	3.7325109057772887	6.927842863815889	0.6150275828571453	0.7288447109706593	1.4517206199999078	0.4249870663132837	0.7935571823058795	1.2171516622849348
964	1.1273948092499304	-9648.353711104464	4.5632845695216595	2.7527228881883508	1.0136183167738717	3.7325109057772887	6.927842863815889	0.6150275828571453	0.7288447109706593	1.4517206199999078	0.4249870663132837	0.7935571823058795	1.2171516622849348
965	1.1273948092499304	-9648.353711104464	4.5632845695216595	2.7527228881883508	1.0136183167738717	3.7325109057772887	6.927842863815889	0.6150275828571453	0.7288447109706593	1.4517206199999078	0.4249870663132837	0.7935571823058795	1.2171516622849348
966	1.1273948092499304	-9648.408518636608	4.5632845695216595	2.7527228881883508	1.0136183167738717	3.7325109057772887	6.927842863815889	0.6150275828571453	0.7288447109706593	1.4517206199999078	0.4249870663132837	0.7935571823058795	1.2171516622849348
967	1.1273948092499304	-9646.435960078596	4.5632845695216595	2.7527228881883508	1.0136183167738717	3.7325109057772887	6.927842863815889	0.6150275828571453	0.7288447109706593	1.4517206199999078	0.4249870663132837	0.7935571823058795	1.2171516622849348
968	1.4671765932434084	-9646.435960078596	4.5632845695216595	2.7527228881883508	1.0136183167738717	3.7325109057772887	6.927842863815889	0.6150275828571453	0.7288447109706593	1.4517206199999078	0.4249870663132837	0.7935571823058795	1.1373582576973502
969	1.4671765932434084	-9643.158888056478	4.5632845695216595	2.7527228881883508	1.0136183167738717	3.7325109057772887	6.927842863815889	0.6150275828571453	0.7288447109706593	1.4517206199999078	0.4249870663132837	0.7935571823058795	1.1373582576973502
970	1.4671765932434084	-9643.158888056478	4.5632845695216595	2.7527228881883508	1.0136183167738717	3.7325109057772887	6.927842863815889	0.6150275828571453	0.7288447109706593	1.4517206199999078	0.4249870663132837	0.7935571823058795	1.1373582576973502
971	1.4671765932434084	-9644.586022183672	4.5632845695216595	2.7527228881883508	1.0136183167738717	3.7325109057772887	6.927842863815889	0.6150275828571453	0.7288447109706593	1.4517206199999078	0.4249870663132837	0.7935571823058795	1.1373582576973502
972	1.4671765932434084	-9644.687205866145	4.5632845695216595	2.7527228881883508	1.0136183167738717	3.7325109057772887	6.927842863815889	0.6150275828571453	0.7288447109706593	1.4517206199999078	0.4249870663132837	0.7935571823058795	1.1373582576973502
973	1.7537572150685783	-9644.687205866145	4.5632845695216595	2.7527228881883508	1.0136183167738717	3.7325109057772887	6.927842863815889	0.6150275828571453	0.7288447109706593	1.4517206199999078	0.4249870663132837	0.7935571823058795	1.069985334293933
974	1.7322083714998264	-9640.738708767689	4.5632845695216595	2.7527228881883508	1.0136183167738717	3.7325109057772887	6.927842863815889	0.6150275828571453	0.7288447109706593	1.4517206199999078	0.4249870663132837	0.7935571823058795	1.069985334293933
975	1.7322083714998264	-9640.738708767689	4.5632845695216595	2.7527228881883508	1.0136183167738717	3.7325109057772887	6.927842863815889	0.6150275828571453	0.7288447109706593	1.4517206199999078	0.4249870663132837	0.7935571823058795	1.069985334293933
976	1.7322083714998264	-9633.96342375217	4.5632845695216595	2.7527228881883508	1.0136183167738717	3.7325109057772887	6.927842863815889	0.6150275828571453	0.7288447109706593	1.4517206199999078	0.4249870663132837	0.7935571823058795	1.069985334293933
977	8.756445446580809	-9633.96342375217	5.959341076558219	2.404407443614123	0.9278094647311941	4.652505705072847	6.734863081433642	0.6150275828571453	0.7288447109706593	1.4517206199999078	0.4249870663132837	0.7935571823058795	1.069985334293933
978	8.756445446580809	-9633.96342375217	5.959341076558219	2.404407443614123	0.9278094647311941	4.652505705072847	6.734863081433642	0.6150275828571453	0.7288447109706593	1.4517206199999078	0.4249870663132837	0.7935571823058795	1.069985334293933
979	8.756445446580809	-9633.96342375217	5.959341076558219	2.404407443614123	0.9278094647311941	4.652505705072847	6.734863081433642	0.6150275828571453	0.7288447109706593	1.4517206199999078	0.4249870663132837	0.7935571823058795	1.069985334293933
980	8.756445446580809	-9633.96342375217	5.959341076558219	2.404407443614123	0.9278094647311941	4.652505705072847	6.734863081433642	0.6150275828571453	0.7288447109706593	1.4517206199999078	0.4249870663132837	0.7935571823058795	1.069985334293933
981	8.756445446580809	-9633.96342375217	5.959341076558219	2.404407443614123	0.9278094647311941	4.652505705072847	6.734863081433642	0.6150275828571453	0.7288447109706593	1.4517206199999078	0.4249870663132837	0.7935571823058795	1.069985334293933
982	8.756445446580809	-9633.96342375217	5.959341076558219	2.404407443614123	0.9278094647311941	4.652505705072847	6.734863081433642	0.6150275828571453	0.7288447109706593	1.4517206199999078	0.4249870663132837	0.7935571823058795	1.069985334293933
983	9.490850739798038	-9633.96342375217	5.959341076558219	2.404407443614123	0.9278094647311941	4.652505705072847	6.734863081433642	0.6150275828571453	0.7288447109706593	1.4517206199999078	0.4249870663132837	0.7935571823058795	0.939903899739917
984	9.490850739798038	-9633.96342375217	5.959341076558219	2.404407443614123	0.9278094647311941	4.652505705072847	6.734863081433642	0.6150275828571453	0.7288447109706593	1.4517206199999078	0.4249870663132837	0.7935571823058795	0.939903899739917
985	9.490850739798038	-9633.96342375217	5.959341076558219	2.404407443614123	0.9278094647311941	4.652505705072847	6.734863081433642	0.6150275828571453	0.7288447109706593	1.4517206199999078	0.4249870663132837	0.7935571823058795	0.939903899739917
986	10.431387234943358	-9633.840022655182	5.959341076558219	2.404407443614123	0.9278094647311941	4.652505705072847	6.734863081433642	0.6150275828571453	0.7288447109706593	1.4517206199999078	0.4249870663132837	0.7935571823058795	0.939903899739917
987	10.589712925917514	-9633.840022655182	5.959341076558219	2.404407443614123	0.9278094647311941	4.652505705072847	6.734863081433642	0.49940418674351245	0.7471495145076165	1.4182360345532177	0.4672049329536193	0.6295248483671801	0.939903899739917
988	10.589712925917514	-9633.840022655182	5.959341076558219	2.404407443614123	0.9278094647311941	4.652505705072847	6.734863081433642	0.49940418674351245	0.7471495145076165	1.4182360345532177	0.4672049329536193	0.6295248483671801	0.939903899739917
989	10.589712925917514	-9634.59356323005	5.959341076558219	2.404407443614123	0.9278094647311941	4.652505705072847	6.734863081433642	0.49940418674351245	0.7471495145076165	1.4182360345532177	0.4672049329536193	0.6295248483671801	0.939903899739917
990	10.589712925917514	-9634.59356323005	5.959341076558219	2.404407443614123	0.9278094647311941	4.652505705072847	6.734863081433642	0.49940418674351245	0.7471495145076165	1.4182360345532177	0.4672049329536193	0.6295248483671801	0.939903899739917
991	10.54937379779513	-9631.951164465814	5.959341076558219	2.404407443614123	0.9278094647311941	4.652505705072847	6.734863081433642	0.49940418674351245	0.7471495145076165	1.4182360345532177	0.4672049329536193	0.6295248483671801	0.939903899739917
992	8.62548152605158	-9608.916062682934	5.959341076558219	2.404407443614123	0.9278094647311941	4.652505705072847	6.734863081433642	0.49940418674351245	0.7471495145076165	1.4182360345532177	0.4672049329536193	0.6295248483671801	0.939903899739917
993	8.62548152605158	-9609.318081487296	5.959341076558219	2.404407443614123	0.9278094647311941	4.652505705072847	6.734863081433642	0.49940418674351245	0.7471495145076165	1.4182360345532177	0.4672049329536193	0.6295248483671801	0.939903899739917
994	8.62548152605158	-9607.599704140315	5.959341076558219	2.404407443614123	0.9278094647311941	4.652505705072847	6.734863081433642	0.49940418674351245	0.7471495145076165	1.4182360345532177	0.4672049329536193	0.6295248483671801	0.939903899739917
995	8.62548152605158	-9607.599704140315	5.959341076558219	2.404407443614123	0.9278094647311941	4.652505705072847	6.734863081433642	0.49940418674351245	0.7471495145076165	1.4182360345532177	0.4672049329536193	0.6295248483671801	0.939903899739917
996	8.62548152605158	-9603.703288559633	5.959341076558219	2.404407443614123	0.9278094647311941	4.652505705072847	6.734863081433642	0.49940418674351245	0.7471495145076165	1.4182360345532177	0.4672049329536193	0.6295248483671801	0.939903899739917
997	8.644455639353104	-9603.716823731333	5.959341076558219	2.404407443614123	0.9278094647311941	4.652505705072847	6.734863081433642	0.49940418674351245	0.7471495145076165	1.4182360345532177	0.4672049329536193	0.6295248483671801	0.939903899739917
998	8.644455639353104	-9603.716823731333	5.959341076558219	2.404407443614123	0.9278094647311941	4.652505705072847	6.734863081433642	0.49940418674351245	0.7471495145076165	1.4182360345532177	0.4672049329536193	0.6295248483671801	0.939903899739917
999	8.644455639353104	-9603.716823731333	5.959341076558219	2.404407443614123	0.9278094647311941	4.652505705072847	6.734863081433642	0.49940418674351245	0.7471495145076165	1.4182360345532177	0.4672049329536193	0.6295248483671801	0.939903899739917
