#
#model:
#
#<?xml version="1.0" encoding="UTF-8" standalone="no"?><input id="posterior" spec="beast.base.inference.CompoundDistribution">
#    <distribution id="prior" spec="beast.base.inference.CompoundDistribution">
#        <distribution conditionOnSurvival="false" id="birthDeath" originIsRootEdge="true" spec="bdsky.evolution.speciation.BirthDeathSkylineModel">
#            <parameter dimension="5" id="intervalTimes" name="intervalTimes" spec="beast.base.inference.parameter.RealParameter">0.0 0.01 0.02 0.03 0.04</parameter>
#            <parameter id="origin" lower="0.05" name="origin" spec="beast.base.inference.parameter.RealParameter">0.5</parameter>
#            <parameter dimension="5" id="birthRate" lower="0.0" name="birthRate" spec="beast.base.inference.parameter.RealParameter">1.0 1.2 0.9 1.4 1.1</parameter>
#            <deathRate expression="birthRate deathRate *" id="death" spec="beast.base.inference.util.RPNcalculator">
#                <parameter idref="birthRate"/>
#                <parameter dimension="5" id="deathRate" lower="0.0" spec="beast.base.inference.parameter.RealParameter">0.5 0.45 0.55 0.4 0.6</parameter>
#            </deathRate>
#            <parameter dimension="5" id="samplingRate" lower="0.0" name="samplingRate" spec="beast.base.inference.parameter.RealParameter">0.25 0.25 0.25 0.25 0.25</parameter>
#            <tree IsLabelledNewick="true" adjustTipHeights="false" id="tree" newick="(((AF271852i_2685:0.13485022388767737,((AF271861i_3452:0.044938442268639876,(AF271885i_3289:0.009877310064721364,AF271838i_1803:0.009877310064721364):0.035061132203918516):0.04776379381323232,(((AF271874i_1359:0.0019230507078066622,AF271872i_4053:0.0019230507078066622):0.018078054544105073,((AF271873i_4055:0.010326640464516356,AF271835i_1767:0.010326640464516356):6.691823246665844E-4,(AF271884i_2659:7.271618491540825E-4,AF271854i_2856:7.271618491540825E-4):0.010268660940028857):0.009005282462728796):0.020364894203838493,((AF271882i_2153:0.003395986997383218,AF271866i_3465:0.003395986997383218):0.00658253443199398,AF271850i_2673:0.009978521429377198):0.03038747802637303):0.05233623662612197):0.04214798780580517):0.6375851514450108,((((((AF271836i_1796:0.05169983777759623,AF271843i_2147:0.05169983777759623):0.010272424497478873,((AF271887i_3405:0.04428061140044273,AF271839i_1997:0.04428061140044273):0.0046896880119626505,(AF271864i_3461:0.030147846840854635,(AF271831i_1164:0.02398309208276277,(AF271858i_3318:1.1512805904653285E-4,AF271862i_3458:1.1512805904653285E-4):0.023867964023716236):0.006164754758091865):0.018822452571550748):0.01300196286266972):0.12554138328517472,(((AF271880i_2115:0.019908338762199898,(AF271869i_4020:0.01573751002502666,AF271833i_1240:0.01573751002502666):0.004170828737173237):0.14266649854497382,(AF271829i_0923:0.0024642750872121456,AF271844i_2150:0.0024642750872121456):0.16011056221996156):0.016719352192174075,((AF271865i_3463:0.029262576178137382,AF271868i_3471:0.029262576178137382):0.07723382671065279,((AF271877i_1999:0.02514285819343654,AF271840i_2130:0.02514285819343654):0.014025532540322197,(AF271826i_0873:0.008795393863556829,(AF271846i_2429:0.00394942233304547,(AF271842i_2141:0.002140370181304716,AF271860i_3400:0.002140370181304716):0.0018090521517407539):0.004845971530511359):0.03037299687020191):0.06732801215503142):0.07279778661055761):0.008219456060902047):0.28533717561845773,(AF271878i_2000:0.3170022267994642,((((AF271875i_1380:0.0039599228619936295,AF271849i_2663:0.0039599228619936295):0.0021383652632776173,AF271876i_1797:0.006098288125271247):0.11194589205128644,((AF271886i_3319:0.03465192004670318,AF271855i_2862:0.03465192004670318):0.010552573079621111,(AF271834i_1339:0.010986413514016384,AF271828i_0922:0.010986413514016384):0.034218079612307904):0.07283968705023339):0.06864812465966152,((AF271837i_1801:0.04712983622462497,AF271857i_2957:0.04712983622462497):0.007189059218821459,AF271859i_3393:0.05431889544344643):0.13237340939277278):0.130309921963245):0.15584859437924337):0.022208720320151254,((AF271867i_3468:0.07566245220714256,(AF271827i_0883:0.025458135177596992,AF271847i_2438:0.025458135177596992):0.050204317029545566):0.29888329225148275,((AF271845i_2386:0.015002295400564077,AF271825i_0800:0.015002295400564077):0.34641892239624983,AF271848i_2446:0.3614212177968139):0.013124526661811409):0.12051379704023352):0.06682508054287822,(((((AF271863i_3460:0.019900613777813016,AF271871i_4036:0.019900613777813016):0.024365219137367815,(AF271856i_2926:6.312249097633727E-4,AF271841i_2134:6.312249097633727E-4):0.043634608005417456):0.003277450733616294,(AF271870i_4033:0.023509431187541514,AF271851i_2681:0.023509431187541514):0.02403385246125561):0.11390559951975099,((AF271881i_2116:0.023528010586812566,AF271830i_1150:0.023528010586812566):0.13306123321732607,AF271853i_2852:0.15658924380413863):0.004859639364409474):0.25181956742347134,AF271832i_1226:0.41326845059201944):0.14861617144971762):0.2105507532909512):0.8836734942709736,(AF271883i_2432:0.0793735467473457,AF271879i_2113:0.0793735467473457):1.5767353228563161);" spec="beast.base.evolution.tree.TreeParser">
#                <taxonset id="TaxonSet" spec="beast.base.evolution.alignment.TaxonSet">
#                    <taxon id="AF271852i_2685" spec="beast.base.evolution.alignment.Taxon"/>
#                    <taxon id="AF271861i_3452" spec="beast.base.evolution.alignment.Taxon"/>
#                    <taxon id="AF271885i_3289" spec="beast.base.evolution.alignment.Taxon"/>
#                    <taxon id="AF271838i_1803" spec="beast.base.evolution.alignment.Taxon"/>
#                    <taxon id="AF271874i_1359" spec="beast.base.evolution.alignment.Taxon"/>
#                    <taxon id="AF271872i_4053" spec="beast.base.evolution.alignment.Taxon"/>
#                    <taxon id="AF271873i_4055" spec="beast.base.evolution.alignment.Taxon"/>
#                    <taxon id="AF271835i_1767" spec="beast.base.evolution.alignment.Taxon"/>
#                    <taxon id="AF271884i_2659" spec="beast.base.evolution.alignment.Taxon"/>
#                    <taxon id="AF271854i_2856" spec="beast.base.evolution.alignment.Taxon"/>
#                    <taxon id="AF271882i_2153" spec="beast.base.evolution.alignment.Taxon"/>
#                    <taxon id="AF271866i_3465" spec="beast.base.evolution.alignment.Taxon"/>
#                    <taxon id="AF271850i_2673" spec="beast.base.evolution.alignment.Taxon"/>
#                    <taxon id="AF271836i_1796" spec="beast.base.evolution.alignment.Taxon"/>
#                    <taxon id="AF271843i_2147" spec="beast.base.evolution.alignment.Taxon"/>
#                    <taxon id="AF271887i_3405" spec="beast.base.evolution.alignment.Taxon"/>
#                    <taxon id="AF271839i_1997" spec="beast.base.evolution.alignment.Taxon"/>
#                    <taxon id="AF271864i_3461" spec="beast.base.evolution.alignment.Taxon"/>
#                    <taxon id="AF271831i_1164" spec="beast.base.evolution.alignment.Taxon"/>
#                    <taxon id="AF271858i_3318" spec="beast.base.evolution.alignment.Taxon"/>
#                    <taxon id="AF271862i_3458" spec="beast.base.evolution.alignment.Taxon"/>
#                    <taxon id="AF271880i_2115" spec="beast.base.evolution.alignment.Taxon"/>
#                    <taxon id="AF271869i_4020" spec="beast.base.evolution.alignment.Taxon"/>
#                    <taxon id="AF271833i_1240" spec="beast.base.evolution.alignment.Taxon"/>
#                    <taxon id="AF271829i_0923" spec="beast.base.evolution.alignment.Taxon"/>
#                    <taxon id="AF271844i_2150" spec="beast.base.evolution.alignment.Taxon"/>
#                    <taxon id="AF271865i_3463" spec="beast.base.evolution.alignment.Taxon"/>
#                    <taxon id="AF271868i_3471" spec="beast.base.evolution.alignment.Taxon"/>
#                    <taxon id="AF271877i_1999" spec="beast.base.evolution.alignment.Taxon"/>
#                    <taxon id="AF271840i_2130" spec="beast.base.evolution.alignment.Taxon"/>
#                    <taxon id="AF271826i_0873" spec="beast.base.evolution.alignment.Taxon"/>
#                    <taxon id="AF271846i_2429" spec="beast.base.evolution.alignment.Taxon"/>
#                    <taxon id="AF271842i_2141" spec="beast.base.evolution.alignment.Taxon"/>
#                    <taxon id="AF271860i_3400" spec="beast.base.evolution.alignment.Taxon"/>
#                    <taxon id="AF271878i_2000" spec="beast.base.evolution.alignment.Taxon"/>
#                    <taxon id="AF271875i_1380" spec="beast.base.evolution.alignment.Taxon"/>
#                    <taxon id="AF271849i_2663" spec="beast.base.evolution.alignment.Taxon"/>
#                    <taxon id="AF271876i_1797" spec="beast.base.evolution.alignment.Taxon"/>
#                    <taxon id="AF271886i_3319" spec="beast.base.evolution.alignment.Taxon"/>
#                    <taxon id="AF271855i_2862" spec="beast.base.evolution.alignment.Taxon"/>
#                    <taxon id="AF271834i_1339" spec="beast.base.evolution.alignment.Taxon"/>
#                    <taxon id="AF271828i_0922" spec="beast.base.evolution.alignment.Taxon"/>
#                    <taxon id="AF271837i_1801" spec="beast.base.evolution.alignment.Taxon"/>
#                    <taxon id="AF271857i_2957" spec="beast.base.evolution.alignment.Taxon"/>
#                    <taxon id="AF271859i_3393" spec="beast.base.evolution.alignment.Taxon"/>
#                    <taxon id="AF271867i_3468" spec="beast.base.evolution.alignment.Taxon"/>
#                    <taxon id="AF271827i_0883" spec="beast.base.evolution.alignment.Taxon"/>
#                    <taxon id="AF271847i_2438" spec="beast.base.evolution.alignment.Taxon"/>
#                    <taxon id="AF271845i_2386" spec="beast.base.evolution.alignment.Taxon"/>
#                    <taxon id="AF271825i_0800" spec="beast.base.evolution.alignment.Taxon"/>
#                    <taxon id="AF271848i_2446" spec="beast.base.evolution.alignment.Taxon"/>
#                    <taxon id="AF271863i_3460" spec="beast.base.evolution.alignment.Taxon"/>
#                    <taxon id="AF271871i_4036" spec="beast.base.evolution.alignment.Taxon"/>
#                    <taxon id="AF271856i_2926" spec="beast.base.evolution.alignment.Taxon"/>
#                    <taxon id="AF271841i_2134" spec="beast.base.evolution.alignment.Taxon"/>
#                    <taxon id="AF271870i_4033" spec="beast.base.evolution.alignment.Taxon"/>
#                    <taxon id="AF271851i_2681" spec="beast.base.evolution.alignment.Taxon"/>
#                    <taxon id="AF271881i_2116" spec="beast.base.evolution.alignment.Taxon"/>
#                    <taxon id="AF271830i_1150" spec="beast.base.evolution.alignment.Taxon"/>
#                    <taxon id="AF271853i_2852" spec="beast.base.evolution.alignment.Taxon"/>
#                    <taxon id="AF271832i_1226" spec="beast.base.evolution.alignment.Taxon"/>
#                    <taxon id="AF271883i_2432" spec="beast.base.evolution.alignment.Taxon"/>
#                    <taxon id="AF271879i_2113" spec="beast.base.evolution.alignment.Taxon"/>
#                </taxonset>
#            </tree>
#        </distribution>
#    </distribution>
#    <distribution id="likelihood" spec="beast.base.evolution.likelihood.TreeLikelihood" tree="@tree">
#        <siteModel id="siteModel" spec="beast.base.evolution.sitemodel.SiteModel">
#            <substModel id="jc" spec="beast.base.evolution.substitutionmodel.JukesCantor"/>
#        </siteModel>
#        <branchRateModel id="strictClock" spec="beast.base.evolution.branchratemodel.StrictClockModel">
#            <parameter id="clockRate" name="clock.rate" spec="beast.base.inference.parameter.RealParameter">1.0</parameter>
#        </branchRateModel>
#    </distribution>
#</input>
#
Sample	birthDeath	likelihood	birthRate0	birthRate1	birthRate2	birthRate3	birthRate4	deathRate0	deathRate1	deathRate2	deathRate3	deathRate4	origin
0	-82.04140265629401	-14854.706507453719	1.0	1.2	0.9	1.4	1.1	0.5	0.45	0.55	0.4	0.6	0.5
1	-82.04140265629401	-14814.827893377731	1.0	1.2	0.9	1.4	1.1	0.5	0.45	0.55	0.4	0.6	0.5
2	-82.0253305950116	-14790.611082428084	1.0	1.2	0.9	1.4	1.1	0.5	0.45	0.55	0.4	0.6	0.5
3	-82.0253305950116	-14790.611082428084	1.0	1.2	0.9	1.4	1.1	0.5	0.45	0.55	0.4	0.6	0.5
4	-82.0253305950116	-14790.611082428084	1.0	1.2	0.9	1.4	1.1	0.5	0.45	0.55	0.4	0.6	0.5
5	-82.02399464988821	-14782.981476411227	1.0	1.2	0.9	1.4	1.1	0.5	0.45	0.55	0.4	0.6	0.5
6	-82.02399464988821	-14782.981476411227	1.0	1.2	0.9	1.4	1.1	0.5	0.45	0.55	0.4	0.6	0.5
7	-82.02399464988821	-14782.981476411227	1.0	1.2	0.9	1.4	1.1	0.5	0.45	0.55	0.4	0.6	0.5
8	-82.02399464988821	-14779.92687575192	1.0	1.2	0.9	1.4	1.1	0.5	0.45	0.55	0.4	0.6	0.5
9	-82.02399464988821	-14779.92687575192	1.0	1.2	0.9	1.4	1.1	0.5	0.45	0.55	0.4	0.6	0.5
10	-80.77677857281319	-14779.92687575192	1.0	1.2	0.9	1.4	1.1	0.4540211908729083	0.5263696871512025	0.5135771064152855	0.31281968085989353	0.4744467951032	0.5
11	-80.73994698120265	-14779.92687575192	1.0	1.2	0.9	1.4	1.1	0.4540211908729083	0.5263696871512025	0.5135771064152855	0.31281968085989353	0.4744467951032	0.45200739956098324
12	-80.73994698120265	-14779.92687575192	1.0	1.2	0.9	1.4	1.1	0.4540211908729083	0.5263696871512025	0.5135771064152855	0.31281968085989353	0.4744467951032	0.45200739956098324
13	-80.73994698120265	-14779.92687575192	1.0	1.2	0.9	1.4	1.1	0.4540211908729083	0.5263696871512025	0.5135771064152855	0.31281968085989353	0.4744467951032	0.45200739956098324
14	-80.73994698120265	-14746.332805001135	1.0	1.2	0.9	1.4	1.1	0.4540211908729083	0.5263696871512025	0.5135771064152855	0.31281968085989353	0.4744467951032	0.45200739956098324
15	-80.73994698120265	-14721.275718057805	1.0	1.2	0.9	1.4	1.1	0.4540211908729083	0.5263696871512025	0.5135771064152855	0.31281968085989353	0.4744467951032	0.45200739956098324
16	-80.73875235934145	-14616.057361387708	1.0	1.2	0.9	1.4	1.1	0.4540211908729083	0.5263696871512025	0.5135771064152855	0.31281968085989353	0.4744467951032	0.45200739956098324
17	-80.82465618042613	-14616.057361387708	1.0	1.2	0.9	1.4	1.1	0.4540211908729083	0.5263696871512025	0.5135771064152855	0.31281968085989353	0.4744467951032	0.5625786438827648
18	-80.82465618042613	-14616.057361387708	1.0	1.2	0.9	1.4	1.1	0.4540211908729083	0.5263696871512025	0.5135771064152855	0.31281968085989353	0.4744467951032	0.5625786438827648
19	-80.82465618042613	-14616.057361387708	1.0	1.2	0.9	1.4	1.1	0.4540211908729083	0.5263696871512025	0.5135771064152855	0.31281968085989353	0.4744467951032	0.5625786438827648
20	-80.82465618042613	-14616.057361387708	1.0	1.2	0.9	1.4	1.1	0.4540211908729083	0.5263696871512025	0.5135771064152855	0.31281968085989353	0.4744467951032	0.5625786438827648
21	-80.82465618042613	-14573.040821706914	1.0	1.2	0.9	1.4	1.1	0.4540211908729083	0.5263696871512025	0.5135771064152855	0.31281968085989353	0.4744467951032	0.5625786438827648
22	-80.82465618042613	-14573.040821706914	1.0	1.2	0.9	1.4	1.1	0.4540211908729083	0.5263696871512025	0.5135771064152855	0.31281968085989353	0.4744467951032	0.5625786438827648
23	-80.82465618042613	-14573.040821706914	1.0	1.2	0.9	1.4	1.1	0.4540211908729083	0.5263696871512025	0.5135771064152855	0.31281968085989353	0.4744467951032	0.5625786438827648
24	-80.82454248963819	-14572.805649037706	1.0	1.2	0.9	1.4	1.1	0.4540211908729083	0.5263696871512025	0.5135771064152855	0.31281968085989353	0.4744467951032	0.5625786438827648
25	-80.82454248963819	-14572.805649037706	1.0	1.2	0.9	1.4	1.1	0.4540211908729083	0.5263696871512025	0.5135771064152855	0.31281968085989353	0.4744467951032	0.5625786438827648
26	-80.82454248963819	-14572.205927166488	1.0	1.2	0.9	1.4	1.1	0.4540211908729083	0.5263696871512025	0.5135771064152855	0.31281968085989353	0.4744467951032	0.5625786438827648
27	-80.78677924584208	-14572.205927166488	1.0	1.2	0.9	1.4	1.1	0.4540211908729083	0.5263696871512025	0.5135771064152855	0.31281968085989353	0.4744467951032	0.5145542693534297
28	-80.78677924584208	-14571.928368882276	1.0	1.2	0.9	1.4	1.1	0.4540211908729083	0.5263696871512025	0.5135771064152855	0.31281968085989353	0.4744467951032	0.5145542693534297
29	-80.78677924584208	-14571.658975039643	1.0	1.2	0.9	1.4	1.1	0.4540211908729083	0.5263696871512025	0.5135771064152855	0.31281968085989353	0.4744467951032	0.5145542693534297
30	-80.78677924584208	-14551.900874589257	1.0	1.2	0.9	1.4	1.1	0.4540211908729083	0.5263696871512025	0.5135771064152855	0.31281968085989353	0.4744467951032	0.5145542693534297
31	-80.78677924584208	-14551.106014378192	1.0	1.2	0.9	1.4	1.1	0.4540211908729083	0.5263696871512025	0.5135771064152855	0.31281968085989353	0.4744467951032	0.5145542693534297
32	-80.78677924584208	-14551.106014378192	1.0	1.2	0.9	1.4	1.1	0.4540211908729083	0.5263696871512025	0.5135771064152855	0.31281968085989353	0.4744467951032	0.5145542693534297
33	-80.78677924584208	-14551.106014378192	1.0	1.2	0.9	1.4	1.1	0.4540211908729083	0.5263696871512025	0.5135771064152855	0.31281968085989353	0.4744467951032	0.5145542693534297
34	-80.78677924584208	-14551.106014378192	1.0	1.2	0.9	1.4	1.1	0.4540211908729083	0.5263696871512025	0.5135771064152855	0.31281968085989353	0.4744467951032	0.5145542693534297
35	-80.76169391438816	-14435.052416142336	1.0	1.2	0.9	1.4	1.1	0.4540211908729083	0.5263696871512025	0.5135771064152855	0.31281968085989353	0.4744467951032	0.5145542693534297
36	-80.76169391438816	-14435.052416142336	1.0	1.2	0.9	1.4	1.1	0.4540211908729083	0.5263696871512025	0.5135771064152855	0.31281968085989353	0.4744467951032	0.5145542693534297
37	-80.76169391438816	-14435.052416142336	1.0	1.2	0.9	1.4	1.1	0.4540211908729083	0.5263696871512025	0.5135771064152855	0.31281968085989353	0.4744467951032	0.5145542693534297
38	-80.76169391438816	-14435.052416142336	1.0	1.2	0.9	1.4	1.1	0.4540211908729083	0.5263696871512025	0.5135771064152855	0.31281968085989353	0.4744467951032	0.5145542693534297
39	-80.76169391438816	-14424.286943034731	1.0	1.2	0.9	1.4	1.1	0.4540211908729083	0.5263696871512025	0.5135771064152855	0.31281968085989353	0.4744467951032	0.5145542693534297
40	-80.76169391438816	-14424.286943034731	1.0	1.2	0.9	1.4	1.1	0.4540211908729083	0.5263696871512025	0.5135771064152855	0.31281968085989353	0.4744467951032	0.5145542693534297
41	-80.77250460263036	-14409.738876996682	1.0	1.2	0.9	1.4	1.1	0.4540211908729083	0.5263696871512025	0.5135771064152855	0.31281968085989353	0.4744467951032	0.5145542693534297
42	-80.77250460263036	-14409.738876996682	1.0	1.2	0.9	1.4	1.1	0.4540211908729083	0.5263696871512025	0.5135771064152855	0.31281968085989353	0.4744467951032	0.5145542693534297
43	-80.77250460263036	-14409.738876996682	1.0	1.2	0.9	1.4	1.1	0.4540211908729083	0.5263696871512025	0.5135771064152855	0.31281968085989353	0.4744467951032	0.5145542693534297
44	-80.77250460263036	-14409.738876996682	1.0	1.2	0.9	1.4	1.1	0.4540211908729083	0.5263696871512025	0.5135771064152855	0.31281968085989353	0.4744467951032	0.5145542693534297
45	-80.78709995448772	-14403.055262866756	1.0	1.2	0.9	1.4	1.1	0.4540211908729083	0.5263696871512025	0.5135771064152855	0.31281968085989353	0.4744467951032	0.5145542693534297
46	-80.78709995448772	-14403.055262866756	1.0	1.2	0.9	1.4	1.1	0.4540211908729083	0.5263696871512025	0.5135771064152855	0.31281968085989353	0.4744467951032	0.5145542693534297
47	-80.78709995448772	-14403.939437863006	1.0	1.2	0.9	1.4	1.1	0.4540211908729083	0.5263696871512025	0.5135771064152855	0.31281968085989353	0.4744467951032	0.5145542693534297
48	-80.78709995448772	-14403.939437863006	1.0	1.2	0.9	1.4	1.1	0.4540211908729083	0.5263696871512025	0.5135771064152855	0.31281968085989353	0.4744467951032	0.5145542693534297
49	-80.78709995448772	-14403.939437863006	1.0	1.2	0.9	1.4	1.1	0.4540211908729083	0.5263696871512025	0.5135771064152855	0.31281968085989353	0.4744467951032	0.5145542693534297
50	-80.78709995448772	-14403.939437863006	1.0	1.2	0.9	1.4	1.1	0.4540211908729083	0.5263696871512025	0.5135771064152855	0.31281968085989353	0.4744467951032	0.5145542693534297
51	-80.78709995448772	-14405.973736688615	1.0	1.2	0.9	1.4	1.1	0.4540211908729083	0.5263696871512025	0.5135771064152855	0.31281968085989353	0.4744467951032	0.5145542693534297
52	-80.78709995448772	-14405.973736688615	1.0	1.2	0.9	1.4	1.1	0.4540211908729083	0.5263696871512025	0.5135771064152855	0.31281968085989353	0.4744467951032	0.5145542693534297
53	-80.78709995448772	-14405.973736688615	1.0	1.2	0.9	1.4	1.1	0.4540211908729083	0.5263696871512025	0.5135771064152855	0.31281968085989353	0.4744467951032	0.5145542693534297
54	-80.78709995448772	-14405.973736688615	1.0	1.2	0.9	1.4	1.1	0.4540211908729083	0.5263696871512025	0.5135771064152855	0.31281968085989353	0.4744467951032	0.5145542693534297
55	-80.78709995448772	-14402.295302046821	1.0	1.2	0.9	1.4	1.1	0.4540211908729083	0.5263696871512025	0.5135771064152855	0.31281968085989353	0.4744467951032	0.5145542693534297
56	-80.78774965333824	-14402.725078014924	1.0	1.2	0.9	1.4	1.1	0.4540211908729083	0.5263696871512025	0.5135771064152855	0.31281968085989353	0.4744467951032	0.5145542693534297
57	-80.78774965333824	-14402.725078014924	1.0	1.2	0.9	1.4	1.1	0.4540211908729083	0.5263696871512025	0.5135771064152855	0.31281968085989353	0.4744467951032	0.5145542693534297
58	-80.78774965333824	-14402.725078014924	1.0	1.2	0.9	1.4	1.1	0.4540211908729083	0.5263696871512025	0.5135771064152855	0.31281968085989353	0.4744467951032	0.5145542693534297
59	-80.78774965333824	-14400.15838341926	1.0	1.2	0.9	1.4	1.1	0.4540211908729083	0.5263696871512025	0.5135771064152855	0.31281968085989353	0.4744467951032	0.5145542693534297
60	-80.78774965333824	-14400.15838341926	1.0	1.2	0.9	1.4	1.1	0.4540211908729083	0.5263696871512025	0.5135771064152855	0.31281968085989353	0.4744467951032	0.5145542693534297
61	-80.78774965333824	-14401.448534935917	1.0	1.2	0.9	1.4	1.1	0.4540211908729083	0.5263696871512025	0.5135771064152855	0.31281968085989353	0.4744467951032	0.5145542693534297
62	-80.78774965333824	-14401.448534935917	1.0	1.2	0.9	1.4	1.1	0.4540211908729083	0.5263696871512025	0.5135771064152855	0.31281968085989353	0.4744467951032	0.5145542693534297
63	-80.56239185417482	-14317.066307347182	1.0	1.2	0.9	1.4	1.1	0.4540211908729083	0.5263696871512025	0.5135771064152855	0.31281968085989353	0.4744467951032	0.5145542693534297
64	-80.56239185417482	-14316.346688525948	1.0	1.2	0.9	1.4	1.1	0.4540211908729083	0.5263696871512025	0.5135771064152855	0.31281968085989353	0.4744467951032	0.5145542693534297
65	-80.56239185417482	-14308.143228605053	1.0	1.2	0.9	1.4	1.1	0.4540211908729083	0.5263696871512025	0.5135771064152855	0.31281968085989353	0.4744467951032	0.5145542693534297
66	-80.56239185417482	-14308.143228605053	1.0	1.2	0.9	1.4	1.1	0.4540211908729083	0.5263696871512025	0.5135771064152855	0.31281968085989353	0.4744467951032	0.5145542693534297
67	-79.94814178497826	-14308.143228605053	1.0	1.2	0.9	1.4	1.1	0.5727673659885181	0.42321113151142015	0.5877041195622722	0.3908706412299784	0.39863755733080625	0.5145542693534297
68	-79.94814178497826	-14308.143228605053	1.0	1.2	0.9	1.4	1.1	0.5727673659885181	0.42321113151142015	0.5877041195622722	0.3908706412299784	0.39863755733080625	0.5145542693534297
69	-79.94742605897666	-14240.027324410252	1.0	1.2	0.9	1.4	1.1	0.5727673659885181	0.42321113151142015	0.5877041195622722	0.3908706412299784	0.39863755733080625	0.5145542693534297
70	-79.94742605897666	-14240.027324410252	1.0	1.2	0.9	1.4	1.1	0.5727673659885181	0.42321113151142015	0.5877041195622722	0.3908706412299784	0.39863755733080625	0.5145542693534297
71	-79.94041074916434	-14238.035682119973	1.0	1.2	0.9	1.4	1.1	0.5727673659885181	0.42321113151142015	0.5877041195622722	0.3908706412299784	0.39863755733080625	0.5145542693534297
72	-79.94041074916434	-14238.715235003583	1.0	1.2	0.9	1.4	1.1	0.5727673659885181	0.42321113151142015	0.5877041195622722	0.3908706412299784	0.39863755733080625	0.5145542693534297
73	-79.94041074916434	-14238.715235003583	1.0	1.2	0.9	1.4	1.1	0.5727673659885181	0.42321113151142015	0.5877041195622722	0.3908706412299784	0.39863755733080625	0.5145542693534297
74	-79.94041074916434	-14238.715235003583	1.0	1.2	0.9	1.4	1.1	0.5727673659885181	0.42321113151142015	0.5877041195622722	0.3908706412299784	0.39863755733080625	0.5145542693534297
75	-79.9684517986134	-14238.715235003583	1.0	1.2	0.9	1.4	1.1	0.5727673659885181	0.42321113151142015	0.5877041195622722	0.3908706412299784	0.39863755733080625	0.5579042931258381
76	-79.9684517986134	-14238.715235003583	1.0	1.2	0.9	1.4	1.1	0.5727673659885181	0.42321113151142015	0.5877041195622722	0.3908706412299784	0.39863755733080625	0.5579042931258381
77	-79.9684517986134	-14238.715235003583	1.0	1.2	0.9	1.4	1.1	0.5727673659885181	0.42321113151142015	0.5877041195622722	0.3908706412299784	0.39863755733080625	0.5579042931258381
78	-79.9684517986134	-14225.52519344957	1.0	1.2	0.9	1.4	1.1	0.5727673659885181	0.42321113151142015	0.5877041195622722	0.3908706412299784	0.39863755733080625	0.5579042931258381
79	-79.9596033802323	-14129.246773698727	1.0	1.2	0.9	1.4	1.1	0.5727673659885181	0.42321113151142015	0.5877041195622722	0.3908706412299784	0.39863755733080625	0.5579042931258381
80	-79.9596033802323	-14129.538210873561	1.0	1.2	0.9	1.4	1.1	0.5727673659885181	0.42321113151142015	0.5877041195622722	0.3908706412299784	0.39863755733080625	0.5579042931258381
81	-79.9596033802323	-14129.85696487325	1.0	1.2	0.9	1.4	1.1	0.5727673659885181	0.42321113151142015	0.5877041195622722	0.3908706412299784	0.39863755733080625	0.5579042931258381
82	-79.95122395143058	-14105.068150091238	1.0	1.2	0.9	1.4	1.1	0.5727673659885181	0.42321113151142015	0.5877041195622722	0.3908706412299784	0.39863755733080625	0.5579042931258381
83	-79.95122395143058	-14105.068150091238	1.0	1.2	0.9	1.4	1.1	0.5727673659885181	0.42321113151142015	0.5877041195622722	0.3908706412299784	0.39863755733080625	0.5579042931258381
84	-79.95122395143058	-14105.068150091238	1.0	1.2	0.9	1.4	1.1	0.5727673659885181	0.42321113151142015	0.5877041195622722	0.3908706412299784	0.39863755733080625	0.5579042931258381
85	-79.95122395143058	-14105.068150091238	1.0	1.2	0.9	1.4	1.1	0.5727673659885181	0.42321113151142015	0.5877041195622722	0.3908706412299784	0.39863755733080625	0.5579042931258381
86	-79.95298497090602	-14104.559095913926	1.0	1.2	0.9	1.4	1.1	0.5727673659885181	0.42321113151142015	0.5877041195622722	0.3908706412299784	0.39863755733080625	0.5579042931258381
87	-79.95298497090602	-14104.559095913926	1.0	1.2	0.9	1.4	1.1	0.5727673659885181	0.42321113151142015	0.5877041195622722	0.3908706412299784	0.39863755733080625	0.5579042931258381
88	-79.95298497090602	-14104.559095913926	1.0	1.2	0.9	1.4	1.1	0.5727673659885181	0.42321113151142015	0.5877041195622722	0.3908706412299784	0.39863755733080625	0.5579042931258381
89	-79.95298497090602	-14104.559095913926	1.0	1.2	0.9	1.4	1.1	0.5727673659885181	0.42321113151142015	0.5877041195622722	0.3908706412299784	0.39863755733080625	0.5579042931258381
90	-79.95298497090602	-14104.330715460146	1.0	1.2	0.9	1.4	1.1	0.5727673659885181	0.42321113151142015	0.5877041195622722	0.3908706412299784	0.39863755733080625	0.5579042931258381
91	-79.95298497090602	-14104.330715460146	1.0	1.2	0.9	1.4	1.1	0.5727673659885181	0.42321113151142015	0.5877041195622722	0.3908706412299784	0.39863755733080625	0.5579042931258381
92	-79.9384297094956	-14084.62449826528	1.0	1.2	0.9	1.4	1.1	0.5727673659885181	0.42321113151142015	0.5877041195622722	0.3908706412299784	0.39863755733080625	0.5579042931258381
93	-79.9384297094956	-14084.62449826528	1.0	1.2	0.9	1.4	1.1	0.5727673659885181	0.42321113151142015	0.5877041195622722	0.3908706412299784	0.39863755733080625	0.5579042931258381
94	-79.9384297094956	-14084.62449826528	1.0	1.2	0.9	1.4	1.1	0.5727673659885181	0.42321113151142015	0.5877041195622722	0.3908706412299784	0.39863755733080625	0.5579042931258381
95	-79.9384297094956	-14084.62449826528	1.0	1.2	0.9	1.4	1.1	0.5727673659885181	0.42321113151142015	0.5877041195622722	0.3908706412299784	0.39863755733080625	0.5579042931258381
96	-79.9384297094956	-14084.62449826528	1.0	1.2	0.9	1.4	1.1	0.5727673659885181	0.42321113151142015	0.5877041195622722	0.3908706412299784	0.39863755733080625	0.5579042931258381
97	-79.9384297094956	-14084.62449826528	1.0	1.2	0.9	1.4	1.1	0.5727673659885181	0.42321113151142015	0.5877041195622722	0.3908706412299784	0.39863755733080625	0.5579042931258381
98	-79.9384297094956	-14084.62449826528	1.0	1.2	0.9	1.4	1.1	0.5727673659885181	0.42321113151142015	0.5877041195622722	0.3908706412299784	0.39863755733080625	0.5579042931258381
99	-79.9384297094956	-14084.62449826528	1.0	1.2	0.9	1.4	1.1	0.5727673659885181	0.42321113151142015	0.5877041195622722	0.3908706412299784	0.39863755733080625	0.5579042931258381
100	-79.9384297094956	-14084.62449826528	1.0	1.2	0.9	1.4	1.1	0.5727673659885181	0.42321113151142015	0.5877041195622722	0.3908706412299784	0.39863755733080625	0.5579042931258381
101	-79.91018961927466	-14066.957271760755	1.0	1.2	0.9	1.4	1.1	0.5727673659885181	0.42321113151142015	0.5877041195622722	0.3908706412299784	0.39863755733080625	0.5579042931258381
102	-79.91018961927466	-14066.957271760755	1.0	1.2	0.9	1.4	1.1	0.5727673659885181	0.42321113151142015	0.5877041195622722	0.3908706412299784	0.39863755733080625	0.5579042931258381
103	-79.90256659054054	-14052.970291922355	1.0	1.2	0.9	1.4	1.1	0.5727673659885181	0.42321113151142015	0.5877041195622722	0.3908706412299784	0.39863755733080625	0.5579042931258381
104	-79.90256659054054	-14052.970291922355	1.0	1.2	0.9	1.4	1.1	0.5727673659885181	0.42321113151142015	0.5877041195622722	0.3908706412299784	0.39863755733080625	0.5579042931258381
105	-79.90256659054054	-14052.970291922355	1.0	1.2	0.9	1.4	1.1	0.5727673659885181	0.42321113151142015	0.5877041195622722	0.3908706412299784	0.39863755733080625	0.5579042931258381
106	-79.90256659054054	-14052.970291922355	1.0	1.2	0.9	1.4	1.1	0.5727673659885181	0.42321113151142015	0.5877041195622722	0.3908706412299784	0.39863755733080625	0.5579042931258381
107	-79.90256659054054	-14052.970291922355	1.0	1.2	0.9	1.4	1.1	0.5727673659885181	0.42321113151142015	0.5877041195622722	0.3908706412299784	0.39863755733080625	0.5579042931258381
108	-79.90256659054054	-14027.330663275434	1.0	1.2	0.9	1.4	1.1	0.5727673659885181	0.42321113151142015	0.5877041195622722	0.3908706412299784	0.39863755733080625	0.5579042931258381
109	-80.55681541947604	-14027.330663275434	0.9796045543695857	1.108751766459842	0.7001558504424077	1.807575823883094	1.0890307387823812	0.5727673659885181	0.42321113151142015	0.5877041195622722	0.3908706412299784	0.39863755733080625	0.5579042931258381
110	-80.55681541947604	-14027.330663275434	0.9796045543695857	1.108751766459842	0.7001558504424077	1.807575823883094	1.0890307387823812	0.5727673659885181	0.42321113151142015	0.5877041195622722	0.3908706412299784	0.39863755733080625	0.5579042931258381
111	-80.55681541947604	-14011.48734799094	0.9796045543695857	1.108751766459842	0.7001558504424077	1.807575823883094	1.0890307387823812	0.5727673659885181	0.42321113151142015	0.5877041195622722	0.3908706412299784	0.39863755733080625	0.5579042931258381
112	-80.55681541947604	-14011.48734799094	0.9796045543695857	1.108751766459842	0.7001558504424077	1.807575823883094	1.0890307387823812	0.5727673659885181	0.42321113151142015	0.5877041195622722	0.3908706412299784	0.39863755733080625	0.5579042931258381
113	-80.56789100197162	-13999.550477205314	0.9796045543695857	1.108751766459842	0.7001558504424077	1.807575823883094	1.0890307387823812	0.5727673659885181	0.42321113151142015	0.5877041195622722	0.3908706412299784	0.39863755733080625	0.5579042931258381
114	-80.56789100197162	-13999.550477205314	0.9796045543695857	1.108751766459842	0.7001558504424077	1.807575823883094	1.0890307387823812	0.5727673659885181	0.42321113151142015	0.5877041195622722	0.3908706412299784	0.39863755733080625	0.5579042931258381
115	-80.56789100197162	-13999.550477205314	0.9796045543695857	1.108751766459842	0.7001558504424077	1.807575823883094	1.0890307387823812	0.5727673659885181	0.42321113151142015	0.5877041195622722	0.3908706412299784	0.39863755733080625	0.5579042931258381
116	-80.56789100197162	-13999.550477205314	0.9796045543695857	1.108751766459842	0.7001558504424077	1.807575823883094	1.0890307387823812	0.5727673659885181	0.42321113151142015	0.5877041195622722	0.3908706412299784	0.39863755733080625	0.5579042931258381
117	-80.56789100197162	-13999.550477205314	0.9796045543695857	1.108751766459842	0.7001558504424077	1.807575823883094	1.0890307387823812	0.5727673659885181	0.42321113151142015	0.5877041195622722	0.3908706412299784	0.39863755733080625	0.5579042931258381
118	-80.56789100197162	-13999.550477205314	0.9796045543695857	1.108751766459842	0.7001558504424077	1.807575823883094	1.0890307387823812	0.5727673659885181	0.42321113151142015	0.5877041195622722	0.3908706412299784	0.39863755733080625	0.5579042931258381
119	-80.56789100197162	-13981.658939644585	0.9796045543695857	1.108751766459842	0.7001558504424077	1.807575823883094	1.0890307387823812	0.5727673659885181	0.42321113151142015	0.5877041195622722	0.3908706412299784	0.39863755733080625	0.5579042931258381
120	-80.56789100197162	-13980.601389228796	0.9796045543695857	1.108751766459842	0.7001558504424077	1.807575823883094	1.0890307387823812	0.5727673659885181	0.42321113151142015	0.5877041195622722	0.3908706412299784	0.39863755733080625	0.5579042931258381
121	-80.56789100197162	-13980.601389228796	0.9796045543695857	1.108751766459842	0.7001558504424077	1.807575823883094	1.0890307387823812	0.5727673659885181	0.42321113151142015	0.5877041195622722	0.3908706412299784	0.39863755733080625	0.5579042931258381
122	-80.56789100197162	-13980.601389228796	0.9796045543695857	1.108751766459842	0.7001558504424077	1.807575823883094	1.0890307387823812	0.5727673659885181	0.42321113151142015	0.5877041195622722	0.3908706412299784	0.39863755733080625	0.5579042931258381
123	-80.56789100197162	-13980.601389228796	0.9796045543695857	1.108751766459842	0.7001558504424077	1.807575823883094	1.0890307387823812	0.5727673659885181	0.42321113151142015	0.5877041195622722	0.3908706412299784	0.39863755733080625	0.5579042931258381
124	-80.56789100197162	-13980.601389228796	0.9796045543695857	1.108751766459842	0.7001558504424077	1.807575823883094	1.0890307387823812	0.5727673659885181	0.42321113151142015	0.5877041195622722	0.3908706412299784	0.39863755733080625	0.5579042931258381
125	-80.56789100197162	-13980.753706365607	0.9796045543695857	1.108751766459842	0.7001558504424077	1.807575823883094	1.0890307387823812	0.5727673659885181	0.42321113151142015	0.5877041195622722	0.3908706412299784	0.39863755733080625	0.5579042931258381
126	-80.56623026536427	-13917.541196208049	0.9796045543695857	1.108751766459842	0.7001558504424077	1.807575823883094	1.0890307387823812	0.5727673659885181	0.42321113151142015	0.5877041195622722	0.3908706412299784	0.39863755733080625	0.5579042931258381
127	-80.56623026536427	-13917.049515818055	0.9796045543695857	1.108751766459842	0.7001558504424077	1.807575823883094	1.0890307387823812	0.5727673659885181	0.42321113151142015	0.5877041195622722	0.3908706412299784	0.39863755733080625	0.5579042931258381
128	-80.56623026536427	-13917.983261662639	0.9796045543695857	1.108751766459842	0.7001558504424077	1.807575823883094	1.0890307387823812	0.5727673659885181	0.42321113151142015	0.5877041195622722	0.3908706412299784	0.39863755733080625	0.5579042931258381
129	-80.56623026536427	-13917.983261662639	0.9796045543695857	1.108751766459842	0.7001558504424077	1.807575823883094	1.0890307387823812	0.5727673659885181	0.42321113151142015	0.5877041195622722	0.3908706412299784	0.39863755733080625	0.5579042931258381
130	-80.56623026536427	-13917.983261662639	0.9796045543695857	1.108751766459842	0.7001558504424077	1.807575823883094	1.0890307387823812	0.5727673659885181	0.42321113151142015	0.5877041195622722	0.3908706412299784	0.39863755733080625	0.5579042931258381
131	-80.55941945107983	-13918.607897108428	0.9796045543695857	1.108751766459842	0.7001558504424077	1.807575823883094	1.0890307387823812	0.5727673659885181	0.42321113151142015	0.5877041195622722	0.3908706412299784	0.39863755733080625	0.5579042931258381
132	-80.80471409397535	-13918.607897108428	0.9796045543695857	1.108751766459842	0.7001558504424077	1.807575823883094	1.0890307387823812	0.4399815237072575	0.5254372044176985	0.547303312347575	0.3498642934395464	0.4285191199020601	0.5579042931258381
133	-80.80471409397535	-13918.607897108428	0.9796045543695857	1.108751766459842	0.7001558504424077	1.807575823883094	1.0890307387823812	0.4399815237072575	0.5254372044176985	0.547303312347575	0.3498642934395464	0.4285191199020601	0.5579042931258381
134	-80.80471409397535	-13918.607897108428	0.9796045543695857	1.108751766459842	0.7001558504424077	1.807575823883094	1.0890307387823812	0.4399815237072575	0.5254372044176985	0.547303312347575	0.3498642934395464	0.4285191199020601	0.5579042931258381
135	-80.21976622379177	-13918.607897108428	0.9796045543695857	1.108751766459842	0.7001558504424077	1.807575823883094	1.0890307387823812	0.3824840283113923	0.6596677043716206	0.4731751771211972	0.3410762757205722	0.35745535157742125	0.5579042931258381
136	-80.21976622379177	-13917.703494825071	0.9796045543695857	1.108751766459842	0.7001558504424077	1.807575823883094	1.0890307387823812	0.3824840283113923	0.6596677043716206	0.4731751771211972	0.3410762757205722	0.35745535157742125	0.5579042931258381
137	-80.21607838380255	-13916.383766797077	0.9796045543695857	1.108751766459842	0.7001558504424077	1.807575823883094	1.0890307387823812	0.3824840283113923	0.6596677043716206	0.4731751771211972	0.3410762757205722	0.35745535157742125	0.5579042931258381
138	-80.21607838380255	-13916.183519420441	0.9796045543695857	1.108751766459842	0.7001558504424077	1.807575823883094	1.0890307387823812	0.3824840283113923	0.6596677043716206	0.4731751771211972	0.3410762757205722	0.35745535157742125	0.5579042931258381
139	-80.21607838380255	-13916.183519420441	0.9796045543695857	1.108751766459842	0.7001558504424077	1.807575823883094	1.0890307387823812	0.3824840283113923	0.6596677043716206	0.4731751771211972	0.3410762757205722	0.35745535157742125	0.5579042931258381
140	-80.21607838380255	-13916.183519420441	0.9796045543695857	1.108751766459842	0.7001558504424077	1.807575823883094	1.0890307387823812	0.3824840283113923	0.6596677043716206	0.4731751771211972	0.3410762757205722	0.35745535157742125	0.5579042931258381
141	-80.21607838380255	-13915.263089080716	0.9796045543695857	1.108751766459842	0.7001558504424077	1.807575823883094	1.0890307387823812	0.3824840283113923	0.6596677043716206	0.4731751771211972	0.3410762757205722	0.35745535157742125	0.5579042931258381
142	-80.21607838380255	-13915.263089080716	0.9796045543695857	1.108751766459842	0.7001558504424077	1.807575823883094	1.0890307387823812	0.3824840283113923	0.6596677043716206	0.4731751771211972	0.3410762757205722	0.35745535157742125	0.5579042931258381
143	-80.16541189555775	-13882.909408344734	0.9796045543695857	1.108751766459842	0.7001558504424077	1.807575823883094	1.0890307387823812	0.3824840283113923	0.6596677043716206	0.4731751771211972	0.3410762757205722	0.35745535157742125	0.5579042931258381
144	-80.16541189555775	-13882.909408344734	0.9796045543695857	1.108751766459842	0.7001558504424077	1.807575823883094	1.0890307387823812	0.3824840283113923	0.6596677043716206	0.4731751771211972	0.3410762757205722	0.35745535157742125	0.5579042931258381
145	-80.11982082799774	-13869.937869523843	0.9796045543695857	1.108751766459842	0.7001558504424077	1.807575823883094	1.0890307387823812	0.3824840283113923	0.6596677043716206	0.4731751771211972	0.3410762757205722	0.35745535157742125	0.5579042931258381
146	-80.11982082799774	-13869.937869523843	0.9796045543695857	1.108751766459842	0.7001558504424077	1.807575823883094	1.0890307387823812	0.3824840283113923	0.6596677043716206	0.4731751771211972	0.3410762757205722	0.35745535157742125	0.5579042931258381
147	-80.11982082799774	-13869.937869523843	0.9796045543695857	1.108751766459842	0.7001558504424077	1.807575823883094	1.0890307387823812	0.3824840283113923	0.6596677043716206	0.4731751771211972	0.3410762757205722	0.35745535157742125	0.5579042931258381
148	-80.15151962559722	-13869.937869523843	0.9796045543695857	1.108751766459842	0.7001558504424077	1.807575823883094	1.0890307387823812	0.3824840283113923	0.6596677043716206	0.4731751771211972	0.3410762757205722	0.35745535157742125	0.6064862495571793
149	-80.18072750138835	-13847.812597632346	0.9796045543695857	1.108751766459842	0.7001558504424077	1.807575823883094	1.0890307387823812	0.3824840283113923	0.6596677043716206	0.4731751771211972	0.3410762757205722	0.35745535157742125	0.6064862495571793
150	-80.18072750138835	-13847.812597632346	0.9796045543695857	1.108751766459842	0.7001558504424077	1.807575823883094	1.0890307387823812	0.3824840283113923	0.6596677043716206	0.4731751771211972	0.3410762757205722	0.35745535157742125	0.6064862495571793
151	-80.18072750138835	-13847.812597632346	0.9796045543695857	1.108751766459842	0.7001558504424077	1.807575823883094	1.0890307387823812	0.3824840283113923	0.6596677043716206	0.4731751771211972	0.3410762757205722	0.35745535157742125	0.6064862495571793
152	-80.18072750138835	-13831.83416995344	0.9796045543695857	1.108751766459842	0.7001558504424077	1.807575823883094	1.0890307387823812	0.3824840283113923	0.6596677043716206	0.4731751771211972	0.3410762757205722	0.35745535157742125	0.6064862495571793
153	-80.18072750138835	-13831.83416995344	0.9796045543695857	1.108751766459842	0.7001558504424077	1.807575823883094	1.0890307387823812	0.3824840283113923	0.6596677043716206	0.4731751771211972	0.3410762757205722	0.35745535157742125	0.6064862495571793
154	-80.16765267343641	-13824.959660192864	0.9796045543695857	1.108751766459842	0.7001558504424077	1.807575823883094	1.0890307387823812	0.3824840283113923	0.6596677043716206	0.4731751771211972	0.3410762757205722	0.35745535157742125	0.6064862495571793
155	-80.16510713903966	-13824.714793182753	0.9796045543695857	1.108751766459842	0.7001558504424077	1.807575823883094	1.0890307387823812	0.3824840283113923	0.6596677043716206	0.4731751771211972	0.3410762757205722	0.35745535157742125	0.6064862495571793
156	-80.14958106316512	-13746.728403318291	0.9796045543695857	1.108751766459842	0.7001558504424077	1.807575823883094	1.0890307387823812	0.3824840283113923	0.6596677043716206	0.4731751771211972	0.3410762757205722	0.35745535157742125	0.6064862495571793
157	-80.14958106316512	-13746.728403318291	0.9796045543695857	1.108751766459842	0.7001558504424077	1.807575823883094	1.0890307387823812	0.3824840283113923	0.6596677043716206	0.4731751771211972	0.3410762757205722	0.35745535157742125	0.6064862495571793
158	-80.14358545376133	-13748.167849710966	0.9796045543695857	1.108751766459842	0.7001558504424077	1.807575823883094	1.0890307387823812	0.3824840283113923	0.6596677043716206	0.4731751771211972	0.3410762757205722	0.35745535157742125	0.6064862495571793
159	-80.06437780041351	-13748.167849710966	0.9796045543695857	1.108751766459842	0.7001558504424077	1.807575823883094	1.0890307387823812	0.3824840283113923	0.6596677043716206	0.4731751771211972	0.3410762757205722	0.35745535157742125	0.4818816888845432
160	-80.06437780041351	-13748.167849710966	0.9796045543695857	1.108751766459842	0.7001558504424077	1.807575823883094	1.0890307387823812	0.3824840283113923	0.6596677043716206	0.4731751771211972	0.3410762757205722	0.35745535157742125	0.4818816888845432
161	-80.06468474108713	-13747.861316563882	0.9796045543695857	1.108751766459842	0.7001558504424077	1.807575823883094	1.0890307387823812	0.3824840283113923	0.6596677043716206	0.4731751771211972	0.3410762757205722	0.35745535157742125	0.4818816888845432
162	-80.09662897059255	-13717.325141021902	0.9796045543695857	1.108751766459842	0.7001558504424077	1.807575823883094	1.0890307387823812	0.3824840283113923	0.6596677043716206	0.4731751771211972	0.3410762757205722	0.35745535157742125	0.4818816888845432
163	-80.13482011209396	-13700.8456022741	0.9796045543695857	1.108751766459842	0.7001558504424077	1.807575823883094	1.0890307387823812	0.3824840283113923	0.6596677043716206	0.4731751771211972	0.3410762757205722	0.35745535157742125	0.4818816888845432
164	-80.1362092465847	-13699.44868647333	0.9796045543695857	1.108751766459842	0.7001558504424077	1.807575823883094	1.0890307387823812	0.3824840283113923	0.6596677043716206	0.4731751771211972	0.3410762757205722	0.35745535157742125	0.4818816888845432
165	-80.1362092465847	-13696.418264473868	0.9796045543695857	1.108751766459842	0.7001558504424077	1.807575823883094	1.0890307387823812	0.3824840283113923	0.6596677043716206	0.4731751771211972	0.3410762757205722	0.35745535157742125	0.4818816888845432
166	-80.1362092465847	-13615.764292339423	0.9796045543695857	1.108751766459842	0.7001558504424077	1.807575823883094	1.0890307387823812	0.3824840283113923	0.6596677043716206	0.4731751771211972	0.3410762757205722	0.35745535157742125	0.4818816888845432
167	-80.1362092465847	-13615.764292339423	0.9796045543695857	1.108751766459842	0.7001558504424077	1.807575823883094	1.0890307387823812	0.3824840283113923	0.6596677043716206	0.4731751771211972	0.3410762757205722	0.35745535157742125	0.4818816888845432
168	-80.1362092465847	-13615.764292339423	0.9796045543695857	1.108751766459842	0.7001558504424077	1.807575823883094	1.0890307387823812	0.3824840283113923	0.6596677043716206	0.4731751771211972	0.3410762757205722	0.35745535157742125	0.4818816888845432
169	-80.13957678362965	-13610.495832055265	0.9796045543695857	1.108751766459842	0.7001558504424077	1.807575823883094	1.0890307387823812	0.3824840283113923	0.6596677043716206	0.4731751771211972	0.3410762757205722	0.35745535157742125	0.4818816888845432
170	-80.13957678362965	-13585.493648252743	0.9796045543695857	1.108751766459842	0.7001558504424077	1.807575823883094	1.0890307387823812	0.3824840283113923	0.6596677043716206	0.4731751771211972	0.3410762757205722	0.35745535157742125	0.4818816888845432
171	-80.13835442932364	-13566.700468864634	0.9796045543695857	1.108751766459842	0.7001558504424077	1.807575823883094	1.0890307387823812	0.3824840283113923	0.6596677043716206	0.4731751771211972	0.3410762757205722	0.35745535157742125	0.4818816888845432
172	-80.13835442932364	-13566.700468864634	0.9796045543695857	1.108751766459842	0.7001558504424077	1.807575823883094	1.0890307387823812	0.3824840283113923	0.6596677043716206	0.4731751771211972	0.3410762757205722	0.35745535157742125	0.4818816888845432
173	-80.13791038611515	-13485.2781327359	0.9796045543695857	1.108751766459842	0.7001558504424077	1.807575823883094	1.0890307387823812	0.3824840283113923	0.6596677043716206	0.4731751771211972	0.3410762757205722	0.35745535157742125	0.4818816888845432
174	-80.13791038611515	-13485.2781327359	0.9796045543695857	1.108751766459842	0.7001558504424077	1.807575823883094	1.0890307387823812	0.3824840283113923	0.6596677043716206	0.4731751771211972	0.3410762757205722	0.35745535157742125	0.4818816888845432
175	-80.15285616017576	-13279.751089208792	0.9796045543695857	1.108751766459842	0.7001558504424077	1.807575823883094	1.0890307387823812	0.3824840283113923	0.6596677043716206	0.4731751771211972	0.3410762757205722	0.35745535157742125	0.4818816888845432
176	-80.15285616017576	-13279.751089208792	0.9796045543695857	1.108751766459842	0.7001558504424077	1.807575823883094	1.0890307387823812	0.3824840283113923	0.6596677043716206	0.4731751771211972	0.3410762757205722	0.35745535157742125	0.4818816888845432
177	-80.15542201481675	-13281.729157972257	0.9796045543695857	1.108751766459842	0.7001558504424077	1.807575823883094	1.0890307387823812	0.3824840283113923	0.6596677043716206	0.4731751771211972	0.3410762757205722	0.35745535157742125	0.4818816888845432
178	-80.15542201481675	-13281.729157972257	0.9796045543695857	1.108751766459842	0.7001558504424077	1.807575823883094	1.0890307387823812	0.3824840283113923	0.6596677043716206	0.4731751771211972	0.3410762757205722	0.35745535157742125	0.4818816888845432
179	-80.15542201481675	-13281.729157972257	0.9796045543695857	1.108751766459842	0.7001558504424077	1.807575823883094	1.0890307387823812	0.3824840283113923	0.6596677043716206	0.4731751771211972	0.3410762757205722	0.35745535157742125	0.4818816888845432
180	-80.1452133211661	-13268.370659270307	0.9796045543695857	1.108751766459842	0.7001558504424077	1.807575823883094	1.0890307387823812	0.3824840283113923	0.6596677043716206	0.4731751771211972	0.3410762757205722	0.35745535157742125	0.4818816888845432
181	-80.13570808680161	-13254.678745808325	0.9796045543695857	1.108751766459842	0.7001558504424077	1.807575823883094	1.0890307387823812	0.3824840283113923	0.6596677043716206	0.4731751771211972	0.3410762757205722	0.35745535157742125	0.4818816888845432
182	-80.13570808680161	-13254.678745808325	0.9796045543695857	1.108751766459842	0.7001558504424077	1.807575823883094	1.0890307387823812	0.3824840283113923	0.6596677043716206	0.4731751771211972	0.3410762757205722	0.35745535157742125	0.4818816888845432
183	-80.13570808680161	-13254.678745808325	0.9796045543695857	1.108751766459842	0.7001558504424077	1.807575823883094	1.0890307387823812	0.3824840283113923	0.6596677043716206	0.4731751771211972	0.3410762757205722	0.35745535157742125	0.4818816888845432
184	-80.13570808680161	-13245.83330506404	0.9796045543695857	1.108751766459842	0.7001558504424077	1.807575823883094	1.0890307387823812	0.3824840283113923	0.6596677043716206	0.4731751771211972	0.3410762757205722	0.35745535157742125	0.4818816888845432
185	-80.13570808680161	-13245.83330506404	0.9796045543695857	1.108751766459842	0.7001558504424077	1.807575823883094	1.0890307387823812	0.3824840283113923	0.6596677043716206	0.4731751771211972	0.3410762757205722	0.35745535157742125	0.4818816888845432
186	-80.13570808680161	-13245.83330506404	0.9796045543695857	1.108751766459842	0.7001558504424077	1.807575823883094	1.0890307387823812	0.3824840283113923	0.6596677043716206	0.4731751771211972	0.3410762757205722	0.35745535157742125	0.4818816888845432
187	-80.13570808680161	-13191.23670288764	0.9796045543695857	1.108751766459842	0.7001558504424077	1.807575823883094	1.0890307387823812	0.3824840283113923	0.6596677043716206	0.4731751771211972	0.3410762757205722	0.35745535157742125	0.4818816888845432
188	-80.13570808680161	-13191.23670288764	0.9796045543695857	1.108751766459842	0.7001558504424077	1.807575823883094	1.0890307387823812	0.3824840283113923	0.6596677043716206	0.4731751771211972	0.3410762757205722	0.35745535157742125	0.4818816888845432
189	-80.13570808680161	-13191.23670288764	0.9796045543695857	1.108751766459842	0.7001558504424077	1.807575823883094	1.0890307387823812	0.3824840283113923	0.6596677043716206	0.4731751771211972	0.3410762757205722	0.35745535157742125	0.4818816888845432
190	-80.13570808680161	-13191.23670288764	0.9796045543695857	1.108751766459842	0.7001558504424077	1.807575823883094	1.0890307387823812	0.3824840283113923	0.6596677043716206	0.4731751771211972	0.3410762757205722	0.35745535157742125	0.4818816888845432
191	-80.12689204470001	-13142.557112710785	0.9796045543695857	1.108751766459842	0.7001558504424077	1.807575823883094	1.0890307387823812	0.3824840283113923	0.6596677043716206	0.4731751771211972	0.3410762757205722	0.35745535157742125	0.4818816888845432
192	-80.12689204470001	-13142.557112710785	0.9796045543695857	1.108751766459842	0.7001558504424077	1.807575823883094	1.0890307387823812	0.3824840283113923	0.6596677043716206	0.4731751771211972	0.3410762757205722	0.35745535157742125	0.4818816888845432
193	-80.12689204470001	-13140.10072355827	0.9796045543695857	1.108751766459842	0.7001558504424077	1.807575823883094	1.0890307387823812	0.3824840283113923	0.6596677043716206	0.4731751771211972	0.3410762757205722	0.35745535157742125	0.4818816888845432
194	-80.12689204470001	-13110.199901362892	0.9796045543695857	1.108751766459842	0.7001558504424077	1.807575823883094	1.0890307387823812	0.3824840283113923	0.6596677043716206	0.4731751771211972	0.3410762757205722	0.35745535157742125	0.4818816888845432
195	-79.82921272490059	-13110.199901362892	0.9796045543695857	1.108751766459842	0.7001558504424077	1.807575823883094	1.0890307387823812	0.4639744817896405	0.6419263480325158	0.3657929754953036	0.27296641184708137	0.3214512342024459	0.4818816888845432
196	-79.82921272490059	-13110.199901362892	0.9796045543695857	1.108751766459842	0.7001558504424077	1.807575823883094	1.0890307387823812	0.4639744817896405	0.6419263480325158	0.3657929754953036	0.27296641184708137	0.3214512342024459	0.4818816888845432
197	-79.97819480884365	-13110.199901362892	1.289641817763789	0.8424027993228823	0.5851731287483843	2.21668134235167	1.086579490060885	0.4639744817896405	0.6419263480325158	0.3657929754953036	0.27296641184708137	0.3214512342024459	0.4818816888845432
198	-79.97819480884365	-13110.199901362892	1.289641817763789	0.8424027993228823	0.5851731287483843	2.21668134235167	1.086579490060885	0.4639744817896405	0.6419263480325158	0.3657929754953036	0.27296641184708137	0.3214512342024459	0.4818816888845432
199	-79.97819480884365	-13110.199901362892	1.289641817763789	0.8424027993228823	0.5851731287483843	2.21668134235167	1.086579490060885	0.4639744817896405	0.6419263480325158	0.3657929754953036	0.27296641184708137	0.3214512342024459	0.4818816888845432
200	-79.99318427485159	-13083.131028389509	1.289641817763789	0.8424027993228823	0.5851731287483843	2.21668134235167	1.086579490060885	0.4639744817896405	0.6419263480325158	0.3657929754953036	0.27296641184708137	0.3214512342024459	0.4818816888845432
201	-79.99318427485159	-13082.925599145889	1.289641817763789	0.8424027993228823	0.5851731287483843	2.21668134235167	1.086579490060885	0.4639744817896405	0.6419263480325158	0.3657929754953036	0.27296641184708137	0.3214512342024459	0.4818816888845432
202	-79.99318427485159	-13082.925599145889	1.289641817763789	0.8424027993228823	0.5851731287483843	2.21668134235167	1.086579490060885	0.4639744817896405	0.6419263480325158	0.3657929754953036	0.27296641184708137	0.3214512342024459	0.4818816888845432
203	-79.99318427485159	-13082.925599145889	1.289641817763789	0.8424027993228823	0.5851731287483843	2.21668134235167	1.086579490060885	0.4639744817896405	0.6419263480325158	0.3657929754953036	0.27296641184708137	0.3214512342024459	0.4818816888845432
204	-79.99288778756329	-13082.437182071522	1.289641817763789	0.8424027993228823	0.5851731287483843	2.21668134235167	1.086579490060885	0.4639744817896405	0.6419263480325158	0.3657929754953036	0.27296641184708137	0.3214512342024459	0.4818816888845432
205	-79.99288778756329	-13082.437182071522	1.289641817763789	0.8424027993228823	0.5851731287483843	2.21668134235167	1.086579490060885	0.4639744817896405	0.6419263480325158	0.3657929754953036	0.27296641184708137	0.3214512342024459	0.4818816888845432
206	-79.98971212988813	-12985.489304983765	1.289641817763789	0.8424027993228823	0.5851731287483843	2.21668134235167	1.086579490060885	0.4639744817896405	0.6419263480325158	0.3657929754953036	0.27296641184708137	0.3214512342024459	0.4818816888845432
207	-79.98971212988813	-12985.489304983765	1.289641817763789	0.8424027993228823	0.5851731287483843	2.21668134235167	1.086579490060885	0.4639744817896405	0.6419263480325158	0.3657929754953036	0.27296641184708137	0.3214512342024459	0.4818816888845432
208	-79.98971212988813	-12914.810103269016	1.289641817763789	0.8424027993228823	0.5851731287483843	2.21668134235167	1.086579490060885	0.4639744817896405	0.6419263480325158	0.3657929754953036	0.27296641184708137	0.3214512342024459	0.4818816888845432
209	-79.98971212988813	-12914.810103269016	1.289641817763789	0.8424027993228823	0.5851731287483843	2.21668134235167	1.086579490060885	0.4639744817896405	0.6419263480325158	0.3657929754953036	0.27296641184708137	0.3214512342024459	0.4818816888845432
210	-79.98971212988813	-12911.574238035837	1.289641817763789	0.8424027993228823	0.5851731287483843	2.21668134235167	1.086579490060885	0.4639744817896405	0.6419263480325158	0.3657929754953036	0.27296641184708137	0.3214512342024459	0.4818816888845432
211	-79.98971212988813	-12911.46076883165	1.289641817763789	0.8424027993228823	0.5851731287483843	2.21668134235167	1.086579490060885	0.4639744817896405	0.6419263480325158	0.3657929754953036	0.27296641184708137	0.3214512342024459	0.4818816888845432
212	-79.98971212988813	-12901.079281037784	1.289641817763789	0.8424027993228823	0.5851731287483843	2.21668134235167	1.086579490060885	0.4639744817896405	0.6419263480325158	0.3657929754953036	0.27296641184708137	0.3214512342024459	0.4818816888845432
213	-79.98971212988813	-12901.079281037784	1.289641817763789	0.8424027993228823	0.5851731287483843	2.21668134235167	1.086579490060885	0.4639744817896405	0.6419263480325158	0.3657929754953036	0.27296641184708137	0.3214512342024459	0.4818816888845432
214	-79.98971212988813	-12901.079281037784	1.289641817763789	0.8424027993228823	0.5851731287483843	2.21668134235167	1.086579490060885	0.4639744817896405	0.6419263480325158	0.3657929754953036	0.27296641184708137	0.3214512342024459	0.4818816888845432
215	-79.98971212988813	-12901.079281037784	1.289641817763789	0.8424027993228823	0.5851731287483843	2.21668134235167	1.086579490060885	0.4639744817896405	0.6419263480325158	0.3657929754953036	0.27296641184708137	0.3214512342024459	0.4818816888845432
216	-79.98971212988813	-12901.079281037784	1.289641817763789	0.8424027993228823	0.5851731287483843	2.21668134235167	1.086579490060885	0.4639744817896405	0.6419263480325158	0.3657929754953036	0.27296641184708137	0.3214512342024459	0.4818816888845432
217	-79.97324602127301	-12897.611424949806	1.289641817763789	0.8424027993228823	0.5851731287483843	2.21668134235167	1.086579490060885	0.4639744817896405	0.6419263480325158	0.3657929754953036	0.27296641184708137	0.3214512342024459	0.4818816888845432
218	-80.06604247874917	-12897.611424949806	1.289641817763789	0.8424027993228823	0.5851731287483843	2.21668134235167	1.086579490060885	0.4639744817896405	0.6419263480325158	0.3657929754953036	0.27296641184708137	0.3214512342024459	0.6282235778061175
219	-80.06604247874917	-12897.611424949806	1.289641817763789	0.8424027993228823	0.5851731287483843	2.21668134235167	1.086579490060885	0.4639744817896405	0.6419263480325158	0.3657929754953036	0.27296641184708137	0.3214512342024459	0.6282235778061175
220	-80.06604247874917	-12897.611424949806	1.289641817763789	0.8424027993228823	0.5851731287483843	2.21668134235167	1.086579490060885	0.4639744817896405	0.6419263480325158	0.3657929754953036	0.27296641184708137	0.3214512342024459	0.6282235778061175
221	-80.06604247874917	-12897.611424949806	1.289641817763789	0.8424027993228823	0.5851731287483843	2.21668134235167	1.086579490060885	0.4639744817896405	0.6419263480325158	0.3657929754953036	0.27296641184708137	0.3214512342024459	0.6282235778061175
222	-80.02308206967275	-12897.611424949806	1.289641817763789	0.8424027993228823	0.5851731287483843	2.21668134235167	1.086579490060885	0.5164756345589263	0.6635247342635999	0.37274523779564767	0.27303275521082654	0.3161075455575509	0.6282235778061175
223	-80.02308206967275	-12897.611424949806	1.289641817763789	0.8424027993228823	0.5851731287483843	2.21668134235167	1.086579490060885	0.5164756345589263	0.6635247342635999	0.37274523779564767	0.27303275521082654	0.3161075455575509	0.6282235778061175
224	-80.02308206967275	-12884.95438570045	1.289641817763789	0.8424027993228823	0.5851731287483843	2.21668134235167	1.086579490060885	0.5164756345589263	0.6635247342635999	0.37274523779564767	0.27303275521082654	0.3161075455575509	0.6282235778061175
225	-80.02308206967275	-12884.95438570045	1.289641817763789	0.8424027993228823	0.5851731287483843	2.21668134235167	1.086579490060885	0.5164756345589263	0.6635247342635999	0.37274523779564767	0.27303275521082654	0.3161075455575509	0.6282235778061175
226	-80.02308206967275	-12880.004066718478	1.289641817763789	0.8424027993228823	0.5851731287483843	2.21668134235167	1.086579490060885	0.5164756345589263	0.6635247342635999	0.37274523779564767	0.27303275521082654	0.3161075455575509	0.6282235778061175
227	-80.02308206967275	-12880.004066718478	1.289641817763789	0.8424027993228823	0.5851731287483843	2.21668134235167	1.086579490060885	0.5164756345589263	0.6635247342635999	0.37274523779564767	0.27303275521082654	0.3161075455575509	0.6282235778061175
228	-80.02308206967275	-12880.004066718478	1.289641817763789	0.8424027993228823	0.5851731287483843	2.21668134235167	1.086579490060885	0.5164756345589263	0.6635247342635999	0.37274523779564767	0.27303275521082654	0.3161075455575509	0.6282235778061175
229	-80.02308206967275	-12880.004066718478	1.289641817763789	0.8424027993228823	0.5851731287483843	2.21668134235167	1.086579490060885	0.5164756345589263	0.6635247342635999	0.37274523779564767	0.27303275521082654	0.3161075455575509	0.6282235778061175
230	-80.02308206967275	-12880.004066718478	1.289641817763789	0.8424027993228823	0.5851731287483843	2.21668134235167	1.086579490060885	0.5164756345589263	0.6635247342635999	0.37274523779564767	0.27303275521082654	0.3161075455575509	0.6282235778061175
231	-79.99168959540005	-12880.004066718478	1.289641817763789	0.8424027993228823	0.5851731287483843	2.21668134235167	1.086579490060885	0.5431002695334677	0.8264070751870253	0.30356710738811665	0.25443702933997986	0.3121711206701921	0.6282235778061175
232	-79.99168959540005	-12844.890148794713	1.289641817763789	0.8424027993228823	0.5851731287483843	2.21668134235167	1.086579490060885	0.5431002695334677	0.8264070751870253	0.30356710738811665	0.25443702933997986	0.3121711206701921	0.6282235778061175
233	-79.99168959540005	-12835.3322809175	1.289641817763789	0.8424027993228823	0.5851731287483843	2.21668134235167	1.086579490060885	0.5431002695334677	0.8264070751870253	0.30356710738811665	0.25443702933997986	0.3121711206701921	0.6282235778061175
234	-79.99168959540005	-12804.387736037836	1.289641817763789	0.8424027993228823	0.5851731287483843	2.21668134235167	1.086579490060885	0.5431002695334677	0.8264070751870253	0.30356710738811665	0.25443702933997986	0.3121711206701921	0.6282235778061175
235	-79.99168959540005	-12804.387736037836	1.289641817763789	0.8424027993228823	0.5851731287483843	2.21668134235167	1.086579490060885	0.5431002695334677	0.8264070751870253	0.30356710738811665	0.25443702933997986	0.3121711206701921	0.6282235778061175
236	-79.99168959540005	-12804.508166802803	1.289641817763789	0.8424027993228823	0.5851731287483843	2.21668134235167	1.086579490060885	0.5431002695334677	0.8264070751870253	0.30356710738811665	0.25443702933997986	0.3121711206701921	0.6282235778061175
237	-79.99168959540005	-12804.508166802803	1.289641817763789	0.8424027993228823	0.5851731287483843	2.21668134235167	1.086579490060885	0.5431002695334677	0.8264070751870253	0.30356710738811665	0.25443702933997986	0.3121711206701921	0.6282235778061175
238	-79.99168959540005	-12804.508166802803	1.289641817763789	0.8424027993228823	0.5851731287483843	2.21668134235167	1.086579490060885	0.5431002695334677	0.8264070751870253	0.30356710738811665	0.25443702933997986	0.3121711206701921	0.6282235778061175
239	-79.9837366720902	-12772.063973461443	1.289641817763789	0.8424027993228823	0.5851731287483843	2.21668134235167	1.086579490060885	0.5431002695334677	0.8264070751870253	0.30356710738811665	0.25443702933997986	0.3121711206701921	0.6282235778061175
240	-80.00759484803915	-12772.063973461443	1.289641817763789	0.8424027993228823	0.5851731287483843	2.21668134235167	1.086579490060885	0.5431002695334677	0.8264070751870253	0.30356710738811665	0.25443702933997986	0.3121711206701921	0.6636168837586243
241	-80.00770590251594	-12772.22923669118	1.289641817763789	0.8424027993228823	0.5851731287483843	2.21668134235167	1.086579490060885	0.5431002695334677	0.8264070751870253	0.30356710738811665	0.25443702933997986	0.3121711206701921	0.6636168837586243
242	-80.00770590251594	-12772.22923669118	1.289641817763789	0.8424027993228823	0.5851731287483843	2.21668134235167	1.086579490060885	0.5431002695334677	0.8264070751870253	0.30356710738811665	0.25443702933997986	0.3121711206701921	0.6636168837586243
243	-79.96749543318096	-12772.22923669118	1.289641817763789	0.8424027993228823	0.5851731287483843	2.21668134235167	1.086579490060885	0.5431002695334677	0.8264070751870253	0.30356710738811665	0.25443702933997986	0.3121711206701921	0.6034749968875309
244	-79.96749543318096	-12772.22923669118	1.289641817763789	0.8424027993228823	0.5851731287483843	2.21668134235167	1.086579490060885	0.5431002695334677	0.8264070751870253	0.30356710738811665	0.25443702933997986	0.3121711206701921	0.6034749968875309
245	-79.96749543318096	-12772.22923669118	1.289641817763789	0.8424027993228823	0.5851731287483843	2.21668134235167	1.086579490060885	0.5431002695334677	0.8264070751870253	0.30356710738811665	0.25443702933997986	0.3121711206701921	0.6034749968875309
246	-79.96749543318096	-12772.22923669118	1.289641817763789	0.8424027993228823	0.5851731287483843	2.21668134235167	1.086579490060885	0.5431002695334677	0.8264070751870253	0.30356710738811665	0.25443702933997986	0.3121711206701921	0.6034749968875309
247	-79.96749543318096	-12772.22923669118	1.289641817763789	0.8424027993228823	0.5851731287483843	2.21668134235167	1.086579490060885	0.5431002695334677	0.8264070751870253	0.30356710738811665	0.25443702933997986	0.3121711206701921	0.6034749968875309
248	-79.96749543318096	-12734.030312821147	1.289641817763789	0.8424027993228823	0.5851731287483843	2.21668134235167	1.086579490060885	0.5431002695334677	0.8264070751870253	0.30356710738811665	0.25443702933997986	0.3121711206701921	0.6034749968875309
249	-79.97540653399646	-12731.15860286346	1.289641817763789	0.8424027993228823	0.5851731287483843	2.21668134235167	1.086579490060885	0.5431002695334677	0.8264070751870253	0.30356710738811665	0.25443702933997986	0.3121711206701921	0.6034749968875309
250	-79.97540653399646	-12731.15860286346	1.289641817763789	0.8424027993228823	0.5851731287483843	2.21668134235167	1.086579490060885	0.5431002695334677	0.8264070751870253	0.30356710738811665	0.25443702933997986	0.3121711206701921	0.6034749968875309
251	-79.44617574209579	-12731.15860286346	1.289641817763789	0.8424027993228823	0.5851731287483843	2.21668134235167	1.086579490060885	0.4092789838229831	1.0393719266262242	0.23207013630673165	0.23393745544337413	0.24744206791721593	0.6034749968875309
252	-79.44617574209579	-12732.025269097527	1.289641817763789	0.8424027993228823	0.5851731287483843	2.21668134235167	1.086579490060885	0.4092789838229831	1.0393719266262242	0.23207013630673165	0.23393745544337413	0.24744206791721593	0.6034749968875309
253	-79.44617574209579	-12386.855899424772	1.289641817763789	0.8424027993228823	0.5851731287483843	2.21668134235167	1.086579490060885	0.4092789838229831	1.0393719266262242	0.23207013630673165	0.23393745544337413	0.24744206791721593	0.6034749968875309
254	-79.44617574209579	-12386.855899424772	1.289641817763789	0.8424027993228823	0.5851731287483843	2.21668134235167	1.086579490060885	0.4092789838229831	1.0393719266262242	0.23207013630673165	0.23393745544337413	0.24744206791721593	0.6034749968875309
255	-79.45451872699483	-12368.285921925068	1.289641817763789	0.8424027993228823	0.5851731287483843	2.21668134235167	1.086579490060885	0.4092789838229831	1.0393719266262242	0.23207013630673165	0.23393745544337413	0.24744206791721593	0.6034749968875309
256	-79.45451872699483	-12368.285921925068	1.289641817763789	0.8424027993228823	0.5851731287483843	2.21668134235167	1.086579490060885	0.4092789838229831	1.0393719266262242	0.23207013630673165	0.23393745544337413	0.24744206791721593	0.6034749968875309
257	-79.45451872699483	-12368.285921925068	1.289641817763789	0.8424027993228823	0.5851731287483843	2.21668134235167	1.086579490060885	0.4092789838229831	1.0393719266262242	0.23207013630673165	0.23393745544337413	0.24744206791721593	0.6034749968875309
258	-79.45451872699483	-12368.581759511339	1.289641817763789	0.8424027993228823	0.5851731287483843	2.21668134235167	1.086579490060885	0.4092789838229831	1.0393719266262242	0.23207013630673165	0.23393745544337413	0.24744206791721593	0.6034749968875309
259	-79.45451872699483	-12368.581759511339	1.289641817763789	0.8424027993228823	0.5851731287483843	2.21668134235167	1.086579490060885	0.4092789838229831	1.0393719266262242	0.23207013630673165	0.23393745544337413	0.24744206791721593	0.6034749968875309
260	-79.44278839208918	-12366.56227500218	1.289641817763789	0.8424027993228823	0.5851731287483843	2.21668134235167	1.086579490060885	0.4092789838229831	1.0393719266262242	0.23207013630673165	0.23393745544337413	0.24744206791721593	0.6034749968875309
261	-79.47188082953824	-12347.47373876806	1.289641817763789	0.8424027993228823	0.5851731287483843	2.21668134235167	1.086579490060885	0.4092789838229831	1.0393719266262242	0.23207013630673165	0.23393745544337413	0.24744206791721593	0.6034749968875309
262	-79.47188082953824	-12347.47373876806	1.289641817763789	0.8424027993228823	0.5851731287483843	2.21668134235167	1.086579490060885	0.4092789838229831	1.0393719266262242	0.23207013630673165	0.23393745544337413	0.24744206791721593	0.6034749968875309
263	-79.49523838420842	-12331.298526366134	1.289641817763789	0.8424027993228823	0.5851731287483843	2.21668134235167	1.086579490060885	0.4092789838229831	1.0393719266262242	0.23207013630673165	0.23393745544337413	0.24744206791721593	0.6034749968875309
264	-79.49523838420842	-12331.298526366134	1.289641817763789	0.8424027993228823	0.5851731287483843	2.21668134235167	1.086579490060885	0.4092789838229831	1.0393719266262242	0.23207013630673165	0.23393745544337413	0.24744206791721593	0.6034749968875309
265	-79.4808037262636	-12320.343700294026	1.289641817763789	0.8424027993228823	0.5851731287483843	2.21668134235167	1.086579490060885	0.4092789838229831	1.0393719266262242	0.23207013630673165	0.23393745544337413	0.24744206791721593	0.6034749968875309
266	-79.4808037262636	-12313.515621399301	1.289641817763789	0.8424027993228823	0.5851731287483843	2.21668134235167	1.086579490060885	0.4092789838229831	1.0393719266262242	0.23207013630673165	0.23393745544337413	0.24744206791721593	0.6034749968875309
267	-79.4808037262636	-12313.515621399301	1.289641817763789	0.8424027993228823	0.5851731287483843	2.21668134235167	1.086579490060885	0.4092789838229831	1.0393719266262242	0.23207013630673165	0.23393745544337413	0.24744206791721593	0.6034749968875309
268	-79.4808037262636	-12313.515621399301	1.289641817763789	0.8424027993228823	0.5851731287483843	2.21668134235167	1.086579490060885	0.4092789838229831	1.0393719266262242	0.23207013630673165	0.23393745544337413	0.24744206791721593	0.6034749968875309
269	-79.4808037262636	-12313.695612228094	1.289641817763789	0.8424027993228823	0.5851731287483843	2.21668134235167	1.086579490060885	0.4092789838229831	1.0393719266262242	0.23207013630673165	0.23393745544337413	0.24744206791721593	0.6034749968875309
270	-79.4808037262636	-12313.695612228094	1.289641817763789	0.8424027993228823	0.5851731287483843	2.21668134235167	1.086579490060885	0.4092789838229831	1.0393719266262242	0.23207013630673165	0.23393745544337413	0.24744206791721593	0.6034749968875309
271	-79.4808037262636	-12313.695612228094	1.289641817763789	0.8424027993228823	0.5851731287483843	2.21668134235167	1.086579490060885	0.4092789838229831	1.0393719266262242	0.23207013630673165	0.23393745544337413	0.24744206791721593	0.6034749968875309
272	-79.4808037262636	-12313.695612228094	1.289641817763789	0.8424027993228823	0.5851731287483843	2.21668134235167	1.086579490060885	0.4092789838229831	1.0393719266262242	0.23207013630673165	0.23393745544337413	0.24744206791721593	0.6034749968875309
273	-79.4808037262636	-12313.695612228094	1.289641817763789	0.8424027993228823	0.5851731287483843	2.21668134235167	1.086579490060885	0.4092789838229831	1.0393719266262242	0.23207013630673165	0.23393745544337413	0.24744206791721593	0.6034749968875309
274	-79.4808037262636	-12313.695612228094	1.289641817763789	0.8424027993228823	0.5851731287483843	2.21668134235167	1.086579490060885	0.4092789838229831	1.0393719266262242	0.23207013630673165	0.23393745544337413	0.24744206791721593	0.6034749968875309
275	-79.4808037262636	-12313.695612228094	1.289641817763789	0.8424027993228823	0.5851731287483843	2.21668134235167	1.086579490060885	0.4092789838229831	1.0393719266262242	0.23207013630673165	0.23393745544337413	0.24744206791721593	0.6034749968875309
276	-79.4808037262636	-12313.695612228094	1.289641817763789	0.8424027993228823	0.5851731287483843	2.21668134235167	1.086579490060885	0.4092789838229831	1.0393719266262242	0.23207013630673165	0.23393745544337413	0.24744206791721593	0.6034749968875309
277	-79.4808037262636	-12313.695612228094	1.289641817763789	0.8424027993228823	0.5851731287483843	2.21668134235167	1.086579490060885	0.4092789838229831	1.0393719266262242	0.23207013630673165	0.23393745544337413	0.24744206791721593	0.6034749968875309
278	-79.4808037262636	-12313.695612228094	1.289641817763789	0.8424027993228823	0.5851731287483843	2.21668134235167	1.086579490060885	0.4092789838229831	1.0393719266262242	0.23207013630673165	0.23393745544337413	0.24744206791721593	0.6034749968875309
279	-79.4808037262636	-12313.695612228094	1.289641817763789	0.8424027993228823	0.5851731287483843	2.21668134235167	1.086579490060885	0.4092789838229831	1.0393719266262242	0.23207013630673165	0.23393745544337413	0.24744206791721593	0.6034749968875309
280	-79.49297109369826	-12309.29595063632	1.289641817763789	0.8424027993228823	0.5851731287483843	2.21668134235167	1.086579490060885	0.4092789838229831	1.0393719266262242	0.23207013630673165	0.23393745544337413	0.24744206791721593	0.6034749968875309
281	-79.49297109369826	-12309.29595063632	1.289641817763789	0.8424027993228823	0.5851731287483843	2.21668134235167	1.086579490060885	0.4092789838229831	1.0393719266262242	0.23207013630673165	0.23393745544337413	0.24744206791721593	0.6034749968875309
282	-79.49297109369826	-12309.29595063632	1.289641817763789	0.8424027993228823	0.5851731287483843	2.21668134235167	1.086579490060885	0.4092789838229831	1.0393719266262242	0.23207013630673165	0.23393745544337413	0.24744206791721593	0.6034749968875309
283	-79.49297109369826	-12309.29595063632	1.289641817763789	0.8424027993228823	0.5851731287483843	2.21668134235167	1.086579490060885	0.4092789838229831	1.0393719266262242	0.23207013630673165	0.23393745544337413	0.24744206791721593	0.6034749968875309
284	-79.49297109369826	-12313.791113468951	1.289641817763789	0.8424027993228823	0.5851731287483843	2.21668134235167	1.086579490060885	0.4092789838229831	1.0393719266262242	0.23207013630673165	0.23393745544337413	0.24744206791721593	0.6034749968875309
285	-79.49297109369826	-12313.612332866365	1.289641817763789	0.8424027993228823	0.5851731287483843	2.21668134235167	1.086579490060885	0.4092789838229831	1.0393719266262242	0.23207013630673165	0.23393745544337413	0.24744206791721593	0.6034749968875309
286	-79.49297109369826	-12302.594809735074	1.289641817763789	0.8424027993228823	0.5851731287483843	2.21668134235167	1.086579490060885	0.4092789838229831	1.0393719266262242	0.23207013630673165	0.23393745544337413	0.24744206791721593	0.6034749968875309
287	-79.49297109369826	-12302.594809735074	1.289641817763789	0.8424027993228823	0.5851731287483843	2.21668134235167	1.086579490060885	0.4092789838229831	1.0393719266262242	0.23207013630673165	0.23393745544337413	0.24744206791721593	0.6034749968875309
288	-79.42853262513503	-12302.594809735074	1.289641817763789	0.8424027993228823	0.5851731287483843	2.21668134235167	1.086579490060885	0.4092789838229831	1.0393719266262242	0.23207013630673165	0.23393745544337413	0.24744206791721593	0.5000477650477589
289	-79.43008513659814	-12301.933053840185	1.289641817763789	0.8424027993228823	0.5851731287483843	2.21668134235167	1.086579490060885	0.4092789838229831	1.0393719266262242	0.23207013630673165	0.23393745544337413	0.24744206791721593	0.5000477650477589
290	-79.43008513659814	-12301.933053840185	1.289641817763789	0.8424027993228823	0.5851731287483843	2.21668134235167	1.086579490060885	0.4092789838229831	1.0393719266262242	0.23207013630673165	0.23393745544337413	0.24744206791721593	0.5000477650477589
291	-79.43046276974465	-12301.686972333096	1.289641817763789	0.8424027993228823	0.5851731287483843	2.21668134235167	1.086579490060885	0.4092789838229831	1.0393719266262242	0.23207013630673165	0.23393745544337413	0.24744206791721593	0.5000477650477589
292	-79.43046276974465	-12298.970963316078	1.289641817763789	0.8424027993228823	0.5851731287483843	2.21668134235167	1.086579490060885	0.4092789838229831	1.0393719266262242	0.23207013630673165	0.23393745544337413	0.24744206791721593	0.5000477650477589
293	-79.43046276974465	-12298.970963316078	1.289641817763789	0.8424027993228823	0.5851731287483843	2.21668134235167	1.086579490060885	0.4092789838229831	1.0393719266262242	0.23207013630673165	0.23393745544337413	0.24744206791721593	0.5000477650477589
294	-79.43046276974465	-12298.37218180443	1.289641817763789	0.8424027993228823	0.5851731287483843	2.21668134235167	1.086579490060885	0.4092789838229831	1.0393719266262242	0.23207013630673165	0.23393745544337413	0.24744206791721593	0.5000477650477589
295	-79.39461041929833	-12299.97885794132	1.289641817763789	0.8424027993228823	0.5851731287483843	2.21668134235167	1.086579490060885	0.4092789838229831	1.0393719266262242	0.23207013630673165	0.23393745544337413	0.24744206791721593	0.5000477650477589
296	-79.39655556300208	-12298.791637004364	1.289641817763789	0.8424027993228823	0.5851731287483843	2.21668134235167	1.086579490060885	0.4092789838229831	1.0393719266262242	0.23207013630673165	0.23393745544337413	0.24744206791721593	0.5000477650477589
297	-79.39286688656378	-12288.4917727424	1.289641817763789	0.8424027993228823	0.5851731287483843	2.21668134235167	1.086579490060885	0.4092789838229831	1.0393719266262242	0.23207013630673165	0.23393745544337413	0.24744206791721593	0.5000477650477589
298	-79.39286688656378	-12288.4917727424	1.289641817763789	0.8424027993228823	0.5851731287483843	2.21668134235167	1.086579490060885	0.4092789838229831	1.0393719266262242	0.23207013630673165	0.23393745544337413	0.24744206791721593	0.5000477650477589
299	-79.39286688656378	-12288.4917727424	1.289641817763789	0.8424027993228823	0.5851731287483843	2.21668134235167	1.086579490060885	0.4092789838229831	1.0393719266262242	0.23207013630673165	0.23393745544337413	0.24744206791721593	0.5000477650477589
300	-79.39286688656378	-12288.4917727424	1.289641817763789	0.8424027993228823	0.5851731287483843	2.21668134235167	1.086579490060885	0.4092789838229831	1.0393719266262242	0.23207013630673165	0.23393745544337413	0.24744206791721593	0.5000477650477589
301	-79.39286688656378	-12287.604863634817	1.289641817763789	0.8424027993228823	0.5851731287483843	2.21668134235167	1.086579490060885	0.4092789838229831	1.0393719266262242	0.23207013630673165	0.23393745544337413	0.24744206791721593	0.5000477650477589
302	-79.39286688656378	-12287.604863634817	1.289641817763789	0.8424027993228823	0.5851731287483843	2.21668134235167	1.086579490060885	0.4092789838229831	1.0393719266262242	0.23207013630673165	0.23393745544337413	0.24744206791721593	0.5000477650477589
303	-79.39286688656378	-12287.604863634817	1.289641817763789	0.8424027993228823	0.5851731287483843	2.21668134235167	1.086579490060885	0.4092789838229831	1.0393719266262242	0.23207013630673165	0.23393745544337413	0.24744206791721593	0.5000477650477589
304	-79.39286688656378	-12287.604863634817	1.289641817763789	0.8424027993228823	0.5851731287483843	2.21668134235167	1.086579490060885	0.4092789838229831	1.0393719266262242	0.23207013630673165	0.23393745544337413	0.24744206791721593	0.5000477650477589
305	-64.51057754496537	-12287.604863634817	1.5060313907548837	0.8410439096448044	0.6577827022092244	1.7061866872346212	1.357668754944722	0.4092789838229831	1.0393719266262242	0.23207013630673165	0.23393745544337413	0.24744206791721593	0.5000477650477589
306	-64.51057754496537	-12287.604863634817	1.5060313907548837	0.8410439096448044	0.6577827022092244	1.7061866872346212	1.357668754944722	0.4092789838229831	1.0393719266262242	0.23207013630673165	0.23393745544337413	0.24744206791721593	0.5000477650477589
307	-64.51057754496537	-12287.604863634817	1.5060313907548837	0.8410439096448044	0.6577827022092244	1.7061866872346212	1.357668754944722	0.4092789838229831	1.0393719266262242	0.23207013630673165	0.23393745544337413	0.24744206791721593	0.5000477650477589
308	-64.51057754496537	-12287.604863634817	1.5060313907548837	0.8410439096448044	0.6577827022092244	1.7061866872346212	1.357668754944722	0.4092789838229831	1.0393719266262242	0.23207013630673165	0.23393745544337413	0.24744206791721593	0.5000477650477589
309	-64.51057754496537	-12287.604863634817	1.5060313907548837	0.8410439096448044	0.6577827022092244	1.7061866872346212	1.357668754944722	0.4092789838229831	1.0393719266262242	0.23207013630673165	0.23393745544337413	0.24744206791721593	0.5000477650477589
310	-64.51057754496537	-12287.604863634817	1.5060313907548837	0.8410439096448044	0.6577827022092244	1.7061866872346212	1.357668754944722	0.4092789838229831	1.0393719266262242	0.23207013630673165	0.23393745544337413	0.24744206791721593	0.5000477650477589
311	-64.52073321194635	-12285.092089674952	1.5060313907548837	0.8410439096448044	0.6577827022092244	1.7061866872346212	1.357668754944722	0.4092789838229831	1.0393719266262242	0.23207013630673165	0.23393745544337413	0.24744206791721593	0.5000477650477589
312	-64.52073321194635	-12285.092089674952	1.5060313907548837	0.8410439096448044	0.6577827022092244	1.7061866872346212	1.357668754944722	0.4092789838229831	1.0393719266262242	0.23207013630673165	0.23393745544337413	0.24744206791721593	0.5000477650477589
313	-64.52073321194635	-12285.092089674952	1.5060313907548837	0.8410439096448044	0.6577827022092244	1.7061866872346212	1.357668754944722	0.4092789838229831	1.0393719266262242	0.23207013630673165	0.23393745544337413	0.24744206791721593	0.5000477650477589
314	-64.52073321194635	-12245.01623905902	1.5060313907548837	0.8410439096448044	0.6577827022092244	1.7061866872346212	1.357668754944722	0.4092789838229831	1.0393719266262242	0.23207013630673165	0.23393745544337413	0.24744206791721593	0.5000477650477589
315	-64.52073321194635	-12245.01623905902	1.5060313907548837	0.8410439096448044	0.6577827022092244	1.7061866872346212	1.357668754944722	0.4092789838229831	1.0393719266262242	0.23207013630673165	0.23393745544337413	0.24744206791721593	0.5000477650477589
316	-64.52073321194635	-12238.195663622402	1.5060313907548837	0.8410439096448044	0.6577827022092244	1.7061866872346212	1.357668754944722	0.4092789838229831	1.0393719266262242	0.23207013630673165	0.23393745544337413	0.24744206791721593	0.5000477650477589
317	-64.52073321194635	-12237.393063798041	1.5060313907548837	0.8410439096448044	0.6577827022092244	1.7061866872346212	1.357668754944722	0.4092789838229831	1.0393719266262242	0.23207013630673165	0.23393745544337413	0.24744206791721593	0.5000477650477589
318	-64.52073321194635	-12237.393063798041	1.5060313907548837	0.8410439096448044	0.6577827022092244	1.7061866872346212	1.357668754944722	0.4092789838229831	1.0393719266262242	0.23207013630673165	0.23393745544337413	0.24744206791721593	0.5000477650477589
319	-64.52073321194635	-12237.393063798041	1.5060313907548837	0.8410439096448044	0.6577827022092244	1.7061866872346212	1.357668754944722	0.4092789838229831	1.0393719266262242	0.23207013630673165	0.23393745544337413	0.24744206791721593	0.5000477650477589
320	-64.52073321194635	-12237.393063798041	1.5060313907548837	0.8410439096448044	0.6577827022092244	1.7061866872346212	1.357668754944722	0.4092789838229831	1.0393719266262242	0.23207013630673165	0.23393745544337413	0.24744206791721593	0.5000477650477589
321	-64.52073321194635	-12237.393063798041	1.5060313907548837	0.8410439096448044	0.6577827022092244	1.7061866872346212	1.357668754944722	0.4092789838229831	1.0393719266262242	0.23207013630673165	0.23393745544337413	0.24744206791721593	0.5000477650477589
322	-57.41998695758216	-12237.393063798041	1.9801843247703708	0.849554334670221	0.7173871214696648	2.075457190312608	1.5086237848889217	0.4092789838229831	1.0393719266262242	0.23207013630673165	0.23393745544337413	0.24744206791721593	0.5000477650477589
323	-57.41998695758216	-12237.393063798041	1.9801843247703708	0.849554334670221	0.7173871214696648	2.075457190312608	1.5086237848889217	0.4092789838229831	1.0393719266262242	0.23207013630673165	0.23393745544337413	0.24744206791721593	0.5000477650477589
324	-57.41998695758216	-12237.393063798041	1.9801843247703708	0.849554334670221	0.7173871214696648	2.075457190312608	1.5086237848889217	0.4092789838229831	1.0393719266262242	0.23207013630673165	0.23393745544337413	0.24744206791721593	0.5000477650477589
325	-57.141925797409996	-12237.393063798041	1.9801843247703708	0.849554334670221	0.7173871214696648	2.075457190312608	1.5086237848889217	0.40172826984665344	1.1069790802601045	0.1856002839451691	0.2667204549537745	0.2210324448861621	0.5000477650477589
326	-57.141925797409996	-12237.393063798041	1.9801843247703708	0.849554334670221	0.7173871214696648	2.075457190312608	1.5086237848889217	0.40172826984665344	1.1069790802601045	0.1856002839451691	0.2667204549537745	0.2210324448861621	0.5000477650477589
327	-57.141925797409996	-12237.393063798041	1.9801843247703708	0.849554334670221	0.7173871214696648	2.075457190312608	1.5086237848889217	0.40172826984665344	1.1069790802601045	0.1856002839451691	0.2667204549537745	0.2210324448861621	0.5000477650477589
328	-57.141925797409996	-12234.86913920503	1.9801843247703708	0.849554334670221	0.7173871214696648	2.075457190312608	1.5086237848889217	0.40172826984665344	1.1069790802601045	0.1856002839451691	0.2667204549537745	0.2210324448861621	0.5000477650477589
329	-57.141925797409996	-12234.86913920503	1.9801843247703708	0.849554334670221	0.7173871214696648	2.075457190312608	1.5086237848889217	0.40172826984665344	1.1069790802601045	0.1856002839451691	0.2667204549537745	0.2210324448861621	0.5000477650477589
330	-57.141925797409996	-12234.86913920503	1.9801843247703708	0.849554334670221	0.7173871214696648	2.075457190312608	1.5086237848889217	0.40172826984665344	1.1069790802601045	0.1856002839451691	0.2667204549537745	0.2210324448861621	0.5000477650477589
331	-57.141925797409996	-12234.86913920503	1.9801843247703708	0.849554334670221	0.7173871214696648	2.075457190312608	1.5086237848889217	0.40172826984665344	1.1069790802601045	0.1856002839451691	0.2667204549537745	0.2210324448861621	0.5000477650477589
332	-57.141925797409996	-12234.86913920503	1.9801843247703708	0.849554334670221	0.7173871214696648	2.075457190312608	1.5086237848889217	0.40172826984665344	1.1069790802601045	0.1856002839451691	0.2667204549537745	0.2210324448861621	0.5000477650477589
333	-57.141925797409996	-12220.478032192515	1.9801843247703708	0.849554334670221	0.7173871214696648	2.075457190312608	1.5086237848889217	0.40172826984665344	1.1069790802601045	0.1856002839451691	0.2667204549537745	0.2210324448861621	0.5000477650477589
334	-57.13606907207579	-12219.305857901094	1.9801843247703708	0.849554334670221	0.7173871214696648	2.075457190312608	1.5086237848889217	0.40172826984665344	1.1069790802601045	0.1856002839451691	0.2667204549537745	0.2210324448861621	0.5000477650477589
335	-57.13606907207579	-12219.305857901094	1.9801843247703708	0.849554334670221	0.7173871214696648	2.075457190312608	1.5086237848889217	0.40172826984665344	1.1069790802601045	0.1856002839451691	0.2667204549537745	0.2210324448861621	0.5000477650477589
336	-57.13606907207579	-12219.305857901094	1.9801843247703708	0.849554334670221	0.7173871214696648	2.075457190312608	1.5086237848889217	0.40172826984665344	1.1069790802601045	0.1856002839451691	0.2667204549537745	0.2210324448861621	0.5000477650477589
337	-57.13606907207579	-12219.305857901094	1.9801843247703708	0.849554334670221	0.7173871214696648	2.075457190312608	1.5086237848889217	0.40172826984665344	1.1069790802601045	0.1856002839451691	0.2667204549537745	0.2210324448861621	0.5000477650477589
338	-57.13606907207579	-12219.305857901094	1.9801843247703708	0.849554334670221	0.7173871214696648	2.075457190312608	1.5086237848889217	0.40172826984665344	1.1069790802601045	0.1856002839451691	0.2667204549537745	0.2210324448861621	0.5000477650477589
339	-57.13606907207579	-12219.83633102292	1.9801843247703708	0.849554334670221	0.7173871214696648	2.075457190312608	1.5086237848889217	0.40172826984665344	1.1069790802601045	0.1856002839451691	0.2667204549537745	0.2210324448861621	0.5000477650477589
340	-57.13606907207579	-12219.83633102292	1.9801843247703708	0.849554334670221	0.7173871214696648	2.075457190312608	1.5086237848889217	0.40172826984665344	1.1069790802601045	0.1856002839451691	0.2667204549537745	0.2210324448861621	0.5000477650477589
341	-57.12324918412416	-12213.481614671604	1.9801843247703708	0.849554334670221	0.7173871214696648	2.075457190312608	1.5086237848889217	0.40172826984665344	1.1069790802601045	0.1856002839451691	0.2667204549537745	0.2210324448861621	0.5000477650477589
342	-57.12324918412416	-12213.481614671604	1.9801843247703708	0.849554334670221	0.7173871214696648	2.075457190312608	1.5086237848889217	0.40172826984665344	1.1069790802601045	0.1856002839451691	0.2667204549537745	0.2210324448861621	0.5000477650477589
343	-57.119095672894446	-12213.048629389232	1.9801843247703708	0.849554334670221	0.7173871214696648	2.075457190312608	1.5086237848889217	0.40172826984665344	1.1069790802601045	0.1856002839451691	0.2667204549537745	0.2210324448861621	0.5000477650477589
344	-57.119095672894446	-12213.048629389232	1.9801843247703708	0.849554334670221	0.7173871214696648	2.075457190312608	1.5086237848889217	0.40172826984665344	1.1069790802601045	0.1856002839451691	0.2667204549537745	0.2210324448861621	0.5000477650477589
345	-57.119095672894446	-12213.048629389232	1.9801843247703708	0.849554334670221	0.7173871214696648	2.075457190312608	1.5086237848889217	0.40172826984665344	1.1069790802601045	0.1856002839451691	0.2667204549537745	0.2210324448861621	0.5000477650477589
346	-57.119095672894446	-12213.048629389232	1.9801843247703708	0.849554334670221	0.7173871214696648	2.075457190312608	1.5086237848889217	0.40172826984665344	1.1069790802601045	0.1856002839451691	0.2667204549537745	0.2210324448861621	0.5000477650477589
347	-57.119095672894446	-12213.048629389232	1.9801843247703708	0.849554334670221	0.7173871214696648	2.075457190312608	1.5086237848889217	0.40172826984665344	1.1069790802601045	0.1856002839451691	0.2667204549537745	0.2210324448861621	0.5000477650477589
348	-57.119095672894446	-12213.048629389232	1.9801843247703708	0.849554334670221	0.7173871214696648	2.075457190312608	1.5086237848889217	0.40172826984665344	1.1069790802601045	0.1856002839451691	0.2667204549537745	0.2210324448861621	0.5000477650477589
349	-57.119095672894446	-12213.048629389232	1.9801843247703708	0.849554334670221	0.7173871214696648	2.075457190312608	1.5086237848889217	0.40172826984665344	1.1069790802601045	0.1856002839451691	0.2667204549537745	0.2210324448861621	0.5000477650477589
350	-57.119095672894446	-12213.048629389232	1.9801843247703708	0.849554334670221	0.7173871214696648	2.075457190312608	1.5086237848889217	0.40172826984665344	1.1069790802601045	0.1856002839451691	0.2667204549537745	0.2210324448861621	0.5000477650477589
351	-57.127455995331175	-12208.12774553523	1.9801843247703708	0.849554334670221	0.7173871214696648	2.075457190312608	1.5086237848889217	0.40172826984665344	1.1069790802601045	0.1856002839451691	0.2667204549537745	0.2210324448861621	0.5000477650477589
352	-57.127455995331175	-12208.12774553523	1.9801843247703708	0.849554334670221	0.7173871214696648	2.075457190312608	1.5086237848889217	0.40172826984665344	1.1069790802601045	0.1856002839451691	0.2667204549537745	0.2210324448861621	0.5000477650477589
353	-57.127455995331175	-12208.12774553523	1.9801843247703708	0.849554334670221	0.7173871214696648	2.075457190312608	1.5086237848889217	0.40172826984665344	1.1069790802601045	0.1856002839451691	0.2667204549537745	0.2210324448861621	0.5000477650477589
354	-57.127455995331175	-12208.12774553523	1.9801843247703708	0.849554334670221	0.7173871214696648	2.075457190312608	1.5086237848889217	0.40172826984665344	1.1069790802601045	0.1856002839451691	0.2667204549537745	0.2210324448861621	0.5000477650477589
355	-57.11742643165547	-12188.040122836632	1.9801843247703708	0.849554334670221	0.7173871214696648	2.075457190312608	1.5086237848889217	0.40172826984665344	1.1069790802601045	0.1856002839451691	0.2667204549537745	0.2210324448861621	0.5000477650477589
356	-57.11742643165547	-12188.040122836632	1.9801843247703708	0.849554334670221	0.7173871214696648	2.075457190312608	1.5086237848889217	0.40172826984665344	1.1069790802601045	0.1856002839451691	0.2667204549537745	0.2210324448861621	0.5000477650477589
357	-57.11742643165547	-12188.040122836632	1.9801843247703708	0.849554334670221	0.7173871214696648	2.075457190312608	1.5086237848889217	0.40172826984665344	1.1069790802601045	0.1856002839451691	0.2667204549537745	0.2210324448861621	0.5000477650477589
358	-57.11742643165547	-12188.040122836632	1.9801843247703708	0.849554334670221	0.7173871214696648	2.075457190312608	1.5086237848889217	0.40172826984665344	1.1069790802601045	0.1856002839451691	0.2667204549537745	0.2210324448861621	0.5000477650477589
359	-57.11742643165547	-12188.040122836632	1.9801843247703708	0.849554334670221	0.7173871214696648	2.075457190312608	1.5086237848889217	0.40172826984665344	1.1069790802601045	0.1856002839451691	0.2667204549537745	0.2210324448861621	0.5000477650477589
360	-57.098634152097105	-12177.571952070333	1.9801843247703708	0.849554334670221	0.7173871214696648	2.075457190312608	1.5086237848889217	0.40172826984665344	1.1069790802601045	0.1856002839451691	0.2667204549537745	0.2210324448861621	0.5000477650477589
361	-57.098634152097105	-12177.571952070333	1.9801843247703708	0.849554334670221	0.7173871214696648	2.075457190312608	1.5086237848889217	0.40172826984665344	1.1069790802601045	0.1856002839451691	0.2667204549537745	0.2210324448861621	0.5000477650477589
362	-57.098634152097105	-12175.605679886317	1.9801843247703708	0.849554334670221	0.7173871214696648	2.075457190312608	1.5086237848889217	0.40172826984665344	1.1069790802601045	0.1856002839451691	0.2667204549537745	0.2210324448861621	0.5000477650477589
363	-57.098634152097105	-12175.993642677966	1.9801843247703708	0.849554334670221	0.7173871214696648	2.075457190312608	1.5086237848889217	0.40172826984665344	1.1069790802601045	0.1856002839451691	0.2667204549537745	0.2210324448861621	0.5000477650477589
364	-57.08704376559311	-12081.692224507005	1.9801843247703708	0.849554334670221	0.7173871214696648	2.075457190312608	1.5086237848889217	0.40172826984665344	1.1069790802601045	0.1856002839451691	0.2667204549537745	0.2210324448861621	0.5000477650477589
365	-57.08704376559311	-12081.692224507005	1.9801843247703708	0.849554334670221	0.7173871214696648	2.075457190312608	1.5086237848889217	0.40172826984665344	1.1069790802601045	0.1856002839451691	0.2667204549537745	0.2210324448861621	0.5000477650477589
366	-57.08704376559311	-12081.692224507005	1.9801843247703708	0.849554334670221	0.7173871214696648	2.075457190312608	1.5086237848889217	0.40172826984665344	1.1069790802601045	0.1856002839451691	0.2667204549537745	0.2210324448861621	0.5000477650477589
367	-57.08704376559311	-12073.842171481194	1.9801843247703708	0.849554334670221	0.7173871214696648	2.075457190312608	1.5086237848889217	0.40172826984665344	1.1069790802601045	0.1856002839451691	0.2667204549537745	0.2210324448861621	0.5000477650477589
368	-57.13090463381972	-12072.936232262913	1.9801843247703708	0.849554334670221	0.7173871214696648	2.075457190312608	1.5086237848889217	0.40172826984665344	1.1069790802601045	0.1856002839451691	0.2667204549537745	0.2210324448861621	0.5000477650477589
369	-57.13090463381972	-12072.936232262913	1.9801843247703708	0.849554334670221	0.7173871214696648	2.075457190312608	1.5086237848889217	0.40172826984665344	1.1069790802601045	0.1856002839451691	0.2667204549537745	0.2210324448861621	0.5000477650477589
370	-57.13090463381972	-12072.936232262913	1.9801843247703708	0.849554334670221	0.7173871214696648	2.075457190312608	1.5086237848889217	0.40172826984665344	1.1069790802601045	0.1856002839451691	0.2667204549537745	0.2210324448861621	0.5000477650477589
371	-57.13090463381972	-12072.936232262913	1.9801843247703708	0.849554334670221	0.7173871214696648	2.075457190312608	1.5086237848889217	0.40172826984665344	1.1069790802601045	0.1856002839451691	0.2667204549537745	0.2210324448861621	0.5000477650477589
372	-57.13090463381972	-12072.936232262913	1.9801843247703708	0.849554334670221	0.7173871214696648	2.075457190312608	1.5086237848889217	0.40172826984665344	1.1069790802601045	0.1856002839451691	0.2667204549537745	0.2210324448861621	0.5000477650477589
373	-57.13090463381972	-12072.936232262913	1.9801843247703708	0.849554334670221	0.7173871214696648	2.075457190312608	1.5086237848889217	0.40172826984665344	1.1069790802601045	0.1856002839451691	0.2667204549537745	0.2210324448861621	0.5000477650477589
374	-57.13090463381972	-12068.349216166465	1.9801843247703708	0.849554334670221	0.7173871214696648	2.075457190312608	1.5086237848889217	0.40172826984665344	1.1069790802601045	0.1856002839451691	0.2667204549537745	0.2210324448861621	0.5000477650477589
375	-57.13090463381972	-12065.411248309238	1.9801843247703708	0.849554334670221	0.7173871214696648	2.075457190312608	1.5086237848889217	0.40172826984665344	1.1069790802601045	0.1856002839451691	0.2667204549537745	0.2210324448861621	0.5000477650477589
376	-57.11629669217219	-12063.736695469805	1.9801843247703708	0.849554334670221	0.7173871214696648	2.075457190312608	1.5086237848889217	0.40172826984665344	1.1069790802601045	0.1856002839451691	0.2667204549537745	0.2210324448861621	0.5000477650477589
377	-57.11629669217219	-12063.736695469805	1.9801843247703708	0.849554334670221	0.7173871214696648	2.075457190312608	1.5086237848889217	0.40172826984665344	1.1069790802601045	0.1856002839451691	0.2667204549537745	0.2210324448861621	0.5000477650477589
378	-57.11629669217219	-12063.736695469805	1.9801843247703708	0.849554334670221	0.7173871214696648	2.075457190312608	1.5086237848889217	0.40172826984665344	1.1069790802601045	0.1856002839451691	0.2667204549537745	0.2210324448861621	0.5000477650477589
379	-57.11629669217219	-12064.59836170544	1.9801843247703708	0.849554334670221	0.7173871214696648	2.075457190312608	1.5086237848889217	0.40172826984665344	1.1069790802601045	0.1856002839451691	0.2667204549537745	0.2210324448861621	0.5000477650477589
380	-57.13095928537392	-12064.59836170544	1.9801843247703708	0.849554334670221	0.7173871214696648	2.075457190312608	1.5086237848889217	0.40172826984665344	1.1069790802601045	0.1856002839451691	0.2667204549537745	0.2210324448861621	0.5159173767293946
381	-57.13095928537392	-12064.59836170544	1.9801843247703708	0.849554334670221	0.7173871214696648	2.075457190312608	1.5086237848889217	0.40172826984665344	1.1069790802601045	0.1856002839451691	0.2667204549537745	0.2210324448861621	0.5159173767293946
382	-57.13095928537392	-12064.59836170544	1.9801843247703708	0.849554334670221	0.7173871214696648	2.075457190312608	1.5086237848889217	0.40172826984665344	1.1069790802601045	0.1856002839451691	0.2667204549537745	0.2210324448861621	0.5159173767293946
383	-57.13095928537392	-12064.59836170544	1.9801843247703708	0.849554334670221	0.7173871214696648	2.075457190312608	1.5086237848889217	0.40172826984665344	1.1069790802601045	0.1856002839451691	0.2667204549537745	0.2210324448861621	0.5159173767293946
384	-57.13095928537392	-12064.59836170544	1.9801843247703708	0.849554334670221	0.7173871214696648	2.075457190312608	1.5086237848889217	0.40172826984665344	1.1069790802601045	0.1856002839451691	0.2667204549537745	0.2210324448861621	0.5159173767293946
385	-57.13095928537392	-12066.190276851965	1.9801843247703708	0.849554334670221	0.7173871214696648	2.075457190312608	1.5086237848889217	0.40172826984665344	1.1069790802601045	0.1856002839451691	0.2667204549537745	0.2210324448861621	0.5159173767293946
386	-57.12839106872992	-12022.679240371564	1.9801843247703708	0.849554334670221	0.7173871214696648	2.075457190312608	1.5086237848889217	0.40172826984665344	1.1069790802601045	0.1856002839451691	0.2667204549537745	0.2210324448861621	0.5159173767293946
387	-57.12839106872992	-12022.679240371564	1.9801843247703708	0.849554334670221	0.7173871214696648	2.075457190312608	1.5086237848889217	0.40172826984665344	1.1069790802601045	0.1856002839451691	0.2667204549537745	0.2210324448861621	0.5159173767293946
388	-57.12839106872992	-12022.679240371564	1.9801843247703708	0.849554334670221	0.7173871214696648	2.075457190312608	1.5086237848889217	0.40172826984665344	1.1069790802601045	0.1856002839451691	0.2667204549537745	0.2210324448861621	0.5159173767293946
389	-57.124723396209895	-12016.875019634366	1.9801843247703708	0.849554334670221	0.7173871214696648	2.075457190312608	1.5086237848889217	0.40172826984665344	1.1069790802601045	0.1856002839451691	0.2667204549537745	0.2210324448861621	0.5159173767293946
390	-57.124723396209895	-12016.875019634366	1.9801843247703708	0.849554334670221	0.7173871214696648	2.075457190312608	1.5086237848889217	0.40172826984665344	1.1069790802601045	0.1856002839451691	0.2667204549537745	0.2210324448861621	0.5159173767293946
391	-57.124723396209895	-12016.009799055797	1.9801843247703708	0.849554334670221	0.7173871214696648	2.075457190312608	1.5086237848889217	0.40172826984665344	1.1069790802601045	0.1856002839451691	0.2667204549537745	0.2210324448861621	0.5159173767293946
392	-57.123155883665895	-12002.800698271836	1.9801843247703708	0.849554334670221	0.7173871214696648	2.075457190312608	1.5086237848889217	0.40172826984665344	1.1069790802601045	0.1856002839451691	0.2667204549537745	0.2210324448861621	0.5159173767293946
393	-57.123155883665895	-12002.800698271836	1.9801843247703708	0.849554334670221	0.7173871214696648	2.075457190312608	1.5086237848889217	0.40172826984665344	1.1069790802601045	0.1856002839451691	0.2667204549537745	0.2210324448861621	0.5159173767293946
394	-57.123155883665895	-12002.800698271836	1.9801843247703708	0.849554334670221	0.7173871214696648	2.075457190312608	1.5086237848889217	0.40172826984665344	1.1069790802601045	0.1856002839451691	0.2667204549537745	0.2210324448861621	0.5159173767293946
395	-57.123155883665895	-12002.800698271836	1.9801843247703708	0.849554334670221	0.7173871214696648	2.075457190312608	1.5086237848889217	0.40172826984665344	1.1069790802601045	0.1856002839451691	0.2667204549537745	0.2210324448861621	0.5159173767293946
396	-45.64720147011932	-12002.800698271836	2.4322815748866033	1.0190381336227758	0.9175192382871556	1.9588656489999725	1.7855038838965973	0.40172826984665344	1.1069790802601045	0.1856002839451691	0.2667204549537745	0.2210324448861621	0.5159173767293946
397	-45.64720147011932	-12002.800698271836	2.4322815748866033	1.0190381336227758	0.9175192382871556	1.9588656489999725	1.7855038838965973	0.40172826984665344	1.1069790802601045	0.1856002839451691	0.2667204549537745	0.2210324448861621	0.5159173767293946
398	-46.000506579457785	-12002.800698271836	2.4322815748866033	1.0190381336227758	0.9175192382871556	1.9588656489999725	1.7855038838965973	0.48270835152435826	1.181533514248558	0.1392518572582382	0.2468645162467141	0.2503301501805789	0.5159173767293946
399	-46.023470625004656	-11996.773969272283	2.4322815748866033	1.0190381336227758	0.9175192382871556	1.9588656489999725	1.7855038838965973	0.48270835152435826	1.181533514248558	0.1392518572582382	0.2468645162467141	0.2503301501805789	0.5159173767293946
400	-46.023470625004656	-11997.04732151221	2.4322815748866033	1.0190381336227758	0.9175192382871556	1.9588656489999725	1.7855038838965973	0.48270835152435826	1.181533514248558	0.1392518572582382	0.2468645162467141	0.2503301501805789	0.5159173767293946
401	-46.023470625004656	-11997.04732151221	2.4322815748866033	1.0190381336227758	0.9175192382871556	1.9588656489999725	1.7855038838965973	0.48270835152435826	1.181533514248558	0.1392518572582382	0.2468645162467141	0.2503301501805789	0.5159173767293946
402	-46.023470625004656	-11997.04732151221	2.4322815748866033	1.0190381336227758	0.9175192382871556	1.9588656489999725	1.7855038838965973	0.48270835152435826	1.181533514248558	0.1392518572582382	0.2468645162467141	0.2503301501805789	0.5159173767293946
403	-46.023470625004656	-11997.04732151221	2.4322815748866033	1.0190381336227758	0.9175192382871556	1.9588656489999725	1.7855038838965973	0.48270835152435826	1.181533514248558	0.1392518572582382	0.2468645162467141	0.2503301501805789	0.5159173767293946
404	-46.023470625004656	-11997.04732151221	2.4322815748866033	1.0190381336227758	0.9175192382871556	1.9588656489999725	1.7855038838965973	0.48270835152435826	1.181533514248558	0.1392518572582382	0.2468645162467141	0.2503301501805789	0.5159173767293946
405	-46.023470625004656	-11986.427797062688	2.4322815748866033	1.0190381336227758	0.9175192382871556	1.9588656489999725	1.7855038838965973	0.48270835152435826	1.181533514248558	0.1392518572582382	0.2468645162467141	0.2503301501805789	0.5159173767293946
406	-46.06505266822646	-11986.427797062688	2.4322815748866033	1.0190381336227758	0.9175192382871556	1.9588656489999725	1.7855038838965973	0.48270835152435826	1.181533514248558	0.1392518572582382	0.2468645162467141	0.2503301501805789	0.5512468326720249
407	-46.06505266822646	-11986.427797062688	2.4322815748866033	1.0190381336227758	0.9175192382871556	1.9588656489999725	1.7855038838965973	0.48270835152435826	1.181533514248558	0.1392518572582382	0.2468645162467141	0.2503301501805789	0.5512468326720249
408	-46.06847875586752	-11973.129284802719	2.4322815748866033	1.0190381336227758	0.9175192382871556	1.9588656489999725	1.7855038838965973	0.48270835152435826	1.181533514248558	0.1392518572582382	0.2468645162467141	0.2503301501805789	0.5512468326720249
409	-46.06847875586752	-11973.129284802719	2.4322815748866033	1.0190381336227758	0.9175192382871556	1.9588656489999725	1.7855038838965973	0.48270835152435826	1.181533514248558	0.1392518572582382	0.2468645162467141	0.2503301501805789	0.5512468326720249
410	-46.06847875586752	-11973.129284802719	2.4322815748866033	1.0190381336227758	0.9175192382871556	1.9588656489999725	1.7855038838965973	0.48270835152435826	1.181533514248558	0.1392518572582382	0.2468645162467141	0.2503301501805789	0.5512468326720249
411	-46.055990690148505	-11973.704784929161	2.4322815748866033	1.0190381336227758	0.9175192382871556	1.9588656489999725	1.7855038838965973	0.48270835152435826	1.181533514248558	0.1392518572582382	0.2468645162467141	0.2503301501805789	0.5512468326720249
412	-46.05697104390179	-11973.438589999649	2.4322815748866033	1.0190381336227758	0.9175192382871556	1.9588656489999725	1.7855038838965973	0.48270835152435826	1.181533514248558	0.1392518572582382	0.2468645162467141	0.2503301501805789	0.5512468326720249
413	-46.05147239373705	-11974.436610158753	2.4322815748866033	1.0190381336227758	0.9175192382871556	1.9588656489999725	1.7855038838965973	0.48270835152435826	1.181533514248558	0.1392518572582382	0.2468645162467141	0.2503301501805789	0.5512468326720249
414	-46.05147239373705	-11974.436610158753	2.4322815748866033	1.0190381336227758	0.9175192382871556	1.9588656489999725	1.7855038838965973	0.48270835152435826	1.181533514248558	0.1392518572582382	0.2468645162467141	0.2503301501805789	0.5512468326720249
415	-46.05636615024543	-11973.9014606918	2.4322815748866033	1.0190381336227758	0.9175192382871556	1.9588656489999725	1.7855038838965973	0.48270835152435826	1.181533514248558	0.1392518572582382	0.2468645162467141	0.2503301501805789	0.5512468326720249
416	-46.05636615024543	-11973.9014606918	2.4322815748866033	1.0190381336227758	0.9175192382871556	1.9588656489999725	1.7855038838965973	0.48270835152435826	1.181533514248558	0.1392518572582382	0.2468645162467141	0.2503301501805789	0.5512468326720249
417	-46.05636615024543	-11972.050429964313	2.4322815748866033	1.0190381336227758	0.9175192382871556	1.9588656489999725	1.7855038838965973	0.48270835152435826	1.181533514248558	0.1392518572582382	0.2468645162467141	0.2503301501805789	0.5512468326720249
418	-46.05636615024543	-11972.050429964313	2.4322815748866033	1.0190381336227758	0.9175192382871556	1.9588656489999725	1.7855038838965973	0.48270835152435826	1.181533514248558	0.1392518572582382	0.2468645162467141	0.2503301501805789	0.5512468326720249
419	-46.05636615024543	-11972.050429964313	2.4322815748866033	1.0190381336227758	0.9175192382871556	1.9588656489999725	1.7855038838965973	0.48270835152435826	1.181533514248558	0.1392518572582382	0.2468645162467141	0.2503301501805789	0.5512468326720249
420	-46.058424243249	-11971.943393407259	2.4322815748866033	1.0190381336227758	0.9175192382871556	1.9588656489999725	1.7855038838965973	0.48270835152435826	1.181533514248558	0.1392518572582382	0.2468645162467141	0.2503301501805789	0.5512468326720249
421	-46.058424243249	-11963.125807393186	2.4322815748866033	1.0190381336227758	0.9175192382871556	1.9588656489999725	1.7855038838965973	0.48270835152435826	1.181533514248558	0.1392518572582382	0.2468645162467141	0.2503301501805789	0.5512468326720249
422	-46.06289525457749	-11963.555065622082	2.4322815748866033	1.0190381336227758	0.9175192382871556	1.9588656489999725	1.7855038838965973	0.48270835152435826	1.181533514248558	0.1392518572582382	0.2468645162467141	0.2503301501805789	0.5512468326720249
423	-46.06289525457749	-11963.555065622082	2.4322815748866033	1.0190381336227758	0.9175192382871556	1.9588656489999725	1.7855038838965973	0.48270835152435826	1.181533514248558	0.1392518572582382	0.2468645162467141	0.2503301501805789	0.5512468326720249
424	-28.030850470681603	-11963.555065622082	1.9534991918642877	1.3464440039426044	1.0261551143187742	1.8478671044366062	2.3226534140357042	0.48270835152435826	1.181533514248558	0.1392518572582382	0.2468645162467141	0.2503301501805789	0.5512468326720249
425	-28.030850470681603	-11965.550255441163	1.9534991918642877	1.3464440039426044	1.0261551143187742	1.8478671044366062	2.3226534140357042	0.48270835152435826	1.181533514248558	0.1392518572582382	0.2468645162467141	0.2503301501805789	0.5512468326720249
426	-28.030850470681603	-11965.550255441163	1.9534991918642877	1.3464440039426044	1.0261551143187742	1.8478671044366062	2.3226534140357042	0.48270835152435826	1.181533514248558	0.1392518572582382	0.2468645162467141	0.2503301501805789	0.5512468326720249
427	-28.030850470681603	-11878.556509313044	1.9534991918642877	1.3464440039426044	1.0261551143187742	1.8478671044366062	2.3226534140357042	0.48270835152435826	1.181533514248558	0.1392518572582382	0.2468645162467141	0.2503301501805789	0.5512468326720249
428	-28.030850470681603	-11878.556509313044	1.9534991918642877	1.3464440039426044	1.0261551143187742	1.8478671044366062	2.3226534140357042	0.48270835152435826	1.181533514248558	0.1392518572582382	0.2468645162467141	0.2503301501805789	0.5512468326720249
429	-28.030850470681603	-11878.556509313044	1.9534991918642877	1.3464440039426044	1.0261551143187742	1.8478671044366062	2.3226534140357042	0.48270835152435826	1.181533514248558	0.1392518572582382	0.2468645162467141	0.2503301501805789	0.5512468326720249
430	-28.034604124081074	-11876.986033687563	1.9534991918642877	1.3464440039426044	1.0261551143187742	1.8478671044366062	2.3226534140357042	0.48270835152435826	1.181533514248558	0.1392518572582382	0.2468645162467141	0.2503301501805789	0.5512468326720249
431	-28.034604124081074	-11876.528221134366	1.9534991918642877	1.3464440039426044	1.0261551143187742	1.8478671044366062	2.3226534140357042	0.48270835152435826	1.181533514248558	0.1392518572582382	0.2468645162467141	0.2503301501805789	0.5512468326720249
432	-28.034604124081074	-11875.140990390328	1.9534991918642877	1.3464440039426044	1.0261551143187742	1.8478671044366062	2.3226534140357042	0.48270835152435826	1.181533514248558	0.1392518572582382	0.2468645162467141	0.2503301501805789	0.5512468326720249
433	-28.034604124081074	-11875.140990390328	1.9534991918642877	1.3464440039426044	1.0261551143187742	1.8478671044366062	2.3226534140357042	0.48270835152435826	1.181533514248558	0.1392518572582382	0.2468645162467141	0.2503301501805789	0.5512468326720249
434	-28.024134210458104	-11819.704556272862	1.9534991918642877	1.3464440039426044	1.0261551143187742	1.8478671044366062	2.3226534140357042	0.48270835152435826	1.181533514248558	0.1392518572582382	0.2468645162467141	0.2503301501805789	0.5512468326720249
435	-28.024134210458104	-11819.704556272862	1.9534991918642877	1.3464440039426044	1.0261551143187742	1.8478671044366062	2.3226534140357042	0.48270835152435826	1.181533514248558	0.1392518572582382	0.2468645162467141	0.2503301501805789	0.5512468326720249
436	-27.99758408284632	-11798.1072772534	1.9534991918642877	1.3464440039426044	1.0261551143187742	1.8478671044366062	2.3226534140357042	0.48270835152435826	1.181533514248558	0.1392518572582382	0.2468645162467141	0.2503301501805789	0.5512468326720249
437	-27.99758408284632	-11798.1072772534	1.9534991918642877	1.3464440039426044	1.0261551143187742	1.8478671044366062	2.3226534140357042	0.48270835152435826	1.181533514248558	0.1392518572582382	0.2468645162467141	0.2503301501805789	0.5512468326720249
438	-27.99758408284632	-11798.1072772534	1.9534991918642877	1.3464440039426044	1.0261551143187742	1.8478671044366062	2.3226534140357042	0.48270835152435826	1.181533514248558	0.1392518572582382	0.2468645162467141	0.2503301501805789	0.5512468326720249
439	-27.99758408284632	-11796.772495242409	1.9534991918642877	1.3464440039426044	1.0261551143187742	1.8478671044366062	2.3226534140357042	0.48270835152435826	1.181533514248558	0.1392518572582382	0.2468645162467141	0.2503301501805789	0.5512468326720249
440	-27.999801021121232	-11796.779071484336	1.9534991918642877	1.3464440039426044	1.0261551143187742	1.8478671044366062	2.3226534140357042	0.48270835152435826	1.181533514248558	0.1392518572582382	0.2468645162467141	0.2503301501805789	0.5512468326720249
441	-27.999801021121232	-11796.779071484336	1.9534991918642877	1.3464440039426044	1.0261551143187742	1.8478671044366062	2.3226534140357042	0.48270835152435826	1.181533514248558	0.1392518572582382	0.2468645162467141	0.2503301501805789	0.5512468326720249
442	-27.999801021121232	-11796.779071484336	1.9534991918642877	1.3464440039426044	1.0261551143187742	1.8478671044366062	2.3226534140357042	0.48270835152435826	1.181533514248558	0.1392518572582382	0.2468645162467141	0.2503301501805789	0.5512468326720249
443	-27.999801021121232	-11794.037561279407	1.9534991918642877	1.3464440039426044	1.0261551143187742	1.8478671044366062	2.3226534140357042	0.48270835152435826	1.181533514248558	0.1392518572582382	0.2468645162467141	0.2503301501805789	0.5512468326720249
444	-27.999801021121232	-11794.037561279407	1.9534991918642877	1.3464440039426044	1.0261551143187742	1.8478671044366062	2.3226534140357042	0.48270835152435826	1.181533514248558	0.1392518572582382	0.2468645162467141	0.2503301501805789	0.5512468326720249
445	-27.999801021121232	-11794.037561279407	1.9534991918642877	1.3464440039426044	1.0261551143187742	1.8478671044366062	2.3226534140357042	0.48270835152435826	1.181533514248558	0.1392518572582382	0.2468645162467141	0.2503301501805789	0.5512468326720249
446	-27.999801021121232	-11794.037561279407	1.9534991918642877	1.3464440039426044	1.0261551143187742	1.8478671044366062	2.3226534140357042	0.48270835152435826	1.181533514248558	0.1392518572582382	0.2468645162467141	0.2503301501805789	0.5512468326720249
447	-27.999801021121232	-11794.037561279407	1.9534991918642877	1.3464440039426044	1.0261551143187742	1.8478671044366062	2.3226534140357042	0.48270835152435826	1.181533514248558	0.1392518572582382	0.2468645162467141	0.2503301501805789	0.5512468326720249
448	-27.999801021121232	-11794.037561279407	1.9534991918642877	1.3464440039426044	1.0261551143187742	1.8478671044366062	2.3226534140357042	0.48270835152435826	1.181533514248558	0.1392518572582382	0.2468645162467141	0.2503301501805789	0.5512468326720249
449	-27.999801021121232	-11790.53900344155	1.9534991918642877	1.3464440039426044	1.0261551143187742	1.8478671044366062	2.3226534140357042	0.48270835152435826	1.181533514248558	0.1392518572582382	0.2468645162467141	0.2503301501805789	0.5512468326720249
450	-28.012698411799793	-11787.627073112817	1.9534991918642877	1.3464440039426044	1.0261551143187742	1.8478671044366062	2.3226534140357042	0.48270835152435826	1.181533514248558	0.1392518572582382	0.2468645162467141	0.2503301501805789	0.5512468326720249
451	-28.012698411799793	-11787.627073112817	1.9534991918642877	1.3464440039426044	1.0261551143187742	1.8478671044366062	2.3226534140357042	0.48270835152435826	1.181533514248558	0.1392518572582382	0.2468645162467141	0.2503301501805789	0.5512468326720249
452	-28.012698411799793	-11787.838787325	1.9534991918642877	1.3464440039426044	1.0261551143187742	1.8478671044366062	2.3226534140357042	0.48270835152435826	1.181533514248558	0.1392518572582382	0.2468645162467141	0.2503301501805789	0.5512468326720249
453	-28.012698411799793	-11787.838787325	1.9534991918642877	1.3464440039426044	1.0261551143187742	1.8478671044366062	2.3226534140357042	0.48270835152435826	1.181533514248558	0.1392518572582382	0.2468645162467141	0.2503301501805789	0.5512468326720249
454	-28.012698411799793	-11787.838787325	1.9534991918642877	1.3464440039426044	1.0261551143187742	1.8478671044366062	2.3226534140357042	0.48270835152435826	1.181533514248558	0.1392518572582382	0.2468645162467141	0.2503301501805789	0.5512468326720249
455	-28.012698411799793	-11787.838787325	1.9534991918642877	1.3464440039426044	1.0261551143187742	1.8478671044366062	2.3226534140357042	0.48270835152435826	1.181533514248558	0.1392518572582382	0.2468645162467141	0.2503301501805789	0.5512468326720249
456	-28.0277677728391	-11787.838787325	1.9534991918642877	1.3464440039426044	1.0261551143187742	1.8478671044366062	2.3226534140357042	0.5404418507033841	1.5540519047609422	0.14799973547494835	0.20127850266269903	0.2510166614536356	0.5512468326720249
457	-28.0277677728391	-11787.838787325	1.9534991918642877	1.3464440039426044	1.0261551143187742	1.8478671044366062	2.3226534140357042	0.5404418507033841	1.5540519047609422	0.14799973547494835	0.20127850266269903	0.2510166614536356	0.5512468326720249
458	-28.0277677728391	-11787.838787325	1.9534991918642877	1.3464440039426044	1.0261551143187742	1.8478671044366062	2.3226534140357042	0.5404418507033841	1.5540519047609422	0.14799973547494835	0.20127850266269903	0.2510166614536356	0.5512468326720249
459	-28.0277677728391	-11787.838787325	1.9534991918642877	1.3464440039426044	1.0261551143187742	1.8478671044366062	2.3226534140357042	0.5404418507033841	1.5540519047609422	0.14799973547494835	0.20127850266269903	0.2510166614536356	0.5512468326720249
460	-28.059480875146093	-11780.368131382933	1.9534991918642877	1.3464440039426044	1.0261551143187742	1.8478671044366062	2.3226534140357042	0.5404418507033841	1.5540519047609422	0.14799973547494835	0.20127850266269903	0.2510166614536356	0.5512468326720249
461	-28.059480875146093	-11780.368131382933	1.9534991918642877	1.3464440039426044	1.0261551143187742	1.8478671044366062	2.3226534140357042	0.5404418507033841	1.5540519047609422	0.14799973547494835	0.20127850266269903	0.2510166614536356	0.5512468326720249
462	-28.057332919700272	-11780.396366616373	1.9534991918642877	1.3464440039426044	1.0261551143187742	1.8478671044366062	2.3226534140357042	0.5404418507033841	1.5540519047609422	0.14799973547494835	0.20127850266269903	0.2510166614536356	0.5512468326720249
463	-28.057332919700272	-11779.359845969475	1.9534991918642877	1.3464440039426044	1.0261551143187742	1.8478671044366062	2.3226534140357042	0.5404418507033841	1.5540519047609422	0.14799973547494835	0.20127850266269903	0.2510166614536356	0.5512468326720249
464	-28.057332919700272	-11779.359845969475	1.9534991918642877	1.3464440039426044	1.0261551143187742	1.8478671044366062	2.3226534140357042	0.5404418507033841	1.5540519047609422	0.14799973547494835	0.20127850266269903	0.2510166614536356	0.5512468326720249
465	-28.0726909862357	-11778.278893926277	1.9534991918642877	1.3464440039426044	1.0261551143187742	1.8478671044366062	2.3226534140357042	0.5404418507033841	1.5540519047609422	0.14799973547494835	0.20127850266269903	0.2510166614536356	0.5512468326720249
466	-28.0726909862357	-11767.771599237336	1.9534991918642877	1.3464440039426044	1.0261551143187742	1.8478671044366062	2.3226534140357042	0.5404418507033841	1.5540519047609422	0.14799973547494835	0.20127850266269903	0.2510166614536356	0.5512468326720249
467	-28.0726909862357	-11767.771599237336	1.9534991918642877	1.3464440039426044	1.0261551143187742	1.8478671044366062	2.3226534140357042	0.5404418507033841	1.5540519047609422	0.14799973547494835	0.20127850266269903	0.2510166614536356	0.5512468326720249
468	-28.064174830384303	-11762.217512710953	1.9534991918642877	1.3464440039426044	1.0261551143187742	1.8478671044366062	2.3226534140357042	0.5404418507033841	1.5540519047609422	0.14799973547494835	0.20127850266269903	0.2510166614536356	0.5512468326720249
469	-28.064174830384303	-11762.217512710953	1.9534991918642877	1.3464440039426044	1.0261551143187742	1.8478671044366062	2.3226534140357042	0.5404418507033841	1.5540519047609422	0.14799973547494835	0.20127850266269903	0.2510166614536356	0.5512468326720249
470	-28.591001926112433	-11762.217512710953	1.9534991918642877	1.3464440039426044	1.0261551143187742	1.8478671044366062	2.3226534140357042	0.5608694683345757	1.8653074530121432	0.11641997473402906	0.22505112545470624	0.28746939162522966	0.5512468326720249
471	-28.591001926112433	-11762.217512710953	1.9534991918642877	1.3464440039426044	1.0261551143187742	1.8478671044366062	2.3226534140357042	0.5608694683345757	1.8653074530121432	0.11641997473402906	0.22505112545470624	0.28746939162522966	0.5512468326720249
472	-28.591001926112433	-11762.217512710953	1.9534991918642877	1.3464440039426044	1.0261551143187742	1.8478671044366062	2.3226534140357042	0.5608694683345757	1.8653074530121432	0.11641997473402906	0.22505112545470624	0.28746939162522966	0.5512468326720249
473	-28.591001926112433	-11762.217512710953	1.9534991918642877	1.3464440039426044	1.0261551143187742	1.8478671044366062	2.3226534140357042	0.5608694683345757	1.8653074530121432	0.11641997473402906	0.22505112545470624	0.28746939162522966	0.5512468326720249
474	-28.591001926112433	-11762.217512710953	1.9534991918642877	1.3464440039426044	1.0261551143187742	1.8478671044366062	2.3226534140357042	0.5608694683345757	1.8653074530121432	0.11641997473402906	0.22505112545470624	0.28746939162522966	0.5512468326720249
475	-28.591001926112433	-11762.217512710953	1.9534991918642877	1.3464440039426044	1.0261551143187742	1.8478671044366062	2.3226534140357042	0.5608694683345757	1.8653074530121432	0.11641997473402906	0.22505112545470624	0.28746939162522966	0.5512468326720249
476	-28.591001926112433	-11762.217512710953	1.9534991918642877	1.3464440039426044	1.0261551143187742	1.8478671044366062	2.3226534140357042	0.5608694683345757	1.8653074530121432	0.11641997473402906	0.22505112545470624	0.28746939162522966	0.5512468326720249
477	-28.591001926112433	-11762.217512710953	1.9534991918642877	1.3464440039426044	1.0261551143187742	1.8478671044366062	2.3226534140357042	0.5608694683345757	1.8653074530121432	0.11641997473402906	0.22505112545470624	0.28746939162522966	0.5512468326720249
478	-28.591001926112433	-11762.217512710953	1.9534991918642877	1.3464440039426044	1.0261551143187742	1.8478671044366062	2.3226534140357042	0.5608694683345757	1.8653074530121432	0.11641997473402906	0.22505112545470624	0.28746939162522966	0.5512468326720249
479	-28.6227975272802	-11756.236719298717	1.9534991918642877	1.3464440039426044	1.0261551143187742	1.8478671044366062	2.3226534140357042	0.5608694683345757	1.8653074530121432	0.11641997473402906	0.22505112545470624	0.28746939162522966	0.5512468326720249
480	-28.6227975272802	-11756.236719298717	1.9534991918642877	1.3464440039426044	1.0261551143187742	1.8478671044366062	2.3226534140357042	0.5608694683345757	1.8653074530121432	0.11641997473402906	0.22505112545470624	0.28746939162522966	0.5512468326720249
481	-28.6227975272802	-11755.67531326099	1.9534991918642877	1.3464440039426044	1.0261551143187742	1.8478671044366062	2.3226534140357042	0.5608694683345757	1.8653074530121432	0.11641997473402906	0.22505112545470624	0.28746939162522966	0.5512468326720249
482	-28.6227975272802	-11755.67531326099	1.9534991918642877	1.3464440039426044	1.0261551143187742	1.8478671044366062	2.3226534140357042	0.5608694683345757	1.8653074530121432	0.11641997473402906	0.22505112545470624	0.28746939162522966	0.5512468326720249
483	-28.6227975272802	-11755.025261452307	1.9534991918642877	1.3464440039426044	1.0261551143187742	1.8478671044366062	2.3226534140357042	0.5608694683345757	1.8653074530121432	0.11641997473402906	0.22505112545470624	0.28746939162522966	0.5512468326720249
484	-28.6227975272802	-11755.806306508759	1.9534991918642877	1.3464440039426044	1.0261551143187742	1.8478671044366062	2.3226534140357042	0.5608694683345757	1.8653074530121432	0.11641997473402906	0.22505112545470624	0.28746939162522966	0.5512468326720249
485	-28.6227975272802	-11749.23307987402	1.9534991918642877	1.3464440039426044	1.0261551143187742	1.8478671044366062	2.3226534140357042	0.5608694683345757	1.8653074530121432	0.11641997473402906	0.22505112545470624	0.28746939162522966	0.5512468326720249
486	-28.6227975272802	-11749.23307987402	1.9534991918642877	1.3464440039426044	1.0261551143187742	1.8478671044366062	2.3226534140357042	0.5608694683345757	1.8653074530121432	0.11641997473402906	0.22505112545470624	0.28746939162522966	0.5512468326720249
487	-28.6227975272802	-11749.23307987402	1.9534991918642877	1.3464440039426044	1.0261551143187742	1.8478671044366062	2.3226534140357042	0.5608694683345757	1.8653074530121432	0.11641997473402906	0.22505112545470624	0.28746939162522966	0.5512468326720249
488	-28.61664289280884	-11743.585247206574	1.9534991918642877	1.3464440039426044	1.0261551143187742	1.8478671044366062	2.3226534140357042	0.5608694683345757	1.8653074530121432	0.11641997473402906	0.22505112545470624	0.28746939162522966	0.5512468326720249
489	-28.61664289280884	-11743.585247206574	1.9534991918642877	1.3464440039426044	1.0261551143187742	1.8478671044366062	2.3226534140357042	0.5608694683345757	1.8653074530121432	0.11641997473402906	0.22505112545470624	0.28746939162522966	0.5512468326720249
490	-28.61664289280884	-11745.035703607859	1.9534991918642877	1.3464440039426044	1.0261551143187742	1.8478671044366062	2.3226534140357042	0.5608694683345757	1.8653074530121432	0.11641997473402906	0.22505112545470624	0.28746939162522966	0.5512468326720249
491	-28.61664289280884	-11745.035703607859	1.9534991918642877	1.3464440039426044	1.0261551143187742	1.8478671044366062	2.3226534140357042	0.5608694683345757	1.8653074530121432	0.11641997473402906	0.22505112545470624	0.28746939162522966	0.5512468326720249
492	-28.61664289280884	-11744.81016403512	1.9534991918642877	1.3464440039426044	1.0261551143187742	1.8478671044366062	2.3226534140357042	0.5608694683345757	1.8653074530121432	0.11641997473402906	0.22505112545470624	0.28746939162522966	0.5512468326720249
493	-28.61664289280884	-11744.81016403512	1.9534991918642877	1.3464440039426044	1.0261551143187742	1.8478671044366062	2.3226534140357042	0.5608694683345757	1.8653074530121432	0.11641997473402906	0.22505112545470624	0.28746939162522966	0.5512468326720249
494	-28.61664289280884	-11744.81016403512	1.9534991918642877	1.3464440039426044	1.0261551143187742	1.8478671044366062	2.3226534140357042	0.5608694683345757	1.8653074530121432	0.11641997473402906	0.22505112545470624	0.28746939162522966	0.5512468326720249
495	-28.61664289280884	-11744.81016403512	1.9534991918642877	1.3464440039426044	1.0261551143187742	1.8478671044366062	2.3226534140357042	0.5608694683345757	1.8653074530121432	0.11641997473402906	0.22505112545470624	0.28746939162522966	0.5512468326720249
496	-28.61664289280884	-11744.81016403512	1.9534991918642877	1.3464440039426044	1.0261551143187742	1.8478671044366062	2.3226534140357042	0.5608694683345757	1.8653074530121432	0.11641997473402906	0.22505112545470624	0.28746939162522966	0.5512468326720249
497	-28.61664289280884	-11744.81016403512	1.9534991918642877	1.3464440039426044	1.0261551143187742	1.8478671044366062	2.3226534140357042	0.5608694683345757	1.8653074530121432	0.11641997473402906	0.22505112545470624	0.28746939162522966	0.5512468326720249
498	-28.61664289280884	-11744.81016403512	1.9534991918642877	1.3464440039426044	1.0261551143187742	1.8478671044366062	2.3226534140357042	0.5608694683345757	1.8653074530121432	0.11641997473402906	0.22505112545470624	0.28746939162522966	0.5512468326720249
499	-28.61664289280884	-11738.758674312998	1.9534991918642877	1.3464440039426044	1.0261551143187742	1.8478671044366062	2.3226534140357042	0.5608694683345757	1.8653074530121432	0.11641997473402906	0.22505112545470624	0.28746939162522966	0.5512468326720249
500	-28.895462866011485	-11738.758674312998	1.9534991918642877	1.3464440039426044	1.0261551143187742	1.8478671044366062	2.3226534140357042	0.5608694683345757	1.8653074530121432	0.11641997473402906	0.22505112545470624	0.28746939162522966	0.7147300499305198
501	-28.895462866011485	-11738.758674312998	1.9534991918642877	1.3464440039426044	1.0261551143187742	1.8478671044366062	2.3226534140357042	0.5608694683345757	1.8653074530121432	0.11641997473402906	0.22505112545470624	0.28746939162522966	0.7147300499305198
502	-28.895462866011485	-11738.984039269913	1.9534991918642877	1.3464440039426044	1.0261551143187742	1.8478671044366062	2.3226534140357042	0.5608694683345757	1.8653074530121432	0.11641997473402906	0.22505112545470624	0.28746939162522966	0.7147300499305198
503	-28.867441536338916	-11741.013552645252	1.9534991918642877	1.3464440039426044	1.0261551143187742	1.8478671044366062	2.3226534140357042	0.5608694683345757	1.8653074530121432	0.11641997473402906	0.22505112545470624	0.28746939162522966	0.7147300499305198
504	-28.867441536338916	-11741.013552645252	1.9534991918642877	1.3464440039426044	1.0261551143187742	1.8478671044366062	2.3226534140357042	0.5608694683345757	1.8653074530121432	0.11641997473402906	0.22505112545470624	0.28746939162522966	0.7147300499305198
505	-28.697272396831075	-11741.013552645252	2.197883705025651	1.5469070773255444	1.114604164060495	1.66461725879608	2.3286474402745703	0.5608694683345757	1.8653074530121432	0.11641997473402906	0.22505112545470624	0.28746939162522966	0.7147300499305198
506	-28.697272396831075	-11735.555665049636	2.197883705025651	1.5469070773255444	1.114604164060495	1.66461725879608	2.3286474402745703	0.5608694683345757	1.8653074530121432	0.11641997473402906	0.22505112545470624	0.28746939162522966	0.7147300499305198
507	-28.697272396831075	-11735.555665049636	2.197883705025651	1.5469070773255444	1.114604164060495	1.66461725879608	2.3286474402745703	0.5608694683345757	1.8653074530121432	0.11641997473402906	0.22505112545470624	0.28746939162522966	0.7147300499305198
508	-28.697272396831075	-11735.555665049636	2.197883705025651	1.5469070773255444	1.114604164060495	1.66461725879608	2.3286474402745703	0.5608694683345757	1.8653074530121432	0.11641997473402906	0.22505112545470624	0.28746939162522966	0.7147300499305198
509	-28.697272396831075	-11729.782134897234	2.197883705025651	1.5469070773255444	1.114604164060495	1.66461725879608	2.3286474402745703	0.5608694683345757	1.8653074530121432	0.11641997473402906	0.22505112545470624	0.28746939162522966	0.7147300499305198
510	-28.697272396831075	-11728.744567208856	2.197883705025651	1.5469070773255444	1.114604164060495	1.66461725879608	2.3286474402745703	0.5608694683345757	1.8653074530121432	0.11641997473402906	0.22505112545470624	0.28746939162522966	0.7147300499305198
511	-28.697272396831075	-11728.744567208856	2.197883705025651	1.5469070773255444	1.114604164060495	1.66461725879608	2.3286474402745703	0.5608694683345757	1.8653074530121432	0.11641997473402906	0.22505112545470624	0.28746939162522966	0.7147300499305198
512	-28.697272396831075	-11714.092191621954	2.197883705025651	1.5469070773255444	1.114604164060495	1.66461725879608	2.3286474402745703	0.5608694683345757	1.8653074530121432	0.11641997473402906	0.22505112545470624	0.28746939162522966	0.7147300499305198
513	-28.697272396831075	-11713.17123045709	2.197883705025651	1.5469070773255444	1.114604164060495	1.66461725879608	2.3286474402745703	0.5608694683345757	1.8653074530121432	0.11641997473402906	0.22505112545470624	0.28746939162522966	0.7147300499305198
514	-28.697272396831075	-11713.17123045709	2.197883705025651	1.5469070773255444	1.114604164060495	1.66461725879608	2.3286474402745703	0.5608694683345757	1.8653074530121432	0.11641997473402906	0.22505112545470624	0.28746939162522966	0.7147300499305198
515	-28.67945006517059	-11712.811487981668	2.197883705025651	1.5469070773255444	1.114604164060495	1.66461725879608	2.3286474402745703	0.5608694683345757	1.8653074530121432	0.11641997473402906	0.22505112545470624	0.28746939162522966	0.7147300499305198
516	-28.668770391786914	-11706.419009720776	2.197883705025651	1.5469070773255444	1.114604164060495	1.66461725879608	2.3286474402745703	0.5608694683345757	1.8653074530121432	0.11641997473402906	0.22505112545470624	0.28746939162522966	0.7147300499305198
517	-28.701420698263156	-11702.537374935006	2.197883705025651	1.5469070773255444	1.114604164060495	1.66461725879608	2.3286474402745703	0.5608694683345757	1.8653074530121432	0.11641997473402906	0.22505112545470624	0.28746939162522966	0.7147300499305198
518	-28.551752892105448	-11685.886126568508	2.197883705025651	1.5469070773255444	1.114604164060495	1.66461725879608	2.3286474402745703	0.5608694683345757	1.8653074530121432	0.11641997473402906	0.22505112545470624	0.28746939162522966	0.7147300499305198
519	-28.781304540968065	-11662.094105207387	2.197883705025651	1.5469070773255444	1.114604164060495	1.66461725879608	2.3286474402745703	0.5608694683345757	1.8653074530121432	0.11641997473402906	0.22505112545470624	0.28746939162522966	0.7147300499305198
520	-28.781304540968065	-11662.094105207387	2.197883705025651	1.5469070773255444	1.114604164060495	1.66461725879608	2.3286474402745703	0.5608694683345757	1.8653074530121432	0.11641997473402906	0.22505112545470624	0.28746939162522966	0.7147300499305198
521	-28.781304540968065	-11662.094105207387	2.197883705025651	1.5469070773255444	1.114604164060495	1.66461725879608	2.3286474402745703	0.5608694683345757	1.8653074530121432	0.11641997473402906	0.22505112545470624	0.28746939162522966	0.7147300499305198
522	-28.781304540968065	-11662.094105207387	2.197883705025651	1.5469070773255444	1.114604164060495	1.66461725879608	2.3286474402745703	0.5608694683345757	1.8653074530121432	0.11641997473402906	0.22505112545470624	0.28746939162522966	0.7147300499305198
523	-28.783143135509142	-11663.02252927492	2.197883705025651	1.5469070773255444	1.114604164060495	1.66461725879608	2.3286474402745703	0.5608694683345757	1.8653074530121432	0.11641997473402906	0.22505112545470624	0.28746939162522966	0.7147300499305198
524	-28.781438285189694	-11662.455550789507	2.197883705025651	1.5469070773255444	1.114604164060495	1.66461725879608	2.3286474402745703	0.5608694683345757	1.8653074530121432	0.11641997473402906	0.22505112545470624	0.28746939162522966	0.7147300499305198
525	-28.731225991867817	-11630.128178303485	2.197883705025651	1.5469070773255444	1.114604164060495	1.66461725879608	2.3286474402745703	0.5608694683345757	1.8653074530121432	0.11641997473402906	0.22505112545470624	0.28746939162522966	0.7147300499305198
526	-28.624097602029387	-11626.565322264085	2.197883705025651	1.5469070773255444	1.114604164060495	1.66461725879608	2.3286474402745703	0.5608694683345757	1.8653074530121432	0.11641997473402906	0.22505112545470624	0.28746939162522966	0.7147300499305198
527	-28.624097602029387	-11626.565322264085	2.197883705025651	1.5469070773255444	1.114604164060495	1.66461725879608	2.3286474402745703	0.5608694683345757	1.8653074530121432	0.11641997473402906	0.22505112545470624	0.28746939162522966	0.7147300499305198
528	-29.233201527007317	-11626.565322264085	2.197883705025651	1.5469070773255444	1.114604164060495	1.66461725879608	2.3286474402745703	0.4342713697698928	1.957608964819824	0.12050210002540485	0.2164784109162735	0.33107303264997096	0.7147300499305198
529	-29.215451934698216	-11625.289857175147	2.197883705025651	1.5469070773255444	1.114604164060495	1.66461725879608	2.3286474402745703	0.4342713697698928	1.957608964819824	0.12050210002540485	0.2164784109162735	0.33107303264997096	0.7147300499305198
530	-29.215451934698216	-11625.289857175147	2.197883705025651	1.5469070773255444	1.114604164060495	1.66461725879608	2.3286474402745703	0.4342713697698928	1.957608964819824	0.12050210002540485	0.2164784109162735	0.33107303264997096	0.7147300499305198
531	-29.215451934698216	-11625.289857175147	2.197883705025651	1.5469070773255444	1.114604164060495	1.66461725879608	2.3286474402745703	0.4342713697698928	1.957608964819824	0.12050210002540485	0.2164784109162735	0.33107303264997096	0.7147300499305198
532	-29.42256135809648	-11612.88455033558	2.197883705025651	1.5469070773255444	1.114604164060495	1.66461725879608	2.3286474402745703	0.4342713697698928	1.957608964819824	0.12050210002540485	0.2164784109162735	0.33107303264997096	0.7147300499305198
533	-29.424140666709285	-11612.830324096292	2.197883705025651	1.5469070773255444	1.114604164060495	1.66461725879608	2.3286474402745703	0.4342713697698928	1.957608964819824	0.12050210002540485	0.2164784109162735	0.33107303264997096	0.7147300499305198
534	-29.424140666709285	-11612.830324096292	2.197883705025651	1.5469070773255444	1.114604164060495	1.66461725879608	2.3286474402745703	0.4342713697698928	1.957608964819824	0.12050210002540485	0.2164784109162735	0.33107303264997096	0.7147300499305198
535	-29.424140666709285	-11612.830324096292	2.197883705025651	1.5469070773255444	1.114604164060495	1.66461725879608	2.3286474402745703	0.4342713697698928	1.957608964819824	0.12050210002540485	0.2164784109162735	0.33107303264997096	0.7147300499305198
536	-29.424140666709285	-11612.830324096292	2.197883705025651	1.5469070773255444	1.114604164060495	1.66461725879608	2.3286474402745703	0.4342713697698928	1.957608964819824	0.12050210002540485	0.2164784109162735	0.33107303264997096	0.7147300499305198
537	-29.424140666709285	-11611.606453961756	2.197883705025651	1.5469070773255444	1.114604164060495	1.66461725879608	2.3286474402745703	0.4342713697698928	1.957608964819824	0.12050210002540485	0.2164784109162735	0.33107303264997096	0.7147300499305198
538	-29.424140666709285	-11611.606453961756	2.197883705025651	1.5469070773255444	1.114604164060495	1.66461725879608	2.3286474402745703	0.4342713697698928	1.957608964819824	0.12050210002540485	0.2164784109162735	0.33107303264997096	0.7147300499305198
539	-29.424140666709285	-11611.606453961756	2.197883705025651	1.5469070773255444	1.114604164060495	1.66461725879608	2.3286474402745703	0.4342713697698928	1.957608964819824	0.12050210002540485	0.2164784109162735	0.33107303264997096	0.7147300499305198
540	-29.424140666709285	-11611.69294916614	2.197883705025651	1.5469070773255444	1.114604164060495	1.66461725879608	2.3286474402745703	0.4342713697698928	1.957608964819824	0.12050210002540485	0.2164784109162735	0.33107303264997096	0.7147300499305198
541	-29.424798680121263	-11611.30782755838	2.197883705025651	1.5469070773255444	1.114604164060495	1.66461725879608	2.3286474402745703	0.4342713697698928	1.957608964819824	0.12050210002540485	0.2164784109162735	0.33107303264997096	0.7147300499305198
542	-29.424798680121263	-11611.30782755838	2.197883705025651	1.5469070773255444	1.114604164060495	1.66461725879608	2.3286474402745703	0.4342713697698928	1.957608964819824	0.12050210002540485	0.2164784109162735	0.33107303264997096	0.7147300499305198
543	-29.424798680121263	-11611.30782755838	2.197883705025651	1.5469070773255444	1.114604164060495	1.66461725879608	2.3286474402745703	0.4342713697698928	1.957608964819824	0.12050210002540485	0.2164784109162735	0.33107303264997096	0.7147300499305198
544	-29.36517478056046	-11577.341775702767	2.197883705025651	1.5469070773255444	1.114604164060495	1.66461725879608	2.3286474402745703	0.4342713697698928	1.957608964819824	0.12050210002540485	0.2164784109162735	0.33107303264997096	0.7147300499305198
545	-29.36517478056046	-11577.341775702767	2.197883705025651	1.5469070773255444	1.114604164060495	1.66461725879608	2.3286474402745703	0.4342713697698928	1.957608964819824	0.12050210002540485	0.2164784109162735	0.33107303264997096	0.7147300499305198
546	-29.36517478056046	-11577.341775702767	2.197883705025651	1.5469070773255444	1.114604164060495	1.66461725879608	2.3286474402745703	0.4342713697698928	1.957608964819824	0.12050210002540485	0.2164784109162735	0.33107303264997096	0.7147300499305198
547	-29.36517478056046	-11577.341775702767	2.197883705025651	1.5469070773255444	1.114604164060495	1.66461725879608	2.3286474402745703	0.4342713697698928	1.957608964819824	0.12050210002540485	0.2164784109162735	0.33107303264997096	0.7147300499305198
548	-29.44898109637483	-11551.191751532564	2.197883705025651	1.5469070773255444	1.114604164060495	1.66461725879608	2.3286474402745703	0.4342713697698928	1.957608964819824	0.12050210002540485	0.2164784109162735	0.33107303264997096	0.7147300499305198
549	-28.946680037678593	-11551.191751532564	1.956109673317532	1.3952730554828054	1.029047286021161	1.5862356124243744	2.345746455921447	0.4342713697698928	1.957608964819824	0.12050210002540485	0.2164784109162735	0.33107303264997096	0.7147300499305198
550	-28.946680037678593	-11551.191751532564	1.956109673317532	1.3952730554828054	1.029047286021161	1.5862356124243744	2.345746455921447	0.4342713697698928	1.957608964819824	0.12050210002540485	0.2164784109162735	0.33107303264997096	0.7147300499305198
551	-28.946680037678593	-11551.191751532564	1.956109673317532	1.3952730554828054	1.029047286021161	1.5862356124243744	2.345746455921447	0.4342713697698928	1.957608964819824	0.12050210002540485	0.2164784109162735	0.33107303264997096	0.7147300499305198
552	-28.946680037678593	-11551.191751532564	1.956109673317532	1.3952730554828054	1.029047286021161	1.5862356124243744	2.345746455921447	0.4342713697698928	1.957608964819824	0.12050210002540485	0.2164784109162735	0.33107303264997096	0.7147300499305198
553	-28.946680037678593	-11551.191751532564	1.956109673317532	1.3952730554828054	1.029047286021161	1.5862356124243744	2.345746455921447	0.4342713697698928	1.957608964819824	0.12050210002540485	0.2164784109162735	0.33107303264997096	0.7147300499305198
554	-28.946680037678593	-11551.191751532564	1.956109673317532	1.3952730554828054	1.029047286021161	1.5862356124243744	2.345746455921447	0.4342713697698928	1.957608964819824	0.12050210002540485	0.2164784109162735	0.33107303264997096	0.7147300499305198
555	-28.946680037678593	-11551.191751532564	1.956109673317532	1.3952730554828054	1.029047286021161	1.5862356124243744	2.345746455921447	0.4342713697698928	1.957608964819824	0.12050210002540485	0.2164784109162735	0.33107303264997096	0.7147300499305198
556	-28.946680037678593	-11551.191751532564	1.956109673317532	1.3952730554828054	1.029047286021161	1.5862356124243744	2.345746455921447	0.4342713697698928	1.957608964819824	0.12050210002540485	0.2164784109162735	0.33107303264997096	0.7147300499305198
557	-28.946680037678593	-11551.191751532564	1.956109673317532	1.3952730554828054	1.029047286021161	1.5862356124243744	2.345746455921447	0.4342713697698928	1.957608964819824	0.12050210002540485	0.2164784109162735	0.33107303264997096	0.7147300499305198
558	-20.25572539094169	-11551.191751532564	1.5079516965617477	1.576792331224753	1.1105683278918286	1.850584786857389	2.6649771280756944	0.4342713697698928	1.957608964819824	0.12050210002540485	0.2164784109162735	0.33107303264997096	0.7147300499305198
559	-20.250410991810497	-11546.027806460579	1.5079516965617477	1.576792331224753	1.1105683278918286	1.850584786857389	2.6649771280756944	0.4342713697698928	1.957608964819824	0.12050210002540485	0.2164784109162735	0.33107303264997096	0.7147300499305198
560	-20.250410991810497	-11546.027806460579	1.5079516965617477	1.576792331224753	1.1105683278918286	1.850584786857389	2.6649771280756944	0.4342713697698928	1.957608964819824	0.12050210002540485	0.2164784109162735	0.33107303264997096	0.7147300499305198
561	-6.1916353212963315	-11546.027806460579	1.722567101096118	1.486149509993358	1.4774782579120815	2.072859918060359	3.2707206571141123	0.4342713697698928	1.957608964819824	0.12050210002540485	0.2164784109162735	0.33107303264997096	0.7147300499305198
562	-6.1916353212963315	-11546.027806460579	1.722567101096118	1.486149509993358	1.4774782579120815	2.072859918060359	3.2707206571141123	0.4342713697698928	1.957608964819824	0.12050210002540485	0.2164784109162735	0.33107303264997096	0.7147300499305198
563	-6.1916353212963315	-11546.027806460579	1.722567101096118	1.486149509993358	1.4774782579120815	2.072859918060359	3.2707206571141123	0.4342713697698928	1.957608964819824	0.12050210002540485	0.2164784109162735	0.33107303264997096	0.7147300499305198
564	-6.1916353212963315	-11545.60628620136	1.722567101096118	1.486149509993358	1.4774782579120815	2.072859918060359	3.2707206571141123	0.4342713697698928	1.957608964819824	0.12050210002540485	0.2164784109162735	0.33107303264997096	0.7147300499305198
565	-6.191647695603649	-11545.600730420465	1.722567101096118	1.486149509993358	1.4774782579120815	2.072859918060359	3.2707206571141123	0.4342713697698928	1.957608964819824	0.12050210002540485	0.2164784109162735	0.33107303264997096	0.7147300499305198
566	-6.040301661870686	-11519.53978007766	1.722567101096118	1.486149509993358	1.4774782579120815	2.072859918060359	3.2707206571141123	0.4342713697698928	1.957608964819824	0.12050210002540485	0.2164784109162735	0.33107303264997096	0.7147300499305198
567	-6.040301661870686	-11519.721371987745	1.722567101096118	1.486149509993358	1.4774782579120815	2.072859918060359	3.2707206571141123	0.4342713697698928	1.957608964819824	0.12050210002540485	0.2164784109162735	0.33107303264997096	0.7147300499305198
568	-6.021831302503159	-11515.00497230703	1.722567101096118	1.486149509993358	1.4774782579120815	2.072859918060359	3.2707206571141123	0.4342713697698928	1.957608964819824	0.12050210002540485	0.2164784109162735	0.33107303264997096	0.7147300499305198
569	-6.021831302503159	-11514.629792960504	1.722567101096118	1.486149509993358	1.4774782579120815	2.072859918060359	3.2707206571141123	0.4342713697698928	1.957608964819824	0.12050210002540485	0.2164784109162735	0.33107303264997096	0.7147300499305198
570	-5.971997897901431	-11517.309293004657	1.722567101096118	1.486149509993358	1.4774782579120815	2.072859918060359	3.2707206571141123	0.4342713697698928	1.957608964819824	0.12050210002540485	0.2164784109162735	0.33107303264997096	0.7147300499305198
571	-5.971997897901431	-11481.48859782126	1.722567101096118	1.486149509993358	1.4774782579120815	2.072859918060359	3.2707206571141123	0.4342713697698928	1.957608964819824	0.12050210002540485	0.2164784109162735	0.33107303264997096	0.7147300499305198
572	-5.971997897901431	-11481.48859782126	1.722567101096118	1.486149509993358	1.4774782579120815	2.072859918060359	3.2707206571141123	0.4342713697698928	1.957608964819824	0.12050210002540485	0.2164784109162735	0.33107303264997096	0.7147300499305198
573	-5.926824800546427	-11473.11746403628	1.722567101096118	1.486149509993358	1.4774782579120815	2.072859918060359	3.2707206571141123	0.4342713697698928	1.957608964819824	0.12050210002540485	0.2164784109162735	0.33107303264997096	0.7147300499305198
574	-5.926824800546427	-11473.11746403628	1.722567101096118	1.486149509993358	1.4774782579120815	2.072859918060359	3.2707206571141123	0.4342713697698928	1.957608964819824	0.12050210002540485	0.2164784109162735	0.33107303264997096	0.7147300499305198
575	-5.926824800546427	-11473.11746403628	1.722567101096118	1.486149509993358	1.4774782579120815	2.072859918060359	3.2707206571141123	0.4342713697698928	1.957608964819824	0.12050210002540485	0.2164784109162735	0.33107303264997096	0.7147300499305198
576	-5.926824800546427	-11471.098718351153	1.722567101096118	1.486149509993358	1.4774782579120815	2.072859918060359	3.2707206571141123	0.4342713697698928	1.957608964819824	0.12050210002540485	0.2164784109162735	0.33107303264997096	0.7147300499305198
577	-5.926824800546427	-11471.098718351153	1.722567101096118	1.486149509993358	1.4774782579120815	2.072859918060359	3.2707206571141123	0.4342713697698928	1.957608964819824	0.12050210002540485	0.2164784109162735	0.33107303264997096	0.7147300499305198
578	-5.935239714554157	-11470.81157951948	1.722567101096118	1.486149509993358	1.4774782579120815	2.072859918060359	3.2707206571141123	0.4342713697698928	1.957608964819824	0.12050210002540485	0.2164784109162735	0.33107303264997096	0.7147300499305198
579	-5.935239714554157	-11470.81157951948	1.722567101096118	1.486149509993358	1.4774782579120815	2.072859918060359	3.2707206571141123	0.4342713697698928	1.957608964819824	0.12050210002540485	0.2164784109162735	0.33107303264997096	0.7147300499305198
580	-5.816690223489835	-11464.628539382922	1.722567101096118	1.486149509993358	1.4774782579120815	2.072859918060359	3.2707206571141123	0.4342713697698928	1.957608964819824	0.12050210002540485	0.2164784109162735	0.33107303264997096	0.7147300499305198
581	14.122008319035928	-11464.628539382922	1.3957405766915172	1.2827467090103744	1.3880110399013184	2.385148350219365	4.350383405236741	0.4342713697698928	1.957608964819824	0.12050210002540485	0.2164784109162735	0.33107303264997096	0.7147300499305198
582	14.122008319035928	-11463.574889884525	1.3957405766915172	1.2827467090103744	1.3880110399013184	2.385148350219365	4.350383405236741	0.4342713697698928	1.957608964819824	0.12050210002540485	0.2164784109162735	0.33107303264997096	0.7147300499305198
583	14.181733937323301	-11461.5897006501	1.3957405766915172	1.2827467090103744	1.3880110399013184	2.385148350219365	4.350383405236741	0.4342713697698928	1.957608964819824	0.12050210002540485	0.2164784109162735	0.33107303264997096	0.7147300499305198
584	14.181733937323301	-11461.5897006501	1.3957405766915172	1.2827467090103744	1.3880110399013184	2.385148350219365	4.350383405236741	0.4342713697698928	1.957608964819824	0.12050210002540485	0.2164784109162735	0.33107303264997096	0.7147300499305198
585	14.201537837885596	-11458.790721967809	1.3957405766915172	1.2827467090103744	1.3880110399013184	2.385148350219365	4.350383405236741	0.4342713697698928	1.957608964819824	0.12050210002540485	0.2164784109162735	0.33107303264997096	0.7147300499305198
586	14.201537837885596	-11457.625157907669	1.3957405766915172	1.2827467090103744	1.3880110399013184	2.385148350219365	4.350383405236741	0.4342713697698928	1.957608964819824	0.12050210002540485	0.2164784109162735	0.33107303264997096	0.7147300499305198
587	14.11433672947092	-11452.739654941835	1.3957405766915172	1.2827467090103744	1.3880110399013184	2.385148350219365	4.350383405236741	0.4342713697698928	1.957608964819824	0.12050210002540485	0.2164784109162735	0.33107303264997096	0.7147300499305198
588	14.11433672947092	-11452.739654941835	1.3957405766915172	1.2827467090103744	1.3880110399013184	2.385148350219365	4.350383405236741	0.4342713697698928	1.957608964819824	0.12050210002540485	0.2164784109162735	0.33107303264997096	0.7147300499305198
589	14.11433672947092	-11452.739654941835	1.3957405766915172	1.2827467090103744	1.3880110399013184	2.385148350219365	4.350383405236741	0.4342713697698928	1.957608964819824	0.12050210002540485	0.2164784109162735	0.33107303264997096	0.7147300499305198
590	14.11433672947092	-11452.739654941835	1.3957405766915172	1.2827467090103744	1.3880110399013184	2.385148350219365	4.350383405236741	0.4342713697698928	1.957608964819824	0.12050210002540485	0.2164784109162735	0.33107303264997096	0.7147300499305198
591	14.11433672947092	-11453.372866292073	1.3957405766915172	1.2827467090103744	1.3880110399013184	2.385148350219365	4.350383405236741	0.4342713697698928	1.957608964819824	0.12050210002540485	0.2164784109162735	0.33107303264997096	0.7147300499305198
592	14.096906558075592	-11452.81198130795	1.3957405766915172	1.2827467090103744	1.3880110399013184	2.385148350219365	4.350383405236741	0.4342713697698928	1.957608964819824	0.12050210002540485	0.2164784109162735	0.33107303264997096	0.7147300499305198
593	14.111201541078504	-11452.099317478662	1.3957405766915172	1.2827467090103744	1.3880110399013184	2.385148350219365	4.350383405236741	0.4342713697698928	1.957608964819824	0.12050210002540485	0.2164784109162735	0.33107303264997096	0.7147300499305198
594	14.111201541078504	-11452.103526627101	1.3957405766915172	1.2827467090103744	1.3880110399013184	2.385148350219365	4.350383405236741	0.4342713697698928	1.957608964819824	0.12050210002540485	0.2164784109162735	0.33107303264997096	0.7147300499305198
595	14.111201541078504	-11451.484994019815	1.3957405766915172	1.2827467090103744	1.3880110399013184	2.385148350219365	4.350383405236741	0.4342713697698928	1.957608964819824	0.12050210002540485	0.2164784109162735	0.33107303264997096	0.7147300499305198
596	14.111201541078504	-11451.484994019815	1.3957405766915172	1.2827467090103744	1.3880110399013184	2.385148350219365	4.350383405236741	0.4342713697698928	1.957608964819824	0.12050210002540485	0.2164784109162735	0.33107303264997096	0.7147300499305198
597	14.111201541078504	-11451.484994019815	1.3957405766915172	1.2827467090103744	1.3880110399013184	2.385148350219365	4.350383405236741	0.4342713697698928	1.957608964819824	0.12050210002540485	0.2164784109162735	0.33107303264997096	0.7147300499305198
598	14.111201541078504	-11451.484994019815	1.3957405766915172	1.2827467090103744	1.3880110399013184	2.385148350219365	4.350383405236741	0.4342713697698928	1.957608964819824	0.12050210002540485	0.2164784109162735	0.33107303264997096	0.7147300499305198
599	14.111201541078504	-11444.64528831216	1.3957405766915172	1.2827467090103744	1.3880110399013184	2.385148350219365	4.350383405236741	0.4342713697698928	1.957608964819824	0.12050210002540485	0.2164784109162735	0.33107303264997096	0.7147300499305198
600	14.459167736028563	-11444.64528831216	1.3957405766915172	1.2827467090103744	1.3880110399013184	2.385148350219365	4.350383405236741	0.42065429183592434	2.5975585608595106	0.15130390021479606	0.21967137506512244	0.31301026315889685	0.7147300499305198
601	14.459167736028563	-11444.64528831216	1.3957405766915172	1.2827467090103744	1.3880110399013184	2.385148350219365	4.350383405236741	0.42065429183592434	2.5975585608595106	0.15130390021479606	0.21967137506512244	0.31301026315889685	0.7147300499305198
602	14.486450842081611	-11434.581666060218	1.3957405766915172	1.2827467090103744	1.3880110399013184	2.385148350219365	4.350383405236741	0.42065429183592434	2.5975585608595106	0.15130390021479606	0.21967137506512244	0.31301026315889685	0.7147300499305198
603	14.486450842081611	-11434.581666060218	1.3957405766915172	1.2827467090103744	1.3880110399013184	2.385148350219365	4.350383405236741	0.42065429183592434	2.5975585608595106	0.15130390021479606	0.21967137506512244	0.31301026315889685	0.7147300499305198
604	14.486450842081611	-11434.581666060218	1.3957405766915172	1.2827467090103744	1.3880110399013184	2.385148350219365	4.350383405236741	0.42065429183592434	2.5975585608595106	0.15130390021479606	0.21967137506512244	0.31301026315889685	0.7147300499305198
605	14.486450842081611	-11434.581666060218	1.3957405766915172	1.2827467090103744	1.3880110399013184	2.385148350219365	4.350383405236741	0.42065429183592434	2.5975585608595106	0.15130390021479606	0.21967137506512244	0.31301026315889685	0.7147300499305198
606	31.699926743184218	-11434.581666060218	1.7789919623607704	1.100905763540923	1.2611103242049413	3.1389675869491045	5.546748448756046	0.42065429183592434	2.5975585608595106	0.15130390021479606	0.21967137506512244	0.31301026315889685	0.7147300499305198
607	31.699926743184218	-11434.581666060218	1.7789919623607704	1.100905763540923	1.2611103242049413	3.1389675869491045	5.546748448756046	0.42065429183592434	2.5975585608595106	0.15130390021479606	0.21967137506512244	0.31301026315889685	0.7147300499305198
608	31.699926743184218	-11429.884707807523	1.7789919623607704	1.100905763540923	1.2611103242049413	3.1389675869491045	5.546748448756046	0.42065429183592434	2.5975585608595106	0.15130390021479606	0.21967137506512244	0.31301026315889685	0.7147300499305198
609	31.699926743184218	-11428.399484786201	1.7789919623607704	1.100905763540923	1.2611103242049413	3.1389675869491045	5.546748448756046	0.42065429183592434	2.5975585608595106	0.15130390021479606	0.21967137506512244	0.31301026315889685	0.7147300499305198
610	31.699926743184218	-11428.064317649416	1.7789919623607704	1.100905763540923	1.2611103242049413	3.1389675869491045	5.546748448756046	0.42065429183592434	2.5975585608595106	0.15130390021479606	0.21967137506512244	0.31301026315889685	0.7147300499305198
611	31.699926743184218	-11428.064317649416	1.7789919623607704	1.100905763540923	1.2611103242049413	3.1389675869491045	5.546748448756046	0.42065429183592434	2.5975585608595106	0.15130390021479606	0.21967137506512244	0.31301026315889685	0.7147300499305198
612	31.699926743184218	-11428.064317649416	1.7789919623607704	1.100905763540923	1.2611103242049413	3.1389675869491045	5.546748448756046	0.42065429183592434	2.5975585608595106	0.15130390021479606	0.21967137506512244	0.31301026315889685	0.7147300499305198
613	31.699926743184218	-11428.064317649416	1.7789919623607704	1.100905763540923	1.2611103242049413	3.1389675869491045	5.546748448756046	0.42065429183592434	2.5975585608595106	0.15130390021479606	0.21967137506512244	0.31301026315889685	0.7147300499305198
614	31.699926743184218	-11428.064317649416	1.7789919623607704	1.100905763540923	1.2611103242049413	3.1389675869491045	5.546748448756046	0.42065429183592434	2.5975585608595106	0.15130390021479606	0.21967137506512244	0.31301026315889685	0.7147300499305198
615	31.732616974593636	-11427.939973478204	1.7789919623607704	1.100905763540923	1.2611103242049413	3.1389675869491045	5.546748448756046	0.42065429183592434	2.5975585608595106	0.15130390021479606	0.21967137506512244	0.31301026315889685	0.7147300499305198
616	31.732616974593636	-11427.939973478204	1.7789919623607704	1.100905763540923	1.2611103242049413	3.1389675869491045	5.546748448756046	0.42065429183592434	2.5975585608595106	0.15130390021479606	0.21967137506512244	0.31301026315889685	0.7147300499305198
617	31.732616974593636	-11427.939973478204	1.7789919623607704	1.100905763540923	1.2611103242049413	3.1389675869491045	5.546748448756046	0.42065429183592434	2.5975585608595106	0.15130390021479606	0.21967137506512244	0.31301026315889685	0.7147300499305198
618	31.732616974593636	-11427.939973478204	1.7789919623607704	1.100905763540923	1.2611103242049413	3.1389675869491045	5.546748448756046	0.42065429183592434	2.5975585608595106	0.15130390021479606	0.21967137506512244	0.31301026315889685	0.7147300499305198
619	31.742022457300774	-11428.062575830252	1.7789919623607704	1.100905763540923	1.2611103242049413	3.1389675869491045	5.546748448756046	0.42065429183592434	2.5975585608595106	0.15130390021479606	0.21967137506512244	0.31301026315889685	0.7147300499305198
620	31.742022457300774	-11428.062575830252	1.7789919623607704	1.100905763540923	1.2611103242049413	3.1389675869491045	5.546748448756046	0.42065429183592434	2.5975585608595106	0.15130390021479606	0.21967137506512244	0.31301026315889685	0.7147300499305198
621	31.742022457300774	-11428.062575830252	1.7789919623607704	1.100905763540923	1.2611103242049413	3.1389675869491045	5.546748448756046	0.42065429183592434	2.5975585608595106	0.15130390021479606	0.21967137506512244	0.31301026315889685	0.7147300499305198
622	31.742022457300774	-11428.062575830252	1.7789919623607704	1.100905763540923	1.2611103242049413	3.1389675869491045	5.546748448756046	0.42065429183592434	2.5975585608595106	0.15130390021479606	0.21967137506512244	0.31301026315889685	0.7147300499305198
623	31.742022457300774	-11428.062575830252	1.7789919623607704	1.100905763540923	1.2611103242049413	3.1389675869491045	5.546748448756046	0.42065429183592434	2.5975585608595106	0.15130390021479606	0.21967137506512244	0.31301026315889685	0.7147300499305198
624	31.742022457300774	-11428.062575830252	1.7789919623607704	1.100905763540923	1.2611103242049413	3.1389675869491045	5.546748448756046	0.42065429183592434	2.5975585608595106	0.15130390021479606	0.21967137506512244	0.31301026315889685	0.7147300499305198
625	31.742022457300774	-11428.062575830252	1.7789919623607704	1.100905763540923	1.2611103242049413	3.1389675869491045	5.546748448756046	0.42065429183592434	2.5975585608595106	0.15130390021479606	0.21967137506512244	0.31301026315889685	0.7147300499305198
626	45.23873189425731	-11428.062575830252	2.278730341631488	1.284151607117837	1.620219526558196	3.802931148394493	6.7014944093055275	0.42065429183592434	2.5975585608595106	0.15130390021479606	0.21967137506512244	0.31301026315889685	0.7147300499305198
627	45.23873189425731	-11428.062575830252	2.278730341631488	1.284151607117837	1.620219526558196	3.802931148394493	6.7014944093055275	0.42065429183592434	2.5975585608595106	0.15130390021479606	0.21967137506512244	0.31301026315889685	0.7147300499305198
628	45.23873189425731	-11428.092484610564	2.278730341631488	1.284151607117837	1.620219526558196	3.802931148394493	6.7014944093055275	0.42065429183592434	2.5975585608595106	0.15130390021479606	0.21967137506512244	0.31301026315889685	0.7147300499305198
629	45.23873189425731	-11428.092484610564	2.278730341631488	1.284151607117837	1.620219526558196	3.802931148394493	6.7014944093055275	0.42065429183592434	2.5975585608595106	0.15130390021479606	0.21967137506512244	0.31301026315889685	0.7147300499305198
630	45.23873189425731	-11427.85144024778	2.278730341631488	1.284151607117837	1.620219526558196	3.802931148394493	6.7014944093055275	0.42065429183592434	2.5975585608595106	0.15130390021479606	0.21967137506512244	0.31301026315889685	0.7147300499305198
631	45.23873189425731	-11427.85144024778	2.278730341631488	1.284151607117837	1.620219526558196	3.802931148394493	6.7014944093055275	0.42065429183592434	2.5975585608595106	0.15130390021479606	0.21967137506512244	0.31301026315889685	0.7147300499305198
632	45.23873189425731	-11427.85144024778	2.278730341631488	1.284151607117837	1.620219526558196	3.802931148394493	6.7014944093055275	0.42065429183592434	2.5975585608595106	0.15130390021479606	0.21967137506512244	0.31301026315889685	0.7147300499305198
633	45.36017195980722	-11425.997977027067	2.278730341631488	1.284151607117837	1.620219526558196	3.802931148394493	6.7014944093055275	0.42065429183592434	2.5975585608595106	0.15130390021479606	0.21967137506512244	0.31301026315889685	0.7147300499305198
634	45.36017195980722	-11425.997977027067	2.278730341631488	1.284151607117837	1.620219526558196	3.802931148394493	6.7014944093055275	0.42065429183592434	2.5975585608595106	0.15130390021479606	0.21967137506512244	0.31301026315889685	0.7147300499305198
635	45.36017195980722	-11425.997977027067	2.278730341631488	1.284151607117837	1.620219526558196	3.802931148394493	6.7014944093055275	0.42065429183592434	2.5975585608595106	0.15130390021479606	0.21967137506512244	0.31301026315889685	0.7147300499305198
636	45.36017195980722	-11425.997977027067	2.278730341631488	1.284151607117837	1.620219526558196	3.802931148394493	6.7014944093055275	0.42065429183592434	2.5975585608595106	0.15130390021479606	0.21967137506512244	0.31301026315889685	0.7147300499305198
637	45.36017195980722	-11425.997977027067	2.278730341631488	1.284151607117837	1.620219526558196	3.802931148394493	6.7014944093055275	0.42065429183592434	2.5975585608595106	0.15130390021479606	0.21967137506512244	0.31301026315889685	0.7147300499305198
638	45.36017195980722	-11425.997977027067	2.278730341631488	1.284151607117837	1.620219526558196	3.802931148394493	6.7014944093055275	0.42065429183592434	2.5975585608595106	0.15130390021479606	0.21967137506512244	0.31301026315889685	0.7147300499305198
639	45.36017195980722	-11425.997977027067	2.278730341631488	1.284151607117837	1.620219526558196	3.802931148394493	6.7014944093055275	0.42065429183592434	2.5975585608595106	0.15130390021479606	0.21967137506512244	0.31301026315889685	0.7147300499305198
640	45.36017195980722	-11425.997977027067	2.278730341631488	1.284151607117837	1.620219526558196	3.802931148394493	6.7014944093055275	0.42065429183592434	2.5975585608595106	0.15130390021479606	0.21967137506512244	0.31301026315889685	0.7147300499305198
641	45.313408474991576	-11427.541180678758	2.278730341631488	1.284151607117837	1.620219526558196	3.802931148394493	6.7014944093055275	0.42065429183592434	2.5975585608595106	0.15130390021479606	0.21967137506512244	0.31301026315889685	0.7147300499305198
642	45.313408474991576	-11427.541180678758	2.278730341631488	1.284151607117837	1.620219526558196	3.802931148394493	6.7014944093055275	0.42065429183592434	2.5975585608595106	0.15130390021479606	0.21967137506512244	0.31301026315889685	0.7147300499305198
643	45.34233190587929	-11426.37343503799	2.278730341631488	1.284151607117837	1.620219526558196	3.802931148394493	6.7014944093055275	0.42065429183592434	2.5975585608595106	0.15130390021479606	0.21967137506512244	0.31301026315889685	0.7147300499305198
644	45.34233190587929	-11426.37343503799	2.278730341631488	1.284151607117837	1.620219526558196	3.802931148394493	6.7014944093055275	0.42065429183592434	2.5975585608595106	0.15130390021479606	0.21967137506512244	0.31301026315889685	0.7147300499305198
645	45.34233190587929	-11426.37343503799	2.278730341631488	1.284151607117837	1.620219526558196	3.802931148394493	6.7014944093055275	0.42065429183592434	2.5975585608595106	0.15130390021479606	0.21967137506512244	0.31301026315889685	0.7147300499305198
646	45.34233190587929	-11425.525104235065	2.278730341631488	1.284151607117837	1.620219526558196	3.802931148394493	6.7014944093055275	0.42065429183592434	2.5975585608595106	0.15130390021479606	0.21967137506512244	0.31301026315889685	0.7147300499305198
647	45.34233190587929	-11425.525104235065	2.278730341631488	1.284151607117837	1.620219526558196	3.802931148394493	6.7014944093055275	0.42065429183592434	2.5975585608595106	0.15130390021479606	0.21967137506512244	0.31301026315889685	0.7147300499305198
648	45.34233190587929	-11425.525104235065	2.278730341631488	1.284151607117837	1.620219526558196	3.802931148394493	6.7014944093055275	0.42065429183592434	2.5975585608595106	0.15130390021479606	0.21967137506512244	0.31301026315889685	0.7147300499305198
649	45.34233190587929	-11425.525104235065	2.278730341631488	1.284151607117837	1.620219526558196	3.802931148394493	6.7014944093055275	0.42065429183592434	2.5975585608595106	0.15130390021479606	0.21967137506512244	0.31301026315889685	0.7147300499305198
650	45.476889235550715	-11403.0289165562	2.278730341631488	1.284151607117837	1.620219526558196	3.802931148394493	6.7014944093055275	0.42065429183592434	2.5975585608595106	0.15130390021479606	0.21967137506512244	0.31301026315889685	0.7147300499305198
651	45.476889235550715	-11403.0289165562	2.278730341631488	1.284151607117837	1.620219526558196	3.802931148394493	6.7014944093055275	0.42065429183592434	2.5975585608595106	0.15130390021479606	0.21967137506512244	0.31301026315889685	0.7147300499305198
652	45.476889235550715	-11403.0289165562	2.278730341631488	1.284151607117837	1.620219526558196	3.802931148394493	6.7014944093055275	0.42065429183592434	2.5975585608595106	0.15130390021479606	0.21967137506512244	0.31301026315889685	0.7147300499305198
653	45.476889235550715	-11404.662947413412	2.278730341631488	1.284151607117837	1.620219526558196	3.802931148394493	6.7014944093055275	0.42065429183592434	2.5975585608595106	0.15130390021479606	0.21967137506512244	0.31301026315889685	0.7147300499305198
654	45.47566159329986	-11400.100702017447	2.278730341631488	1.284151607117837	1.620219526558196	3.802931148394493	6.7014944093055275	0.42065429183592434	2.5975585608595106	0.15130390021479606	0.21967137506512244	0.31301026315889685	0.7147300499305198
655	45.47566159329986	-11400.100702017447	2.278730341631488	1.284151607117837	1.620219526558196	3.802931148394493	6.7014944093055275	0.42065429183592434	2.5975585608595106	0.15130390021479606	0.21967137506512244	0.31301026315889685	0.7147300499305198
656	45.47566159329986	-11234.692456016694	2.278730341631488	1.284151607117837	1.620219526558196	3.802931148394493	6.7014944093055275	0.42065429183592434	2.5975585608595106	0.15130390021479606	0.21967137506512244	0.31301026315889685	0.7147300499305198
657	45.47566159329986	-11234.692456016694	2.278730341631488	1.284151607117837	1.620219526558196	3.802931148394493	6.7014944093055275	0.42065429183592434	2.5975585608595106	0.15130390021479606	0.21967137506512244	0.31301026315889685	0.7147300499305198
658	45.47566159329986	-11234.692456016694	2.278730341631488	1.284151607117837	1.620219526558196	3.802931148394493	6.7014944093055275	0.42065429183592434	2.5975585608595106	0.15130390021479606	0.21967137506512244	0.31301026315889685	0.7147300499305198
659	45.47566159329986	-11234.692456016694	2.278730341631488	1.284151607117837	1.620219526558196	3.802931148394493	6.7014944093055275	0.42065429183592434	2.5975585608595106	0.15130390021479606	0.21967137506512244	0.31301026315889685	0.7147300499305198
660	45.47566159329986	-11234.692456016694	2.278730341631488	1.284151607117837	1.620219526558196	3.802931148394493	6.7014944093055275	0.42065429183592434	2.5975585608595106	0.15130390021479606	0.21967137506512244	0.31301026315889685	0.7147300499305198
661	45.47566159329986	-11234.692456016694	2.278730341631488	1.284151607117837	1.620219526558196	3.802931148394493	6.7014944093055275	0.42065429183592434	2.5975585608595106	0.15130390021479606	0.21967137506512244	0.31301026315889685	0.7147300499305198
662	45.496279156688416	-11234.350673218445	2.278730341631488	1.284151607117837	1.620219526558196	3.802931148394493	6.7014944093055275	0.42065429183592434	2.5975585608595106	0.15130390021479606	0.21967137506512244	0.31301026315889685	0.7147300499305198
663	45.496279156688416	-11234.350673218445	2.278730341631488	1.284151607117837	1.620219526558196	3.802931148394493	6.7014944093055275	0.42065429183592434	2.5975585608595106	0.15130390021479606	0.21967137506512244	0.31301026315889685	0.7147300499305198
664	45.496279156688416	-11234.350673218445	2.278730341631488	1.284151607117837	1.620219526558196	3.802931148394493	6.7014944093055275	0.42065429183592434	2.5975585608595106	0.15130390021479606	0.21967137506512244	0.31301026315889685	0.7147300499305198
665	45.76949506188637	-11234.350673218445	2.278730341631488	1.284151607117837	1.620219526558196	3.802931148394493	6.7014944093055275	0.4143922371786791	3.365882432837503	0.1366208582671962	0.2382004955802084	0.30124138355902924	0.7147300499305198
666	45.76949506188637	-11234.350673218445	2.278730341631488	1.284151607117837	1.620219526558196	3.802931148394493	6.7014944093055275	0.4143922371786791	3.365882432837503	0.1366208582671962	0.2382004955802084	0.30124138355902924	0.7147300499305198
667	45.719412215963665	-11235.40537833206	2.278730341631488	1.284151607117837	1.620219526558196	3.802931148394493	6.7014944093055275	0.4143922371786791	3.365882432837503	0.1366208582671962	0.2382004955802084	0.30124138355902924	0.7147300499305198
668	45.719412215963665	-11235.40537833206	2.278730341631488	1.284151607117837	1.620219526558196	3.802931148394493	6.7014944093055275	0.4143922371786791	3.365882432837503	0.1366208582671962	0.2382004955802084	0.30124138355902924	0.7147300499305198
669	45.719412215963665	-11235.40537833206	2.278730341631488	1.284151607117837	1.620219526558196	3.802931148394493	6.7014944093055275	0.4143922371786791	3.365882432837503	0.1366208582671962	0.2382004955802084	0.30124138355902924	0.7147300499305198
670	45.719412215963665	-11158.246463240323	2.278730341631488	1.284151607117837	1.620219526558196	3.802931148394493	6.7014944093055275	0.4143922371786791	3.365882432837503	0.1366208582671962	0.2382004955802084	0.30124138355902924	0.7147300499305198
671	45.719412215963665	-11158.246463240323	2.278730341631488	1.284151607117837	1.620219526558196	3.802931148394493	6.7014944093055275	0.4143922371786791	3.365882432837503	0.1366208582671962	0.2382004955802084	0.30124138355902924	0.7147300499305198
672	45.719412215963665	-11158.246463240323	2.278730341631488	1.284151607117837	1.620219526558196	3.802931148394493	6.7014944093055275	0.4143922371786791	3.365882432837503	0.1366208582671962	0.2382004955802084	0.30124138355902924	0.7147300499305198
673	45.719412215963665	-11158.246463240323	2.278730341631488	1.284151607117837	1.620219526558196	3.802931148394493	6.7014944093055275	0.4143922371786791	3.365882432837503	0.1366208582671962	0.2382004955802084	0.30124138355902924	0.7147300499305198
674	45.719412215963665	-11158.246463240323	2.278730341631488	1.284151607117837	1.620219526558196	3.802931148394493	6.7014944093055275	0.4143922371786791	3.365882432837503	0.1366208582671962	0.2382004955802084	0.30124138355902924	0.7147300499305198
675	45.719412215963665	-11158.246463240323	2.278730341631488	1.284151607117837	1.620219526558196	3.802931148394493	6.7014944093055275	0.4143922371786791	3.365882432837503	0.1366208582671962	0.2382004955802084	0.30124138355902924	0.7147300499305198
676	45.719412215963665	-11158.246463240323	2.278730341631488	1.284151607117837	1.620219526558196	3.802931148394493	6.7014944093055275	0.4143922371786791	3.365882432837503	0.1366208582671962	0.2382004955802084	0.30124138355902924	0.7147300499305198
677	45.719412215963665	-11158.246463240323	2.278730341631488	1.284151607117837	1.620219526558196	3.802931148394493	6.7014944093055275	0.4143922371786791	3.365882432837503	0.1366208582671962	0.2382004955802084	0.30124138355902924	0.7147300499305198
678	45.719412215963665	-11158.246463240323	2.278730341631488	1.284151607117837	1.620219526558196	3.802931148394493	6.7014944093055275	0.4143922371786791	3.365882432837503	0.1366208582671962	0.2382004955802084	0.30124138355902924	0.7147300499305198
679	45.719412215963665	-11104.136366117673	2.278730341631488	1.284151607117837	1.620219526558196	3.802931148394493	6.7014944093055275	0.4143922371786791	3.365882432837503	0.1366208582671962	0.2382004955802084	0.30124138355902924	0.7147300499305198
680	45.719412215963665	-11104.935786145243	2.278730341631488	1.284151607117837	1.620219526558196	3.802931148394493	6.7014944093055275	0.4143922371786791	3.365882432837503	0.1366208582671962	0.2382004955802084	0.30124138355902924	0.7147300499305198
681	45.719412215963665	-11104.935786145243	2.278730341631488	1.284151607117837	1.620219526558196	3.802931148394493	6.7014944093055275	0.4143922371786791	3.365882432837503	0.1366208582671962	0.2382004955802084	0.30124138355902924	0.7147300499305198
682	45.719412215963665	-11104.935786145243	2.278730341631488	1.284151607117837	1.620219526558196	3.802931148394493	6.7014944093055275	0.4143922371786791	3.365882432837503	0.1366208582671962	0.2382004955802084	0.30124138355902924	0.7147300499305198
683	45.719412215963665	-11095.44020776904	2.278730341631488	1.284151607117837	1.620219526558196	3.802931148394493	6.7014944093055275	0.4143922371786791	3.365882432837503	0.1366208582671962	0.2382004955802084	0.30124138355902924	0.7147300499305198
684	45.76754260427193	-11040.68541999173	2.278730341631488	1.284151607117837	1.620219526558196	3.802931148394493	6.7014944093055275	0.4143922371786791	3.365882432837503	0.1366208582671962	0.2382004955802084	0.30124138355902924	0.7147300499305198
685	45.76754260427193	-11027.107868639787	2.278730341631488	1.284151607117837	1.620219526558196	3.802931148394493	6.7014944093055275	0.4143922371786791	3.365882432837503	0.1366208582671962	0.2382004955802084	0.30124138355902924	0.7147300499305198
686	45.76754260427193	-11027.107868639787	2.278730341631488	1.284151607117837	1.620219526558196	3.802931148394493	6.7014944093055275	0.4143922371786791	3.365882432837503	0.1366208582671962	0.2382004955802084	0.30124138355902924	0.7147300499305198
687	45.00045240046683	-11010.163606438084	2.278730341631488	1.284151607117837	1.620219526558196	3.802931148394493	6.7014944093055275	0.4143922371786791	3.365882432837503	0.1366208582671962	0.2382004955802084	0.30124138355902924	0.7147300499305198
688	45.363184678066375	-10883.912248762763	2.278730341631488	1.284151607117837	1.620219526558196	3.802931148394493	6.7014944093055275	0.4143922371786791	3.365882432837503	0.1366208582671962	0.2382004955802084	0.30124138355902924	0.7147300499305198
689	45.363184678066375	-10885.549016289826	2.278730341631488	1.284151607117837	1.620219526558196	3.802931148394493	6.7014944093055275	0.4143922371786791	3.365882432837503	0.1366208582671962	0.2382004955802084	0.30124138355902924	0.7147300499305198
690	45.363184678066375	-10885.549016289826	2.278730341631488	1.284151607117837	1.620219526558196	3.802931148394493	6.7014944093055275	0.4143922371786791	3.365882432837503	0.1366208582671962	0.2382004955802084	0.30124138355902924	0.7147300499305198
691	45.363184678066375	-10885.549016289826	2.278730341631488	1.284151607117837	1.620219526558196	3.802931148394493	6.7014944093055275	0.4143922371786791	3.365882432837503	0.1366208582671962	0.2382004955802084	0.30124138355902924	0.7147300499305198
692	45.363184678066375	-10862.000124662953	2.278730341631488	1.284151607117837	1.620219526558196	3.802931148394493	6.7014944093055275	0.4143922371786791	3.365882432837503	0.1366208582671962	0.2382004955802084	0.30124138355902924	0.7147300499305198
693	45.363184678066375	-10862.000124662953	2.278730341631488	1.284151607117837	1.620219526558196	3.802931148394493	6.7014944093055275	0.4143922371786791	3.365882432837503	0.1366208582671962	0.2382004955802084	0.30124138355902924	0.7147300499305198
694	45.363184678066375	-10862.000124662953	2.278730341631488	1.284151607117837	1.620219526558196	3.802931148394493	6.7014944093055275	0.4143922371786791	3.365882432837503	0.1366208582671962	0.2382004955802084	0.30124138355902924	0.7147300499305198
695	45.13042393446142	-10849.076372864585	2.278730341631488	1.284151607117837	1.620219526558196	3.802931148394493	6.7014944093055275	0.4143922371786791	3.365882432837503	0.1366208582671962	0.2382004955802084	0.30124138355902924	0.7147300499305198
696	45.13042393446142	-10849.076372864585	2.278730341631488	1.284151607117837	1.620219526558196	3.802931148394493	6.7014944093055275	0.4143922371786791	3.365882432837503	0.1366208582671962	0.2382004955802084	0.30124138355902924	0.7147300499305198
697	45.13042393446142	-10849.076372864585	2.278730341631488	1.284151607117837	1.620219526558196	3.802931148394493	6.7014944093055275	0.4143922371786791	3.365882432837503	0.1366208582671962	0.2382004955802084	0.30124138355902924	0.7147300499305198
698	45.13042393446142	-10849.076372864585	2.278730341631488	1.284151607117837	1.620219526558196	3.802931148394493	6.7014944093055275	0.4143922371786791	3.365882432837503	0.1366208582671962	0.2382004955802084	0.30124138355902924	0.7147300499305198
699	45.13042393446142	-10849.076372864585	2.278730341631488	1.284151607117837	1.620219526558196	3.802931148394493	6.7014944093055275	0.4143922371786791	3.365882432837503	0.1366208582671962	0.2382004955802084	0.30124138355902924	0.7147300499305198
700	45.13042393446142	-10849.076372864585	2.278730341631488	1.284151607117837	1.620219526558196	3.802931148394493	6.7014944093055275	0.4143922371786791	3.365882432837503	0.1366208582671962	0.2382004955802084	0.30124138355902924	0.7147300499305198
701	45.13042393446142	-10849.076372864585	2.278730341631488	1.284151607117837	1.620219526558196	3.802931148394493	6.7014944093055275	0.4143922371786791	3.365882432837503	0.1366208582671962	0.2382004955802084	0.30124138355902924	0.7147300499305198
702	45.13042393446142	-10845.93383484225	2.278730341631488	1.284151607117837	1.620219526558196	3.802931148394493	6.7014944093055275	0.4143922371786791	3.365882432837503	0.1366208582671962	0.2382004955802084	0.30124138355902924	0.7147300499305198
703	45.13042393446142	-10845.93383484225	2.278730341631488	1.284151607117837	1.620219526558196	3.802931148394493	6.7014944093055275	0.4143922371786791	3.365882432837503	0.1366208582671962	0.2382004955802084	0.30124138355902924	0.7147300499305198
704	45.1266421281243	-10847.206318897257	2.278730341631488	1.284151607117837	1.620219526558196	3.802931148394493	6.7014944093055275	0.4143922371786791	3.365882432837503	0.1366208582671962	0.2382004955802084	0.30124138355902924	0.7147300499305198
705	45.14276906850222	-10843.63286668693	2.278730341631488	1.284151607117837	1.620219526558196	3.802931148394493	6.7014944093055275	0.4143922371786791	3.365882432837503	0.1366208582671962	0.2382004955802084	0.30124138355902924	0.7147300499305198
706	45.14276906850222	-10843.63286668693	2.278730341631488	1.284151607117837	1.620219526558196	3.802931148394493	6.7014944093055275	0.4143922371786791	3.365882432837503	0.1366208582671962	0.2382004955802084	0.30124138355902924	0.7147300499305198
707	45.14276906850222	-10841.320414862226	2.278730341631488	1.284151607117837	1.620219526558196	3.802931148394493	6.7014944093055275	0.4143922371786791	3.365882432837503	0.1366208582671962	0.2382004955802084	0.30124138355902924	0.7147300499305198
708	45.1470639919668	-10841.423415280204	2.278730341631488	1.284151607117837	1.620219526558196	3.802931148394493	6.7014944093055275	0.4143922371786791	3.365882432837503	0.1366208582671962	0.2382004955802084	0.30124138355902924	0.7147300499305198
709	45.1470639919668	-10841.423415280204	2.278730341631488	1.284151607117837	1.620219526558196	3.802931148394493	6.7014944093055275	0.4143922371786791	3.365882432837503	0.1366208582671962	0.2382004955802084	0.30124138355902924	0.7147300499305198
710	45.1470639919668	-10841.423415280204	2.278730341631488	1.284151607117837	1.620219526558196	3.802931148394493	6.7014944093055275	0.4143922371786791	3.365882432837503	0.1366208582671962	0.2382004955802084	0.30124138355902924	0.7147300499305198
711	45.20470120835404	-10840.962673159618	2.278730341631488	1.284151607117837	1.620219526558196	3.802931148394493	6.7014944093055275	0.4143922371786791	3.365882432837503	0.1366208582671962	0.2382004955802084	0.30124138355902924	0.7147300499305198
712	45.20470120835404	-10840.932073329133	2.278730341631488	1.284151607117837	1.620219526558196	3.802931148394493	6.7014944093055275	0.4143922371786791	3.365882432837503	0.1366208582671962	0.2382004955802084	0.30124138355902924	0.7147300499305198
713	45.20470120835404	-10839.970890406796	2.278730341631488	1.284151607117837	1.620219526558196	3.802931148394493	6.7014944093055275	0.4143922371786791	3.365882432837503	0.1366208582671962	0.2382004955802084	0.30124138355902924	0.7147300499305198
714	45.20470120835404	-10839.970890406796	2.278730341631488	1.284151607117837	1.620219526558196	3.802931148394493	6.7014944093055275	0.4143922371786791	3.365882432837503	0.1366208582671962	0.2382004955802084	0.30124138355902924	0.7147300499305198
715	45.20470120835404	-10839.970890406796	2.278730341631488	1.284151607117837	1.620219526558196	3.802931148394493	6.7014944093055275	0.4143922371786791	3.365882432837503	0.1366208582671962	0.2382004955802084	0.30124138355902924	0.7147300499305198
716	45.20470120835404	-10839.373710935139	2.278730341631488	1.284151607117837	1.620219526558196	3.802931148394493	6.7014944093055275	0.4143922371786791	3.365882432837503	0.1366208582671962	0.2382004955802084	0.30124138355902924	0.7147300499305198
717	45.20470120835404	-10839.373710935139	2.278730341631488	1.284151607117837	1.620219526558196	3.802931148394493	6.7014944093055275	0.4143922371786791	3.365882432837503	0.1366208582671962	0.2382004955802084	0.30124138355902924	0.7147300499305198
718	45.20470120835404	-10839.373710935139	2.278730341631488	1.284151607117837	1.620219526558196	3.802931148394493	6.7014944093055275	0.4143922371786791	3.365882432837503	0.1366208582671962	0.2382004955802084	0.30124138355902924	0.7147300499305198
719	45.228841698559506	-10837.194952751723	2.278730341631488	1.284151607117837	1.620219526558196	3.802931148394493	6.7014944093055275	0.4143922371786791	3.365882432837503	0.1366208582671962	0.2382004955802084	0.30124138355902924	0.7147300499305198
720	45.228841698559506	-10837.194952751723	2.278730341631488	1.284151607117837	1.620219526558196	3.802931148394493	6.7014944093055275	0.4143922371786791	3.365882432837503	0.1366208582671962	0.2382004955802084	0.30124138355902924	0.7147300499305198
721	60.93481616820043	-10837.194952751723	1.8339234321891158	1.6662490153047194	1.4842626793370823	4.839263704364381	8.328753374748787	0.4143922371786791	3.365882432837503	0.1366208582671962	0.2382004955802084	0.30124138355902924	0.7147300499305198
722	60.93481616820043	-10837.194952751723	1.8339234321891158	1.6662490153047194	1.4842626793370823	4.839263704364381	8.328753374748787	0.4143922371786791	3.365882432837503	0.1366208582671962	0.2382004955802084	0.30124138355902924	0.7147300499305198
723	60.852055065453555	-10834.654905541778	1.8339234321891158	1.6662490153047194	1.4842626793370823	4.839263704364381	8.328753374748787	0.4143922371786791	3.365882432837503	0.1366208582671962	0.2382004955802084	0.30124138355902924	0.7147300499305198
724	60.852055065453555	-10834.654905541778	1.8339234321891158	1.6662490153047194	1.4842626793370823	4.839263704364381	8.328753374748787	0.4143922371786791	3.365882432837503	0.1366208582671962	0.2382004955802084	0.30124138355902924	0.7147300499305198
725	60.852055065453555	-10834.654905541778	1.8339234321891158	1.6662490153047194	1.4842626793370823	4.839263704364381	8.328753374748787	0.4143922371786791	3.365882432837503	0.1366208582671962	0.2382004955802084	0.30124138355902924	0.7147300499305198
726	60.852055065453555	-10834.654905541778	1.8339234321891158	1.6662490153047194	1.4842626793370823	4.839263704364381	8.328753374748787	0.4143922371786791	3.365882432837503	0.1366208582671962	0.2382004955802084	0.30124138355902924	0.7147300499305198
727	60.852055065453555	-10834.654905541778	1.8339234321891158	1.6662490153047194	1.4842626793370823	4.839263704364381	8.328753374748787	0.4143922371786791	3.365882432837503	0.1366208582671962	0.2382004955802084	0.30124138355902924	0.7147300499305198
728	60.852055065453555	-10835.209835861062	1.8339234321891158	1.6662490153047194	1.4842626793370823	4.839263704364381	8.328753374748787	0.4143922371786791	3.365882432837503	0.1366208582671962	0.2382004955802084	0.30124138355902924	0.7147300499305198
729	60.852055065453555	-10835.209835861062	1.8339234321891158	1.6662490153047194	1.4842626793370823	4.839263704364381	8.328753374748787	0.4143922371786791	3.365882432837503	0.1366208582671962	0.2382004955802084	0.30124138355902924	0.7147300499305198
730	60.95864679762525	-10835.68550008891	1.8339234321891158	1.6662490153047194	1.4842626793370823	4.839263704364381	8.328753374748787	0.4143922371786791	3.365882432837503	0.1366208582671962	0.2382004955802084	0.30124138355902924	0.7147300499305198
731	61.01790059674033	-10834.736229284395	1.8339234321891158	1.6662490153047194	1.4842626793370823	4.839263704364381	8.328753374748787	0.4143922371786791	3.365882432837503	0.1366208582671962	0.2382004955802084	0.30124138355902924	0.7147300499305198
732	61.01790059674033	-10834.736229284395	1.8339234321891158	1.6662490153047194	1.4842626793370823	4.839263704364381	8.328753374748787	0.4143922371786791	3.365882432837503	0.1366208582671962	0.2382004955802084	0.30124138355902924	0.7147300499305198
733	61.01790059674033	-10834.736229284395	1.8339234321891158	1.6662490153047194	1.4842626793370823	4.839263704364381	8.328753374748787	0.4143922371786791	3.365882432837503	0.1366208582671962	0.2382004955802084	0.30124138355902924	0.7147300499305198
734	61.01790059674033	-10834.736229284395	1.8339234321891158	1.6662490153047194	1.4842626793370823	4.839263704364381	8.328753374748787	0.4143922371786791	3.365882432837503	0.1366208582671962	0.2382004955802084	0.30124138355902924	0.7147300499305198
735	61.01790059674033	-10834.736229284395	1.8339234321891158	1.6662490153047194	1.4842626793370823	4.839263704364381	8.328753374748787	0.4143922371786791	3.365882432837503	0.1366208582671962	0.2382004955802084	0.30124138355902924	0.7147300499305198
736	61.01790059674033	-10834.736229284395	1.8339234321891158	1.6662490153047194	1.4842626793370823	4.839263704364381	8.328753374748787	0.4143922371786791	3.365882432837503	0.1366208582671962	0.2382004955802084	0.30124138355902924	0.7147300499305198
737	61.01790059674033	-10834.736229284395	1.8339234321891158	1.6662490153047194	1.4842626793370823	4.839263704364381	8.328753374748787	0.4143922371786791	3.365882432837503	0.1366208582671962	0.2382004955802084	0.30124138355902924	0.7147300499305198
738	61.07975576803082	-10828.271565332885	1.8339234321891158	1.6662490153047194	1.4842626793370823	4.839263704364381	8.328753374748787	0.4143922371786791	3.365882432837503	0.1366208582671962	0.2382004955802084	0.30124138355902924	0.7147300499305198
739	61.07975576803082	-10828.7149020529	1.8339234321891158	1.6662490153047194	1.4842626793370823	4.839263704364381	8.328753374748787	0.4143922371786791	3.365882432837503	0.1366208582671962	0.2382004955802084	0.30124138355902924	0.7147300499305198
740	61.07975576803082	-10828.7149020529	1.8339234321891158	1.6662490153047194	1.4842626793370823	4.839263704364381	8.328753374748787	0.4143922371786791	3.365882432837503	0.1366208582671962	0.2382004955802084	0.30124138355902924	0.7147300499305198
741	61.07975576803082	-10828.7149020529	1.8339234321891158	1.6662490153047194	1.4842626793370823	4.839263704364381	8.328753374748787	0.4143922371786791	3.365882432837503	0.1366208582671962	0.2382004955802084	0.30124138355902924	0.7147300499305198
742	61.07975576803082	-10828.7149020529	1.8339234321891158	1.6662490153047194	1.4842626793370823	4.839263704364381	8.328753374748787	0.4143922371786791	3.365882432837503	0.1366208582671962	0.2382004955802084	0.30124138355902924	0.7147300499305198
743	61.067072282969036	-10828.155530553986	1.8339234321891158	1.6662490153047194	1.4842626793370823	4.839263704364381	8.328753374748787	0.4143922371786791	3.365882432837503	0.1366208582671962	0.2382004955802084	0.30124138355902924	0.7147300499305198
744	61.067072282969036	-10826.857557266678	1.8339234321891158	1.6662490153047194	1.4842626793370823	4.839263704364381	8.328753374748787	0.4143922371786791	3.365882432837503	0.1366208582671962	0.2382004955802084	0.30124138355902924	0.7147300499305198
745	61.07574690975966	-10826.22588357978	1.8339234321891158	1.6662490153047194	1.4842626793370823	4.839263704364381	8.328753374748787	0.4143922371786791	3.365882432837503	0.1366208582671962	0.2382004955802084	0.30124138355902924	0.7147300499305198
746	61.07574690975966	-10826.22588357978	1.8339234321891158	1.6662490153047194	1.4842626793370823	4.839263704364381	8.328753374748787	0.4143922371786791	3.365882432837503	0.1366208582671962	0.2382004955802084	0.30124138355902924	0.7147300499305198
747	61.07574690975966	-10826.22588357978	1.8339234321891158	1.6662490153047194	1.4842626793370823	4.839263704364381	8.328753374748787	0.4143922371786791	3.365882432837503	0.1366208582671962	0.2382004955802084	0.30124138355902924	0.7147300499305198
748	61.07574690975966	-10827.312390707326	1.8339234321891158	1.6662490153047194	1.4842626793370823	4.839263704364381	8.328753374748787	0.4143922371786791	3.365882432837503	0.1366208582671962	0.2382004955802084	0.30124138355902924	0.7147300499305198
749	61.07574690975966	-10827.312390707326	1.8339234321891158	1.6662490153047194	1.4842626793370823	4.839263704364381	8.328753374748787	0.4143922371786791	3.365882432837503	0.1366208582671962	0.2382004955802084	0.30124138355902924	0.7147300499305198
750	61.07574690975966	-10827.312390707326	1.8339234321891158	1.6662490153047194	1.4842626793370823	4.839263704364381	8.328753374748787	0.4143922371786791	3.365882432837503	0.1366208582671962	0.2382004955802084	0.30124138355902924	0.7147300499305198
751	61.07574690975966	-10827.312390707326	1.8339234321891158	1.6662490153047194	1.4842626793370823	4.839263704364381	8.328753374748787	0.4143922371786791	3.365882432837503	0.1366208582671962	0.2382004955802084	0.30124138355902924	0.7147300499305198
752	61.07574690975966	-10827.312390707326	1.8339234321891158	1.6662490153047194	1.4842626793370823	4.839263704364381	8.328753374748787	0.4143922371786791	3.365882432837503	0.1366208582671962	0.2382004955802084	0.30124138355902924	0.7147300499305198
753	61.1616897339992	-10811.190288139738	1.8339234321891158	1.6662490153047194	1.4842626793370823	4.839263704364381	8.328753374748787	0.4143922371786791	3.365882432837503	0.1366208582671962	0.2382004955802084	0.30124138355902924	0.7147300499305198
754	61.1616897339992	-10811.190288139738	1.8339234321891158	1.6662490153047194	1.4842626793370823	4.839263704364381	8.328753374748787	0.4143922371786791	3.365882432837503	0.1366208582671962	0.2382004955802084	0.30124138355902924	0.7147300499305198
755	61.1616897339992	-10811.190288139738	1.8339234321891158	1.6662490153047194	1.4842626793370823	4.839263704364381	8.328753374748787	0.4143922371786791	3.365882432837503	0.1366208582671962	0.2382004955802084	0.30124138355902924	0.7147300499305198
756	61.1616897339992	-10811.190288139738	1.8339234321891158	1.6662490153047194	1.4842626793370823	4.839263704364381	8.328753374748787	0.4143922371786791	3.365882432837503	0.1366208582671962	0.2382004955802084	0.30124138355902924	0.7147300499305198
757	61.1616897339992	-10807.176812456055	1.8339234321891158	1.6662490153047194	1.4842626793370823	4.839263704364381	8.328753374748787	0.4143922371786791	3.365882432837503	0.1366208582671962	0.2382004955802084	0.30124138355902924	0.7147300499305198
758	61.0767380974811	-10807.619371898705	1.8339234321891158	1.6662490153047194	1.4842626793370823	4.839263704364381	8.328753374748787	0.4143922371786791	3.365882432837503	0.1366208582671962	0.2382004955802084	0.30124138355902924	0.7147300499305198
759	61.0767380974811	-10789.306960150647	1.8339234321891158	1.6662490153047194	1.4842626793370823	4.839263704364381	8.328753374748787	0.4143922371786791	3.365882432837503	0.1366208582671962	0.2382004955802084	0.30124138355902924	0.7147300499305198
760	61.0767380974811	-10789.306960150647	1.8339234321891158	1.6662490153047194	1.4842626793370823	4.839263704364381	8.328753374748787	0.4143922371786791	3.365882432837503	0.1366208582671962	0.2382004955802084	0.30124138355902924	0.7147300499305198
761	61.0767380974811	-10789.306960150647	1.8339234321891158	1.6662490153047194	1.4842626793370823	4.839263704364381	8.328753374748787	0.4143922371786791	3.365882432837503	0.1366208582671962	0.2382004955802084	0.30124138355902924	0.7147300499305198
762	61.0767380974811	-10789.306960150647	1.8339234321891158	1.6662490153047194	1.4842626793370823	4.839263704364381	8.328753374748787	0.4143922371786791	3.365882432837503	0.1366208582671962	0.2382004955802084	0.30124138355902924	0.7147300499305198
763	61.0767380974811	-10789.306960150647	1.8339234321891158	1.6662490153047194	1.4842626793370823	4.839263704364381	8.328753374748787	0.4143922371786791	3.365882432837503	0.1366208582671962	0.2382004955802084	0.30124138355902924	0.7147300499305198
764	61.0767380974811	-10789.306960150647	1.8339234321891158	1.6662490153047194	1.4842626793370823	4.839263704364381	8.328753374748787	0.4143922371786791	3.365882432837503	0.1366208582671962	0.2382004955802084	0.30124138355902924	0.7147300499305198
765	61.0767380974811	-10748.094927610602	1.8339234321891158	1.6662490153047194	1.4842626793370823	4.839263704364381	8.328753374748787	0.4143922371786791	3.365882432837503	0.1366208582671962	0.2382004955802084	0.30124138355902924	0.7147300499305198
766	61.0767380974811	-10721.764260428079	1.8339234321891158	1.6662490153047194	1.4842626793370823	4.839263704364381	8.328753374748787	0.4143922371786791	3.365882432837503	0.1366208582671962	0.2382004955802084	0.30124138355902924	0.7147300499305198
767	61.0767380974811	-10721.764260428079	1.8339234321891158	1.6662490153047194	1.4842626793370823	4.839263704364381	8.328753374748787	0.4143922371786791	3.365882432837503	0.1366208582671962	0.2382004955802084	0.30124138355902924	0.7147300499305198
768	61.0767380974811	-10717.048965225207	1.8339234321891158	1.6662490153047194	1.4842626793370823	4.839263704364381	8.328753374748787	0.4143922371786791	3.365882432837503	0.1366208582671962	0.2382004955802084	0.30124138355902924	0.7147300499305198
769	61.0767380974811	-10717.048965225207	1.8339234321891158	1.6662490153047194	1.4842626793370823	4.839263704364381	8.328753374748787	0.4143922371786791	3.365882432837503	0.1366208582671962	0.2382004955802084	0.30124138355902924	0.7147300499305198
770	61.0767380974811	-10716.128801215486	1.8339234321891158	1.6662490153047194	1.4842626793370823	4.839263704364381	8.328753374748787	0.4143922371786791	3.365882432837503	0.1366208582671962	0.2382004955802084	0.30124138355902924	0.7147300499305198
771	61.11570539676242	-10706.550968059895	1.8339234321891158	1.6662490153047194	1.4842626793370823	4.839263704364381	8.328753374748787	0.4143922371786791	3.365882432837503	0.1366208582671962	0.2382004955802084	0.30124138355902924	0.7147300499305198
772	61.244781501415616	-10706.874219541636	1.8339234321891158	1.6662490153047194	1.4842626793370823	4.839263704364381	8.328753374748787	0.4143922371786791	3.365882432837503	0.1366208582671962	0.2382004955802084	0.30124138355902924	0.7147300499305198
773	61.244781501415616	-10706.874219541636	1.8339234321891158	1.6662490153047194	1.4842626793370823	4.839263704364381	8.328753374748787	0.4143922371786791	3.365882432837503	0.1366208582671962	0.2382004955802084	0.30124138355902924	0.7147300499305198
774	61.244781501415616	-10706.874219541636	1.8339234321891158	1.6662490153047194	1.4842626793370823	4.839263704364381	8.328753374748787	0.4143922371786791	3.365882432837503	0.1366208582671962	0.2382004955802084	0.30124138355902924	0.7147300499305198
775	61.244781501415616	-10706.946031635835	1.8339234321891158	1.6662490153047194	1.4842626793370823	4.839263704364381	8.328753374748787	0.4143922371786791	3.365882432837503	0.1366208582671962	0.2382004955802084	0.30124138355902924	0.7147300499305198
776	61.244781501415616	-10706.946031635835	1.8339234321891158	1.6662490153047194	1.4842626793370823	4.839263704364381	8.328753374748787	0.4143922371786791	3.365882432837503	0.1366208582671962	0.2382004955802084	0.30124138355902924	0.7147300499305198
777	61.244781501415616	-10706.946031635835	1.8339234321891158	1.6662490153047194	1.4842626793370823	4.839263704364381	8.328753374748787	0.4143922371786791	3.365882432837503	0.1366208582671962	0.2382004955802084	0.30124138355902924	0.7147300499305198
778	61.244781501415616	-10706.946031635835	1.8339234321891158	1.6662490153047194	1.4842626793370823	4.839263704364381	8.328753374748787	0.4143922371786791	3.365882432837503	0.1366208582671962	0.2382004955802084	0.30124138355902924	0.7147300499305198
779	61.244781501415616	-10706.946031635835	1.8339234321891158	1.6662490153047194	1.4842626793370823	4.839263704364381	8.328753374748787	0.4143922371786791	3.365882432837503	0.1366208582671962	0.2382004955802084	0.30124138355902924	0.7147300499305198
780	61.244781501415616	-10706.946031635835	1.8339234321891158	1.6662490153047194	1.4842626793370823	4.839263704364381	8.328753374748787	0.4143922371786791	3.365882432837503	0.1366208582671962	0.2382004955802084	0.30124138355902924	0.7147300499305198
781	61.244781501415616	-10707.402424545522	1.8339234321891158	1.6662490153047194	1.4842626793370823	4.839263704364381	8.328753374748787	0.4143922371786791	3.365882432837503	0.1366208582671962	0.2382004955802084	0.30124138355902924	0.7147300499305198
782	61.291680005164636	-10708.585198156994	1.8339234321891158	1.6662490153047194	1.4842626793370823	4.839263704364381	8.328753374748787	0.4143922371786791	3.365882432837503	0.1366208582671962	0.2382004955802084	0.30124138355902924	0.7147300499305198
783	61.291680005164636	-10709.128363666074	1.8339234321891158	1.6662490153047194	1.4842626793370823	4.839263704364381	8.328753374748787	0.4143922371786791	3.365882432837503	0.1366208582671962	0.2382004955802084	0.30124138355902924	0.7147300499305198
784	61.291680005164636	-10709.128363666074	1.8339234321891158	1.6662490153047194	1.4842626793370823	4.839263704364381	8.328753374748787	0.4143922371786791	3.365882432837503	0.1366208582671962	0.2382004955802084	0.30124138355902924	0.7147300499305198
785	61.291680005164636	-10709.128363666074	1.8339234321891158	1.6662490153047194	1.4842626793370823	4.839263704364381	8.328753374748787	0.4143922371786791	3.365882432837503	0.1366208582671962	0.2382004955802084	0.30124138355902924	0.7147300499305198
786	61.291680005164636	-10709.128363666074	1.8339234321891158	1.6662490153047194	1.4842626793370823	4.839263704364381	8.328753374748787	0.4143922371786791	3.365882432837503	0.1366208582671962	0.2382004955802084	0.30124138355902924	0.7147300499305198
787	61.291680005164636	-10709.045943590707	1.8339234321891158	1.6662490153047194	1.4842626793370823	4.839263704364381	8.328753374748787	0.4143922371786791	3.365882432837503	0.1366208582671962	0.2382004955802084	0.30124138355902924	0.7147300499305198
788	61.395265738342346	-10708.926790726706	1.8339234321891158	1.6662490153047194	1.4842626793370823	4.839263704364381	8.328753374748787	0.4143922371786791	3.365882432837503	0.1366208582671962	0.2382004955802084	0.30124138355902924	0.7147300499305198
789	61.395265738342346	-10708.926790726706	1.8339234321891158	1.6662490153047194	1.4842626793370823	4.839263704364381	8.328753374748787	0.4143922371786791	3.365882432837503	0.1366208582671962	0.2382004955802084	0.30124138355902924	0.7147300499305198
790	61.39006397197906	-10708.944521863577	1.8339234321891158	1.6662490153047194	1.4842626793370823	4.839263704364381	8.328753374748787	0.4143922371786791	3.365882432837503	0.1366208582671962	0.2382004955802084	0.30124138355902924	0.7147300499305198
791	61.39006397197906	-10708.944521863577	1.8339234321891158	1.6662490153047194	1.4842626793370823	4.839263704364381	8.328753374748787	0.4143922371786791	3.365882432837503	0.1366208582671962	0.2382004955802084	0.30124138355902924	0.7147300499305198
792	61.39006397197906	-10708.944521863577	1.8339234321891158	1.6662490153047194	1.4842626793370823	4.839263704364381	8.328753374748787	0.4143922371786791	3.365882432837503	0.1366208582671962	0.2382004955802084	0.30124138355902924	0.7147300499305198
793	61.42164512271174	-10704.70261374238	1.8339234321891158	1.6662490153047194	1.4842626793370823	4.839263704364381	8.328753374748787	0.4143922371786791	3.365882432837503	0.1366208582671962	0.2382004955802084	0.30124138355902924	0.7147300499305198
794	61.76690983851836	-10700.909267725116	1.8339234321891158	1.6662490153047194	1.4842626793370823	4.839263704364381	8.328753374748787	0.4143922371786791	3.365882432837503	0.1366208582671962	0.2382004955802084	0.30124138355902924	0.7147300499305198
795	61.76690983851836	-10700.909267725116	1.8339234321891158	1.6662490153047194	1.4842626793370823	4.839263704364381	8.328753374748787	0.4143922371786791	3.365882432837503	0.1366208582671962	0.2382004955802084	0.30124138355902924	0.7147300499305198
796	61.76690983851836	-10700.909267725116	1.8339234321891158	1.6662490153047194	1.4842626793370823	4.839263704364381	8.328753374748787	0.4143922371786791	3.365882432837503	0.1366208582671962	0.2382004955802084	0.30124138355902924	0.7147300499305198
797	61.76690983851836	-10700.909267725116	1.8339234321891158	1.6662490153047194	1.4842626793370823	4.839263704364381	8.328753374748787	0.4143922371786791	3.365882432837503	0.1366208582671962	0.2382004955802084	0.30124138355902924	0.7147300499305198
798	61.76690983851836	-10700.909267725116	1.8339234321891158	1.6662490153047194	1.4842626793370823	4.839263704364381	8.328753374748787	0.4143922371786791	3.365882432837503	0.1366208582671962	0.2382004955802084	0.30124138355902924	0.7147300499305198
799	61.76690983851836	-10700.909267725116	1.8339234321891158	1.6662490153047194	1.4842626793370823	4.839263704364381	8.328753374748787	0.4143922371786791	3.365882432837503	0.1366208582671962	0.2382004955802084	0.30124138355902924	0.7147300499305198
800	61.76690983851836	-10693.408171836603	1.8339234321891158	1.6662490153047194	1.4842626793370823	4.839263704364381	8.328753374748787	0.4143922371786791	3.365882432837503	0.1366208582671962	0.2382004955802084	0.30124138355902924	0.7147300499305198
801	61.76690983851836	-10685.28742614841	1.8339234321891158	1.6662490153047194	1.4842626793370823	4.839263704364381	8.328753374748787	0.4143922371786791	3.365882432837503	0.1366208582671962	0.2382004955802084	0.30124138355902924	0.7147300499305198
802	61.793456505472335	-10685.00895183271	1.8339234321891158	1.6662490153047194	1.4842626793370823	4.839263704364381	8.328753374748787	0.4143922371786791	3.365882432837503	0.1366208582671962	0.2382004955802084	0.30124138355902924	0.7147300499305198
803	61.793456505472335	-10685.00895183271	1.8339234321891158	1.6662490153047194	1.4842626793370823	4.839263704364381	8.328753374748787	0.4143922371786791	3.365882432837503	0.1366208582671962	0.2382004955802084	0.30124138355902924	0.7147300499305198
804	77.71499042001686	-10685.00895183271	1.8103743572748585	1.5088136946098323	1.5172834445611598	3.804315203903747	10.332579114512868	0.4143922371786791	3.365882432837503	0.1366208582671962	0.2382004955802084	0.30124138355902924	0.7147300499305198
805	77.71499042001686	-10685.00895183271	1.8103743572748585	1.5088136946098323	1.5172834445611598	3.804315203903747	10.332579114512868	0.4143922371786791	3.365882432837503	0.1366208582671962	0.2382004955802084	0.30124138355902924	0.7147300499305198
806	77.71499042001686	-10685.00895183271	1.8103743572748585	1.5088136946098323	1.5172834445611598	3.804315203903747	10.332579114512868	0.4143922371786791	3.365882432837503	0.1366208582671962	0.2382004955802084	0.30124138355902924	0.7147300499305198
807	77.71499042001686	-10685.00895183271	1.8103743572748585	1.5088136946098323	1.5172834445611598	3.804315203903747	10.332579114512868	0.4143922371786791	3.365882432837503	0.1366208582671962	0.2382004955802084	0.30124138355902924	0.7147300499305198
808	77.71499042001686	-10659.498444846342	1.8103743572748585	1.5088136946098323	1.5172834445611598	3.804315203903747	10.332579114512868	0.4143922371786791	3.365882432837503	0.1366208582671962	0.2382004955802084	0.30124138355902924	0.7147300499305198
809	77.71499042001686	-10659.498444846342	1.8103743572748585	1.5088136946098323	1.5172834445611598	3.804315203903747	10.332579114512868	0.4143922371786791	3.365882432837503	0.1366208582671962	0.2382004955802084	0.30124138355902924	0.7147300499305198
810	77.8608957780044	-10651.726454338666	1.8103743572748585	1.5088136946098323	1.5172834445611598	3.804315203903747	10.332579114512868	0.4143922371786791	3.365882432837503	0.1366208582671962	0.2382004955802084	0.30124138355902924	0.7147300499305198
811	77.94844319410963	-10650.722965104187	1.8103743572748585	1.5088136946098323	1.5172834445611598	3.804315203903747	10.332579114512868	0.4143922371786791	3.365882432837503	0.1366208582671962	0.2382004955802084	0.30124138355902924	0.7147300499305198
812	77.94844319410963	-10650.722965104187	1.8103743572748585	1.5088136946098323	1.5172834445611598	3.804315203903747	10.332579114512868	0.4143922371786791	3.365882432837503	0.1366208582671962	0.2382004955802084	0.30124138355902924	0.7147300499305198
813	78.005531067061	-10651.232080168993	1.8103743572748585	1.5088136946098323	1.5172834445611598	3.804315203903747	10.332579114512868	0.4143922371786791	3.365882432837503	0.1366208582671962	0.2382004955802084	0.30124138355902924	0.7147300499305198
814	78.005531067061	-10651.232080168993	1.8103743572748585	1.5088136946098323	1.5172834445611598	3.804315203903747	10.332579114512868	0.4143922371786791	3.365882432837503	0.1366208582671962	0.2382004955802084	0.30124138355902924	0.7147300499305198
815	78.005531067061	-10651.232080168993	1.8103743572748585	1.5088136946098323	1.5172834445611598	3.804315203903747	10.332579114512868	0.4143922371786791	3.365882432837503	0.1366208582671962	0.2382004955802084	0.30124138355902924	0.7147300499305198
816	78.005531067061	-10652.045970766181	1.8103743572748585	1.5088136946098323	1.5172834445611598	3.804315203903747	10.332579114512868	0.4143922371786791	3.365882432837503	0.1366208582671962	0.2382004955802084	0.30124138355902924	0.7147300499305198
817	78.005531067061	-10652.045970766181	1.8103743572748585	1.5088136946098323	1.5172834445611598	3.804315203903747	10.332579114512868	0.4143922371786791	3.365882432837503	0.1366208582671962	0.2382004955802084	0.30124138355902924	0.7147300499305198
818	78.005531067061	-10652.045970766181	1.8103743572748585	1.5088136946098323	1.5172834445611598	3.804315203903747	10.332579114512868	0.4143922371786791	3.365882432837503	0.1366208582671962	0.2382004955802084	0.30124138355902924	0.7147300499305198
819	78.1036165010661	-10644.30993713482	1.8103743572748585	1.5088136946098323	1.5172834445611598	3.804315203903747	10.332579114512868	0.4143922371786791	3.365882432837503	0.1366208582671962	0.2382004955802084	0.30124138355902924	0.7147300499305198
820	78.1036165010661	-10644.30993713482	1.8103743572748585	1.5088136946098323	1.5172834445611598	3.804315203903747	10.332579114512868	0.4143922371786791	3.365882432837503	0.1366208582671962	0.2382004955802084	0.30124138355902924	0.7147300499305198
821	78.1036165010661	-10644.30993713482	1.8103743572748585	1.5088136946098323	1.5172834445611598	3.804315203903747	10.332579114512868	0.4143922371786791	3.365882432837503	0.1366208582671962	0.2382004955802084	0.30124138355902924	0.7147300499305198
822	78.1036165010661	-10644.30993713482	1.8103743572748585	1.5088136946098323	1.5172834445611598	3.804315203903747	10.332579114512868	0.4143922371786791	3.365882432837503	0.1366208582671962	0.2382004955802084	0.30124138355902924	0.7147300499305198
823	78.1036165010661	-10644.30993713482	1.8103743572748585	1.5088136946098323	1.5172834445611598	3.804315203903747	10.332579114512868	0.4143922371786791	3.365882432837503	0.1366208582671962	0.2382004955802084	0.30124138355902924	0.7147300499305198
824	78.1036165010661	-10644.30993713482	1.8103743572748585	1.5088136946098323	1.5172834445611598	3.804315203903747	10.332579114512868	0.4143922371786791	3.365882432837503	0.1366208582671962	0.2382004955802084	0.30124138355902924	0.7147300499305198
825	78.1036165010661	-10644.30993713482	1.8103743572748585	1.5088136946098323	1.5172834445611598	3.804315203903747	10.332579114512868	0.4143922371786791	3.365882432837503	0.1366208582671962	0.2382004955802084	0.30124138355902924	0.7147300499305198
826	78.03078400960534	-10636.266949746358	1.8103743572748585	1.5088136946098323	1.5172834445611598	3.804315203903747	10.332579114512868	0.4143922371786791	3.365882432837503	0.1366208582671962	0.2382004955802084	0.30124138355902924	0.7147300499305198
827	78.03078400960534	-10636.266949746358	1.8103743572748585	1.5088136946098323	1.5172834445611598	3.804315203903747	10.332579114512868	0.4143922371786791	3.365882432837503	0.1366208582671962	0.2382004955802084	0.30124138355902924	0.7147300499305198
828	78.03078400960534	-10636.266949746358	1.8103743572748585	1.5088136946098323	1.5172834445611598	3.804315203903747	10.332579114512868	0.4143922371786791	3.365882432837503	0.1366208582671962	0.2382004955802084	0.30124138355902924	0.7147300499305198
829	78.03078400960534	-10636.266949746358	1.8103743572748585	1.5088136946098323	1.5172834445611598	3.804315203903747	10.332579114512868	0.4143922371786791	3.365882432837503	0.1366208582671962	0.2382004955802084	0.30124138355902924	0.7147300499305198
830	78.03078400960534	-10636.266949746358	1.8103743572748585	1.5088136946098323	1.5172834445611598	3.804315203903747	10.332579114512868	0.4143922371786791	3.365882432837503	0.1366208582671962	0.2382004955802084	0.30124138355902924	0.7147300499305198
831	78.03078400960534	-10605.171860791694	1.8103743572748585	1.5088136946098323	1.5172834445611598	3.804315203903747	10.332579114512868	0.4143922371786791	3.365882432837503	0.1366208582671962	0.2382004955802084	0.30124138355902924	0.7147300499305198
832	78.03078400960534	-10605.171860791694	1.8103743572748585	1.5088136946098323	1.5172834445611598	3.804315203903747	10.332579114512868	0.4143922371786791	3.365882432837503	0.1366208582671962	0.2382004955802084	0.30124138355902924	0.7147300499305198
833	78.03078400960534	-10605.171860791694	1.8103743572748585	1.5088136946098323	1.5172834445611598	3.804315203903747	10.332579114512868	0.4143922371786791	3.365882432837503	0.1366208582671962	0.2382004955802084	0.30124138355902924	0.7147300499305198
834	78.03078400960534	-10605.171860791694	1.8103743572748585	1.5088136946098323	1.5172834445611598	3.804315203903747	10.332579114512868	0.4143922371786791	3.365882432837503	0.1366208582671962	0.2382004955802084	0.30124138355902924	0.7147300499305198
835	78.03078400960534	-10605.171860791694	1.8103743572748585	1.5088136946098323	1.5172834445611598	3.804315203903747	10.332579114512868	0.4143922371786791	3.365882432837503	0.1366208582671962	0.2382004955802084	0.30124138355902924	0.7147300499305198
836	78.03078400960534	-10605.171860791694	1.8103743572748585	1.5088136946098323	1.5172834445611598	3.804315203903747	10.332579114512868	0.4143922371786791	3.365882432837503	0.1366208582671962	0.2382004955802084	0.30124138355902924	0.7147300499305198
837	78.03078400960534	-10605.171860791694	1.8103743572748585	1.5088136946098323	1.5172834445611598	3.804315203903747	10.332579114512868	0.4143922371786791	3.365882432837503	0.1366208582671962	0.2382004955802084	0.30124138355902924	0.7147300499305198
838	78.03078400960534	-10604.137084068692	1.8103743572748585	1.5088136946098323	1.5172834445611598	3.804315203903747	10.332579114512868	0.4143922371786791	3.365882432837503	0.1366208582671962	0.2382004955802084	0.30124138355902924	0.7147300499305198
839	78.03078400960534	-10604.137084068692	1.8103743572748585	1.5088136946098323	1.5172834445611598	3.804315203903747	10.332579114512868	0.4143922371786791	3.365882432837503	0.1366208582671962	0.2382004955802084	0.30124138355902924	0.7147300499305198
840	78.03078400960534	-10604.137084068692	1.8103743572748585	1.5088136946098323	1.5172834445611598	3.804315203903747	10.332579114512868	0.4143922371786791	3.365882432837503	0.1366208582671962	0.2382004955802084	0.30124138355902924	0.7147300499305198
841	78.03078400960534	-10605.848837184918	1.8103743572748585	1.5088136946098323	1.5172834445611598	3.804315203903747	10.332579114512868	0.4143922371786791	3.365882432837503	0.1366208582671962	0.2382004955802084	0.30124138355902924	0.7147300499305198
842	77.86408635624564	-10603.51788549138	1.8103743572748585	1.5088136946098323	1.5172834445611598	3.804315203903747	10.332579114512868	0.4143922371786791	3.365882432837503	0.1366208582671962	0.2382004955802084	0.30124138355902924	0.7147300499305198
843	77.86408635624564	-10603.809594280241	1.8103743572748585	1.5088136946098323	1.5172834445611598	3.804315203903747	10.332579114512868	0.4143922371786791	3.365882432837503	0.1366208582671962	0.2382004955802084	0.30124138355902924	0.7147300499305198
844	77.86408635624564	-10603.809594280241	1.8103743572748585	1.5088136946098323	1.5172834445611598	3.804315203903747	10.332579114512868	0.4143922371786791	3.365882432837503	0.1366208582671962	0.2382004955802084	0.30124138355902924	0.7147300499305198
845	77.86408635624564	-10603.809594280241	1.8103743572748585	1.5088136946098323	1.5172834445611598	3.804315203903747	10.332579114512868	0.4143922371786791	3.365882432837503	0.1366208582671962	0.2382004955802084	0.30124138355902924	0.7147300499305198
846	77.72904519570757	-10603.399166646983	1.8103743572748585	1.5088136946098323	1.5172834445611598	3.804315203903747	10.332579114512868	0.4143922371786791	3.365882432837503	0.1366208582671962	0.2382004955802084	0.30124138355902924	0.7147300499305198
847	77.72904519570757	-10603.399166646983	1.8103743572748585	1.5088136946098323	1.5172834445611598	3.804315203903747	10.332579114512868	0.4143922371786791	3.365882432837503	0.1366208582671962	0.2382004955802084	0.30124138355902924	0.7147300499305198
848	77.70548185291217	-10603.14314434787	1.8103743572748585	1.5088136946098323	1.5172834445611598	3.804315203903747	10.332579114512868	0.4143922371786791	3.365882432837503	0.1366208582671962	0.2382004955802084	0.30124138355902924	0.7147300499305198
849	77.70548185291217	-10603.14314434787	1.8103743572748585	1.5088136946098323	1.5172834445611598	3.804315203903747	10.332579114512868	0.4143922371786791	3.365882432837503	0.1366208582671962	0.2382004955802084	0.30124138355902924	0.7147300499305198
850	77.70548185291217	-10602.861229213187	1.8103743572748585	1.5088136946098323	1.5172834445611598	3.804315203903747	10.332579114512868	0.4143922371786791	3.365882432837503	0.1366208582671962	0.2382004955802084	0.30124138355902924	0.7147300499305198
851	77.70548185291217	-10602.861229213187	1.8103743572748585	1.5088136946098323	1.5172834445611598	3.804315203903747	10.332579114512868	0.4143922371786791	3.365882432837503	0.1366208582671962	0.2382004955802084	0.30124138355902924	0.7147300499305198
852	77.70548185291217	-10602.861229213187	1.8103743572748585	1.5088136946098323	1.5172834445611598	3.804315203903747	10.332579114512868	0.4143922371786791	3.365882432837503	0.1366208582671962	0.2382004955802084	0.30124138355902924	0.7147300499305198
853	77.70548185291217	-10586.678316019605	1.8103743572748585	1.5088136946098323	1.5172834445611598	3.804315203903747	10.332579114512868	0.4143922371786791	3.365882432837503	0.1366208582671962	0.2382004955802084	0.30124138355902924	0.7147300499305198
854	77.70548185291217	-10586.678316019605	1.8103743572748585	1.5088136946098323	1.5172834445611598	3.804315203903747	10.332579114512868	0.4143922371786791	3.365882432837503	0.1366208582671962	0.2382004955802084	0.30124138355902924	0.7147300499305198
855	77.70548185291217	-10586.124144312267	1.8103743572748585	1.5088136946098323	1.5172834445611598	3.804315203903747	10.332579114512868	0.4143922371786791	3.365882432837503	0.1366208582671962	0.2382004955802084	0.30124138355902924	0.7147300499305198
856	77.70548185291217	-10586.124144312267	1.8103743572748585	1.5088136946098323	1.5172834445611598	3.804315203903747	10.332579114512868	0.4143922371786791	3.365882432837503	0.1366208582671962	0.2382004955802084	0.30124138355902924	0.7147300499305198
857	77.70548185291217	-10582.565299386762	1.8103743572748585	1.5088136946098323	1.5172834445611598	3.804315203903747	10.332579114512868	0.4143922371786791	3.365882432837503	0.1366208582671962	0.2382004955802084	0.30124138355902924	0.7147300499305198
858	77.70548185291217	-10582.565299386762	1.8103743572748585	1.5088136946098323	1.5172834445611598	3.804315203903747	10.332579114512868	0.4143922371786791	3.365882432837503	0.1366208582671962	0.2382004955802084	0.30124138355902924	0.7147300499305198
859	77.68289420131033	-10581.839238942366	1.8103743572748585	1.5088136946098323	1.5172834445611598	3.804315203903747	10.332579114512868	0.4143922371786791	3.365882432837503	0.1366208582671962	0.2382004955802084	0.30124138355902924	0.7147300499305198
860	77.68289420131033	-10581.839238942366	1.8103743572748585	1.5088136946098323	1.5172834445611598	3.804315203903747	10.332579114512868	0.4143922371786791	3.365882432837503	0.1366208582671962	0.2382004955802084	0.30124138355902924	0.7147300499305198
861	77.68289420131033	-10581.839238942366	1.8103743572748585	1.5088136946098323	1.5172834445611598	3.804315203903747	10.332579114512868	0.4143922371786791	3.365882432837503	0.1366208582671962	0.2382004955802084	0.30124138355902924	0.7147300499305198
862	77.68289420131033	-10581.839238942366	1.8103743572748585	1.5088136946098323	1.5172834445611598	3.804315203903747	10.332579114512868	0.4143922371786791	3.365882432837503	0.1366208582671962	0.2382004955802084	0.30124138355902924	0.7147300499305198
863	77.68289420131033	-10581.839238942366	1.8103743572748585	1.5088136946098323	1.5172834445611598	3.804315203903747	10.332579114512868	0.4143922371786791	3.365882432837503	0.1366208582671962	0.2382004955802084	0.30124138355902924	0.7147300499305198
864	77.68289420131033	-10581.839238942366	1.8103743572748585	1.5088136946098323	1.5172834445611598	3.804315203903747	10.332579114512868	0.4143922371786791	3.365882432837503	0.1366208582671962	0.2382004955802084	0.30124138355902924	0.7147300499305198
865	77.68289420131033	-10581.839238942366	1.8103743572748585	1.5088136946098323	1.5172834445611598	3.804315203903747	10.332579114512868	0.4143922371786791	3.365882432837503	0.1366208582671962	0.2382004955802084	0.30124138355902924	0.7147300499305198
866	77.68289420131033	-10581.839238942366	1.8103743572748585	1.5088136946098323	1.5172834445611598	3.804315203903747	10.332579114512868	0.4143922371786791	3.365882432837503	0.1366208582671962	0.2382004955802084	0.30124138355902924	0.7147300499305198
867	77.68289420131033	-10581.839238942366	1.8103743572748585	1.5088136946098323	1.5172834445611598	3.804315203903747	10.332579114512868	0.4143922371786791	3.365882432837503	0.1366208582671962	0.2382004955802084	0.30124138355902924	0.7147300499305198
868	77.68289420131033	-10581.297469506255	1.8103743572748585	1.5088136946098323	1.5172834445611598	3.804315203903747	10.332579114512868	0.4143922371786791	3.365882432837503	0.1366208582671962	0.2382004955802084	0.30124138355902924	0.7147300499305198
869	77.68289420131033	-10581.297469506255	1.8103743572748585	1.5088136946098323	1.5172834445611598	3.804315203903747	10.332579114512868	0.4143922371786791	3.365882432837503	0.1366208582671962	0.2382004955802084	0.30124138355902924	0.7147300499305198
870	77.68289420131033	-10581.297469506255	1.8103743572748585	1.5088136946098323	1.5172834445611598	3.804315203903747	10.332579114512868	0.4143922371786791	3.365882432837503	0.1366208582671962	0.2382004955802084	0.30124138355902924	0.7147300499305198
871	77.68289420131033	-10581.297469506255	1.8103743572748585	1.5088136946098323	1.5172834445611598	3.804315203903747	10.332579114512868	0.4143922371786791	3.365882432837503	0.1366208582671962	0.2382004955802084	0.30124138355902924	0.7147300499305198
872	77.68289420131033	-10581.297469506255	1.8103743572748585	1.5088136946098323	1.5172834445611598	3.804315203903747	10.332579114512868	0.4143922371786791	3.365882432837503	0.1366208582671962	0.2382004955802084	0.30124138355902924	0.7147300499305198
873	77.68675231860873	-10581.374968381228	1.8103743572748585	1.5088136946098323	1.5172834445611598	3.804315203903747	10.332579114512868	0.4143922371786791	3.365882432837503	0.1366208582671962	0.2382004955802084	0.30124138355902924	0.7147300499305198
874	76.77035113731316	-10575.551339864118	1.8103743572748585	1.5088136946098323	1.5172834445611598	3.804315203903747	10.332579114512868	0.4143922371786791	3.365882432837503	0.1366208582671962	0.2382004955802084	0.30124138355902924	0.7147300499305198
875	76.893399945905	-10562.8555660322	1.8103743572748585	1.5088136946098323	1.5172834445611598	3.804315203903747	10.332579114512868	0.4143922371786791	3.365882432837503	0.1366208582671962	0.2382004955802084	0.30124138355902924	0.7147300499305198
876	76.86454386685293	-10563.284482861973	1.8103743572748585	1.5088136946098323	1.5172834445611598	3.804315203903747	10.332579114512868	0.4143922371786791	3.365882432837503	0.1366208582671962	0.2382004955802084	0.30124138355902924	0.7147300499305198
877	76.79180837324395	-10561.894076538194	1.8103743572748585	1.5088136946098323	1.5172834445611598	3.804315203903747	10.332579114512868	0.4143922371786791	3.365882432837503	0.1366208582671962	0.2382004955802084	0.30124138355902924	0.7147300499305198
878	77.04838007302571	-10561.894076538194	1.8103743572748585	1.5088136946098323	1.5172834445611598	3.804315203903747	10.332579114512868	0.4143922371786791	3.365882432837503	0.1366208582671962	0.2382004955802084	0.30124138355902924	0.6812888310137863
879	77.04838007302571	-10561.894076538194	1.8103743572748585	1.5088136946098323	1.5172834445611598	3.804315203903747	10.332579114512868	0.4143922371786791	3.365882432837503	0.1366208582671962	0.2382004955802084	0.30124138355902924	0.6812888310137863
880	77.04838007302571	-10559.951711668033	1.8103743572748585	1.5088136946098323	1.5172834445611598	3.804315203903747	10.332579114512868	0.4143922371786791	3.365882432837503	0.1366208582671962	0.2382004955802084	0.30124138355902924	0.6812888310137863
881	77.04838007302571	-10559.951711668033	1.8103743572748585	1.5088136946098323	1.5172834445611598	3.804315203903747	10.332579114512868	0.4143922371786791	3.365882432837503	0.1366208582671962	0.2382004955802084	0.30124138355902924	0.6812888310137863
882	77.04838007302571	-10559.951711668033	1.8103743572748585	1.5088136946098323	1.5172834445611598	3.804315203903747	10.332579114512868	0.4143922371786791	3.365882432837503	0.1366208582671962	0.2382004955802084	0.30124138355902924	0.6812888310137863
883	77.06225816748555	-10553.009402369511	1.8103743572748585	1.5088136946098323	1.5172834445611598	3.804315203903747	10.332579114512868	0.4143922371786791	3.365882432837503	0.1366208582671962	0.2382004955802084	0.30124138355902924	0.6812888310137863
884	77.06225816748555	-10553.009402369511	1.8103743572748585	1.5088136946098323	1.5172834445611598	3.804315203903747	10.332579114512868	0.4143922371786791	3.365882432837503	0.1366208582671962	0.2382004955802084	0.30124138355902924	0.6812888310137863
885	77.06225816748555	-10553.009402369511	1.8103743572748585	1.5088136946098323	1.5172834445611598	3.804315203903747	10.332579114512868	0.4143922371786791	3.365882432837503	0.1366208582671962	0.2382004955802084	0.30124138355902924	0.6812888310137863
886	77.06225816748555	-10553.009402369511	1.8103743572748585	1.5088136946098323	1.5172834445611598	3.804315203903747	10.332579114512868	0.4143922371786791	3.365882432837503	0.1366208582671962	0.2382004955802084	0.30124138355902924	0.6812888310137863
887	77.06225816748555	-10553.009402369511	1.8103743572748585	1.5088136946098323	1.5172834445611598	3.804315203903747	10.332579114512868	0.4143922371786791	3.365882432837503	0.1366208582671962	0.2382004955802084	0.30124138355902924	0.6812888310137863
888	77.06225816748555	-10553.009402369511	1.8103743572748585	1.5088136946098323	1.5172834445611598	3.804315203903747	10.332579114512868	0.4143922371786791	3.365882432837503	0.1366208582671962	0.2382004955802084	0.30124138355902924	0.6812888310137863
889	77.06225816748555	-10553.009402369511	1.8103743572748585	1.5088136946098323	1.5172834445611598	3.804315203903747	10.332579114512868	0.4143922371786791	3.365882432837503	0.1366208582671962	0.2382004955802084	0.30124138355902924	0.6812888310137863
890	77.06225816748555	-10553.009402369511	1.8103743572748585	1.5088136946098323	1.5172834445611598	3.804315203903747	10.332579114512868	0.4143922371786791	3.365882432837503	0.1366208582671962	0.2382004955802084	0.30124138355902924	0.6812888310137863
891	77.06225816748555	-10553.009402369511	1.8103743572748585	1.5088136946098323	1.5172834445611598	3.804315203903747	10.332579114512868	0.4143922371786791	3.365882432837503	0.1366208582671962	0.2382004955802084	0.30124138355902924	0.6812888310137863
892	75.22632532836118	-10553.009402369511	1.8103743572748585	1.5088136946098323	1.5172834445611598	3.804315203903747	10.332579114512868	0.45639694131703956	4.161873921004293	0.11156929509463566	0.3097026410238227	0.36657490501473994	0.6812888310137863
893	74.34996556701826	-10553.009402369511	1.8103743572748585	1.5088136946098323	1.5172834445611598	3.804315203903747	10.332579114512868	0.45639694131703956	4.161873921004293	0.11156929509463566	0.3097026410238227	0.36657490501473994	0.8053556548895197
894	74.34996556701826	-10546.858584821803	1.8103743572748585	1.5088136946098323	1.5172834445611598	3.804315203903747	10.332579114512868	0.45639694131703956	4.161873921004293	0.11156929509463566	0.3097026410238227	0.36657490501473994	0.8053556548895197
895	74.34996556701826	-10546.858584821803	1.8103743572748585	1.5088136946098323	1.5172834445611598	3.804315203903747	10.332579114512868	0.45639694131703956	4.161873921004293	0.11156929509463566	0.3097026410238227	0.36657490501473994	0.8053556548895197
896	74.34996556701826	-10546.858584821803	1.8103743572748585	1.5088136946098323	1.5172834445611598	3.804315203903747	10.332579114512868	0.45639694131703956	4.161873921004293	0.11156929509463566	0.3097026410238227	0.36657490501473994	0.8053556548895197
897	74.34996556701826	-10546.858584821803	1.8103743572748585	1.5088136946098323	1.5172834445611598	3.804315203903747	10.332579114512868	0.45639694131703956	4.161873921004293	0.11156929509463566	0.3097026410238227	0.36657490501473994	0.8053556548895197
898	74.34996556701826	-10546.858584821803	1.8103743572748585	1.5088136946098323	1.5172834445611598	3.804315203903747	10.332579114512868	0.45639694131703956	4.161873921004293	0.11156929509463566	0.3097026410238227	0.36657490501473994	0.8053556548895197
899	74.34996556701826	-10546.858584821803	1.8103743572748585	1.5088136946098323	1.5172834445611598	3.804315203903747	10.332579114512868	0.45639694131703956	4.161873921004293	0.11156929509463566	0.3097026410238227	0.36657490501473994	0.8053556548895197
900	74.34996556701826	-10546.858584821803	1.8103743572748585	1.5088136946098323	1.5172834445611598	3.804315203903747	10.332579114512868	0.45639694131703956	4.161873921004293	0.11156929509463566	0.3097026410238227	0.36657490501473994	0.8053556548895197
901	74.34996556701826	-10546.858584821803	1.8103743572748585	1.5088136946098323	1.5172834445611598	3.804315203903747	10.332579114512868	0.45639694131703956	4.161873921004293	0.11156929509463566	0.3097026410238227	0.36657490501473994	0.8053556548895197
902	74.34996556701826	-10546.858584821803	1.8103743572748585	1.5088136946098323	1.5172834445611598	3.804315203903747	10.332579114512868	0.45639694131703956	4.161873921004293	0.11156929509463566	0.3097026410238227	0.36657490501473994	0.8053556548895197
903	74.38034125301702	-10547.792335050679	1.8103743572748585	1.5088136946098323	1.5172834445611598	3.804315203903747	10.332579114512868	0.45639694131703956	4.161873921004293	0.11156929509463566	0.3097026410238227	0.36657490501473994	0.8053556548895197
904	74.4266537253748	-10547.177258799002	1.8103743572748585	1.5088136946098323	1.5172834445611598	3.804315203903747	10.332579114512868	0.45639694131703956	4.161873921004293	0.11156929509463566	0.3097026410238227	0.36657490501473994	0.8053556548895197
905	74.4266537253748	-10547.177258799002	1.8103743572748585	1.5088136946098323	1.5172834445611598	3.804315203903747	10.332579114512868	0.45639694131703956	4.161873921004293	0.11156929509463566	0.3097026410238227	0.36657490501473994	0.8053556548895197
906	74.4266537253748	-10547.177258799002	1.8103743572748585	1.5088136946098323	1.5172834445611598	3.804315203903747	10.332579114512868	0.45639694131703956	4.161873921004293	0.11156929509463566	0.3097026410238227	0.36657490501473994	0.8053556548895197
907	73.73965320586768	-10547.177258799002	1.8103743572748585	1.5088136946098323	1.5172834445611598	3.804315203903747	10.332579114512868	0.45639694131703956	4.161873921004293	0.11156929509463566	0.3097026410238227	0.36657490501473994	0.9025806411737969
908	74.08992446635351	-10547.177258799002	1.8103743572748585	1.5088136946098323	1.5172834445611598	3.804315203903747	10.332579114512868	0.45639694131703956	4.161873921004293	0.11156929509463566	0.3097026410238227	0.36657490501473994	0.853012306869257
909	74.0854219575425	-10547.318788252613	1.8103743572748585	1.5088136946098323	1.5172834445611598	3.804315203903747	10.332579114512868	0.45639694131703956	4.161873921004293	0.11156929509463566	0.3097026410238227	0.36657490501473994	0.853012306869257
910	74.0854219575425	-10546.987975003893	1.8103743572748585	1.5088136946098323	1.5172834445611598	3.804315203903747	10.332579114512868	0.45639694131703956	4.161873921004293	0.11156929509463566	0.3097026410238227	0.36657490501473994	0.853012306869257
911	74.81898524698794	-10522.392648240322	1.8103743572748585	1.5088136946098323	1.5172834445611598	3.804315203903747	10.332579114512868	0.45639694131703956	4.161873921004293	0.11156929509463566	0.3097026410238227	0.36657490501473994	0.853012306869257
912	74.81898524698794	-10522.392648240322	1.8103743572748585	1.5088136946098323	1.5172834445611598	3.804315203903747	10.332579114512868	0.45639694131703956	4.161873921004293	0.11156929509463566	0.3097026410238227	0.36657490501473994	0.853012306869257
913	74.81898524698794	-10522.392648240322	1.8103743572748585	1.5088136946098323	1.5172834445611598	3.804315203903747	10.332579114512868	0.45639694131703956	4.161873921004293	0.11156929509463566	0.3097026410238227	0.36657490501473994	0.853012306869257
914	74.81898524698794	-10522.392648240322	1.8103743572748585	1.5088136946098323	1.5172834445611598	3.804315203903747	10.332579114512868	0.45639694131703956	4.161873921004293	0.11156929509463566	0.3097026410238227	0.36657490501473994	0.853012306869257
915	74.81898524698794	-10521.391083456523	1.8103743572748585	1.5088136946098323	1.5172834445611598	3.804315203903747	10.332579114512868	0.45639694131703956	4.161873921004293	0.11156929509463566	0.3097026410238227	0.36657490501473994	0.853012306869257
916	74.81898524698794	-10521.391083456523	1.8103743572748585	1.5088136946098323	1.5172834445611598	3.804315203903747	10.332579114512868	0.45639694131703956	4.161873921004293	0.11156929509463566	0.3097026410238227	0.36657490501473994	0.853012306869257
917	74.95317551668724	-10517.1273567576	1.8103743572748585	1.5088136946098323	1.5172834445611598	3.804315203903747	10.332579114512868	0.45639694131703956	4.161873921004293	0.11156929509463566	0.3097026410238227	0.36657490501473994	0.853012306869257
918	74.95317551668724	-10517.1273567576	1.8103743572748585	1.5088136946098323	1.5172834445611598	3.804315203903747	10.332579114512868	0.45639694131703956	4.161873921004293	0.11156929509463566	0.3097026410238227	0.36657490501473994	0.853012306869257
919	74.95317551668724	-10517.1273567576	1.8103743572748585	1.5088136946098323	1.5172834445611598	3.804315203903747	10.332579114512868	0.45639694131703956	4.161873921004293	0.11156929509463566	0.3097026410238227	0.36657490501473994	0.853012306869257
920	74.95317551668724	-10517.1273567576	1.8103743572748585	1.5088136946098323	1.5172834445611598	3.804315203903747	10.332579114512868	0.45639694131703956	4.161873921004293	0.11156929509463566	0.3097026410238227	0.36657490501473994	0.853012306869257
921	74.95317551668724	-10517.1273567576	1.8103743572748585	1.5088136946098323	1.5172834445611598	3.804315203903747	10.332579114512868	0.45639694131703956	4.161873921004293	0.11156929509463566	0.3097026410238227	0.36657490501473994	0.853012306869257
922	74.95317551668724	-10514.21124136667	1.8103743572748585	1.5088136946098323	1.5172834445611598	3.804315203903747	10.332579114512868	0.45639694131703956	4.161873921004293	0.11156929509463566	0.3097026410238227	0.36657490501473994	0.853012306869257
923	74.95317551668724	-10514.21124136667	1.8103743572748585	1.5088136946098323	1.5172834445611598	3.804315203903747	10.332579114512868	0.45639694131703956	4.161873921004293	0.11156929509463566	0.3097026410238227	0.36657490501473994	0.853012306869257
924	74.95317551668724	-10514.21124136667	1.8103743572748585	1.5088136946098323	1.5172834445611598	3.804315203903747	10.332579114512868	0.45639694131703956	4.161873921004293	0.11156929509463566	0.3097026410238227	0.36657490501473994	0.853012306869257
925	74.95317551668724	-10514.21124136667	1.8103743572748585	1.5088136946098323	1.5172834445611598	3.804315203903747	10.332579114512868	0.45639694131703956	4.161873921004293	0.11156929509463566	0.3097026410238227	0.36657490501473994	0.853012306869257
926	74.95317551668724	-10514.21124136667	1.8103743572748585	1.5088136946098323	1.5172834445611598	3.804315203903747	10.332579114512868	0.45639694131703956	4.161873921004293	0.11156929509463566	0.3097026410238227	0.36657490501473994	0.853012306869257
927	74.95317551668724	-10517.007520312245	1.8103743572748585	1.5088136946098323	1.5172834445611598	3.804315203903747	10.332579114512868	0.45639694131703956	4.161873921004293	0.11156929509463566	0.3097026410238227	0.36657490501473994	0.853012306869257
928	74.95317551668724	-10517.007520312245	1.8103743572748585	1.5088136946098323	1.5172834445611598	3.804315203903747	10.332579114512868	0.45639694131703956	4.161873921004293	0.11156929509463566	0.3097026410238227	0.36657490501473994	0.853012306869257
929	74.95317551668724	-10517.916383743188	1.8103743572748585	1.5088136946098323	1.5172834445611598	3.804315203903747	10.332579114512868	0.45639694131703956	4.161873921004293	0.11156929509463566	0.3097026410238227	0.36657490501473994	0.853012306869257
930	74.95317551668724	-10517.916383743188	1.8103743572748585	1.5088136946098323	1.5172834445611598	3.804315203903747	10.332579114512868	0.45639694131703956	4.161873921004293	0.11156929509463566	0.3097026410238227	0.36657490501473994	0.853012306869257
931	74.95317551668724	-10515.119940218488	1.8103743572748585	1.5088136946098323	1.5172834445611598	3.804315203903747	10.332579114512868	0.45639694131703956	4.161873921004293	0.11156929509463566	0.3097026410238227	0.36657490501473994	0.853012306869257
932	74.95317551668724	-10515.119940218488	1.8103743572748585	1.5088136946098323	1.5172834445611598	3.804315203903747	10.332579114512868	0.45639694131703956	4.161873921004293	0.11156929509463566	0.3097026410238227	0.36657490501473994	0.853012306869257
933	74.95317551668724	-10515.119940218488	1.8103743572748585	1.5088136946098323	1.5172834445611598	3.804315203903747	10.332579114512868	0.45639694131703956	4.161873921004293	0.11156929509463566	0.3097026410238227	0.36657490501473994	0.853012306869257
934	74.95317551668724	-10515.119940218488	1.8103743572748585	1.5088136946098323	1.5172834445611598	3.804315203903747	10.332579114512868	0.45639694131703956	4.161873921004293	0.11156929509463566	0.3097026410238227	0.36657490501473994	0.853012306869257
935	75.01301949501881	-10513.064447409048	1.8103743572748585	1.5088136946098323	1.5172834445611598	3.804315203903747	10.332579114512868	0.45639694131703956	4.161873921004293	0.11156929509463566	0.3097026410238227	0.36657490501473994	0.853012306869257
936	75.01301949501881	-10513.064447409048	1.8103743572748585	1.5088136946098323	1.5172834445611598	3.804315203903747	10.332579114512868	0.45639694131703956	4.161873921004293	0.11156929509463566	0.3097026410238227	0.36657490501473994	0.853012306869257
937	74.99136865320214	-10513.247044975556	1.8103743572748585	1.5088136946098323	1.5172834445611598	3.804315203903747	10.332579114512868	0.45639694131703956	4.161873921004293	0.11156929509463566	0.3097026410238227	0.36657490501473994	0.853012306869257
938	74.99136865320214	-10517.380642943554	1.8103743572748585	1.5088136946098323	1.5172834445611598	3.804315203903747	10.332579114512868	0.45639694131703956	4.161873921004293	0.11156929509463566	0.3097026410238227	0.36657490501473994	0.853012306869257
939	75.605120374612	-10517.380642943554	1.8103743572748585	1.5088136946098323	1.5172834445611598	3.804315203903747	10.332579114512868	0.5225222651543256	4.101413548341669	0.13667679913462183	0.23405208199545108	0.3451294684914604	0.853012306869257
940	75.605120374612	-10517.380642943554	1.8103743572748585	1.5088136946098323	1.5172834445611598	3.804315203903747	10.332579114512868	0.5225222651543256	4.101413548341669	0.13667679913462183	0.23405208199545108	0.3451294684914604	0.853012306869257
941	75.605120374612	-10519.693728870932	1.8103743572748585	1.5088136946098323	1.5172834445611598	3.804315203903747	10.332579114512868	0.5225222651543256	4.101413548341669	0.13667679913462183	0.23405208199545108	0.3451294684914604	0.853012306869257
942	75.6845293116728	-10497.139521309102	1.8103743572748585	1.5088136946098323	1.5172834445611598	3.804315203903747	10.332579114512868	0.5225222651543256	4.101413548341669	0.13667679913462183	0.23405208199545108	0.3451294684914604	0.853012306869257
943	75.6845293116728	-10497.139521309102	1.8103743572748585	1.5088136946098323	1.5172834445611598	3.804315203903747	10.332579114512868	0.5225222651543256	4.101413548341669	0.13667679913462183	0.23405208199545108	0.3451294684914604	0.853012306869257
944	75.6845293116728	-10497.139521309102	1.8103743572748585	1.5088136946098323	1.5172834445611598	3.804315203903747	10.332579114512868	0.5225222651543256	4.101413548341669	0.13667679913462183	0.23405208199545108	0.3451294684914604	0.853012306869257
945	75.6845293116728	-10497.139521309102	1.8103743572748585	1.5088136946098323	1.5172834445611598	3.804315203903747	10.332579114512868	0.5225222651543256	4.101413548341669	0.13667679913462183	0.23405208199545108	0.3451294684914604	0.853012306869257
946	75.6845293116728	-10497.139521309102	1.8103743572748585	1.5088136946098323	1.5172834445611598	3.804315203903747	10.332579114512868	0.5225222651543256	4.101413548341669	0.13667679913462183	0.23405208199545108	0.3451294684914604	0.853012306869257
947	75.6845293116728	-10497.139521309102	1.8103743572748585	1.5088136946098323	1.5172834445611598	3.804315203903747	10.332579114512868	0.5225222651543256	4.101413548341669	0.13667679913462183	0.23405208199545108	0.3451294684914604	0.853012306869257
948	78.72674509327507	-10497.139521309102	1.3661149224130413	1.4375311429565947	1.8258903364708632	4.097334272670094	10.768430887350517	0.5225222651543256	4.101413548341669	0.13667679913462183	0.23405208199545108	0.3451294684914604	0.853012306869257
949	78.72674509327507	-10497.084125600735	1.3661149224130413	1.4375311429565947	1.8258903364708632	4.097334272670094	10.768430887350517	0.5225222651543256	4.101413548341669	0.13667679913462183	0.23405208199545108	0.3451294684914604	0.853012306869257
950	78.72674509327507	-10497.084125600735	1.3661149224130413	1.4375311429565947	1.8258903364708632	4.097334272670094	10.768430887350517	0.5225222651543256	4.101413548341669	0.13667679913462183	0.23405208199545108	0.3451294684914604	0.853012306869257
951	78.7898656157586	-10494.840175076377	1.3661149224130413	1.4375311429565947	1.8258903364708632	4.097334272670094	10.768430887350517	0.5225222651543256	4.101413548341669	0.13667679913462183	0.23405208199545108	0.3451294684914604	0.853012306869257
952	78.7898656157586	-10494.840175076377	1.3661149224130413	1.4375311429565947	1.8258903364708632	4.097334272670094	10.768430887350517	0.5225222651543256	4.101413548341669	0.13667679913462183	0.23405208199545108	0.3451294684914604	0.853012306869257
953	78.7898656157586	-10494.840175076377	1.3661149224130413	1.4375311429565947	1.8258903364708632	4.097334272670094	10.768430887350517	0.5225222651543256	4.101413548341669	0.13667679913462183	0.23405208199545108	0.3451294684914604	0.853012306869257
954	78.74531541046392	-10492.368512991872	1.3661149224130413	1.4375311429565947	1.8258903364708632	4.097334272670094	10.768430887350517	0.5225222651543256	4.101413548341669	0.13667679913462183	0.23405208199545108	0.3451294684914604	0.853012306869257
955	78.74531541046392	-10492.368512991872	1.3661149224130413	1.4375311429565947	1.8258903364708632	4.097334272670094	10.768430887350517	0.5225222651543256	4.101413548341669	0.13667679913462183	0.23405208199545108	0.3451294684914604	0.853012306869257
956	78.74531541046392	-10492.368512991872	1.3661149224130413	1.4375311429565947	1.8258903364708632	4.097334272670094	10.768430887350517	0.5225222651543256	4.101413548341669	0.13667679913462183	0.23405208199545108	0.3451294684914604	0.853012306869257
957	78.74531541046392	-10492.368512991872	1.3661149224130413	1.4375311429565947	1.8258903364708632	4.097334272670094	10.768430887350517	0.5225222651543256	4.101413548341669	0.13667679913462183	0.23405208199545108	0.3451294684914604	0.853012306869257
958	78.74531541046392	-10425.44707608843	1.3661149224130413	1.4375311429565947	1.8258903364708632	4.097334272670094	10.768430887350517	0.5225222651543256	4.101413548341669	0.13667679913462183	0.23405208199545108	0.3451294684914604	0.853012306869257
959	78.74531541046392	-10425.44707608843	1.3661149224130413	1.4375311429565947	1.8258903364708632	4.097334272670094	10.768430887350517	0.5225222651543256	4.101413548341669	0.13667679913462183	0.23405208199545108	0.3451294684914604	0.853012306869257
960	78.74622158778195	-10425.397890205157	1.3661149224130413	1.4375311429565947	1.8258903364708632	4.097334272670094	10.768430887350517	0.5225222651543256	4.101413548341669	0.13667679913462183	0.23405208199545108	0.3451294684914604	0.853012306869257
961	78.74622158778195	-10425.54957685337	1.3661149224130413	1.4375311429565947	1.8258903364708632	4.097334272670094	10.768430887350517	0.5225222651543256	4.101413548341669	0.13667679913462183	0.23405208199545108	0.3451294684914604	0.853012306869257
962	79.79980690934397	-10425.54957685337	1.3661149224130413	1.4375311429565947	1.8258903364708632	4.097334272670094	10.768430887350517	0.5225222651543256	4.101413548341669	0.13667679913462183	0.23405208199545108	0.3451294684914604	0.7134687637219227
963	79.79980690934397	-10425.54957685337	1.3661149224130413	1.4375311429565947	1.8258903364708632	4.097334272670094	10.768430887350517	0.5225222651543256	4.101413548341669	0.13667679913462183	0.23405208199545108	0.3451294684914604	0.7134687637219227
964	79.79980690934397	-10425.54957685337	1.3661149224130413	1.4375311429565947	1.8258903364708632	4.097334272670094	10.768430887350517	0.5225222651543256	4.101413548341669	0.13667679913462183	0.23405208199545108	0.3451294684914604	0.7134687637219227
965	79.79980690934397	-10425.821333640311	1.3661149224130413	1.4375311429565947	1.8258903364708632	4.097334272670094	10.768430887350517	0.5225222651543256	4.101413548341669	0.13667679913462183	0.23405208199545108	0.3451294684914604	0.7134687637219227
966	79.79980690934397	-10425.821333640311	1.3661149224130413	1.4375311429565947	1.8258903364708632	4.097334272670094	10.768430887350517	0.5225222651543256	4.101413548341669	0.13667679913462183	0.23405208199545108	0.3451294684914604	0.7134687637219227
967	79.79980690934397	-10417.070021922482	1.3661149224130413	1.4375311429565947	1.8258903364708632	4.097334272670094	10.768430887350517	0.5225222651543256	4.101413548341669	0.13667679913462183	0.23405208199545108	0.3451294684914604	0.7134687637219227
968	79.87354863052414	-10416.86760644883	1.3661149224130413	1.4375311429565947	1.8258903364708632	4.097334272670094	10.768430887350517	0.5225222651543256	4.101413548341669	0.13667679913462183	0.23405208199545108	0.3451294684914604	0.7134687637219227
969	79.87354863052414	-10416.86760644883	1.3661149224130413	1.4375311429565947	1.8258903364708632	4.097334272670094	10.768430887350517	0.5225222651543256	4.101413548341669	0.13667679913462183	0.23405208199545108	0.3451294684914604	0.7134687637219227
970	79.87354863052414	-10416.86760644883	1.3661149224130413	1.4375311429565947	1.8258903364708632	4.097334272670094	10.768430887350517	0.5225222651543256	4.101413548341669	0.13667679913462183	0.23405208199545108	0.3451294684914604	0.7134687637219227
971	79.87354863052414	-10416.86760644883	1.3661149224130413	1.4375311429565947	1.8258903364708632	4.097334272670094	10.768430887350517	0.5225222651543256	4.101413548341669	0.13667679913462183	0.23405208199545108	0.3451294684914604	0.7134687637219227
972	79.87354863052414	-10416.86760644883	1.3661149224130413	1.4375311429565947	1.8258903364708632	4.097334272670094	10.768430887350517	0.5225222651543256	4.101413548341669	0.13667679913462183	0.23405208199545108	0.3451294684914604	0.7134687637219227
973	79.87354863052414	-10416.86760644883	1.3661149224130413	1.4375311429565947	1.8258903364708632	4.097334272670094	10.768430887350517	0.5225222651543256	4.101413548341669	0.13667679913462183	0.23405208199545108	0.3451294684914604	0.7134687637219227
974	79.87354863052414	-10416.86760644883	1.3661149224130413	1.4375311429565947	1.8258903364708632	4.097334272670094	10.768430887350517	0.5225222651543256	4.101413548341669	0.13667679913462183	0.23405208199545108	0.3451294684914604	0.7134687637219227
975	79.87354863052414	-10416.86760644883	1.3661149224130413	1.4375311429565947	1.8258903364708632	4.097334272670094	10.768430887350517	0.5225222651543256	4.101413548341669	0.13667679913462183	0.23405208199545108	0.3451294684914604	0.7134687637219227
976	79.87354863052414	-10415.454492585732	1.3661149224130413	1.4375311429565947	1.8258903364708632	4.097334272670094	10.768430887350517	0.5225222651543256	4.101413548341669	0.13667679913462183	0.23405208199545108	0.3451294684914604	0.7134687637219227
977	79.87354863052414	-10415.454492585732	1.3661149224130413	1.4375311429565947	1.8258903364708632	4.097334272670094	10.768430887350517	0.5225222651543256	4.101413548341669	0.13667679913462183	0.23405208199545108	0.3451294684914604	0.7134687637219227
978	79.87354863052414	-10415.454492585732	1.3661149224130413	1.4375311429565947	1.8258903364708632	4.097334272670094	10.768430887350517	0.5225222651543256	4.101413548341669	0.13667679913462183	0.23405208199545108	0.3451294684914604	0.7134687637219227
979	79.87354863052414	-10415.454492585732	1.3661149224130413	1.4375311429565947	1.8258903364708632	4.097334272670094	10.768430887350517	0.5225222651543256	4.101413548341669	0.13667679913462183	0.23405208199545108	0.3451294684914604	0.7134687637219227
980	79.87354863052414	-10415.454492585732	1.3661149224130413	1.4375311429565947	1.8258903364708632	4.097334272670094	10.768430887350517	0.5225222651543256	4.101413548341669	0.13667679913462183	0.23405208199545108	0.3451294684914604	0.7134687637219227
981	79.87354863052414	-10415.454492585732	1.3661149224130413	1.4375311429565947	1.8258903364708632	4.097334272670094	10.768430887350517	0.5225222651543256	4.101413548341669	0.13667679913462183	0.23405208199545108	0.3451294684914604	0.7134687637219227
982	79.87354863052414	-10415.454492585732	1.3661149224130413	1.4375311429565947	1.8258903364708632	4.097334272670094	10.768430887350517	0.5225222651543256	4.101413548341669	0.13667679913462183	0.23405208199545108	0.3451294684914604	0.7134687637219227
983	79.87354863052414	-10416.483525195426	1.3661149224130413	1.4375311429565947	1.8258903364708632	4.097334272670094	10.768430887350517	0.5225222651543256	4.101413548341669	0.13667679913462183	0.23405208199545108	0.3451294684914604	0.7134687637219227
984	79.87354863052414	-10416.483525195426	1.3661149224130413	1.4375311429565947	1.8258903364708632	4.097334272670094	10.768430887350517	0.5225222651543256	4.101413548341669	0.13667679913462183	0.23405208199545108	0.3451294684914604	0.7134687637219227
985	79.87354863052414	-10416.483525195426	1.3661149224130413	1.4375311429565947	1.8258903364708632	4.097334272670094	10.768430887350517	0.5225222651543256	4.101413548341669	0.13667679913462183	0.23405208199545108	0.3451294684914604	0.7134687637219227
986	79.7938189206053	-10410.726464340703	1.3661149224130413	1.4375311429565947	1.8258903364708632	4.097334272670094	10.768430887350517	0.5225222651543256	4.101413548341669	0.13667679913462183	0.23405208199545108	0.3451294684914604	0.7134687637219227
987	79.7938189206053	-10398.6151524687	1.3661149224130413	1.4375311429565947	1.8258903364708632	4.097334272670094	10.768430887350517	0.5225222651543256	4.101413548341669	0.13667679913462183	0.23405208199545108	0.3451294684914604	0.7134687637219227
988	79.7938189206053	-10398.6151524687	1.3661149224130413	1.4375311429565947	1.8258903364708632	4.097334272670094	10.768430887350517	0.5225222651543256	4.101413548341669	0.13667679913462183	0.23405208199545108	0.3451294684914604	0.7134687637219227
989	79.7938189206053	-10398.6151524687	1.3661149224130413	1.4375311429565947	1.8258903364708632	4.097334272670094	10.768430887350517	0.5225222651543256	4.101413548341669	0.13667679913462183	0.23405208199545108	0.3451294684914604	0.7134687637219227
990	79.7938189206053	-10398.6151524687	1.3661149224130413	1.4375311429565947	1.8258903364708632	4.097334272670094	10.768430887350517	0.5225222651543256	4.101413548341669	0.13667679913462183	0.23405208199545108	0.3451294684914604	0.7134687637219227
991	79.7938189206053	-10398.6151524687	1.3661149224130413	1.4375311429565947	1.8258903364708632	4.097334272670094	10.768430887350517	0.5225222651543256	4.101413548341669	0.13667679913462183	0.23405208199545108	0.3451294684914604	0.7134687637219227
992	79.7938189206053	-10398.6151524687	1.3661149224130413	1.4375311429565947	1.8258903364708632	4.097334272670094	10.768430887350517	0.5225222651543256	4.101413548341669	0.13667679913462183	0.23405208199545108	0.3451294684914604	0.7134687637219227
993	79.7938189206053	-10398.6151524687	1.3661149224130413	1.4375311429565947	1.8258903364708632	4.097334272670094	10.768430887350517	0.5225222651543256	4.101413548341669	0.13667679913462183	0.23405208199545108	0.3451294684914604	0.7134687637219227
994	79.7938189206053	-10398.6151524687	1.3661149224130413	1.4375311429565947	1.8258903364708632	4.097334272670094	10.768430887350517	0.5225222651543256	4.101413548341669	0.13667679913462183	0.23405208199545108	0.3451294684914604	0.7134687637219227
995	79.7938189206053	-10398.6151524687	1.3661149224130413	1.4375311429565947	1.8258903364708632	4.097334272670094	10.768430887350517	0.5225222651543256	4.101413548341669	0.13667679913462183	0.23405208199545108	0.3451294684914604	0.7134687637219227
996	79.7938189206053	-10398.6151524687	1.3661149224130413	1.4375311429565947	1.8258903364708632	4.097334272670094	10.768430887350517	0.5225222651543256	4.101413548341669	0.13667679913462183	0.23405208199545108	0.3451294684914604	0.7134687637219227
997	79.7938189206053	-10392.076437019814	1.3661149224130413	1.4375311429565947	1.8258903364708632	4.097334272670094	10.768430887350517	0.5225222651543256	4.101413548341669	0.13667679913462183	0.23405208199545108	0.3451294684914604	0.7134687637219227
998	79.7938189206053	-10392.076437019814	1.3661149224130413	1.4375311429565947	1.8258903364708632	4.097334272670094	10.768430887350517	0.5225222651543256	4.101413548341669	0.13667679913462183	0.23405208199545108	0.3451294684914604	0.7134687637219227
999	79.7938189206053	-10392.076437019814	1.3661149224130413	1.4375311429565947	1.8258903364708632	4.097334272670094	10.768430887350517	0.5225222651543256	4.101413548341669	0.13667679913462183	0.23405208199545108	0.3451294684914604	0.7134687637219227
