#
#model:
#
#<?xml version="1.0" encoding="UTF-8" standalone="no"?><input id="posterior" spec="beast.base.inference.CompoundDistribution">
#    <distribution id="prior" spec="beast.base.inference.CompoundDistribution">
#        <distribution id="birthDeath" originIsRootEdge="true" spec="bdsky.evolution.speciation.BirthDeathSkylineModel">
#            <parameter dimension="5" id="intervalTimes" name="intervalTimes" spec="beast.base.inference.parameter.RealParameter">0.0 0.01 0.02 0.03 0.04</parameter>
#            <parameter id="origin" lower="0.05" name="origin" spec="beast.base.inference.parameter.RealParameter">0.5</parameter>
#            <parameter dimension="5" id="birthRate" lower="0.0" name="birthRate" spec="beast.base.inference.parameter.RealParameter">1.0 1.2 0.9 1.4 1.1</parameter>
#            <parameter dimension="5" id="deathRate" lower="0.0" name="deathRate" spec="beast.base.inference.parameter.RealParameter">0.5 0.45 0.55 0.4 0.6</parameter>
#            <parameter dimension="5" id="samplingRate" lower="0.0" name="samplingRate" spec="beast.base.inference.parameter.RealParameter">0.25 0.25 0.25 0.25 0.25</parameter>
#            <tree IsLabelledNewick="true" adjustTipHeights="false" id="tree" newick="(((AF271852i_2685:0.13485022388767737,((AF271861i_3452:0.044938442268639876,(AF271885i_3289:0.009877310064721364,AF271838i_1803:0.009877310064721364):0.035061132203918516):0.04776379381323232,(((AF271874i_1359:0.0019230507078066622,AF271872i_4053:0.0019230507078066622):0.018078054544105073,((AF271873i_4055:0.010326640464516356,AF271835i_1767:0.010326640464516356):6.691823246665844E-4,(AF271884i_2659:7.271618491540825E-4,AF271854i_2856:7.271618491540825E-4):0.010268660940028857):0.009005282462728796):0.020364894203838493,((AF271882i_2153:0.003395986997383218,AF271866i_3465:0.003395986997383218):0.00658253443199398,AF271850i_2673:0.009978521429377198):0.03038747802637303):0.05233623662612197):0.04214798780580517):0.6375851514450108,((((((AF271836i_1796:0.05169983777759623,AF271843i_2147:0.05169983777759623):0.010272424497478873,((AF271887i_3405:0.04428061140044273,AF271839i_1997:0.04428061140044273):0.0046896880119626505,(AF271864i_3461:0.030147846840854635,(AF271831i_1164:0.02398309208276277,(AF271858i_3318:1.1512805904653285E-4,AF271862i_3458:1.1512805904653285E-4):0.023867964023716236):0.006164754758091865):0.018822452571550748):0.01300196286266972):0.12554138328517472,(((AF271880i_2115:0.019908338762199898,(AF271869i_4020:0.01573751002502666,AF271833i_1240:0.01573751002502666):0.004170828737173237):0.14266649854497382,(AF271829i_0923:0.0024642750872121456,AF271844i_2150:0.0024642750872121456):0.16011056221996156):0.016719352192174075,((AF271865i_3463:0.029262576178137382,AF271868i_3471:0.029262576178137382):0.07723382671065279,((AF271877i_1999:0.02514285819343654,AF271840i_2130:0.02514285819343654):0.014025532540322197,(AF271826i_0873:0.008795393863556829,(AF271846i_2429:0.00394942233304547,(AF271842i_2141:0.002140370181304716,AF271860i_3400:0.002140370181304716):0.0018090521517407539):0.004845971530511359):0.03037299687020191):0.06732801215503142):0.07279778661055761):0.008219456060902047):0.28533717561845773,(AF271878i_2000:0.3170022267994642,((((AF271875i_1380:0.0039599228619936295,AF271849i_2663:0.0039599228619936295):0.0021383652632776173,AF271876i_1797:0.006098288125271247):0.11194589205128644,((AF271886i_3319:0.03465192004670318,AF271855i_2862:0.03465192004670318):0.010552573079621111,(AF271834i_1339:0.010986413514016384,AF271828i_0922:0.010986413514016384):0.034218079612307904):0.07283968705023339):0.06864812465966152,((AF271837i_1801:0.04712983622462497,AF271857i_2957:0.04712983622462497):0.007189059218821459,AF271859i_3393:0.05431889544344643):0.13237340939277278):0.130309921963245):0.15584859437924337):0.022208720320151254,((AF271867i_3468:0.07566245220714256,(AF271827i_0883:0.025458135177596992,AF271847i_2438:0.025458135177596992):0.050204317029545566):0.29888329225148275,((AF271845i_2386:0.015002295400564077,AF271825i_0800:0.015002295400564077):0.34641892239624983,AF271848i_2446:0.3614212177968139):0.013124526661811409):0.12051379704023352):0.06682508054287822,(((((AF271863i_3460:0.019900613777813016,AF271871i_4036:0.019900613777813016):0.024365219137367815,(AF271856i_2926:6.312249097633727E-4,AF271841i_2134:6.312249097633727E-4):0.043634608005417456):0.003277450733616294,(AF271870i_4033:0.023509431187541514,AF271851i_2681:0.023509431187541514):0.02403385246125561):0.11390559951975099,((AF271881i_2116:0.023528010586812566,AF271830i_1150:0.023528010586812566):0.13306123321732607,AF271853i_2852:0.15658924380413863):0.004859639364409474):0.25181956742347134,AF271832i_1226:0.41326845059201944):0.14861617144971762):0.2105507532909512):0.8836734942709736,(AF271883i_2432:0.0793735467473457,AF271879i_2113:0.0793735467473457):1.5767353228563161);" spec="beast.base.evolution.tree.TreeParser">
#                <taxonset id="TaxonSet" spec="beast.base.evolution.alignment.TaxonSet">
#                    <taxon id="AF271852i_2685" spec="beast.base.evolution.alignment.Taxon"/>
#                    <taxon id="AF271861i_3452" spec="beast.base.evolution.alignment.Taxon"/>
#                    <taxon id="AF271885i_3289" spec="beast.base.evolution.alignment.Taxon"/>
#                    <taxon id="AF271838i_1803" spec="beast.base.evolution.alignment.Taxon"/>
#                    <taxon id="AF271874i_1359" spec="beast.base.evolution.alignment.Taxon"/>
#                    <taxon id="AF271872i_4053" spec="beast.base.evolution.alignment.Taxon"/>
#                    <taxon id="AF271873i_4055" spec="beast.base.evolution.alignment.Taxon"/>
#                    <taxon id="AF271835i_1767" spec="beast.base.evolution.alignment.Taxon"/>
#                    <taxon id="AF271884i_2659" spec="beast.base.evolution.alignment.Taxon"/>
#                    <taxon id="AF271854i_2856" spec="beast.base.evolution.alignment.Taxon"/>
#                    <taxon id="AF271882i_2153" spec="beast.base.evolution.alignment.Taxon"/>
#                    <taxon id="AF271866i_3465" spec="beast.base.evolution.alignment.Taxon"/>
#                    <taxon id="AF271850i_2673" spec="beast.base.evolution.alignment.Taxon"/>
#                    <taxon id="AF271836i_1796" spec="beast.base.evolution.alignment.Taxon"/>
#                    <taxon id="AF271843i_2147" spec="beast.base.evolution.alignment.Taxon"/>
#                    <taxon id="AF271887i_3405" spec="beast.base.evolution.alignment.Taxon"/>
#                    <taxon id="AF271839i_1997" spec="beast.base.evolution.alignment.Taxon"/>
#                    <taxon id="AF271864i_3461" spec="beast.base.evolution.alignment.Taxon"/>
#                    <taxon id="AF271831i_1164" spec="beast.base.evolution.alignment.Taxon"/>
#                    <taxon id="AF271858i_3318" spec="beast.base.evolution.alignment.Taxon"/>
#                    <taxon id="AF271862i_3458" spec="beast.base.evolution.alignment.Taxon"/>
#                    <taxon id="AF271880i_2115" spec="beast.base.evolution.alignment.Taxon"/>
#                    <taxon id="AF271869i_4020" spec="beast.base.evolution.alignment.Taxon"/>
#                    <taxon id="AF271833i_1240" spec="beast.base.evolution.alignment.Taxon"/>
#                    <taxon id="AF271829i_0923" spec="beast.base.evolution.alignment.Taxon"/>
#                    <taxon id="AF271844i_2150" spec="beast.base.evolution.alignment.Taxon"/>
#                    <taxon id="AF271865i_3463" spec="beast.base.evolution.alignment.Taxon"/>
#                    <taxon id="AF271868i_3471" spec="beast.base.evolution.alignment.Taxon"/>
#                    <taxon id="AF271877i_1999" spec="beast.base.evolution.alignment.Taxon"/>
#                    <taxon id="AF271840i_2130" spec="beast.base.evolution.alignment.Taxon"/>
#                    <taxon id="AF271826i_0873" spec="beast.base.evolution.alignment.Taxon"/>
#                    <taxon id="AF271846i_2429" spec="beast.base.evolution.alignment.Taxon"/>
#                    <taxon id="AF271842i_2141" spec="beast.base.evolution.alignment.Taxon"/>
#                    <taxon id="AF271860i_3400" spec="beast.base.evolution.alignment.Taxon"/>
#                    <taxon id="AF271878i_2000" spec="beast.base.evolution.alignment.Taxon"/>
#                    <taxon id="AF271875i_1380" spec="beast.base.evolution.alignment.Taxon"/>
#                    <taxon id="AF271849i_2663" spec="beast.base.evolution.alignment.Taxon"/>
#                    <taxon id="AF271876i_1797" spec="beast.base.evolution.alignment.Taxon"/>
#                    <taxon id="AF271886i_3319" spec="beast.base.evolution.alignment.Taxon"/>
#                    <taxon id="AF271855i_2862" spec="beast.base.evolution.alignment.Taxon"/>
#                    <taxon id="AF271834i_1339" spec="beast.base.evolution.alignment.Taxon"/>
#                    <taxon id="AF271828i_0922" spec="beast.base.evolution.alignment.Taxon"/>
#                    <taxon id="AF271837i_1801" spec="beast.base.evolution.alignment.Taxon"/>
#                    <taxon id="AF271857i_2957" spec="beast.base.evolution.alignment.Taxon"/>
#                    <taxon id="AF271859i_3393" spec="beast.base.evolution.alignment.Taxon"/>
#                    <taxon id="AF271867i_3468" spec="beast.base.evolution.alignment.Taxon"/>
#                    <taxon id="AF271827i_0883" spec="beast.base.evolution.alignment.Taxon"/>
#                    <taxon id="AF271847i_2438" spec="beast.base.evolution.alignment.Taxon"/>
#                    <taxon id="AF271845i_2386" spec="beast.base.evolution.alignment.Taxon"/>
#                    <taxon id="AF271825i_0800" spec="beast.base.evolution.alignment.Taxon"/>
#                    <taxon id="AF271848i_2446" spec="beast.base.evolution.alignment.Taxon"/>
#                    <taxon id="AF271863i_3460" spec="beast.base.evolution.alignment.Taxon"/>
#                    <taxon id="AF271871i_4036" spec="beast.base.evolution.alignment.Taxon"/>
#                    <taxon id="AF271856i_2926" spec="beast.base.evolution.alignment.Taxon"/>
#                    <taxon id="AF271841i_2134" spec="beast.base.evolution.alignment.Taxon"/>
#                    <taxon id="AF271870i_4033" spec="beast.base.evolution.alignment.Taxon"/>
#                    <taxon id="AF271851i_2681" spec="beast.base.evolution.alignment.Taxon"/>
#                    <taxon id="AF271881i_2116" spec="beast.base.evolution.alignment.Taxon"/>
#                    <taxon id="AF271830i_1150" spec="beast.base.evolution.alignment.Taxon"/>
#                    <taxon id="AF271853i_2852" spec="beast.base.evolution.alignment.Taxon"/>
#                    <taxon id="AF271832i_1226" spec="beast.base.evolution.alignment.Taxon"/>
#                    <taxon id="AF271883i_2432" spec="beast.base.evolution.alignment.Taxon"/>
#                    <taxon id="AF271879i_2113" spec="beast.base.evolution.alignment.Taxon"/>
#                </taxonset>
#            </tree>
#        </distribution>
#    </distribution>
#    <distribution id="likelihood" spec="beast.base.evolution.likelihood.TreeLikelihood" tree="@tree">
#        <siteModel id="siteModel" spec="beast.base.evolution.sitemodel.SiteModel">
#            <substModel id="jc" spec="beast.base.evolution.substitutionmodel.JukesCantor"/>
#        </siteModel>
#        <branchRateModel id="strictClock" spec="beast.base.evolution.branchratemodel.StrictClockModel">
#            <parameter id="clockRate" name="clock.rate" spec="beast.base.inference.parameter.RealParameter">1.0</parameter>
#        </branchRateModel>
#    </distribution>
#</input>
#
Sample	birthDeath	likelihood	birthRate0	birthRate1	birthRate2	birthRate3	birthRate4	deathRate0	deathRate1	deathRate2	deathRate3	deathRate4	origin
0	-80.754743054528	-14854.706507453719	1.0	1.2	0.9	1.4	1.1	0.5	0.45	0.55	0.4	0.6	0.5
1	-80.754743054528	-14854.706507453719	1.0	1.2	0.9	1.4	1.1	0.5	0.45	0.55	0.4	0.6	0.5
2	-80.754743054528	-14818.315828708286	1.0	1.2	0.9	1.4	1.1	0.5	0.45	0.55	0.4	0.6	0.5
3	-80.7598264473323	-14807.885895286026	1.0	1.2	0.9	1.4	1.1	0.5	0.45	0.55	0.4	0.6	0.5
4	-80.7598264473323	-14788.152654085932	1.0	1.2	0.9	1.4	1.1	0.5	0.45	0.55	0.4	0.6	0.5
5	-80.7598264473323	-14770.441785284485	1.0	1.2	0.9	1.4	1.1	0.5	0.45	0.55	0.4	0.6	0.5
6	-80.7598264473323	-14770.441785284485	1.0	1.2	0.9	1.4	1.1	0.5	0.45	0.55	0.4	0.6	0.5
7	-80.75264283405508	-14757.610849239025	1.0	1.2	0.9	1.4	1.1	0.5	0.45	0.55	0.4	0.6	0.5
8	-80.75264283405508	-14757.610849239025	1.0	1.2	0.9	1.4	1.1	0.5	0.45	0.55	0.4	0.6	0.5
9	-80.7529969883256	-14757.790087948855	1.0	1.2	0.9	1.4	1.1	0.5	0.45	0.55	0.4	0.6	0.5
10	-80.7529969883256	-14757.790087948855	1.0	1.2	0.9	1.4	1.1	0.5	0.45	0.55	0.4	0.6	0.5
11	-80.7529969883256	-14757.790087948855	1.0	1.2	0.9	1.4	1.1	0.5	0.45	0.55	0.4	0.6	0.5
12	-80.7529969883256	-14726.315274691524	1.0	1.2	0.9	1.4	1.1	0.5	0.45	0.55	0.4	0.6	0.5
13	-80.7529969883256	-14726.315274691524	1.0	1.2	0.9	1.4	1.1	0.5	0.45	0.55	0.4	0.6	0.5
14	-80.7529969883256	-14726.315274691524	1.0	1.2	0.9	1.4	1.1	0.5	0.45	0.55	0.4	0.6	0.5
15	-80.7529969883256	-14716.943310131475	1.0	1.2	0.9	1.4	1.1	0.5	0.45	0.55	0.4	0.6	0.5
16	-80.7529969883256	-14716.90516221893	1.0	1.2	0.9	1.4	1.1	0.5	0.45	0.55	0.4	0.6	0.5
17	-80.7529969883256	-14716.90516221893	1.0	1.2	0.9	1.4	1.1	0.5	0.45	0.55	0.4	0.6	0.5
18	-80.7529969883256	-14716.90516221893	1.0	1.2	0.9	1.4	1.1	0.5	0.45	0.55	0.4	0.6	0.5
19	-80.7529969883256	-14712.991726088623	1.0	1.2	0.9	1.4	1.1	0.5	0.45	0.55	0.4	0.6	0.5
20	-80.7529969883256	-14712.991726088623	1.0	1.2	0.9	1.4	1.1	0.5	0.45	0.55	0.4	0.6	0.5
21	-80.7529969883256	-14712.991726088623	1.0	1.2	0.9	1.4	1.1	0.5	0.45	0.55	0.4	0.6	0.5
22	-80.7529969883256	-14712.991726088623	1.0	1.2	0.9	1.4	1.1	0.5	0.45	0.55	0.4	0.6	0.5
23	-80.7536609251626	-14713.279184817358	1.0	1.2	0.9	1.4	1.1	0.5	0.45	0.55	0.4	0.6	0.5
24	-80.7536609251626	-14713.34691172753	1.0	1.2	0.9	1.4	1.1	0.5	0.45	0.55	0.4	0.6	0.5
25	-80.75299684198157	-14645.225672792661	1.0	1.2	0.9	1.4	1.1	0.5	0.45	0.55	0.4	0.6	0.5
26	-80.75299684198157	-14621.512341770616	1.0	1.2	0.9	1.4	1.1	0.5	0.45	0.55	0.4	0.6	0.5
27	-80.75299684198157	-14621.512341770616	1.0	1.2	0.9	1.4	1.1	0.5	0.45	0.55	0.4	0.6	0.5
28	-80.75299684198157	-14621.512341770616	1.0	1.2	0.9	1.4	1.1	0.5	0.45	0.55	0.4	0.6	0.5
29	-80.75299684198157	-14621.512341770616	1.0	1.2	0.9	1.4	1.1	0.5	0.45	0.55	0.4	0.6	0.5
30	-80.75299684198157	-14621.512341770616	1.0	1.2	0.9	1.4	1.1	0.5	0.45	0.55	0.4	0.6	0.5
31	-80.75299684198157	-14621.512341770616	1.0	1.2	0.9	1.4	1.1	0.5	0.45	0.55	0.4	0.6	0.5
32	-80.75299684198157	-14621.512341770616	1.0	1.2	0.9	1.4	1.1	0.5	0.45	0.55	0.4	0.6	0.5
33	-80.75299684198157	-14621.512341770616	1.0	1.2	0.9	1.4	1.1	0.5	0.45	0.55	0.4	0.6	0.5
34	-80.75299684198157	-14615.510244494617	1.0	1.2	0.9	1.4	1.1	0.5	0.45	0.55	0.4	0.6	0.5
35	-80.75299684198157	-14615.510244494617	1.0	1.2	0.9	1.4	1.1	0.5	0.45	0.55	0.4	0.6	0.5
36	-80.75299684198157	-14615.510244494617	1.0	1.2	0.9	1.4	1.1	0.5	0.45	0.55	0.4	0.6	0.5
37	-80.75299684198157	-14615.510244494617	1.0	1.2	0.9	1.4	1.1	0.5	0.45	0.55	0.4	0.6	0.5
38	-80.70945344727971	-14606.191740000975	1.0	1.2	0.9	1.4	1.1	0.5	0.45	0.55	0.4	0.6	0.5
39	-80.68836610946403	-14575.498099691644	1.0	1.2	0.9	1.4	1.1	0.5	0.45	0.55	0.4	0.6	0.5
40	-80.71576194873319	-14535.813325024099	1.0	1.2	0.9	1.4	1.1	0.5	0.45	0.55	0.4	0.6	0.5
41	-80.71576194873319	-14535.813325024099	1.0	1.2	0.9	1.4	1.1	0.5	0.45	0.55	0.4	0.6	0.5
42	-80.7074851632806	-14536.007691604955	1.0	1.2	0.9	1.4	1.1	0.5	0.45	0.55	0.4	0.6	0.5
43	-80.7074851632806	-14536.007691604955	1.0	1.2	0.9	1.4	1.1	0.5	0.45	0.55	0.4	0.6	0.5
44	-80.7074851632806	-14536.007691604955	1.0	1.2	0.9	1.4	1.1	0.5	0.45	0.55	0.4	0.6	0.5
45	-80.7074851632806	-14535.03174996428	1.0	1.2	0.9	1.4	1.1	0.5	0.45	0.55	0.4	0.6	0.5
46	-80.77985160411154	-14535.03174996428	1.0	1.2	0.9	1.4	1.1	0.5	0.45	0.55	0.4	0.6	0.5689821669395932
47	-80.77985160411154	-14536.805384333089	1.0	1.2	0.9	1.4	1.1	0.5	0.45	0.55	0.4	0.6	0.5689821669395932
48	-80.77985160411154	-14536.805384333089	1.0	1.2	0.9	1.4	1.1	0.5	0.45	0.55	0.4	0.6	0.5689821669395932
49	-80.77332960155839	-14280.2195431629	1.0	1.2	0.9	1.4	1.1	0.5	0.45	0.55	0.4	0.6	0.5689821669395932
50	-80.77332960155839	-14280.2195431629	1.0	1.2	0.9	1.4	1.1	0.5	0.45	0.55	0.4	0.6	0.5689821669395932
51	-80.77332960155839	-14280.2195431629	1.0	1.2	0.9	1.4	1.1	0.5	0.45	0.55	0.4	0.6	0.5689821669395932
52	-80.77332960155839	-14280.2195431629	1.0	1.2	0.9	1.4	1.1	0.5	0.45	0.55	0.4	0.6	0.5689821669395932
53	-80.77332960155839	-14280.2195431629	1.0	1.2	0.9	1.4	1.1	0.5	0.45	0.55	0.4	0.6	0.5689821669395932
54	-80.77332960155839	-14280.2195431629	1.0	1.2	0.9	1.4	1.1	0.5	0.45	0.55	0.4	0.6	0.5689821669395932
55	-80.77332960155839	-14280.2195431629	1.0	1.2	0.9	1.4	1.1	0.5	0.45	0.55	0.4	0.6	0.5689821669395932
56	-80.77332960155839	-14281.08341413953	1.0	1.2	0.9	1.4	1.1	0.5	0.45	0.55	0.4	0.6	0.5689821669395932
57	-80.77332960155839	-14281.08341413953	1.0	1.2	0.9	1.4	1.1	0.5	0.45	0.55	0.4	0.6	0.5689821669395932
58	-80.77332960155839	-14281.08341413953	1.0	1.2	0.9	1.4	1.1	0.5	0.45	0.55	0.4	0.6	0.5689821669395932
59	-80.9177616781549	-14281.08341413953	1.0	1.2	0.9	1.4	1.1	0.5	0.45	0.55	0.4	0.6	0.7066526440399291
60	-80.9177616781549	-14281.08341413953	1.0	1.2	0.9	1.4	1.1	0.5	0.45	0.55	0.4	0.6	0.7066526440399291
61	-80.9177616781549	-14272.370789351055	1.0	1.2	0.9	1.4	1.1	0.5	0.45	0.55	0.4	0.6	0.7066526440399291
62	-80.9177616781549	-14272.370789351055	1.0	1.2	0.9	1.4	1.1	0.5	0.45	0.55	0.4	0.6	0.7066526440399291
63	-80.9177616781549	-14272.370789351055	1.0	1.2	0.9	1.4	1.1	0.5	0.45	0.55	0.4	0.6	0.7066526440399291
64	-80.9177616781549	-14272.370789351055	1.0	1.2	0.9	1.4	1.1	0.5	0.45	0.55	0.4	0.6	0.7066526440399291
65	-80.91748433644527	-14272.15941248923	1.0	1.2	0.9	1.4	1.1	0.5	0.45	0.55	0.4	0.6	0.7066526440399291
66	-80.91748433644527	-14269.20370383946	1.0	1.2	0.9	1.4	1.1	0.5	0.45	0.55	0.4	0.6	0.7066526440399291
67	-80.91748433644527	-14268.044561249746	1.0	1.2	0.9	1.4	1.1	0.5	0.45	0.55	0.4	0.6	0.7066526440399291
68	-80.91748433644527	-14268.044561249746	1.0	1.2	0.9	1.4	1.1	0.5	0.45	0.55	0.4	0.6	0.7066526440399291
69	-80.91748433644527	-14268.044561249746	1.0	1.2	0.9	1.4	1.1	0.5	0.45	0.55	0.4	0.6	0.7066526440399291
70	-68.95204270026119	-14268.044561249746	0.8457842401335403	1.53581920385933	0.9098858167816136	1.5585641029846387	1.3092465732748393	0.5	0.45	0.55	0.4	0.6	0.7066526440399291
71	-68.95204270026119	-14248.385983947574	0.8457842401335403	1.53581920385933	0.9098858167816136	1.5585641029846387	1.3092465732748393	0.5	0.45	0.55	0.4	0.6	0.7066526440399291
72	-68.95204270026119	-14248.385983947574	0.8457842401335403	1.53581920385933	0.9098858167816136	1.5585641029846387	1.3092465732748393	0.5	0.45	0.55	0.4	0.6	0.7066526440399291
73	-68.95714280896885	-14231.73206122665	0.8457842401335403	1.53581920385933	0.9098858167816136	1.5585641029846387	1.3092465732748393	0.5	0.45	0.55	0.4	0.6	0.7066526440399291
74	-68.95714280896885	-14223.642699436743	0.8457842401335403	1.53581920385933	0.9098858167816136	1.5585641029846387	1.3092465732748393	0.5	0.45	0.55	0.4	0.6	0.7066526440399291
75	-68.95714280896885	-14223.642699436743	0.8457842401335403	1.53581920385933	0.9098858167816136	1.5585641029846387	1.3092465732748393	0.5	0.45	0.55	0.4	0.6	0.7066526440399291
76	-68.94203533980348	-14050.75454797937	0.8457842401335403	1.53581920385933	0.9098858167816136	1.5585641029846387	1.3092465732748393	0.5	0.45	0.55	0.4	0.6	0.7066526440399291
77	-68.94203533980348	-14050.75454797937	0.8457842401335403	1.53581920385933	0.9098858167816136	1.5585641029846387	1.3092465732748393	0.5	0.45	0.55	0.4	0.6	0.7066526440399291
78	-69.00138727502123	-13980.607821916967	0.8457842401335403	1.53581920385933	0.9098858167816136	1.5585641029846387	1.3092465732748393	0.5	0.45	0.55	0.4	0.6	0.7066526440399291
79	-69.00138727502123	-13980.607821916967	0.8457842401335403	1.53581920385933	0.9098858167816136	1.5585641029846387	1.3092465732748393	0.5	0.45	0.55	0.4	0.6	0.7066526440399291
80	-68.97703062017527	-13528.437628572903	0.8457842401335403	1.53581920385933	0.9098858167816136	1.5585641029846387	1.3092465732748393	0.5	0.45	0.55	0.4	0.6	0.7066526440399291
81	-68.97388411316476	-13521.174030024004	0.8457842401335403	1.53581920385933	0.9098858167816136	1.5585641029846387	1.3092465732748393	0.5	0.45	0.55	0.4	0.6	0.7066526440399291
82	-68.97388411316476	-13521.174030024004	0.8457842401335403	1.53581920385933	0.9098858167816136	1.5585641029846387	1.3092465732748393	0.5	0.45	0.55	0.4	0.6	0.7066526440399291
83	-68.97388411316476	-13521.174030024004	0.8457842401335403	1.53581920385933	0.9098858167816136	1.5585641029846387	1.3092465732748393	0.5	0.45	0.55	0.4	0.6	0.7066526440399291
84	-68.97388411316476	-13521.174030024004	0.8457842401335403	1.53581920385933	0.9098858167816136	1.5585641029846387	1.3092465732748393	0.5	0.45	0.55	0.4	0.6	0.7066526440399291
85	-68.97388411316476	-13517.076814733675	0.8457842401335403	1.53581920385933	0.9098858167816136	1.5585641029846387	1.3092465732748393	0.5	0.45	0.55	0.4	0.6	0.7066526440399291
86	-68.97388411316476	-13517.076814733675	0.8457842401335403	1.53581920385933	0.9098858167816136	1.5585641029846387	1.3092465732748393	0.5	0.45	0.55	0.4	0.6	0.7066526440399291
87	-68.97323665965851	-13516.702588770499	0.8457842401335403	1.53581920385933	0.9098858167816136	1.5585641029846387	1.3092465732748393	0.5	0.45	0.55	0.4	0.6	0.7066526440399291
88	-68.9329386642068	-13509.756055580861	0.8457842401335403	1.53581920385933	0.9098858167816136	1.5585641029846387	1.3092465732748393	0.5	0.45	0.55	0.4	0.6	0.7066526440399291
89	-68.9329386642068	-13509.756055580861	0.8457842401335403	1.53581920385933	0.9098858167816136	1.5585641029846387	1.3092465732748393	0.5	0.45	0.55	0.4	0.6	0.7066526440399291
90	-68.92944415999177	-13509.34620981014	0.8457842401335403	1.53581920385933	0.9098858167816136	1.5585641029846387	1.3092465732748393	0.5	0.45	0.55	0.4	0.6	0.7066526440399291
91	-61.04301417637052	-13509.34620981014	0.7798359522375171	1.2404140217197723	0.9812606732388768	1.4956758986144183	1.4675495813758905	0.5	0.45	0.55	0.4	0.6	0.7066526440399291
92	-61.04301417637052	-13509.34620981014	0.7798359522375171	1.2404140217197723	0.9812606732388768	1.4956758986144183	1.4675495813758905	0.5	0.45	0.55	0.4	0.6	0.7066526440399291
93	-61.02323349728667	-13507.514130164956	0.7798359522375171	1.2404140217197723	0.9812606732388768	1.4956758986144183	1.4675495813758905	0.5	0.45	0.55	0.4	0.6	0.7066526440399291
94	-61.02323349728667	-13507.514130164956	0.7798359522375171	1.2404140217197723	0.9812606732388768	1.4956758986144183	1.4675495813758905	0.5	0.45	0.55	0.4	0.6	0.7066526440399291
95	-61.02323349728667	-13507.514130164956	0.7798359522375171	1.2404140217197723	0.9812606732388768	1.4956758986144183	1.4675495813758905	0.5	0.45	0.55	0.4	0.6	0.7066526440399291
96	-61.02323349728667	-13507.706857652212	0.7798359522375171	1.2404140217197723	0.9812606732388768	1.4956758986144183	1.4675495813758905	0.5	0.45	0.55	0.4	0.6	0.7066526440399291
97	-61.02323349728667	-13507.706857652212	0.7798359522375171	1.2404140217197723	0.9812606732388768	1.4956758986144183	1.4675495813758905	0.5	0.45	0.55	0.4	0.6	0.7066526440399291
98	-61.02323349728667	-13507.706857652212	0.7798359522375171	1.2404140217197723	0.9812606732388768	1.4956758986144183	1.4675495813758905	0.5	0.45	0.55	0.4	0.6	0.7066526440399291
99	-61.02323349728667	-13507.706857652212	0.7798359522375171	1.2404140217197723	0.9812606732388768	1.4956758986144183	1.4675495813758905	0.5	0.45	0.55	0.4	0.6	0.7066526440399291
100	-61.02323349728667	-13507.706857652212	0.7798359522375171	1.2404140217197723	0.9812606732388768	1.4956758986144183	1.4675495813758905	0.5	0.45	0.55	0.4	0.6	0.7066526440399291
101	-61.02323349728667	-13507.706857652212	0.7798359522375171	1.2404140217197723	0.9812606732388768	1.4956758986144183	1.4675495813758905	0.5	0.45	0.55	0.4	0.6	0.7066526440399291
102	-61.02323349728667	-13507.706857652212	0.7798359522375171	1.2404140217197723	0.9812606732388768	1.4956758986144183	1.4675495813758905	0.5	0.45	0.55	0.4	0.6	0.7066526440399291
103	-61.02323349728667	-13507.706857652212	0.7798359522375171	1.2404140217197723	0.9812606732388768	1.4956758986144183	1.4675495813758905	0.5	0.45	0.55	0.4	0.6	0.7066526440399291
104	-61.02323349728667	-13507.706857652212	0.7798359522375171	1.2404140217197723	0.9812606732388768	1.4956758986144183	1.4675495813758905	0.5	0.45	0.55	0.4	0.6	0.7066526440399291
105	-61.02323349728667	-13508.340763784612	0.7798359522375171	1.2404140217197723	0.9812606732388768	1.4956758986144183	1.4675495813758905	0.5	0.45	0.55	0.4	0.6	0.7066526440399291
106	-61.02323349728667	-13507.927344391033	0.7798359522375171	1.2404140217197723	0.9812606732388768	1.4956758986144183	1.4675495813758905	0.5	0.45	0.55	0.4	0.6	0.7066526440399291
107	-61.02323349728667	-13507.927344391033	0.7798359522375171	1.2404140217197723	0.9812606732388768	1.4956758986144183	1.4675495813758905	0.5	0.45	0.55	0.4	0.6	0.7066526440399291
108	-61.02323349728667	-13507.927344391033	0.7798359522375171	1.2404140217197723	0.9812606732388768	1.4956758986144183	1.4675495813758905	0.5	0.45	0.55	0.4	0.6	0.7066526440399291
109	-61.02323349728667	-13507.927344391033	0.7798359522375171	1.2404140217197723	0.9812606732388768	1.4956758986144183	1.4675495813758905	0.5	0.45	0.55	0.4	0.6	0.7066526440399291
110	-51.838189607990245	-13507.927344391033	0.6935393487732913	1.0824335892860626	1.2838042825445555	1.7368793919986498	1.6746742906400152	0.5	0.45	0.55	0.4	0.6	0.7066526440399291
111	-51.838189607990245	-13507.927344391033	0.6935393487732913	1.0824335892860626	1.2838042825445555	1.7368793919986498	1.6746742906400152	0.5	0.45	0.55	0.4	0.6	0.7066526440399291
112	-51.838189607990245	-13507.927344391033	0.6935393487732913	1.0824335892860626	1.2838042825445555	1.7368793919986498	1.6746742906400152	0.5	0.45	0.55	0.4	0.6	0.7066526440399291
113	-51.838189607990245	-13491.655559794552	0.6935393487732913	1.0824335892860626	1.2838042825445555	1.7368793919986498	1.6746742906400152	0.5	0.45	0.55	0.4	0.6	0.7066526440399291
114	-51.811534113933554	-13491.655559794552	0.6935393487732913	1.0824335892860626	1.2838042825445555	1.7368793919986498	1.6746742906400152	0.6194471423336447	0.38758708536809583	0.5158035936304465	0.3902820628613459	0.5957964250335718	0.7066526440399291
115	-51.80802863153857	-13490.68069471526	0.6935393487732913	1.0824335892860626	1.2838042825445555	1.7368793919986498	1.6746742906400152	0.6194471423336447	0.38758708536809583	0.5158035936304465	0.3902820628613459	0.5957964250335718	0.7066526440399291
116	-51.80802863153857	-13490.68069471526	0.6935393487732913	1.0824335892860626	1.2838042825445555	1.7368793919986498	1.6746742906400152	0.6194471423336447	0.38758708536809583	0.5158035936304465	0.3902820628613459	0.5957964250335718	0.7066526440399291
117	-51.80802863153857	-13490.68069471526	0.6935393487732913	1.0824335892860626	1.2838042825445555	1.7368793919986498	1.6746742906400152	0.6194471423336447	0.38758708536809583	0.5158035936304465	0.3902820628613459	0.5957964250335718	0.7066526440399291
118	-51.80802863153857	-13490.68069471526	0.6935393487732913	1.0824335892860626	1.2838042825445555	1.7368793919986498	1.6746742906400152	0.6194471423336447	0.38758708536809583	0.5158035936304465	0.3902820628613459	0.5957964250335718	0.7066526440399291
119	-51.80871897658896	-13490.350089646428	0.6935393487732913	1.0824335892860626	1.2838042825445555	1.7368793919986498	1.6746742906400152	0.6194471423336447	0.38758708536809583	0.5158035936304465	0.3902820628613459	0.5957964250335718	0.7066526440399291
120	-51.80871897658896	-13490.350089646428	0.6935393487732913	1.0824335892860626	1.2838042825445555	1.7368793919986498	1.6746742906400152	0.6194471423336447	0.38758708536809583	0.5158035936304465	0.3902820628613459	0.5957964250335718	0.7066526440399291
121	-51.9324076755036	-13490.350089646428	0.6935393487732913	1.0824335892860626	1.2838042825445555	1.7368793919986498	1.6746742906400152	0.6338741270558621	0.3863514187590411	0.4772666389388692	0.34607026963258836	0.6152613847885007	0.7066526440399291
122	-51.89273425472429	-13485.360477552882	0.6935393487732913	1.0824335892860626	1.2838042825445555	1.7368793919986498	1.6746742906400152	0.6338741270558621	0.3863514187590411	0.4772666389388692	0.34607026963258836	0.6152613847885007	0.7066526440399291
123	-51.89273425472429	-13485.360477552882	0.6935393487732913	1.0824335892860626	1.2838042825445555	1.7368793919986498	1.6746742906400152	0.6338741270558621	0.3863514187590411	0.4772666389388692	0.34607026963258836	0.6152613847885007	0.7066526440399291
124	-51.89273425472429	-13485.360477552882	0.6935393487732913	1.0824335892860626	1.2838042825445555	1.7368793919986498	1.6746742906400152	0.6338741270558621	0.3863514187590411	0.4772666389388692	0.34607026963258836	0.6152613847885007	0.7066526440399291
125	-51.89273425472429	-13485.360477552882	0.6935393487732913	1.0824335892860626	1.2838042825445555	1.7368793919986498	1.6746742906400152	0.6338741270558621	0.3863514187590411	0.4772666389388692	0.34607026963258836	0.6152613847885007	0.7066526440399291
126	-51.89273425472429	-13485.360477552882	0.6935393487732913	1.0824335892860626	1.2838042825445555	1.7368793919986498	1.6746742906400152	0.6338741270558621	0.3863514187590411	0.4772666389388692	0.34607026963258836	0.6152613847885007	0.7066526440399291
127	-51.865272541679715	-13471.609905531182	0.6935393487732913	1.0824335892860626	1.2838042825445555	1.7368793919986498	1.6746742906400152	0.6338741270558621	0.3863514187590411	0.4772666389388692	0.34607026963258836	0.6152613847885007	0.7066526440399291
128	-51.865272541679715	-13471.609905531182	0.6935393487732913	1.0824335892860626	1.2838042825445555	1.7368793919986498	1.6746742906400152	0.6338741270558621	0.3863514187590411	0.4772666389388692	0.34607026963258836	0.6152613847885007	0.7066526440399291
129	-51.862984503101046	-13471.829015287387	0.6935393487732913	1.0824335892860626	1.2838042825445555	1.7368793919986498	1.6746742906400152	0.6338741270558621	0.3863514187590411	0.4772666389388692	0.34607026963258836	0.6152613847885007	0.7066526440399291
130	-51.862984503101046	-13471.829015287387	0.6935393487732913	1.0824335892860626	1.2838042825445555	1.7368793919986498	1.6746742906400152	0.6338741270558621	0.3863514187590411	0.4772666389388692	0.34607026963258836	0.6152613847885007	0.7066526440399291
131	-51.862984503101046	-13471.829015287387	0.6935393487732913	1.0824335892860626	1.2838042825445555	1.7368793919986498	1.6746742906400152	0.6338741270558621	0.3863514187590411	0.4772666389388692	0.34607026963258836	0.6152613847885007	0.7066526440399291
132	-51.862984503101046	-13472.408755365173	0.6935393487732913	1.0824335892860626	1.2838042825445555	1.7368793919986498	1.6746742906400152	0.6338741270558621	0.3863514187590411	0.4772666389388692	0.34607026963258836	0.6152613847885007	0.7066526440399291
133	-51.862984503101046	-13472.408755365173	0.6935393487732913	1.0824335892860626	1.2838042825445555	1.7368793919986498	1.6746742906400152	0.6338741270558621	0.3863514187590411	0.4772666389388692	0.34607026963258836	0.6152613847885007	0.7066526440399291
134	-51.862984503101046	-13472.408755365173	0.6935393487732913	1.0824335892860626	1.2838042825445555	1.7368793919986498	1.6746742906400152	0.6338741270558621	0.3863514187590411	0.4772666389388692	0.34607026963258836	0.6152613847885007	0.7066526440399291
135	-51.862984503101046	-13472.408755365173	0.6935393487732913	1.0824335892860626	1.2838042825445555	1.7368793919986498	1.6746742906400152	0.6338741270558621	0.3863514187590411	0.4772666389388692	0.34607026963258836	0.6152613847885007	0.7066526440399291
136	-51.862984503101046	-13472.408755365173	0.6935393487732913	1.0824335892860626	1.2838042825445555	1.7368793919986498	1.6746742906400152	0.6338741270558621	0.3863514187590411	0.4772666389388692	0.34607026963258836	0.6152613847885007	0.7066526440399291
137	-51.862984503101046	-13472.408755365173	0.6935393487732913	1.0824335892860626	1.2838042825445555	1.7368793919986498	1.6746742906400152	0.6338741270558621	0.3863514187590411	0.4772666389388692	0.34607026963258836	0.6152613847885007	0.7066526440399291
138	-51.862984503101046	-13472.408755365173	0.6935393487732913	1.0824335892860626	1.2838042825445555	1.7368793919986498	1.6746742906400152	0.6338741270558621	0.3863514187590411	0.4772666389388692	0.34607026963258836	0.6152613847885007	0.7066526440399291
139	-51.862984503101046	-13472.408755365173	0.6935393487732913	1.0824335892860626	1.2838042825445555	1.7368793919986498	1.6746742906400152	0.6338741270558621	0.3863514187590411	0.4772666389388692	0.34607026963258836	0.6152613847885007	0.7066526440399291
140	-51.818980178015195	-13244.841822062326	0.6935393487732913	1.0824335892860626	1.2838042825445555	1.7368793919986498	1.6746742906400152	0.6338741270558621	0.3863514187590411	0.4772666389388692	0.34607026963258836	0.6152613847885007	0.7066526440399291
141	-51.818980178015195	-13244.841822062326	0.6935393487732913	1.0824335892860626	1.2838042825445555	1.7368793919986498	1.6746742906400152	0.6338741270558621	0.3863514187590411	0.4772666389388692	0.34607026963258836	0.6152613847885007	0.7066526440399291
142	-51.818980178015195	-13229.977365399756	0.6935393487732913	1.0824335892860626	1.2838042825445555	1.7368793919986498	1.6746742906400152	0.6338741270558621	0.3863514187590411	0.4772666389388692	0.34607026963258836	0.6152613847885007	0.7066526440399291
143	-51.818980178015195	-13229.977365399756	0.6935393487732913	1.0824335892860626	1.2838042825445555	1.7368793919986498	1.6746742906400152	0.6338741270558621	0.3863514187590411	0.4772666389388692	0.34607026963258836	0.6152613847885007	0.7066526440399291
144	-51.80265413932213	-13217.504697868942	0.6935393487732913	1.0824335892860626	1.2838042825445555	1.7368793919986498	1.6746742906400152	0.6338741270558621	0.3863514187590411	0.4772666389388692	0.34607026963258836	0.6152613847885007	0.7066526440399291
145	-51.80265413932213	-13217.504697868942	0.6935393487732913	1.0824335892860626	1.2838042825445555	1.7368793919986498	1.6746742906400152	0.6338741270558621	0.3863514187590411	0.4772666389388692	0.34607026963258836	0.6152613847885007	0.7066526440399291
146	-52.017169782121655	-13217.504697868942	0.6935393487732913	1.0824335892860626	1.2838042825445555	1.7368793919986498	1.6746742906400152	0.6338741270558621	0.3863514187590411	0.4772666389388692	0.34607026963258836	0.6152613847885007	0.8553442114377893
147	-52.017169782121655	-13217.504697868942	0.6935393487732913	1.0824335892860626	1.2838042825445555	1.7368793919986498	1.6746742906400152	0.6338741270558621	0.3863514187590411	0.4772666389388692	0.34607026963258836	0.6152613847885007	0.8553442114377893
148	-52.017169782121655	-13217.504697868942	0.6935393487732913	1.0824335892860626	1.2838042825445555	1.7368793919986498	1.6746742906400152	0.6338741270558621	0.3863514187590411	0.4772666389388692	0.34607026963258836	0.6152613847885007	0.8553442114377893
149	-52.017169782121655	-13217.504697868942	0.6935393487732913	1.0824335892860626	1.2838042825445555	1.7368793919986498	1.6746742906400152	0.6338741270558621	0.3863514187590411	0.4772666389388692	0.34607026963258836	0.6152613847885007	0.8553442114377893
150	-52.017169782121655	-13217.504697868942	0.6935393487732913	1.0824335892860626	1.2838042825445555	1.7368793919986498	1.6746742906400152	0.6338741270558621	0.3863514187590411	0.4772666389388692	0.34607026963258836	0.6152613847885007	0.8553442114377893
151	-52.017169782121655	-13217.504697868942	0.6935393487732913	1.0824335892860626	1.2838042825445555	1.7368793919986498	1.6746742906400152	0.6338741270558621	0.3863514187590411	0.4772666389388692	0.34607026963258836	0.6152613847885007	0.8553442114377893
152	-46.69534436930853	-13217.504697868942	0.8016647683390217	0.9017413620854978	1.4481920035248312	2.1889111161186885	1.8069668998872994	0.6338741270558621	0.3863514187590411	0.4772666389388692	0.34607026963258836	0.6152613847885007	0.8553442114377893
153	-46.697937859388475	-13218.849884169367	0.8016647683390217	0.9017413620854978	1.4481920035248312	2.1889111161186885	1.8069668998872994	0.6338741270558621	0.3863514187590411	0.4772666389388692	0.34607026963258836	0.6152613847885007	0.8553442114377893
154	-46.697937859388475	-13155.848728854233	0.8016647683390217	0.9017413620854978	1.4481920035248312	2.1889111161186885	1.8069668998872994	0.6338741270558621	0.3863514187590411	0.4772666389388692	0.34607026963258836	0.6152613847885007	0.8553442114377893
155	-46.697937859388475	-13155.848728854233	0.8016647683390217	0.9017413620854978	1.4481920035248312	2.1889111161186885	1.8069668998872994	0.6338741270558621	0.3863514187590411	0.4772666389388692	0.34607026963258836	0.6152613847885007	0.8553442114377893
156	-46.697937859388475	-13155.848728854233	0.8016647683390217	0.9017413620854978	1.4481920035248312	2.1889111161186885	1.8069668998872994	0.6338741270558621	0.3863514187590411	0.4772666389388692	0.34607026963258836	0.6152613847885007	0.8553442114377893
157	-46.70419394665021	-13154.828335846716	0.8016647683390217	0.9017413620854978	1.4481920035248312	2.1889111161186885	1.8069668998872994	0.6338741270558621	0.3863514187590411	0.4772666389388692	0.34607026963258836	0.6152613847885007	0.8553442114377893
158	-46.70266861899188	-13154.573985260098	0.8016647683390217	0.9017413620854978	1.4481920035248312	2.1889111161186885	1.8069668998872994	0.6338741270558621	0.3863514187590411	0.4772666389388692	0.34607026963258836	0.6152613847885007	0.8553442114377893
159	-46.70266861899188	-13154.573985260098	0.8016647683390217	0.9017413620854978	1.4481920035248312	2.1889111161186885	1.8069668998872994	0.6338741270558621	0.3863514187590411	0.4772666389388692	0.34607026963258836	0.6152613847885007	0.8553442114377893
160	-46.70266861899188	-13154.573985260098	0.8016647683390217	0.9017413620854978	1.4481920035248312	2.1889111161186885	1.8069668998872994	0.6338741270558621	0.3863514187590411	0.4772666389388692	0.34607026963258836	0.6152613847885007	0.8553442114377893
161	-46.63905856550733	-13049.189265194744	0.8016647683390217	0.9017413620854978	1.4481920035248312	2.1889111161186885	1.8069668998872994	0.6338741270558621	0.3863514187590411	0.4772666389388692	0.34607026963258836	0.6152613847885007	0.8553442114377893
162	-46.63905856550733	-13049.013280562986	0.8016647683390217	0.9017413620854978	1.4481920035248312	2.1889111161186885	1.8069668998872994	0.6338741270558621	0.3863514187590411	0.4772666389388692	0.34607026963258836	0.6152613847885007	0.8553442114377893
163	-46.63905856550733	-13049.063333592163	0.8016647683390217	0.9017413620854978	1.4481920035248312	2.1889111161186885	1.8069668998872994	0.6338741270558621	0.3863514187590411	0.4772666389388692	0.34607026963258836	0.6152613847885007	0.8553442114377893
164	-46.63905856550733	-13043.382713056688	0.8016647683390217	0.9017413620854978	1.4481920035248312	2.1889111161186885	1.8069668998872994	0.6338741270558621	0.3863514187590411	0.4772666389388692	0.34607026963258836	0.6152613847885007	0.8553442114377893
165	-46.62477045210381	-13038.242427834062	0.8016647683390217	0.9017413620854978	1.4481920035248312	2.1889111161186885	1.8069668998872994	0.6338741270558621	0.3863514187590411	0.4772666389388692	0.34607026963258836	0.6152613847885007	0.8553442114377893
166	-46.62477045210381	-13038.242427834062	0.8016647683390217	0.9017413620854978	1.4481920035248312	2.1889111161186885	1.8069668998872994	0.6338741270558621	0.3863514187590411	0.4772666389388692	0.34607026963258836	0.6152613847885007	0.8553442114377893
167	-46.60748837389303	-12780.734351852465	0.8016647683390217	0.9017413620854978	1.4481920035248312	2.1889111161186885	1.8069668998872994	0.6338741270558621	0.3863514187590411	0.4772666389388692	0.34607026963258836	0.6152613847885007	0.8553442114377893
168	-46.60748837389303	-12770.605812617638	0.8016647683390217	0.9017413620854978	1.4481920035248312	2.1889111161186885	1.8069668998872994	0.6338741270558621	0.3863514187590411	0.4772666389388692	0.34607026963258836	0.6152613847885007	0.8553442114377893
169	-46.60748837389303	-12766.577367162694	0.8016647683390217	0.9017413620854978	1.4481920035248312	2.1889111161186885	1.8069668998872994	0.6338741270558621	0.3863514187590411	0.4772666389388692	0.34607026963258836	0.6152613847885007	0.8553442114377893
170	-46.60748837389303	-12766.577367162694	0.8016647683390217	0.9017413620854978	1.4481920035248312	2.1889111161186885	1.8069668998872994	0.6338741270558621	0.3863514187590411	0.4772666389388692	0.34607026963258836	0.6152613847885007	0.8553442114377893
171	-46.60748837389303	-12766.577367162694	0.8016647683390217	0.9017413620854978	1.4481920035248312	2.1889111161186885	1.8069668998872994	0.6338741270558621	0.3863514187590411	0.4772666389388692	0.34607026963258836	0.6152613847885007	0.8553442114377893
172	-46.60748837389303	-12766.577367162694	0.8016647683390217	0.9017413620854978	1.4481920035248312	2.1889111161186885	1.8069668998872994	0.6338741270558621	0.3863514187590411	0.4772666389388692	0.34607026963258836	0.6152613847885007	0.8553442114377893
173	-46.60748837389303	-12766.577367162694	0.8016647683390217	0.9017413620854978	1.4481920035248312	2.1889111161186885	1.8069668998872994	0.6338741270558621	0.3863514187590411	0.4772666389388692	0.34607026963258836	0.6152613847885007	0.8553442114377893
174	-46.566880757392475	-12768.031507497853	0.8016647683390217	0.9017413620854978	1.4481920035248312	2.1889111161186885	1.8069668998872994	0.6338741270558621	0.3863514187590411	0.4772666389388692	0.34607026963258836	0.6152613847885007	0.8553442114377893
175	-46.566880757392475	-12768.031507497853	0.8016647683390217	0.9017413620854978	1.4481920035248312	2.1889111161186885	1.8069668998872994	0.6338741270558621	0.3863514187590411	0.4772666389388692	0.34607026963258836	0.6152613847885007	0.8553442114377893
176	-46.566880757392475	-12768.031507497853	0.8016647683390217	0.9017413620854978	1.4481920035248312	2.1889111161186885	1.8069668998872994	0.6338741270558621	0.3863514187590411	0.4772666389388692	0.34607026963258836	0.6152613847885007	0.8553442114377893
177	-46.566880757392475	-12768.031507497853	0.8016647683390217	0.9017413620854978	1.4481920035248312	2.1889111161186885	1.8069668998872994	0.6338741270558621	0.3863514187590411	0.4772666389388692	0.34607026963258836	0.6152613847885007	0.8553442114377893
178	-46.566880757392475	-12768.031507497853	0.8016647683390217	0.9017413620854978	1.4481920035248312	2.1889111161186885	1.8069668998872994	0.6338741270558621	0.3863514187590411	0.4772666389388692	0.34607026963258836	0.6152613847885007	0.8553442114377893
179	-46.26882146116155	-12768.031507497853	0.8016647683390217	0.9017413620854978	1.4481920035248312	2.1889111161186885	1.8069668998872994	0.6338741270558621	0.3863514187590411	0.4772666389388692	0.34607026963258836	0.6152613847885007	0.6636063376678509
180	-46.26882146116155	-12768.031507497853	0.8016647683390217	0.9017413620854978	1.4481920035248312	2.1889111161186885	1.8069668998872994	0.6338741270558621	0.3863514187590411	0.4772666389388692	0.34607026963258836	0.6152613847885007	0.6636063376678509
181	-46.27684522292177	-12766.153710491386	0.8016647683390217	0.9017413620854978	1.4481920035248312	2.1889111161186885	1.8069668998872994	0.6338741270558621	0.3863514187590411	0.4772666389388692	0.34607026963258836	0.6152613847885007	0.6636063376678509
182	-46.27684522292177	-12766.153710491386	0.8016647683390217	0.9017413620854978	1.4481920035248312	2.1889111161186885	1.8069668998872994	0.6338741270558621	0.3863514187590411	0.4772666389388692	0.34607026963258836	0.6152613847885007	0.6636063376678509
183	-46.27684522292177	-12766.153710491386	0.8016647683390217	0.9017413620854978	1.4481920035248312	2.1889111161186885	1.8069668998872994	0.6338741270558621	0.3863514187590411	0.4772666389388692	0.34607026963258836	0.6152613847885007	0.6636063376678509
184	-46.264368557496525	-12729.061581024722	0.8016647683390217	0.9017413620854978	1.4481920035248312	2.1889111161186885	1.8069668998872994	0.6338741270558621	0.3863514187590411	0.4772666389388692	0.34607026963258836	0.6152613847885007	0.6636063376678509
185	-47.39628494724165	-12729.061581024722	0.8016647683390217	0.9017413620854978	1.4481920035248312	2.1889111161186885	1.8069668998872994	0.519284598994972	0.2944664438636535	0.46470449553437676	0.3278011664361216	0.7869077308621427	0.6636063376678509
186	-47.4051769001267	-12729.061581024722	0.8016647683390217	0.9017413620854978	1.4481920035248312	2.1889111161186885	1.8069668998872994	0.519284598994972	0.2944664438636535	0.46470449553437676	0.3278011664361216	0.7869077308621427	0.6696698928829844
187	-47.4051769001267	-12727.16777682629	0.8016647683390217	0.9017413620854978	1.4481920035248312	2.1889111161186885	1.8069668998872994	0.519284598994972	0.2944664438636535	0.46470449553437676	0.3278011664361216	0.7869077308621427	0.6696698928829844
188	-47.406490987218326	-12726.68781019685	0.8016647683390217	0.9017413620854978	1.4481920035248312	2.1889111161186885	1.8069668998872994	0.519284598994972	0.2944664438636535	0.46470449553437676	0.3278011664361216	0.7869077308621427	0.6696698928829844
189	-47.40145245672941	-12728.640033387248	0.8016647683390217	0.9017413620854978	1.4481920035248312	2.1889111161186885	1.8069668998872994	0.519284598994972	0.2944664438636535	0.46470449553437676	0.3278011664361216	0.7869077308621427	0.6696698928829844
190	-47.40145245672941	-12728.640033387248	0.8016647683390217	0.9017413620854978	1.4481920035248312	2.1889111161186885	1.8069668998872994	0.519284598994972	0.2944664438636535	0.46470449553437676	0.3278011664361216	0.7869077308621427	0.6696698928829844
191	-47.40145245672941	-12728.640033387248	0.8016647683390217	0.9017413620854978	1.4481920035248312	2.1889111161186885	1.8069668998872994	0.519284598994972	0.2944664438636535	0.46470449553437676	0.3278011664361216	0.7869077308621427	0.6696698928829844
192	-47.40145245672941	-12728.640033387248	0.8016647683390217	0.9017413620854978	1.4481920035248312	2.1889111161186885	1.8069668998872994	0.519284598994972	0.2944664438636535	0.46470449553437676	0.3278011664361216	0.7869077308621427	0.6696698928829844
193	-47.40145245672941	-12728.640033387248	0.8016647683390217	0.9017413620854978	1.4481920035248312	2.1889111161186885	1.8069668998872994	0.519284598994972	0.2944664438636535	0.46470449553437676	0.3278011664361216	0.7869077308621427	0.6696698928829844
194	-47.40145245672941	-12728.640033387248	0.8016647683390217	0.9017413620854978	1.4481920035248312	2.1889111161186885	1.8069668998872994	0.519284598994972	0.2944664438636535	0.46470449553437676	0.3278011664361216	0.7869077308621427	0.6696698928829844
195	-47.40145245672941	-12701.07875065632	0.8016647683390217	0.9017413620854978	1.4481920035248312	2.1889111161186885	1.8069668998872994	0.519284598994972	0.2944664438636535	0.46470449553437676	0.3278011664361216	0.7869077308621427	0.6696698928829844
196	-47.41250910253833	-12695.814062419862	0.8016647683390217	0.9017413620854978	1.4481920035248312	2.1889111161186885	1.8069668998872994	0.519284598994972	0.2944664438636535	0.46470449553437676	0.3278011664361216	0.7869077308621427	0.6696698928829844
197	-47.41250910253833	-12690.617886790358	0.8016647683390217	0.9017413620854978	1.4481920035248312	2.1889111161186885	1.8069668998872994	0.519284598994972	0.2944664438636535	0.46470449553437676	0.3278011664361216	0.7869077308621427	0.6696698928829844
198	-47.41250910253833	-12690.617886790358	0.8016647683390217	0.9017413620854978	1.4481920035248312	2.1889111161186885	1.8069668998872994	0.519284598994972	0.2944664438636535	0.46470449553437676	0.3278011664361216	0.7869077308621427	0.6696698928829844
199	-47.41250910253833	-12690.617886790358	0.8016647683390217	0.9017413620854978	1.4481920035248312	2.1889111161186885	1.8069668998872994	0.519284598994972	0.2944664438636535	0.46470449553437676	0.3278011664361216	0.7869077308621427	0.6696698928829844
200	-47.41250910253833	-12690.617886790358	0.8016647683390217	0.9017413620854978	1.4481920035248312	2.1889111161186885	1.8069668998872994	0.519284598994972	0.2944664438636535	0.46470449553437676	0.3278011664361216	0.7869077308621427	0.6696698928829844
201	-47.41250910253833	-12307.051948023589	0.8016647683390217	0.9017413620854978	1.4481920035248312	2.1889111161186885	1.8069668998872994	0.519284598994972	0.2944664438636535	0.46470449553437676	0.3278011664361216	0.7869077308621427	0.6696698928829844
202	-47.44757236727521	-12306.333019009264	0.8016647683390217	0.9017413620854978	1.4481920035248312	2.1889111161186885	1.8069668998872994	0.519284598994972	0.2944664438636535	0.46470449553437676	0.3278011664361216	0.7869077308621427	0.6696698928829844
203	-47.44757236727521	-12306.333019009264	0.8016647683390217	0.9017413620854978	1.4481920035248312	2.1889111161186885	1.8069668998872994	0.519284598994972	0.2944664438636535	0.46470449553437676	0.3278011664361216	0.7869077308621427	0.6696698928829844
204	-47.44757236727521	-12306.333019009264	0.8016647683390217	0.9017413620854978	1.4481920035248312	2.1889111161186885	1.8069668998872994	0.519284598994972	0.2944664438636535	0.46470449553437676	0.3278011664361216	0.7869077308621427	0.6696698928829844
205	-47.44757236727521	-12310.735790422748	0.8016647683390217	0.9017413620854978	1.4481920035248312	2.1889111161186885	1.8069668998872994	0.519284598994972	0.2944664438636535	0.46470449553437676	0.3278011664361216	0.7869077308621427	0.6696698928829844
206	-47.44757236727521	-12305.698239917114	0.8016647683390217	0.9017413620854978	1.4481920035248312	2.1889111161186885	1.8069668998872994	0.519284598994972	0.2944664438636535	0.46470449553437676	0.3278011664361216	0.7869077308621427	0.6696698928829844
207	-47.44757236727521	-12304.946359310363	0.8016647683390217	0.9017413620854978	1.4481920035248312	2.1889111161186885	1.8069668998872994	0.519284598994972	0.2944664438636535	0.46470449553437676	0.3278011664361216	0.7869077308621427	0.6696698928829844
208	-47.44757236727521	-12304.946359310363	0.8016647683390217	0.9017413620854978	1.4481920035248312	2.1889111161186885	1.8069668998872994	0.519284598994972	0.2944664438636535	0.46470449553437676	0.3278011664361216	0.7869077308621427	0.6696698928829844
209	-47.44757236727521	-12304.946359310363	0.8016647683390217	0.9017413620854978	1.4481920035248312	2.1889111161186885	1.8069668998872994	0.519284598994972	0.2944664438636535	0.46470449553437676	0.3278011664361216	0.7869077308621427	0.6696698928829844
210	-47.44757236727521	-12303.923088256905	0.8016647683390217	0.9017413620854978	1.4481920035248312	2.1889111161186885	1.8069668998872994	0.519284598994972	0.2944664438636535	0.46470449553437676	0.3278011664361216	0.7869077308621427	0.6696698928829844
211	-47.44757236727521	-12303.923088256905	0.8016647683390217	0.9017413620854978	1.4481920035248312	2.1889111161186885	1.8069668998872994	0.519284598994972	0.2944664438636535	0.46470449553437676	0.3278011664361216	0.7869077308621427	0.6696698928829844
212	-47.44757236727521	-12303.923088256905	0.8016647683390217	0.9017413620854978	1.4481920035248312	2.1889111161186885	1.8069668998872994	0.519284598994972	0.2944664438636535	0.46470449553437676	0.3278011664361216	0.7869077308621427	0.6696698928829844
213	-47.44731453196538	-12302.817104576574	0.8016647683390217	0.9017413620854978	1.4481920035248312	2.1889111161186885	1.8069668998872994	0.519284598994972	0.2944664438636535	0.46470449553437676	0.3278011664361216	0.7869077308621427	0.6696698928829844
214	-33.32930355693187	-12302.817104576574	0.711318436636247	1.1797982300263548	1.540672145423962	2.6779375737667093	2.2021369059216194	0.519284598994972	0.2944664438636535	0.46470449553437676	0.3278011664361216	0.7869077308621427	0.6696698928829844
215	-33.32930355693187	-12302.817104576574	0.711318436636247	1.1797982300263548	1.540672145423962	2.6779375737667093	2.2021369059216194	0.519284598994972	0.2944664438636535	0.46470449553437676	0.3278011664361216	0.7869077308621427	0.6696698928829844
216	-33.32930355693187	-12302.817104576574	0.711318436636247	1.1797982300263548	1.540672145423962	2.6779375737667093	2.2021369059216194	0.519284598994972	0.2944664438636535	0.46470449553437676	0.3278011664361216	0.7869077308621427	0.6696698928829844
217	-33.32930355693187	-12302.817104576574	0.711318436636247	1.1797982300263548	1.540672145423962	2.6779375737667093	2.2021369059216194	0.519284598994972	0.2944664438636535	0.46470449553437676	0.3278011664361216	0.7869077308621427	0.6696698928829844
218	-33.32930355693187	-12302.817104576574	0.711318436636247	1.1797982300263548	1.540672145423962	2.6779375737667093	2.2021369059216194	0.519284598994972	0.2944664438636535	0.46470449553437676	0.3278011664361216	0.7869077308621427	0.6696698928829844
219	-33.32930355693187	-12302.817104576574	0.711318436636247	1.1797982300263548	1.540672145423962	2.6779375737667093	2.2021369059216194	0.519284598994972	0.2944664438636535	0.46470449553437676	0.3278011664361216	0.7869077308621427	0.6696698928829844
220	-33.26622287603282	-12299.12746073314	0.711318436636247	1.1797982300263548	1.540672145423962	2.6779375737667093	2.2021369059216194	0.519284598994972	0.2944664438636535	0.46470449553437676	0.3278011664361216	0.7869077308621427	0.6696698928829844
221	-33.593908618994405	-12270.321854398573	0.711318436636247	1.1797982300263548	1.540672145423962	2.6779375737667093	2.2021369059216194	0.519284598994972	0.2944664438636535	0.46470449553437676	0.3278011664361216	0.7869077308621427	0.6696698928829844
222	-33.64902588153949	-12260.909034294895	0.711318436636247	1.1797982300263548	1.540672145423962	2.6779375737667093	2.2021369059216194	0.519284598994972	0.2944664438636535	0.46470449553437676	0.3278011664361216	0.7869077308621427	0.6696698928829844
223	-33.623836164746564	-12258.444658744162	0.711318436636247	1.1797982300263548	1.540672145423962	2.6779375737667093	2.2021369059216194	0.519284598994972	0.2944664438636535	0.46470449553437676	0.3278011664361216	0.7869077308621427	0.6696698928829844
224	-33.623836164746564	-12255.681672906698	0.711318436636247	1.1797982300263548	1.540672145423962	2.6779375737667093	2.2021369059216194	0.519284598994972	0.2944664438636535	0.46470449553437676	0.3278011664361216	0.7869077308621427	0.6696698928829844
225	-33.69295055774598	-12226.933748691805	0.711318436636247	1.1797982300263548	1.540672145423962	2.6779375737667093	2.2021369059216194	0.519284598994972	0.2944664438636535	0.46470449553437676	0.3278011664361216	0.7869077308621427	0.6696698928829844
226	-33.69295055774598	-12226.933748691805	0.711318436636247	1.1797982300263548	1.540672145423962	2.6779375737667093	2.2021369059216194	0.519284598994972	0.2944664438636535	0.46470449553437676	0.3278011664361216	0.7869077308621427	0.6696698928829844
227	-33.69295055774598	-12226.933748691805	0.711318436636247	1.1797982300263548	1.540672145423962	2.6779375737667093	2.2021369059216194	0.519284598994972	0.2944664438636535	0.46470449553437676	0.3278011664361216	0.7869077308621427	0.6696698928829844
228	-33.69295055774598	-12226.933748691805	0.711318436636247	1.1797982300263548	1.540672145423962	2.6779375737667093	2.2021369059216194	0.519284598994972	0.2944664438636535	0.46470449553437676	0.3278011664361216	0.7869077308621427	0.6696698928829844
229	-33.69295055774598	-12226.933748691805	0.711318436636247	1.1797982300263548	1.540672145423962	2.6779375737667093	2.2021369059216194	0.519284598994972	0.2944664438636535	0.46470449553437676	0.3278011664361216	0.7869077308621427	0.6696698928829844
230	-33.72472144317509	-12221.932524246493	0.711318436636247	1.1797982300263548	1.540672145423962	2.6779375737667093	2.2021369059216194	0.519284598994972	0.2944664438636535	0.46470449553437676	0.3278011664361216	0.7869077308621427	0.6696698928829844
231	-33.72472144317509	-12221.932524246493	0.711318436636247	1.1797982300263548	1.540672145423962	2.6779375737667093	2.2021369059216194	0.519284598994972	0.2944664438636535	0.46470449553437676	0.3278011664361216	0.7869077308621427	0.6696698928829844
232	-33.72472144317509	-12221.932524246493	0.711318436636247	1.1797982300263548	1.540672145423962	2.6779375737667093	2.2021369059216194	0.519284598994972	0.2944664438636535	0.46470449553437676	0.3278011664361216	0.7869077308621427	0.6696698928829844
233	-33.72472144317509	-12221.932524246493	0.711318436636247	1.1797982300263548	1.540672145423962	2.6779375737667093	2.2021369059216194	0.519284598994972	0.2944664438636535	0.46470449553437676	0.3278011664361216	0.7869077308621427	0.6696698928829844
234	-33.72472144317509	-12221.932524246493	0.711318436636247	1.1797982300263548	1.540672145423962	2.6779375737667093	2.2021369059216194	0.519284598994972	0.2944664438636535	0.46470449553437676	0.3278011664361216	0.7869077308621427	0.6696698928829844
235	-33.72472144317509	-12221.932524246493	0.711318436636247	1.1797982300263548	1.540672145423962	2.6779375737667093	2.2021369059216194	0.519284598994972	0.2944664438636535	0.46470449553437676	0.3278011664361216	0.7869077308621427	0.6696698928829844
236	-33.72472144317509	-12221.501949356867	0.711318436636247	1.1797982300263548	1.540672145423962	2.6779375737667093	2.2021369059216194	0.519284598994972	0.2944664438636535	0.46470449553437676	0.3278011664361216	0.7869077308621427	0.6696698928829844
237	-33.72472144317509	-12221.501949356867	0.711318436636247	1.1797982300263548	1.540672145423962	2.6779375737667093	2.2021369059216194	0.519284598994972	0.2944664438636535	0.46470449553437676	0.3278011664361216	0.7869077308621427	0.6696698928829844
238	-33.72472144317509	-12220.87894787342	0.711318436636247	1.1797982300263548	1.540672145423962	2.6779375737667093	2.2021369059216194	0.519284598994972	0.2944664438636535	0.46470449553437676	0.3278011664361216	0.7869077308621427	0.6696698928829844
239	-33.72472144317509	-12219.53429421886	0.711318436636247	1.1797982300263548	1.540672145423962	2.6779375737667093	2.2021369059216194	0.519284598994972	0.2944664438636535	0.46470449553437676	0.3278011664361216	0.7869077308621427	0.6696698928829844
240	-33.72472144317509	-12219.53429421886	0.711318436636247	1.1797982300263548	1.540672145423962	2.6779375737667093	2.2021369059216194	0.519284598994972	0.2944664438636535	0.46470449553437676	0.3278011664361216	0.7869077308621427	0.6696698928829844
241	-33.72472144317509	-12218.610412340506	0.711318436636247	1.1797982300263548	1.540672145423962	2.6779375737667093	2.2021369059216194	0.519284598994972	0.2944664438636535	0.46470449553437676	0.3278011664361216	0.7869077308621427	0.6696698928829844
242	-33.72472144317509	-12211.318480148328	0.711318436636247	1.1797982300263548	1.540672145423962	2.6779375737667093	2.2021369059216194	0.519284598994972	0.2944664438636535	0.46470449553437676	0.3278011664361216	0.7869077308621427	0.6696698928829844
243	-33.72472144317509	-12211.318480148328	0.711318436636247	1.1797982300263548	1.540672145423962	2.6779375737667093	2.2021369059216194	0.519284598994972	0.2944664438636535	0.46470449553437676	0.3278011664361216	0.7869077308621427	0.6696698928829844
244	-33.73802733748207	-12192.754813678253	0.711318436636247	1.1797982300263548	1.540672145423962	2.6779375737667093	2.2021369059216194	0.519284598994972	0.2944664438636535	0.46470449553437676	0.3278011664361216	0.7869077308621427	0.6696698928829844
245	-33.73802733748207	-12192.754813678253	0.711318436636247	1.1797982300263548	1.540672145423962	2.6779375737667093	2.2021369059216194	0.519284598994972	0.2944664438636535	0.46470449553437676	0.3278011664361216	0.7869077308621427	0.6696698928829844
246	-33.73802733748207	-12192.754813678253	0.711318436636247	1.1797982300263548	1.540672145423962	2.6779375737667093	2.2021369059216194	0.519284598994972	0.2944664438636535	0.46470449553437676	0.3278011664361216	0.7869077308621427	0.6696698928829844
247	-33.73214794967723	-12187.321769591434	0.711318436636247	1.1797982300263548	1.540672145423962	2.6779375737667093	2.2021369059216194	0.519284598994972	0.2944664438636535	0.46470449553437676	0.3278011664361216	0.7869077308621427	0.6696698928829844
248	-33.73214794967723	-12187.321769591434	0.711318436636247	1.1797982300263548	1.540672145423962	2.6779375737667093	2.2021369059216194	0.519284598994972	0.2944664438636535	0.46470449553437676	0.3278011664361216	0.7869077308621427	0.6696698928829844
249	-33.73214794967723	-12187.731830651403	0.711318436636247	1.1797982300263548	1.540672145423962	2.6779375737667093	2.2021369059216194	0.519284598994972	0.2944664438636535	0.46470449553437676	0.3278011664361216	0.7869077308621427	0.6696698928829844
250	-33.73214794967723	-12187.731830651403	0.711318436636247	1.1797982300263548	1.540672145423962	2.6779375737667093	2.2021369059216194	0.519284598994972	0.2944664438636535	0.46470449553437676	0.3278011664361216	0.7869077308621427	0.6696698928829844
251	-33.73214794967723	-12186.914933929507	0.711318436636247	1.1797982300263548	1.540672145423962	2.6779375737667093	2.2021369059216194	0.519284598994972	0.2944664438636535	0.46470449553437676	0.3278011664361216	0.7869077308621427	0.6696698928829844
252	-33.73214794967723	-12186.914933929507	0.711318436636247	1.1797982300263548	1.540672145423962	2.6779375737667093	2.2021369059216194	0.519284598994972	0.2944664438636535	0.46470449553437676	0.3278011664361216	0.7869077308621427	0.6696698928829844
253	-33.73214794967723	-12187.531949680317	0.711318436636247	1.1797982300263548	1.540672145423962	2.6779375737667093	2.2021369059216194	0.519284598994972	0.2944664438636535	0.46470449553437676	0.3278011664361216	0.7869077308621427	0.6696698928829844
254	-33.73214794967723	-12187.531949680317	0.711318436636247	1.1797982300263548	1.540672145423962	2.6779375737667093	2.2021369059216194	0.519284598994972	0.2944664438636535	0.46470449553437676	0.3278011664361216	0.7869077308621427	0.6696698928829844
255	-33.73214794967723	-12179.288691440048	0.711318436636247	1.1797982300263548	1.540672145423962	2.6779375737667093	2.2021369059216194	0.519284598994972	0.2944664438636535	0.46470449553437676	0.3278011664361216	0.7869077308621427	0.6696698928829844
256	-14.427681347765265	-12179.288691440048	0.5534600026937282	1.0498560491562552	1.1565112362137	2.7142726746490764	2.8894273072779373	0.519284598994972	0.2944664438636535	0.46470449553437676	0.3278011664361216	0.7869077308621427	0.6696698928829844
257	-14.427681347765265	-12179.288691440048	0.5534600026937282	1.0498560491562552	1.1565112362137	2.7142726746490764	2.8894273072779373	0.519284598994972	0.2944664438636535	0.46470449553437676	0.3278011664361216	0.7869077308621427	0.6696698928829844
258	-14.427681347765265	-12179.288691440048	0.5534600026937282	1.0498560491562552	1.1565112362137	2.7142726746490764	2.8894273072779373	0.519284598994972	0.2944664438636535	0.46470449553437676	0.3278011664361216	0.7869077308621427	0.6696698928829844
259	-14.427681347765265	-12170.880572000751	0.5534600026937282	1.0498560491562552	1.1565112362137	2.7142726746490764	2.8894273072779373	0.519284598994972	0.2944664438636535	0.46470449553437676	0.3278011664361216	0.7869077308621427	0.6696698928829844
260	-14.427681347765265	-12170.880572000751	0.5534600026937282	1.0498560491562552	1.1565112362137	2.7142726746490764	2.8894273072779373	0.519284598994972	0.2944664438636535	0.46470449553437676	0.3278011664361216	0.7869077308621427	0.6696698928829844
261	-14.427681347765265	-12170.880572000751	0.5534600026937282	1.0498560491562552	1.1565112362137	2.7142726746490764	2.8894273072779373	0.519284598994972	0.2944664438636535	0.46470449553437676	0.3278011664361216	0.7869077308621427	0.6696698928829844
262	-14.427681347765265	-12170.181205319574	0.5534600026937282	1.0498560491562552	1.1565112362137	2.7142726746490764	2.8894273072779373	0.519284598994972	0.2944664438636535	0.46470449553437676	0.3278011664361216	0.7869077308621427	0.6696698928829844
263	-14.390676656121506	-12162.295554820997	0.5534600026937282	1.0498560491562552	1.1565112362137	2.7142726746490764	2.8894273072779373	0.519284598994972	0.2944664438636535	0.46470449553437676	0.3278011664361216	0.7869077308621427	0.6696698928829844
264	-14.405479481500727	-12160.04114643772	0.5534600026937282	1.0498560491562552	1.1565112362137	2.7142726746490764	2.8894273072779373	0.519284598994972	0.2944664438636535	0.46470449553437676	0.3278011664361216	0.7869077308621427	0.6696698928829844
265	-14.405479481500727	-12158.346754483144	0.5534600026937282	1.0498560491562552	1.1565112362137	2.7142726746490764	2.8894273072779373	0.519284598994972	0.2944664438636535	0.46470449553437676	0.3278011664361216	0.7869077308621427	0.6696698928829844
266	-14.405479481500727	-12158.346754483144	0.5534600026937282	1.0498560491562552	1.1565112362137	2.7142726746490764	2.8894273072779373	0.519284598994972	0.2944664438636535	0.46470449553437676	0.3278011664361216	0.7869077308621427	0.6696698928829844
267	-14.405479481500727	-12158.346754483144	0.5534600026937282	1.0498560491562552	1.1565112362137	2.7142726746490764	2.8894273072779373	0.519284598994972	0.2944664438636535	0.46470449553437676	0.3278011664361216	0.7869077308621427	0.6696698928829844
268	-14.405479481500727	-12158.346754483144	0.5534600026937282	1.0498560491562552	1.1565112362137	2.7142726746490764	2.8894273072779373	0.519284598994972	0.2944664438636535	0.46470449553437676	0.3278011664361216	0.7869077308621427	0.6696698928829844
269	-14.405479481500727	-12158.346754483144	0.5534600026937282	1.0498560491562552	1.1565112362137	2.7142726746490764	2.8894273072779373	0.519284598994972	0.2944664438636535	0.46470449553437676	0.3278011664361216	0.7869077308621427	0.6696698928829844
270	-14.405479481500727	-12158.346754483144	0.5534600026937282	1.0498560491562552	1.1565112362137	2.7142726746490764	2.8894273072779373	0.519284598994972	0.2944664438636535	0.46470449553437676	0.3278011664361216	0.7869077308621427	0.6696698928829844
271	-14.405479481500727	-12158.346754483144	0.5534600026937282	1.0498560491562552	1.1565112362137	2.7142726746490764	2.8894273072779373	0.519284598994972	0.2944664438636535	0.46470449553437676	0.3278011664361216	0.7869077308621427	0.6696698928829844
272	-14.405479481500727	-12158.346754483144	0.5534600026937282	1.0498560491562552	1.1565112362137	2.7142726746490764	2.8894273072779373	0.519284598994972	0.2944664438636535	0.46470449553437676	0.3278011664361216	0.7869077308621427	0.6696698928829844
273	-14.405479481500727	-12158.346754483144	0.5534600026937282	1.0498560491562552	1.1565112362137	2.7142726746490764	2.8894273072779373	0.519284598994972	0.2944664438636535	0.46470449553437676	0.3278011664361216	0.7869077308621427	0.6696698928829844
274	-14.405479481500727	-12158.346754483144	0.5534600026937282	1.0498560491562552	1.1565112362137	2.7142726746490764	2.8894273072779373	0.519284598994972	0.2944664438636535	0.46470449553437676	0.3278011664361216	0.7869077308621427	0.6696698928829844
275	-14.404903372225611	-12157.512814943237	0.5534600026937282	1.0498560491562552	1.1565112362137	2.7142726746490764	2.8894273072779373	0.519284598994972	0.2944664438636535	0.46470449553437676	0.3278011664361216	0.7869077308621427	0.6696698928829844
276	-14.404903372225611	-12142.009827233112	0.5534600026937282	1.0498560491562552	1.1565112362137	2.7142726746490764	2.8894273072779373	0.519284598994972	0.2944664438636535	0.46470449553437676	0.3278011664361216	0.7869077308621427	0.6696698928829844
277	-14.209440443899844	-12104.09987542233	0.5534600026937282	1.0498560491562552	1.1565112362137	2.7142726746490764	2.8894273072779373	0.519284598994972	0.2944664438636535	0.46470449553437676	0.3278011664361216	0.7869077308621427	0.6696698928829844
278	-14.209440443899844	-12104.09987542233	0.5534600026937282	1.0498560491562552	1.1565112362137	2.7142726746490764	2.8894273072779373	0.519284598994972	0.2944664438636535	0.46470449553437676	0.3278011664361216	0.7869077308621427	0.6696698928829844
279	-14.179803160939379	-12104.039966148199	0.5534600026937282	1.0498560491562552	1.1565112362137	2.7142726746490764	2.8894273072779373	0.519284598994972	0.2944664438636535	0.46470449553437676	0.3278011664361216	0.7869077308621427	0.6696698928829844
280	-14.179803160939379	-12103.833192398204	0.5534600026937282	1.0498560491562552	1.1565112362137	2.7142726746490764	2.8894273072779373	0.519284598994972	0.2944664438636535	0.46470449553437676	0.3278011664361216	0.7869077308621427	0.6696698928829844
281	-14.179803160939379	-12103.833192398204	0.5534600026937282	1.0498560491562552	1.1565112362137	2.7142726746490764	2.8894273072779373	0.519284598994972	0.2944664438636535	0.46470449553437676	0.3278011664361216	0.7869077308621427	0.6696698928829844
282	-14.179803160939379	-12103.833192398204	0.5534600026937282	1.0498560491562552	1.1565112362137	2.7142726746490764	2.8894273072779373	0.519284598994972	0.2944664438636535	0.46470449553437676	0.3278011664361216	0.7869077308621427	0.6696698928829844
283	-14.179803160939379	-12104.244422936456	0.5534600026937282	1.0498560491562552	1.1565112362137	2.7142726746490764	2.8894273072779373	0.519284598994972	0.2944664438636535	0.46470449553437676	0.3278011664361216	0.7869077308621427	0.6696698928829844
284	-13.970388153765008	-12038.971162739821	0.5534600026937282	1.0498560491562552	1.1565112362137	2.7142726746490764	2.8894273072779373	0.519284598994972	0.2944664438636535	0.46470449553437676	0.3278011664361216	0.7869077308621427	0.6696698928829844
285	-13.970388153765008	-12038.971162739821	0.5534600026937282	1.0498560491562552	1.1565112362137	2.7142726746490764	2.8894273072779373	0.519284598994972	0.2944664438636535	0.46470449553437676	0.3278011664361216	0.7869077308621427	0.6696698928829844
286	-13.970388153765008	-12038.971162739821	0.5534600026937282	1.0498560491562552	1.1565112362137	2.7142726746490764	2.8894273072779373	0.519284598994972	0.2944664438636535	0.46470449553437676	0.3278011664361216	0.7869077308621427	0.6696698928829844
287	-13.970388153765008	-12039.148700730775	0.5534600026937282	1.0498560491562552	1.1565112362137	2.7142726746490764	2.8894273072779373	0.519284598994972	0.2944664438636535	0.46470449553437676	0.3278011664361216	0.7869077308621427	0.6696698928829844
288	-13.970388153765008	-12039.148700730775	0.5534600026937282	1.0498560491562552	1.1565112362137	2.7142726746490764	2.8894273072779373	0.519284598994972	0.2944664438636535	0.46470449553437676	0.3278011664361216	0.7869077308621427	0.6696698928829844
289	-13.970388153765008	-12039.148700730775	0.5534600026937282	1.0498560491562552	1.1565112362137	2.7142726746490764	2.8894273072779373	0.519284598994972	0.2944664438636535	0.46470449553437676	0.3278011664361216	0.7869077308621427	0.6696698928829844
290	-13.970388153765008	-12039.148700730775	0.5534600026937282	1.0498560491562552	1.1565112362137	2.7142726746490764	2.8894273072779373	0.519284598994972	0.2944664438636535	0.46470449553437676	0.3278011664361216	0.7869077308621427	0.6696698928829844
291	-13.970388153765008	-12039.148700730775	0.5534600026937282	1.0498560491562552	1.1565112362137	2.7142726746490764	2.8894273072779373	0.519284598994972	0.2944664438636535	0.46470449553437676	0.3278011664361216	0.7869077308621427	0.6696698928829844
292	-13.965969142731204	-12035.96534640143	0.5534600026937282	1.0498560491562552	1.1565112362137	2.7142726746490764	2.8894273072779373	0.519284598994972	0.2944664438636535	0.46470449553437676	0.3278011664361216	0.7869077308621427	0.6696698928829844
293	-13.965969142731204	-12035.96534640143	0.5534600026937282	1.0498560491562552	1.1565112362137	2.7142726746490764	2.8894273072779373	0.519284598994972	0.2944664438636535	0.46470449553437676	0.3278011664361216	0.7869077308621427	0.6696698928829844
294	-13.965969142731204	-12035.96534640143	0.5534600026937282	1.0498560491562552	1.1565112362137	2.7142726746490764	2.8894273072779373	0.519284598994972	0.2944664438636535	0.46470449553437676	0.3278011664361216	0.7869077308621427	0.6696698928829844
295	-13.965969142731204	-12035.96534640143	0.5534600026937282	1.0498560491562552	1.1565112362137	2.7142726746490764	2.8894273072779373	0.519284598994972	0.2944664438636535	0.46470449553437676	0.3278011664361216	0.7869077308621427	0.6696698928829844
296	-13.965969142731204	-12035.788080440987	0.5534600026937282	1.0498560491562552	1.1565112362137	2.7142726746490764	2.8894273072779373	0.519284598994972	0.2944664438636535	0.46470449553437676	0.3278011664361216	0.7869077308621427	0.6696698928829844
297	-13.965969142731204	-12035.788080440987	0.5534600026937282	1.0498560491562552	1.1565112362137	2.7142726746490764	2.8894273072779373	0.519284598994972	0.2944664438636535	0.46470449553437676	0.3278011664361216	0.7869077308621427	0.6696698928829844
298	-13.965969142731204	-12035.788080440987	0.5534600026937282	1.0498560491562552	1.1565112362137	2.7142726746490764	2.8894273072779373	0.519284598994972	0.2944664438636535	0.46470449553437676	0.3278011664361216	0.7869077308621427	0.6696698928829844
299	-13.965969142731204	-12035.788080440987	0.5534600026937282	1.0498560491562552	1.1565112362137	2.7142726746490764	2.8894273072779373	0.519284598994972	0.2944664438636535	0.46470449553437676	0.3278011664361216	0.7869077308621427	0.6696698928829844
300	-13.965969142731204	-12034.452790029669	0.5534600026937282	1.0498560491562552	1.1565112362137	2.7142726746490764	2.8894273072779373	0.519284598994972	0.2944664438636535	0.46470449553437676	0.3278011664361216	0.7869077308621427	0.6696698928829844
301	-13.965969142731204	-12034.452790029669	0.5534600026937282	1.0498560491562552	1.1565112362137	2.7142726746490764	2.8894273072779373	0.519284598994972	0.2944664438636535	0.46470449553437676	0.3278011664361216	0.7869077308621427	0.6696698928829844
302	-13.965969142731204	-12034.452790029669	0.5534600026937282	1.0498560491562552	1.1565112362137	2.7142726746490764	2.8894273072779373	0.519284598994972	0.2944664438636535	0.46470449553437676	0.3278011664361216	0.7869077308621427	0.6696698928829844
303	-13.965969142731204	-12034.452790029669	0.5534600026937282	1.0498560491562552	1.1565112362137	2.7142726746490764	2.8894273072779373	0.519284598994972	0.2944664438636535	0.46470449553437676	0.3278011664361216	0.7869077308621427	0.6696698928829844
304	-13.965969142731204	-12034.452790029669	0.5534600026937282	1.0498560491562552	1.1565112362137	2.7142726746490764	2.8894273072779373	0.519284598994972	0.2944664438636535	0.46470449553437676	0.3278011664361216	0.7869077308621427	0.6696698928829844
305	-13.965969142731204	-12030.509789815287	0.5534600026937282	1.0498560491562552	1.1565112362137	2.7142726746490764	2.8894273072779373	0.519284598994972	0.2944664438636535	0.46470449553437676	0.3278011664361216	0.7869077308621427	0.6696698928829844
306	-13.965969142731204	-12030.509789815287	0.5534600026937282	1.0498560491562552	1.1565112362137	2.7142726746490764	2.8894273072779373	0.519284598994972	0.2944664438636535	0.46470449553437676	0.3278011664361216	0.7869077308621427	0.6696698928829844
307	-13.965969142731204	-12030.509789815287	0.5534600026937282	1.0498560491562552	1.1565112362137	2.7142726746490764	2.8894273072779373	0.519284598994972	0.2944664438636535	0.46470449553437676	0.3278011664361216	0.7869077308621427	0.6696698928829844
308	-13.965969142731204	-12030.509789815287	0.5534600026937282	1.0498560491562552	1.1565112362137	2.7142726746490764	2.8894273072779373	0.519284598994972	0.2944664438636535	0.46470449553437676	0.3278011664361216	0.7869077308621427	0.6696698928829844
309	-13.965969142731204	-12030.509789815287	0.5534600026937282	1.0498560491562552	1.1565112362137	2.7142726746490764	2.8894273072779373	0.519284598994972	0.2944664438636535	0.46470449553437676	0.3278011664361216	0.7869077308621427	0.6696698928829844
310	-13.965969142731204	-12030.509789815287	0.5534600026937282	1.0498560491562552	1.1565112362137	2.7142726746490764	2.8894273072779373	0.519284598994972	0.2944664438636535	0.46470449553437676	0.3278011664361216	0.7869077308621427	0.6696698928829844
311	-14.0109887006003	-12028.626141558572	0.5534600026937282	1.0498560491562552	1.1565112362137	2.7142726746490764	2.8894273072779373	0.519284598994972	0.2944664438636535	0.46470449553437676	0.3278011664361216	0.7869077308621427	0.6696698928829844
312	-14.0109887006003	-12028.626141558572	0.5534600026937282	1.0498560491562552	1.1565112362137	2.7142726746490764	2.8894273072779373	0.519284598994972	0.2944664438636535	0.46470449553437676	0.3278011664361216	0.7869077308621427	0.6696698928829844
313	-14.0109887006003	-12028.626141558572	0.5534600026937282	1.0498560491562552	1.1565112362137	2.7142726746490764	2.8894273072779373	0.519284598994972	0.2944664438636535	0.46470449553437676	0.3278011664361216	0.7869077308621427	0.6696698928829844
314	-14.0109887006003	-12024.337213965571	0.5534600026937282	1.0498560491562552	1.1565112362137	2.7142726746490764	2.8894273072779373	0.519284598994972	0.2944664438636535	0.46470449553437676	0.3278011664361216	0.7869077308621427	0.6696698928829844
315	-14.0109887006003	-12024.337213965571	0.5534600026937282	1.0498560491562552	1.1565112362137	2.7142726746490764	2.8894273072779373	0.519284598994972	0.2944664438636535	0.46470449553437676	0.3278011664361216	0.7869077308621427	0.6696698928829844
316	-14.300948774350497	-12024.337213965571	0.5534600026937282	1.0498560491562552	1.1565112362137	2.7142726746490764	2.8894273072779373	0.519284598994972	0.2944664438636535	0.46470449553437676	0.3278011664361216	0.7869077308621427	0.7870620497644366
317	-13.888607627627191	-12024.337213965571	0.5534600026937282	1.0498560491562552	1.1565112362137	2.7142726746490764	2.8894273072779373	0.519284598994972	0.2944664438636535	0.46470449553437676	0.3278011664361216	0.7869077308621427	0.6199243244177035
318	-13.888607627627191	-12024.337213965571	0.5534600026937282	1.0498560491562552	1.1565112362137	2.7142726746490764	2.8894273072779373	0.519284598994972	0.2944664438636535	0.46470449553437676	0.3278011664361216	0.7869077308621427	0.6199243244177035
319	-13.888607627627191	-12024.337213965571	0.5534600026937282	1.0498560491562552	1.1565112362137	2.7142726746490764	2.8894273072779373	0.519284598994972	0.2944664438636535	0.46470449553437676	0.3278011664361216	0.7869077308621427	0.6199243244177035
320	-13.888607627627191	-12024.337213965571	0.5534600026937282	1.0498560491562552	1.1565112362137	2.7142726746490764	2.8894273072779373	0.519284598994972	0.2944664438636535	0.46470449553437676	0.3278011664361216	0.7869077308621427	0.6199243244177035
321	-13.888607627627191	-12024.337213965571	0.5534600026937282	1.0498560491562552	1.1565112362137	2.7142726746490764	2.8894273072779373	0.519284598994972	0.2944664438636535	0.46470449553437676	0.3278011664361216	0.7869077308621427	0.6199243244177035
322	-13.888607627627191	-11961.30444016209	0.5534600026937282	1.0498560491562552	1.1565112362137	2.7142726746490764	2.8894273072779373	0.519284598994972	0.2944664438636535	0.46470449553437676	0.3278011664361216	0.7869077308621427	0.6199243244177035
323	-13.874146842346388	-11935.050568223047	0.5534600026937282	1.0498560491562552	1.1565112362137	2.7142726746490764	2.8894273072779373	0.519284598994972	0.2944664438636535	0.46470449553437676	0.3278011664361216	0.7869077308621427	0.6199243244177035
324	-13.874146842346388	-11933.566852688607	0.5534600026937282	1.0498560491562552	1.1565112362137	2.7142726746490764	2.8894273072779373	0.519284598994972	0.2944664438636535	0.46470449553437676	0.3278011664361216	0.7869077308621427	0.6199243244177035
325	-13.83577037356886	-11884.612445463556	0.5534600026937282	1.0498560491562552	1.1565112362137	2.7142726746490764	2.8894273072779373	0.519284598994972	0.2944664438636535	0.46470449553437676	0.3278011664361216	0.7869077308621427	0.6199243244177035
326	-13.639440004641935	-11884.612445463556	0.5534600026937282	1.0498560491562552	1.1565112362137	2.7142726746490764	2.8894273072779373	0.519284598994972	0.2944664438636535	0.46470449553437676	0.3278011664361216	0.7869077308621427	0.5398167528038363
327	-13.617978487665008	-11814.378695876569	0.5534600026937282	1.0498560491562552	1.1565112362137	2.7142726746490764	2.8894273072779373	0.519284598994972	0.2944664438636535	0.46470449553437676	0.3278011664361216	0.7869077308621427	0.5398167528038363
328	-13.617978487665008	-11808.54870375547	0.5534600026937282	1.0498560491562552	1.1565112362137	2.7142726746490764	2.8894273072779373	0.519284598994972	0.2944664438636535	0.46470449553437676	0.3278011664361216	0.7869077308621427	0.5398167528038363
329	-13.617978487665008	-11808.54870375547	0.5534600026937282	1.0498560491562552	1.1565112362137	2.7142726746490764	2.8894273072779373	0.519284598994972	0.2944664438636535	0.46470449553437676	0.3278011664361216	0.7869077308621427	0.5398167528038363
330	-13.95472747915528	-11808.54870375547	0.5534600026937282	1.0498560491562552	1.1565112362137	2.7142726746490764	2.8894273072779373	0.3938255332813843	0.2835434844855517	0.3686054267696138	0.407305705535316	0.8529390409109077	0.5398167528038363
331	-13.95472747915528	-11808.54870375547	0.5534600026937282	1.0498560491562552	1.1565112362137	2.7142726746490764	2.8894273072779373	0.3938255332813843	0.2835434844855517	0.3686054267696138	0.407305705535316	0.8529390409109077	0.5398167528038363
332	-13.95472747915528	-11806.976425266615	0.5534600026937282	1.0498560491562552	1.1565112362137	2.7142726746490764	2.8894273072779373	0.3938255332813843	0.2835434844855517	0.3686054267696138	0.407305705535316	0.8529390409109077	0.5398167528038363
333	-13.95472747915528	-11806.976425266615	0.5534600026937282	1.0498560491562552	1.1565112362137	2.7142726746490764	2.8894273072779373	0.3938255332813843	0.2835434844855517	0.3686054267696138	0.407305705535316	0.8529390409109077	0.5398167528038363
334	-13.99725075899875	-11792.517461848229	0.5534600026937282	1.0498560491562552	1.1565112362137	2.7142726746490764	2.8894273072779373	0.3938255332813843	0.2835434844855517	0.3686054267696138	0.407305705535316	0.8529390409109077	0.5398167528038363
335	-13.99725075899875	-11792.517461848229	0.5534600026937282	1.0498560491562552	1.1565112362137	2.7142726746490764	2.8894273072779373	0.3938255332813843	0.2835434844855517	0.3686054267696138	0.407305705535316	0.8529390409109077	0.5398167528038363
336	-13.99725075899875	-11792.517461848229	0.5534600026937282	1.0498560491562552	1.1565112362137	2.7142726746490764	2.8894273072779373	0.3938255332813843	0.2835434844855517	0.3686054267696138	0.407305705535316	0.8529390409109077	0.5398167528038363
337	-13.68883352052865	-11792.517461848229	0.5534600026937282	1.0498560491562552	1.1565112362137	2.7142726746490764	2.8894273072779373	0.3938255332813843	0.2835434844855517	0.3686054267696138	0.407305705535316	0.8529390409109077	0.4094874784603791
338	-13.68883352052865	-11792.517461848229	0.5534600026937282	1.0498560491562552	1.1565112362137	2.7142726746490764	2.8894273072779373	0.3938255332813843	0.2835434844855517	0.3686054267696138	0.407305705535316	0.8529390409109077	0.4094874784603791
339	-13.68883352052865	-11792.517461848229	0.5534600026937282	1.0498560491562552	1.1565112362137	2.7142726746490764	2.8894273072779373	0.3938255332813843	0.2835434844855517	0.3686054267696138	0.407305705535316	0.8529390409109077	0.4094874784603791
340	-13.68883352052865	-11791.631542117806	0.5534600026937282	1.0498560491562552	1.1565112362137	2.7142726746490764	2.8894273072779373	0.3938255332813843	0.2835434844855517	0.3686054267696138	0.407305705535316	0.8529390409109077	0.4094874784603791
341	-13.68883352052865	-11791.631542117806	0.5534600026937282	1.0498560491562552	1.1565112362137	2.7142726746490764	2.8894273072779373	0.3938255332813843	0.2835434844855517	0.3686054267696138	0.407305705535316	0.8529390409109077	0.4094874784603791
342	-13.68883352052865	-11774.680524107682	0.5534600026937282	1.0498560491562552	1.1565112362137	2.7142726746490764	2.8894273072779373	0.3938255332813843	0.2835434844855517	0.3686054267696138	0.407305705535316	0.8529390409109077	0.4094874784603791
343	-13.68883352052865	-11774.680524107682	0.5534600026937282	1.0498560491562552	1.1565112362137	2.7142726746490764	2.8894273072779373	0.3938255332813843	0.2835434844855517	0.3686054267696138	0.407305705535316	0.8529390409109077	0.4094874784603791
344	-13.68883352052865	-11774.680524107682	0.5534600026937282	1.0498560491562552	1.1565112362137	2.7142726746490764	2.8894273072779373	0.3938255332813843	0.2835434844855517	0.3686054267696138	0.407305705535316	0.8529390409109077	0.4094874784603791
345	-13.68883352052865	-11774.680524107682	0.5534600026937282	1.0498560491562552	1.1565112362137	2.7142726746490764	2.8894273072779373	0.3938255332813843	0.2835434844855517	0.3686054267696138	0.407305705535316	0.8529390409109077	0.4094874784603791
346	-13.68883352052865	-11774.680524107682	0.5534600026937282	1.0498560491562552	1.1565112362137	2.7142726746490764	2.8894273072779373	0.3938255332813843	0.2835434844855517	0.3686054267696138	0.407305705535316	0.8529390409109077	0.4094874784603791
347	-13.68883352052865	-11774.680524107682	0.5534600026937282	1.0498560491562552	1.1565112362137	2.7142726746490764	2.8894273072779373	0.3938255332813843	0.2835434844855517	0.3686054267696138	0.407305705535316	0.8529390409109077	0.4094874784603791
348	-13.68883352052865	-11768.120210745328	0.5534600026937282	1.0498560491562552	1.1565112362137	2.7142726746490764	2.8894273072779373	0.3938255332813843	0.2835434844855517	0.3686054267696138	0.407305705535316	0.8529390409109077	0.4094874784603791
349	-13.68883352052865	-11768.120210745328	0.5534600026937282	1.0498560491562552	1.1565112362137	2.7142726746490764	2.8894273072779373	0.3938255332813843	0.2835434844855517	0.3686054267696138	0.407305705535316	0.8529390409109077	0.4094874784603791
350	-13.68883352052865	-11768.120210745328	0.5534600026937282	1.0498560491562552	1.1565112362137	2.7142726746490764	2.8894273072779373	0.3938255332813843	0.2835434844855517	0.3686054267696138	0.407305705535316	0.8529390409109077	0.4094874784603791
351	-13.68883352052865	-11768.120210745328	0.5534600026937282	1.0498560491562552	1.1565112362137	2.7142726746490764	2.8894273072779373	0.3938255332813843	0.2835434844855517	0.3686054267696138	0.407305705535316	0.8529390409109077	0.4094874784603791
352	-13.684817445244168	-11766.749832352585	0.5534600026937282	1.0498560491562552	1.1565112362137	2.7142726746490764	2.8894273072779373	0.3938255332813843	0.2835434844855517	0.3686054267696138	0.407305705535316	0.8529390409109077	0.4094874784603791
353	-13.684817445244168	-11766.749832352585	0.5534600026937282	1.0498560491562552	1.1565112362137	2.7142726746490764	2.8894273072779373	0.3938255332813843	0.2835434844855517	0.3686054267696138	0.407305705535316	0.8529390409109077	0.4094874784603791
354	-13.684817445244168	-11766.749832352585	0.5534600026937282	1.0498560491562552	1.1565112362137	2.7142726746490764	2.8894273072779373	0.3938255332813843	0.2835434844855517	0.3686054267696138	0.407305705535316	0.8529390409109077	0.4094874784603791
355	-13.684817445244168	-11766.749832352585	0.5534600026937282	1.0498560491562552	1.1565112362137	2.7142726746490764	2.8894273072779373	0.3938255332813843	0.2835434844855517	0.3686054267696138	0.407305705535316	0.8529390409109077	0.4094874784603791
356	-13.684817445244168	-11766.749832352585	0.5534600026937282	1.0498560491562552	1.1565112362137	2.7142726746490764	2.8894273072779373	0.3938255332813843	0.2835434844855517	0.3686054267696138	0.407305705535316	0.8529390409109077	0.4094874784603791
357	-13.799600523242594	-11766.749832352585	0.5534600026937282	1.0498560491562552	1.1565112362137	2.7142726746490764	2.8894273072779373	0.3938255332813843	0.2835434844855517	0.3686054267696138	0.407305705535316	0.8529390409109077	0.4581878584689915
358	-13.799600523242594	-11766.749832352585	0.5534600026937282	1.0498560491562552	1.1565112362137	2.7142726746490764	2.8894273072779373	0.3938255332813843	0.2835434844855517	0.3686054267696138	0.407305705535316	0.8529390409109077	0.4581878584689915
359	-13.799600523242594	-11766.749832352585	0.5534600026937282	1.0498560491562552	1.1565112362137	2.7142726746490764	2.8894273072779373	0.3938255332813843	0.2835434844855517	0.3686054267696138	0.407305705535316	0.8529390409109077	0.4581878584689915
360	-13.799600523242594	-11766.749832352585	0.5534600026937282	1.0498560491562552	1.1565112362137	2.7142726746490764	2.8894273072779373	0.3938255332813843	0.2835434844855517	0.3686054267696138	0.407305705535316	0.8529390409109077	0.4581878584689915
361	-13.799600523242594	-11766.408089578426	0.5534600026937282	1.0498560491562552	1.1565112362137	2.7142726746490764	2.8894273072779373	0.3938255332813843	0.2835434844855517	0.3686054267696138	0.407305705535316	0.8529390409109077	0.4581878584689915
362	-13.799600523242594	-11766.408089578426	0.5534600026937282	1.0498560491562552	1.1565112362137	2.7142726746490764	2.8894273072779373	0.3938255332813843	0.2835434844855517	0.3686054267696138	0.407305705535316	0.8529390409109077	0.4581878584689915
363	-13.799600523242594	-11765.344648881495	0.5534600026937282	1.0498560491562552	1.1565112362137	2.7142726746490764	2.8894273072779373	0.3938255332813843	0.2835434844855517	0.3686054267696138	0.407305705535316	0.8529390409109077	0.4581878584689915
364	-13.781778579499337	-11763.24118682651	0.5534600026937282	1.0498560491562552	1.1565112362137	2.7142726746490764	2.8894273072779373	0.3938255332813843	0.2835434844855517	0.3686054267696138	0.407305705535316	0.8529390409109077	0.4581878584689915
365	-13.781778579499337	-11763.24118682651	0.5534600026937282	1.0498560491562552	1.1565112362137	2.7142726746490764	2.8894273072779373	0.3938255332813843	0.2835434844855517	0.3686054267696138	0.407305705535316	0.8529390409109077	0.4581878584689915
366	-13.781778579499337	-11763.24118682651	0.5534600026937282	1.0498560491562552	1.1565112362137	2.7142726746490764	2.8894273072779373	0.3938255332813843	0.2835434844855517	0.3686054267696138	0.407305705535316	0.8529390409109077	0.4581878584689915
367	-2.929303763625555	-11763.24118682651	0.5436819424874763	0.9065855064105182	1.5346461483668983	2.8673569578193168	3.3543516629336674	0.3938255332813843	0.2835434844855517	0.3686054267696138	0.407305705535316	0.8529390409109077	0.4581878584689915
368	-2.929303763625555	-11763.24118682651	0.5436819424874763	0.9065855064105182	1.5346461483668983	2.8673569578193168	3.3543516629336674	0.3938255332813843	0.2835434844855517	0.3686054267696138	0.407305705535316	0.8529390409109077	0.4581878584689915
369	-3.0386141988793165	-11754.364244700295	0.5436819424874763	0.9065855064105182	1.5346461483668983	2.8673569578193168	3.3543516629336674	0.3938255332813843	0.2835434844855517	0.3686054267696138	0.407305705535316	0.8529390409109077	0.4581878584689915
370	-3.0386141988793165	-11753.34487570352	0.5436819424874763	0.9065855064105182	1.5346461483668983	2.8673569578193168	3.3543516629336674	0.3938255332813843	0.2835434844855517	0.3686054267696138	0.407305705535316	0.8529390409109077	0.4581878584689915
371	-3.0386141988793165	-11753.34487570352	0.5436819424874763	0.9065855064105182	1.5346461483668983	2.8673569578193168	3.3543516629336674	0.3938255332813843	0.2835434844855517	0.3686054267696138	0.407305705535316	0.8529390409109077	0.4581878584689915
372	-3.0386141988793165	-11753.34487570352	0.5436819424874763	0.9065855064105182	1.5346461483668983	2.8673569578193168	3.3543516629336674	0.3938255332813843	0.2835434844855517	0.3686054267696138	0.407305705535316	0.8529390409109077	0.4581878584689915
373	-3.0386141988793165	-11753.34487570352	0.5436819424874763	0.9065855064105182	1.5346461483668983	2.8673569578193168	3.3543516629336674	0.3938255332813843	0.2835434844855517	0.3686054267696138	0.407305705535316	0.8529390409109077	0.4581878584689915
374	-3.0386141988793165	-11753.34487570352	0.5436819424874763	0.9065855064105182	1.5346461483668983	2.8673569578193168	3.3543516629336674	0.3938255332813843	0.2835434844855517	0.3686054267696138	0.407305705535316	0.8529390409109077	0.4581878584689915
375	-3.0386141988793165	-11753.34487570352	0.5436819424874763	0.9065855064105182	1.5346461483668983	2.8673569578193168	3.3543516629336674	0.3938255332813843	0.2835434844855517	0.3686054267696138	0.407305705535316	0.8529390409109077	0.4581878584689915
376	-3.0386141988793165	-11753.34487570352	0.5436819424874763	0.9065855064105182	1.5346461483668983	2.8673569578193168	3.3543516629336674	0.3938255332813843	0.2835434844855517	0.3686054267696138	0.407305705535316	0.8529390409109077	0.4581878584689915
377	-3.0386141988793165	-11753.00346518455	0.5436819424874763	0.9065855064105182	1.5346461483668983	2.8673569578193168	3.3543516629336674	0.3938255332813843	0.2835434844855517	0.3686054267696138	0.407305705535316	0.8529390409109077	0.4581878584689915
378	-3.0386141988793165	-11753.00346518455	0.5436819424874763	0.9065855064105182	1.5346461483668983	2.8673569578193168	3.3543516629336674	0.3938255332813843	0.2835434844855517	0.3686054267696138	0.407305705535316	0.8529390409109077	0.4581878584689915
379	-3.0386141988793165	-11753.00346518455	0.5436819424874763	0.9065855064105182	1.5346461483668983	2.8673569578193168	3.3543516629336674	0.3938255332813843	0.2835434844855517	0.3686054267696138	0.407305705535316	0.8529390409109077	0.4581878584689915
380	-3.0386141988793165	-11753.00346518455	0.5436819424874763	0.9065855064105182	1.5346461483668983	2.8673569578193168	3.3543516629336674	0.3938255332813843	0.2835434844855517	0.3686054267696138	0.407305705535316	0.8529390409109077	0.4581878584689915
381	-3.0386141988793165	-11737.836392131654	0.5436819424874763	0.9065855064105182	1.5346461483668983	2.8673569578193168	3.3543516629336674	0.3938255332813843	0.2835434844855517	0.3686054267696138	0.407305705535316	0.8529390409109077	0.4581878584689915
382	-3.0386141988793165	-11737.223723685209	0.5436819424874763	0.9065855064105182	1.5346461483668983	2.8673569578193168	3.3543516629336674	0.3938255332813843	0.2835434844855517	0.3686054267696138	0.407305705535316	0.8529390409109077	0.4581878584689915
383	-3.0331305748075303	-11736.065424619012	0.5436819424874763	0.9065855064105182	1.5346461483668983	2.8673569578193168	3.3543516629336674	0.3938255332813843	0.2835434844855517	0.3686054267696138	0.407305705535316	0.8529390409109077	0.4581878584689915
384	-3.0331305748075303	-11736.065424619012	0.5436819424874763	0.9065855064105182	1.5346461483668983	2.8673569578193168	3.3543516629336674	0.3938255332813843	0.2835434844855517	0.3686054267696138	0.407305705535316	0.8529390409109077	0.4581878584689915
385	-3.0331305748075303	-11736.065424619012	0.5436819424874763	0.9065855064105182	1.5346461483668983	2.8673569578193168	3.3543516629336674	0.3938255332813843	0.2835434844855517	0.3686054267696138	0.407305705535316	0.8529390409109077	0.4581878584689915
386	-2.924160535088461	-11734.309964607432	0.5436819424874763	0.9065855064105182	1.5346461483668983	2.8673569578193168	3.3543516629336674	0.3938255332813843	0.2835434844855517	0.3686054267696138	0.407305705535316	0.8529390409109077	0.4581878584689915
387	-2.924160535088461	-11734.309964607432	0.5436819424874763	0.9065855064105182	1.5346461483668983	2.8673569578193168	3.3543516629336674	0.3938255332813843	0.2835434844855517	0.3686054267696138	0.407305705535316	0.8529390409109077	0.4581878584689915
388	-2.9056918757301418	-11734.319833313259	0.5436819424874763	0.9065855064105182	1.5346461483668983	2.8673569578193168	3.3543516629336674	0.3938255332813843	0.2835434844855517	0.3686054267696138	0.407305705535316	0.8529390409109077	0.4581878584689915
389	-2.9056918757301418	-11734.319833313259	0.5436819424874763	0.9065855064105182	1.5346461483668983	2.8673569578193168	3.3543516629336674	0.3938255332813843	0.2835434844855517	0.3686054267696138	0.407305705535316	0.8529390409109077	0.4581878584689915
390	-2.9056918757301418	-11734.319833313259	0.5436819424874763	0.9065855064105182	1.5346461483668983	2.8673569578193168	3.3543516629336674	0.3938255332813843	0.2835434844855517	0.3686054267696138	0.407305705535316	0.8529390409109077	0.4581878584689915
391	-2.9056918757301418	-11737.866426431543	0.5436819424874763	0.9065855064105182	1.5346461483668983	2.8673569578193168	3.3543516629336674	0.3938255332813843	0.2835434844855517	0.3686054267696138	0.407305705535316	0.8529390409109077	0.4581878584689915
392	-2.9056918757301418	-11737.866426431543	0.5436819424874763	0.9065855064105182	1.5346461483668983	2.8673569578193168	3.3543516629336674	0.3938255332813843	0.2835434844855517	0.3686054267696138	0.407305705535316	0.8529390409109077	0.4581878584689915
393	-2.9056918757301418	-11737.866426431543	0.5436819424874763	0.9065855064105182	1.5346461483668983	2.8673569578193168	3.3543516629336674	0.3938255332813843	0.2835434844855517	0.3686054267696138	0.407305705535316	0.8529390409109077	0.4581878584689915
394	-2.9056918757301418	-11725.758573246914	0.5436819424874763	0.9065855064105182	1.5346461483668983	2.8673569578193168	3.3543516629336674	0.3938255332813843	0.2835434844855517	0.3686054267696138	0.407305705535316	0.8529390409109077	0.4581878584689915
395	-2.9056918757301418	-11725.758573246914	0.5436819424874763	0.9065855064105182	1.5346461483668983	2.8673569578193168	3.3543516629336674	0.3938255332813843	0.2835434844855517	0.3686054267696138	0.407305705535316	0.8529390409109077	0.4581878584689915
396	-2.9056918757301418	-11725.758573246914	0.5436819424874763	0.9065855064105182	1.5346461483668983	2.8673569578193168	3.3543516629336674	0.3938255332813843	0.2835434844855517	0.3686054267696138	0.407305705535316	0.8529390409109077	0.4581878584689915
397	12.164546845467283	-11725.758573246914	0.5246926834690651	0.7786015632651844	1.1670112044039609	3.2358067781824333	4.124117362840264	0.3938255332813843	0.2835434844855517	0.3686054267696138	0.407305705535316	0.8529390409109077	0.4581878584689915
398	12.164546845467283	-11725.758573246914	0.5246926834690651	0.7786015632651844	1.1670112044039609	3.2358067781824333	4.124117362840264	0.3938255332813843	0.2835434844855517	0.3686054267696138	0.407305705535316	0.8529390409109077	0.4581878584689915
399	12.164546845467283	-11725.758573246914	0.5246926834690651	0.7786015632651844	1.1670112044039609	3.2358067781824333	4.124117362840264	0.3938255332813843	0.2835434844855517	0.3686054267696138	0.407305705535316	0.8529390409109077	0.4581878584689915
400	12.161286036147201	-11725.27768643449	0.5246926834690651	0.7786015632651844	1.1670112044039609	3.2358067781824333	4.124117362840264	0.3938255332813843	0.2835434844855517	0.3686054267696138	0.407305705535316	0.8529390409109077	0.4581878584689915
401	12.161286036147201	-11725.27768643449	0.5246926834690651	0.7786015632651844	1.1670112044039609	3.2358067781824333	4.124117362840264	0.3938255332813843	0.2835434844855517	0.3686054267696138	0.407305705535316	0.8529390409109077	0.4581878584689915
402	12.161695185861445	-11725.37090893649	0.5246926834690651	0.7786015632651844	1.1670112044039609	3.2358067781824333	4.124117362840264	0.3938255332813843	0.2835434844855517	0.3686054267696138	0.407305705535316	0.8529390409109077	0.4581878584689915
403	12.161695185861445	-11725.37090893649	0.5246926834690651	0.7786015632651844	1.1670112044039609	3.2358067781824333	4.124117362840264	0.3938255332813843	0.2835434844855517	0.3686054267696138	0.407305705535316	0.8529390409109077	0.4581878584689915
404	12.161695185861445	-11725.37090893649	0.5246926834690651	0.7786015632651844	1.1670112044039609	3.2358067781824333	4.124117362840264	0.3938255332813843	0.2835434844855517	0.3686054267696138	0.407305705535316	0.8529390409109077	0.4581878584689915
405	12.161695185861445	-11725.37090893649	0.5246926834690651	0.7786015632651844	1.1670112044039609	3.2358067781824333	4.124117362840264	0.3938255332813843	0.2835434844855517	0.3686054267696138	0.407305705535316	0.8529390409109077	0.4581878584689915
406	12.161695185861445	-11725.37090893649	0.5246926834690651	0.7786015632651844	1.1670112044039609	3.2358067781824333	4.124117362840264	0.3938255332813843	0.2835434844855517	0.3686054267696138	0.407305705535316	0.8529390409109077	0.4581878584689915
407	12.165209026180575	-11725.440496025745	0.5246926834690651	0.7786015632651844	1.1670112044039609	3.2358067781824333	4.124117362840264	0.3938255332813843	0.2835434844855517	0.3686054267696138	0.407305705535316	0.8529390409109077	0.4581878584689915
408	12.230059385699091	-11720.138782072927	0.5246926834690651	0.7786015632651844	1.1670112044039609	3.2358067781824333	4.124117362840264	0.3938255332813843	0.2835434844855517	0.3686054267696138	0.407305705535316	0.8529390409109077	0.4581878584689915
409	12.227179832822271	-11717.159986340743	0.5246926834690651	0.7786015632651844	1.1670112044039609	3.2358067781824333	4.124117362840264	0.3938255332813843	0.2835434844855517	0.3686054267696138	0.407305705535316	0.8529390409109077	0.4581878584689915
410	12.227179832822271	-11717.159986340743	0.5246926834690651	0.7786015632651844	1.1670112044039609	3.2358067781824333	4.124117362840264	0.3938255332813843	0.2835434844855517	0.3686054267696138	0.407305705535316	0.8529390409109077	0.4581878584689915
411	12.227179832822271	-11717.159986340743	0.5246926834690651	0.7786015632651844	1.1670112044039609	3.2358067781824333	4.124117362840264	0.3938255332813843	0.2835434844855517	0.3686054267696138	0.407305705535316	0.8529390409109077	0.4581878584689915
412	12.227179832822271	-11717.159986340743	0.5246926834690651	0.7786015632651844	1.1670112044039609	3.2358067781824333	4.124117362840264	0.3938255332813843	0.2835434844855517	0.3686054267696138	0.407305705535316	0.8529390409109077	0.4581878584689915
413	12.258160866667863	-11712.575589201037	0.5246926834690651	0.7786015632651844	1.1670112044039609	3.2358067781824333	4.124117362840264	0.3938255332813843	0.2835434844855517	0.3686054267696138	0.407305705535316	0.8529390409109077	0.4581878584689915
414	12.258160866667863	-11712.575589201037	0.5246926834690651	0.7786015632651844	1.1670112044039609	3.2358067781824333	4.124117362840264	0.3938255332813843	0.2835434844855517	0.3686054267696138	0.407305705535316	0.8529390409109077	0.4581878584689915
415	12.258160866667863	-11712.575589201037	0.5246926834690651	0.7786015632651844	1.1670112044039609	3.2358067781824333	4.124117362840264	0.3938255332813843	0.2835434844855517	0.3686054267696138	0.407305705535316	0.8529390409109077	0.4581878584689915
416	12.27921379879413	-11710.894401271647	0.5246926834690651	0.7786015632651844	1.1670112044039609	3.2358067781824333	4.124117362840264	0.3938255332813843	0.2835434844855517	0.3686054267696138	0.407305705535316	0.8529390409109077	0.4581878584689915
417	12.27921379879413	-11710.894401271647	0.5246926834690651	0.7786015632651844	1.1670112044039609	3.2358067781824333	4.124117362840264	0.3938255332813843	0.2835434844855517	0.3686054267696138	0.407305705535316	0.8529390409109077	0.4581878584689915
418	12.311888488122987	-11714.580941983857	0.5246926834690651	0.7786015632651844	1.1670112044039609	3.2358067781824333	4.124117362840264	0.3938255332813843	0.2835434844855517	0.3686054267696138	0.407305705535316	0.8529390409109077	0.4581878584689915
419	12.311888488122987	-11714.580941983857	0.5246926834690651	0.7786015632651844	1.1670112044039609	3.2358067781824333	4.124117362840264	0.3938255332813843	0.2835434844855517	0.3686054267696138	0.407305705535316	0.8529390409109077	0.4581878584689915
420	12.311888488122987	-11701.370018283154	0.5246926834690651	0.7786015632651844	1.1670112044039609	3.2358067781824333	4.124117362840264	0.3938255332813843	0.2835434844855517	0.3686054267696138	0.407305705535316	0.8529390409109077	0.4581878584689915
421	12.311888488122987	-11701.370018283154	0.5246926834690651	0.7786015632651844	1.1670112044039609	3.2358067781824333	4.124117362840264	0.3938255332813843	0.2835434844855517	0.3686054267696138	0.407305705535316	0.8529390409109077	0.4581878584689915
422	11.941075708570645	-11701.370018283154	0.5246926834690651	0.7786015632651844	1.1670112044039609	3.2358067781824333	4.124117362840264	0.3938255332813843	0.2835434844855517	0.3686054267696138	0.407305705535316	0.8529390409109077	0.560840989005561
423	11.941075708570645	-11701.370018283154	0.5246926834690651	0.7786015632651844	1.1670112044039609	3.2358067781824333	4.124117362840264	0.3938255332813843	0.2835434844855517	0.3686054267696138	0.407305705535316	0.8529390409109077	0.560840989005561
424	11.96959249166718	-11694.108142453291	0.5246926834690651	0.7786015632651844	1.1670112044039609	3.2358067781824333	4.124117362840264	0.3938255332813843	0.2835434844855517	0.3686054267696138	0.407305705535316	0.8529390409109077	0.560840989005561
425	11.96959249166718	-11694.108142453291	0.5246926834690651	0.7786015632651844	1.1670112044039609	3.2358067781824333	4.124117362840264	0.3938255332813843	0.2835434844855517	0.3686054267696138	0.407305705535316	0.8529390409109077	0.560840989005561
426	11.96959249166718	-11692.48995045179	0.5246926834690651	0.7786015632651844	1.1670112044039609	3.2358067781824333	4.124117362840264	0.3938255332813843	0.2835434844855517	0.3686054267696138	0.407305705535316	0.8529390409109077	0.560840989005561
427	11.96959249166718	-11692.48995045179	0.5246926834690651	0.7786015632651844	1.1670112044039609	3.2358067781824333	4.124117362840264	0.3938255332813843	0.2835434844855517	0.3686054267696138	0.407305705535316	0.8529390409109077	0.560840989005561
428	12.194084427436957	-11687.872416590442	0.5246926834690651	0.7786015632651844	1.1670112044039609	3.2358067781824333	4.124117362840264	0.3938255332813843	0.2835434844855517	0.3686054267696138	0.407305705535316	0.8529390409109077	0.560840989005561
429	12.67268053949048	-11687.872416590442	0.5246926834690651	0.7786015632651844	1.1670112044039609	3.2358067781824333	4.124117362840264	0.3938255332813843	0.2835434844855517	0.3686054267696138	0.407305705535316	0.8529390409109077	0.4282889412537295
430	12.67268053949048	-11687.872416590442	0.5246926834690651	0.7786015632651844	1.1670112044039609	3.2358067781824333	4.124117362840264	0.3938255332813843	0.2835434844855517	0.3686054267696138	0.407305705535316	0.8529390409109077	0.4282889412537295
431	12.67268053949048	-11673.99418575447	0.5246926834690651	0.7786015632651844	1.1670112044039609	3.2358067781824333	4.124117362840264	0.3938255332813843	0.2835434844855517	0.3686054267696138	0.407305705535316	0.8529390409109077	0.4282889412537295
432	12.67268053949048	-11673.99418575447	0.5246926834690651	0.7786015632651844	1.1670112044039609	3.2358067781824333	4.124117362840264	0.3938255332813843	0.2835434844855517	0.3686054267696138	0.407305705535316	0.8529390409109077	0.4282889412537295
433	12.67268053949048	-11673.99418575447	0.5246926834690651	0.7786015632651844	1.1670112044039609	3.2358067781824333	4.124117362840264	0.3938255332813843	0.2835434844855517	0.3686054267696138	0.407305705535316	0.8529390409109077	0.4282889412537295
434	12.67268053949048	-11664.869326434347	0.5246926834690651	0.7786015632651844	1.1670112044039609	3.2358067781824333	4.124117362840264	0.3938255332813843	0.2835434844855517	0.3686054267696138	0.407305705535316	0.8529390409109077	0.4282889412537295
435	12.67268053949048	-11664.869326434347	0.5246926834690651	0.7786015632651844	1.1670112044039609	3.2358067781824333	4.124117362840264	0.3938255332813843	0.2835434844855517	0.3686054267696138	0.407305705535316	0.8529390409109077	0.4282889412537295
436	12.67268053949048	-11664.869326434347	0.5246926834690651	0.7786015632651844	1.1670112044039609	3.2358067781824333	4.124117362840264	0.3938255332813843	0.2835434844855517	0.3686054267696138	0.407305705535316	0.8529390409109077	0.4282889412537295
437	12.67268053949048	-11664.869326434347	0.5246926834690651	0.7786015632651844	1.1670112044039609	3.2358067781824333	4.124117362840264	0.3938255332813843	0.2835434844855517	0.3686054267696138	0.407305705535316	0.8529390409109077	0.4282889412537295
438	12.67268053949048	-11664.869326434347	0.5246926834690651	0.7786015632651844	1.1670112044039609	3.2358067781824333	4.124117362840264	0.3938255332813843	0.2835434844855517	0.3686054267696138	0.407305705535316	0.8529390409109077	0.4282889412537295
439	12.67268053949048	-11664.869326434347	0.5246926834690651	0.7786015632651844	1.1670112044039609	3.2358067781824333	4.124117362840264	0.3938255332813843	0.2835434844855517	0.3686054267696138	0.407305705535316	0.8529390409109077	0.4282889412537295
440	12.67268053949048	-11664.869326434347	0.5246926834690651	0.7786015632651844	1.1670112044039609	3.2358067781824333	4.124117362840264	0.3938255332813843	0.2835434844855517	0.3686054267696138	0.407305705535316	0.8529390409109077	0.4282889412537295
441	12.67268053949048	-11664.869326434347	0.5246926834690651	0.7786015632651844	1.1670112044039609	3.2358067781824333	4.124117362840264	0.3938255332813843	0.2835434844855517	0.3686054267696138	0.407305705535316	0.8529390409109077	0.4282889412537295
442	12.67268053949048	-11664.869326434347	0.5246926834690651	0.7786015632651844	1.1670112044039609	3.2358067781824333	4.124117362840264	0.3938255332813843	0.2835434844855517	0.3686054267696138	0.407305705535316	0.8529390409109077	0.4282889412537295
443	12.67268053949048	-11664.869326434347	0.5246926834690651	0.7786015632651844	1.1670112044039609	3.2358067781824333	4.124117362840264	0.3938255332813843	0.2835434844855517	0.3686054267696138	0.407305705535316	0.8529390409109077	0.4282889412537295
444	12.67268053949048	-11664.869326434347	0.5246926834690651	0.7786015632651844	1.1670112044039609	3.2358067781824333	4.124117362840264	0.3938255332813843	0.2835434844855517	0.3686054267696138	0.407305705535316	0.8529390409109077	0.4282889412537295
445	12.67268053949048	-11664.869326434347	0.5246926834690651	0.7786015632651844	1.1670112044039609	3.2358067781824333	4.124117362840264	0.3938255332813843	0.2835434844855517	0.3686054267696138	0.407305705535316	0.8529390409109077	0.4282889412537295
446	12.659957842875622	-11655.602852737296	0.5246926834690651	0.7786015632651844	1.1670112044039609	3.2358067781824333	4.124117362840264	0.3938255332813843	0.2835434844855517	0.3686054267696138	0.407305705535316	0.8529390409109077	0.4282889412537295
447	12.659957842875622	-11640.350636590609	0.5246926834690651	0.7786015632651844	1.1670112044039609	3.2358067781824333	4.124117362840264	0.3938255332813843	0.2835434844855517	0.3686054267696138	0.407305705535316	0.8529390409109077	0.4282889412537295
448	12.659957842875622	-11640.350636590609	0.5246926834690651	0.7786015632651844	1.1670112044039609	3.2358067781824333	4.124117362840264	0.3938255332813843	0.2835434844855517	0.3686054267696138	0.407305705535316	0.8529390409109077	0.4282889412537295
449	12.659957842875622	-11640.350636590609	0.5246926834690651	0.7786015632651844	1.1670112044039609	3.2358067781824333	4.124117362840264	0.3938255332813843	0.2835434844855517	0.3686054267696138	0.407305705535316	0.8529390409109077	0.4282889412537295
450	12.659957842875622	-11640.350636590609	0.5246926834690651	0.7786015632651844	1.1670112044039609	3.2358067781824333	4.124117362840264	0.3938255332813843	0.2835434844855517	0.3686054267696138	0.407305705535316	0.8529390409109077	0.4282889412537295
451	12.659957842875622	-11640.350636590609	0.5246926834690651	0.7786015632651844	1.1670112044039609	3.2358067781824333	4.124117362840264	0.3938255332813843	0.2835434844855517	0.3686054267696138	0.407305705535316	0.8529390409109077	0.4282889412537295
452	12.659957842875622	-11640.350636590609	0.5246926834690651	0.7786015632651844	1.1670112044039609	3.2358067781824333	4.124117362840264	0.3938255332813843	0.2835434844855517	0.3686054267696138	0.407305705535316	0.8529390409109077	0.4282889412537295
453	12.659957842875622	-11640.350636590609	0.5246926834690651	0.7786015632651844	1.1670112044039609	3.2358067781824333	4.124117362840264	0.3938255332813843	0.2835434844855517	0.3686054267696138	0.407305705535316	0.8529390409109077	0.4282889412537295
454	12.659957842875622	-11640.350636590609	0.5246926834690651	0.7786015632651844	1.1670112044039609	3.2358067781824333	4.124117362840264	0.3938255332813843	0.2835434844855517	0.3686054267696138	0.407305705535316	0.8529390409109077	0.4282889412537295
455	12.659957842875622	-11640.350636590609	0.5246926834690651	0.7786015632651844	1.1670112044039609	3.2358067781824333	4.124117362840264	0.3938255332813843	0.2835434844855517	0.3686054267696138	0.407305705535316	0.8529390409109077	0.4282889412537295
456	12.659957842875622	-11640.350636590609	0.5246926834690651	0.7786015632651844	1.1670112044039609	3.2358067781824333	4.124117362840264	0.3938255332813843	0.2835434844855517	0.3686054267696138	0.407305705535316	0.8529390409109077	0.4282889412537295
457	12.659957842875622	-11640.350636590609	0.5246926834690651	0.7786015632651844	1.1670112044039609	3.2358067781824333	4.124117362840264	0.3938255332813843	0.2835434844855517	0.3686054267696138	0.407305705535316	0.8529390409109077	0.4282889412537295
458	12.659957842875622	-11640.350636590609	0.5246926834690651	0.7786015632651844	1.1670112044039609	3.2358067781824333	4.124117362840264	0.3938255332813843	0.2835434844855517	0.3686054267696138	0.407305705535316	0.8529390409109077	0.4282889412537295
459	12.659957842875622	-11640.350636590609	0.5246926834690651	0.7786015632651844	1.1670112044039609	3.2358067781824333	4.124117362840264	0.3938255332813843	0.2835434844855517	0.3686054267696138	0.407305705535316	0.8529390409109077	0.4282889412537295
460	12.659957842875622	-11640.350636590609	0.5246926834690651	0.7786015632651844	1.1670112044039609	3.2358067781824333	4.124117362840264	0.3938255332813843	0.2835434844855517	0.3686054267696138	0.407305705535316	0.8529390409109077	0.4282889412537295
461	12.659957842875622	-11634.63107961093	0.5246926834690651	0.7786015632651844	1.1670112044039609	3.2358067781824333	4.124117362840264	0.3938255332813843	0.2835434844855517	0.3686054267696138	0.407305705535316	0.8529390409109077	0.4282889412537295
462	12.659957842875622	-11634.63107961093	0.5246926834690651	0.7786015632651844	1.1670112044039609	3.2358067781824333	4.124117362840264	0.3938255332813843	0.2835434844855517	0.3686054267696138	0.407305705535316	0.8529390409109077	0.4282889412537295
463	12.659957842875622	-11634.63107961093	0.5246926834690651	0.7786015632651844	1.1670112044039609	3.2358067781824333	4.124117362840264	0.3938255332813843	0.2835434844855517	0.3686054267696138	0.407305705535316	0.8529390409109077	0.4282889412537295
464	12.659957842875622	-11634.63107961093	0.5246926834690651	0.7786015632651844	1.1670112044039609	3.2358067781824333	4.124117362840264	0.3938255332813843	0.2835434844855517	0.3686054267696138	0.407305705535316	0.8529390409109077	0.4282889412537295
465	12.659957842875622	-11634.63107961093	0.5246926834690651	0.7786015632651844	1.1670112044039609	3.2358067781824333	4.124117362840264	0.3938255332813843	0.2835434844855517	0.3686054267696138	0.407305705535316	0.8529390409109077	0.4282889412537295
466	12.659957842875622	-11634.63107961093	0.5246926834690651	0.7786015632651844	1.1670112044039609	3.2358067781824333	4.124117362840264	0.3938255332813843	0.2835434844855517	0.3686054267696138	0.407305705535316	0.8529390409109077	0.4282889412537295
467	12.659957842875622	-11634.63107961093	0.5246926834690651	0.7786015632651844	1.1670112044039609	3.2358067781824333	4.124117362840264	0.3938255332813843	0.2835434844855517	0.3686054267696138	0.407305705535316	0.8529390409109077	0.4282889412537295
468	12.659957842875622	-11583.756054928772	0.5246926834690651	0.7786015632651844	1.1670112044039609	3.2358067781824333	4.124117362840264	0.3938255332813843	0.2835434844855517	0.3686054267696138	0.407305705535316	0.8529390409109077	0.4282889412537295
469	12.659957842875622	-11583.756054928772	0.5246926834690651	0.7786015632651844	1.1670112044039609	3.2358067781824333	4.124117362840264	0.3938255332813843	0.2835434844855517	0.3686054267696138	0.407305705535316	0.8529390409109077	0.4282889412537295
470	12.659957842875622	-11583.756054928772	0.5246926834690651	0.7786015632651844	1.1670112044039609	3.2358067781824333	4.124117362840264	0.3938255332813843	0.2835434844855517	0.3686054267696138	0.407305705535316	0.8529390409109077	0.4282889412537295
471	12.659957842875622	-11583.756054928772	0.5246926834690651	0.7786015632651844	1.1670112044039609	3.2358067781824333	4.124117362840264	0.3938255332813843	0.2835434844855517	0.3686054267696138	0.407305705535316	0.8529390409109077	0.4282889412537295
472	12.659957842875622	-11583.756054928772	0.5246926834690651	0.7786015632651844	1.1670112044039609	3.2358067781824333	4.124117362840264	0.3938255332813843	0.2835434844855517	0.3686054267696138	0.407305705535316	0.8529390409109077	0.4282889412537295
473	12.659957842875622	-11583.756054928772	0.5246926834690651	0.7786015632651844	1.1670112044039609	3.2358067781824333	4.124117362840264	0.3938255332813843	0.2835434844855517	0.3686054267696138	0.407305705535316	0.8529390409109077	0.4282889412537295
474	12.659957842875622	-11583.756054928772	0.5246926834690651	0.7786015632651844	1.1670112044039609	3.2358067781824333	4.124117362840264	0.3938255332813843	0.2835434844855517	0.3686054267696138	0.407305705535316	0.8529390409109077	0.4282889412537295
475	12.659957842875622	-11579.913593263038	0.5246926834690651	0.7786015632651844	1.1670112044039609	3.2358067781824333	4.124117362840264	0.3938255332813843	0.2835434844855517	0.3686054267696138	0.407305705535316	0.8529390409109077	0.4282889412537295
476	12.659957842875622	-11579.913593263038	0.5246926834690651	0.7786015632651844	1.1670112044039609	3.2358067781824333	4.124117362840264	0.3938255332813843	0.2835434844855517	0.3686054267696138	0.407305705535316	0.8529390409109077	0.4282889412537295
477	12.612703934371547	-11577.994993170927	0.5246926834690651	0.7786015632651844	1.1670112044039609	3.2358067781824333	4.124117362840264	0.3938255332813843	0.2835434844855517	0.3686054267696138	0.407305705535316	0.8529390409109077	0.4282889412537295
478	12.612703934371547	-11577.994993170927	0.5246926834690651	0.7786015632651844	1.1670112044039609	3.2358067781824333	4.124117362840264	0.3938255332813843	0.2835434844855517	0.3686054267696138	0.407305705535316	0.8529390409109077	0.4282889412537295
479	12.374734848401085	-11523.662544745823	0.5246926834690651	0.7786015632651844	1.1670112044039609	3.2358067781824333	4.124117362840264	0.3938255332813843	0.2835434844855517	0.3686054267696138	0.407305705535316	0.8529390409109077	0.4282889412537295
480	12.374734848401085	-11523.662544745823	0.5246926834690651	0.7786015632651844	1.1670112044039609	3.2358067781824333	4.124117362840264	0.3938255332813843	0.2835434844855517	0.3686054267696138	0.407305705535316	0.8529390409109077	0.4282889412537295
481	12.374734848401085	-11523.521255339969	0.5246926834690651	0.7786015632651844	1.1670112044039609	3.2358067781824333	4.124117362840264	0.3938255332813843	0.2835434844855517	0.3686054267696138	0.407305705535316	0.8529390409109077	0.4282889412537295
482	12.374734848401085	-11523.521255339969	0.5246926834690651	0.7786015632651844	1.1670112044039609	3.2358067781824333	4.124117362840264	0.3938255332813843	0.2835434844855517	0.3686054267696138	0.407305705535316	0.8529390409109077	0.4282889412537295
483	12.374734848401085	-11523.521255339969	0.5246926834690651	0.7786015632651844	1.1670112044039609	3.2358067781824333	4.124117362840264	0.3938255332813843	0.2835434844855517	0.3686054267696138	0.407305705535316	0.8529390409109077	0.4282889412537295
484	12.374734848401085	-11523.521255339969	0.5246926834690651	0.7786015632651844	1.1670112044039609	3.2358067781824333	4.124117362840264	0.3938255332813843	0.2835434844855517	0.3686054267696138	0.407305705535316	0.8529390409109077	0.4282889412537295
485	12.374734848401085	-11523.521255339969	0.5246926834690651	0.7786015632651844	1.1670112044039609	3.2358067781824333	4.124117362840264	0.3938255332813843	0.2835434844855517	0.3686054267696138	0.407305705535316	0.8529390409109077	0.4282889412537295
486	12.374734848401085	-11523.521255339969	0.5246926834690651	0.7786015632651844	1.1670112044039609	3.2358067781824333	4.124117362840264	0.3938255332813843	0.2835434844855517	0.3686054267696138	0.407305705535316	0.8529390409109077	0.4282889412537295
487	12.374734848401085	-11523.97231884432	0.5246926834690651	0.7786015632651844	1.1670112044039609	3.2358067781824333	4.124117362840264	0.3938255332813843	0.2835434844855517	0.3686054267696138	0.407305705535316	0.8529390409109077	0.4282889412537295
488	12.374734848401085	-11523.97231884432	0.5246926834690651	0.7786015632651844	1.1670112044039609	3.2358067781824333	4.124117362840264	0.3938255332813843	0.2835434844855517	0.3686054267696138	0.407305705535316	0.8529390409109077	0.4282889412537295
489	12.376701457955528	-11524.180316933087	0.5246926834690651	0.7786015632651844	1.1670112044039609	3.2358067781824333	4.124117362840264	0.3938255332813843	0.2835434844855517	0.3686054267696138	0.407305705535316	0.8529390409109077	0.4282889412537295
490	12.376701457955528	-11519.988245925013	0.5246926834690651	0.7786015632651844	1.1670112044039609	3.2358067781824333	4.124117362840264	0.3938255332813843	0.2835434844855517	0.3686054267696138	0.407305705535316	0.8529390409109077	0.4282889412537295
491	12.376701457955528	-11508.540299807599	0.5246926834690651	0.7786015632651844	1.1670112044039609	3.2358067781824333	4.124117362840264	0.3938255332813843	0.2835434844855517	0.3686054267696138	0.407305705535316	0.8529390409109077	0.4282889412537295
492	12.376701457955528	-11508.540299807599	0.5246926834690651	0.7786015632651844	1.1670112044039609	3.2358067781824333	4.124117362840264	0.3938255332813843	0.2835434844855517	0.3686054267696138	0.407305705535316	0.8529390409109077	0.4282889412537295
493	12.376701457955528	-11508.540299807599	0.5246926834690651	0.7786015632651844	1.1670112044039609	3.2358067781824333	4.124117362840264	0.3938255332813843	0.2835434844855517	0.3686054267696138	0.407305705535316	0.8529390409109077	0.4282889412537295
494	12.376701457955528	-11508.540299807599	0.5246926834690651	0.7786015632651844	1.1670112044039609	3.2358067781824333	4.124117362840264	0.3938255332813843	0.2835434844855517	0.3686054267696138	0.407305705535316	0.8529390409109077	0.4282889412537295
495	12.376701457955528	-11508.540299807599	0.5246926834690651	0.7786015632651844	1.1670112044039609	3.2358067781824333	4.124117362840264	0.3938255332813843	0.2835434844855517	0.3686054267696138	0.407305705535316	0.8529390409109077	0.4282889412537295
496	12.376701457955528	-11508.540299807599	0.5246926834690651	0.7786015632651844	1.1670112044039609	3.2358067781824333	4.124117362840264	0.3938255332813843	0.2835434844855517	0.3686054267696138	0.407305705535316	0.8529390409109077	0.4282889412537295
497	12.376701457955528	-11508.540299807599	0.5246926834690651	0.7786015632651844	1.1670112044039609	3.2358067781824333	4.124117362840264	0.3938255332813843	0.2835434844855517	0.3686054267696138	0.407305705535316	0.8529390409109077	0.4282889412537295
498	12.376701457955528	-11504.941711540463	0.5246926834690651	0.7786015632651844	1.1670112044039609	3.2358067781824333	4.124117362840264	0.3938255332813843	0.2835434844855517	0.3686054267696138	0.407305705535316	0.8529390409109077	0.4282889412537295
499	12.507655382305265	-11504.941711540463	0.5246926834690651	0.7786015632651844	1.1670112044039609	3.2358067781824333	4.124117362840264	0.5135625480653734	0.2821257274979053	0.4222692945764051	0.3058516820397857	0.8200148584379562	0.4282889412537295
500	12.507655382305265	-11504.941711540463	0.5246926834690651	0.7786015632651844	1.1670112044039609	3.2358067781824333	4.124117362840264	0.5135625480653734	0.2821257274979053	0.4222692945764051	0.3058516820397857	0.8200148584379562	0.4282889412537295
501	12.507655382305265	-11504.157373444179	0.5246926834690651	0.7786015632651844	1.1670112044039609	3.2358067781824333	4.124117362840264	0.5135625480653734	0.2821257274979053	0.4222692945764051	0.3058516820397857	0.8200148584379562	0.4282889412537295
502	12.507655382305265	-11504.157373444179	0.5246926834690651	0.7786015632651844	1.1670112044039609	3.2358067781824333	4.124117362840264	0.5135625480653734	0.2821257274979053	0.4222692945764051	0.3058516820397857	0.8200148584379562	0.4282889412537295
503	12.507655382305265	-11504.157373444179	0.5246926834690651	0.7786015632651844	1.1670112044039609	3.2358067781824333	4.124117362840264	0.5135625480653734	0.2821257274979053	0.4222692945764051	0.3058516820397857	0.8200148584379562	0.4282889412537295
504	12.695767603823077	-11504.157373444179	0.5246926834690651	0.7786015632651844	1.1670112044039609	3.2358067781824333	4.124117362840264	0.5135625480653734	0.2821257274979053	0.4222692945764051	0.3058516820397857	0.8200148584379562	0.3764330846280074
505	12.695767603823077	-11504.179855145814	0.5246926834690651	0.7786015632651844	1.1670112044039609	3.2358067781824333	4.124117362840264	0.5135625480653734	0.2821257274979053	0.4222692945764051	0.3058516820397857	0.8200148584379562	0.3764330846280074
506	12.695767603823077	-11504.179855145814	0.5246926834690651	0.7786015632651844	1.1670112044039609	3.2358067781824333	4.124117362840264	0.5135625480653734	0.2821257274979053	0.4222692945764051	0.3058516820397857	0.8200148584379562	0.3764330846280074
507	12.695767603823077	-11504.179855145814	0.5246926834690651	0.7786015632651844	1.1670112044039609	3.2358067781824333	4.124117362840264	0.5135625480653734	0.2821257274979053	0.4222692945764051	0.3058516820397857	0.8200148584379562	0.3764330846280074
508	12.695767603823077	-11504.179855145814	0.5246926834690651	0.7786015632651844	1.1670112044039609	3.2358067781824333	4.124117362840264	0.5135625480653734	0.2821257274979053	0.4222692945764051	0.3058516820397857	0.8200148584379562	0.3764330846280074
509	12.695767603823077	-11504.179855145814	0.5246926834690651	0.7786015632651844	1.1670112044039609	3.2358067781824333	4.124117362840264	0.5135625480653734	0.2821257274979053	0.4222692945764051	0.3058516820397857	0.8200148584379562	0.3764330846280074
510	12.695767603823077	-11504.179855145814	0.5246926834690651	0.7786015632651844	1.1670112044039609	3.2358067781824333	4.124117362840264	0.5135625480653734	0.2821257274979053	0.4222692945764051	0.3058516820397857	0.8200148584379562	0.3764330846280074
511	12.695767603823077	-11504.179855145814	0.5246926834690651	0.7786015632651844	1.1670112044039609	3.2358067781824333	4.124117362840264	0.5135625480653734	0.2821257274979053	0.4222692945764051	0.3058516820397857	0.8200148584379562	0.3764330846280074
512	12.695767603823077	-11504.179855145814	0.5246926834690651	0.7786015632651844	1.1670112044039609	3.2358067781824333	4.124117362840264	0.5135625480653734	0.2821257274979053	0.4222692945764051	0.3058516820397857	0.8200148584379562	0.3764330846280074
513	12.695767603823077	-11504.179855145814	0.5246926834690651	0.7786015632651844	1.1670112044039609	3.2358067781824333	4.124117362840264	0.5135625480653734	0.2821257274979053	0.4222692945764051	0.3058516820397857	0.8200148584379562	0.3764330846280074
514	12.676009103380158	-11504.828339955715	0.5246926834690651	0.7786015632651844	1.1670112044039609	3.2358067781824333	4.124117362840264	0.5135625480653734	0.2821257274979053	0.4222692945764051	0.3058516820397857	0.8200148584379562	0.3764330846280074
515	12.676009103380158	-11504.828339955715	0.5246926834690651	0.7786015632651844	1.1670112044039609	3.2358067781824333	4.124117362840264	0.5135625480653734	0.2821257274979053	0.4222692945764051	0.3058516820397857	0.8200148584379562	0.3764330846280074
516	12.757122732278367	-11506.774041849107	0.5246926834690651	0.7786015632651844	1.1670112044039609	3.2358067781824333	4.124117362840264	0.5135625480653734	0.2821257274979053	0.4222692945764051	0.3058516820397857	0.8200148584379562	0.3764330846280074
517	12.757122732278367	-11479.30664362169	0.5246926834690651	0.7786015632651844	1.1670112044039609	3.2358067781824333	4.124117362840264	0.5135625480653734	0.2821257274979053	0.4222692945764051	0.3058516820397857	0.8200148584379562	0.3764330846280074
518	12.84586773845723	-11479.30664362169	0.5246926834690651	0.7786015632651844	1.1670112044039609	3.2358067781824333	4.124117362840264	0.5135625480653734	0.2821257274979053	0.4222692945764051	0.3058516820397857	0.8200148584379562	0.3519295347548557
519	12.84586773845723	-11479.30664362169	0.5246926834690651	0.7786015632651844	1.1670112044039609	3.2358067781824333	4.124117362840264	0.5135625480653734	0.2821257274979053	0.4222692945764051	0.3058516820397857	0.8200148584379562	0.3519295347548557
520	12.84586773845723	-11479.30664362169	0.5246926834690651	0.7786015632651844	1.1670112044039609	3.2358067781824333	4.124117362840264	0.5135625480653734	0.2821257274979053	0.4222692945764051	0.3058516820397857	0.8200148584379562	0.3519295347548557
521	12.84586773845723	-11479.30664362169	0.5246926834690651	0.7786015632651844	1.1670112044039609	3.2358067781824333	4.124117362840264	0.5135625480653734	0.2821257274979053	0.4222692945764051	0.3058516820397857	0.8200148584379562	0.3519295347548557
522	12.594368186615128	-11479.30664362169	0.5246926834690651	0.7786015632651844	1.1670112044039609	3.2358067781824333	4.124117362840264	0.4443945111185776	0.3378910586167826	0.32075734999737276	0.336932363632663	0.8817415799680699	0.3519295347548557
523	12.594368186615128	-11479.30664362169	0.5246926834690651	0.7786015632651844	1.1670112044039609	3.2358067781824333	4.124117362840264	0.4443945111185776	0.3378910586167826	0.32075734999737276	0.336932363632663	0.8817415799680699	0.3519295347548557
524	12.594368186615128	-11478.748730812009	0.5246926834690651	0.7786015632651844	1.1670112044039609	3.2358067781824333	4.124117362840264	0.4443945111185776	0.3378910586167826	0.32075734999737276	0.336932363632663	0.8817415799680699	0.3519295347548557
525	12.348670053213636	-11478.748730812009	0.5246926834690651	0.7786015632651844	1.1670112044039609	3.2358067781824333	4.124117362840264	0.4443945111185776	0.3378910586167826	0.32075734999737276	0.336932363632663	0.8817415799680699	0.4207122390791681
526	12.348670053213636	-11478.748730812009	0.5246926834690651	0.7786015632651844	1.1670112044039609	3.2358067781824333	4.124117362840264	0.4443945111185776	0.3378910586167826	0.32075734999737276	0.336932363632663	0.8817415799680699	0.4207122390791681
527	12.348670053213636	-11478.748730812009	0.5246926834690651	0.7786015632651844	1.1670112044039609	3.2358067781824333	4.124117362840264	0.4443945111185776	0.3378910586167826	0.32075734999737276	0.336932363632663	0.8817415799680699	0.4207122390791681
528	12.348670053213636	-11478.748730812009	0.5246926834690651	0.7786015632651844	1.1670112044039609	3.2358067781824333	4.124117362840264	0.4443945111185776	0.3378910586167826	0.32075734999737276	0.336932363632663	0.8817415799680699	0.4207122390791681
529	12.348670053213636	-11475.637248412573	0.5246926834690651	0.7786015632651844	1.1670112044039609	3.2358067781824333	4.124117362840264	0.4443945111185776	0.3378910586167826	0.32075734999737276	0.336932363632663	0.8817415799680699	0.4207122390791681
530	12.04769663220454	-11475.637248412573	0.5246926834690651	0.7786015632651844	1.1670112044039609	3.2358067781824333	4.124117362840264	0.4443945111185776	0.3378910586167826	0.32075734999737276	0.336932363632663	0.8817415799680699	0.5047213580224427
531	12.04769663220454	-11475.637248412573	0.5246926834690651	0.7786015632651844	1.1670112044039609	3.2358067781824333	4.124117362840264	0.4443945111185776	0.3378910586167826	0.32075734999737276	0.336932363632663	0.8817415799680699	0.5047213580224427
532	12.04769663220454	-11475.637248412573	0.5246926834690651	0.7786015632651844	1.1670112044039609	3.2358067781824333	4.124117362840264	0.4443945111185776	0.3378910586167826	0.32075734999737276	0.336932363632663	0.8817415799680699	0.5047213580224427
533	12.04769663220454	-11475.637248412573	0.5246926834690651	0.7786015632651844	1.1670112044039609	3.2358067781824333	4.124117362840264	0.4443945111185776	0.3378910586167826	0.32075734999737276	0.336932363632663	0.8817415799680699	0.5047213580224427
534	12.04769663220454	-11475.637248412573	0.5246926834690651	0.7786015632651844	1.1670112044039609	3.2358067781824333	4.124117362840264	0.4443945111185776	0.3378910586167826	0.32075734999737276	0.336932363632663	0.8817415799680699	0.5047213580224427
535	12.04769663220454	-11475.637248412573	0.5246926834690651	0.7786015632651844	1.1670112044039609	3.2358067781824333	4.124117362840264	0.4443945111185776	0.3378910586167826	0.32075734999737276	0.336932363632663	0.8817415799680699	0.5047213580224427
536	12.04769663220454	-11475.637248412573	0.5246926834690651	0.7786015632651844	1.1670112044039609	3.2358067781824333	4.124117362840264	0.4443945111185776	0.3378910586167826	0.32075734999737276	0.336932363632663	0.8817415799680699	0.5047213580224427
537	12.04769663220454	-11475.637248412573	0.5246926834690651	0.7786015632651844	1.1670112044039609	3.2358067781824333	4.124117362840264	0.4443945111185776	0.3378910586167826	0.32075734999737276	0.336932363632663	0.8817415799680699	0.5047213580224427
538	12.04769663220454	-11475.637248412573	0.5246926834690651	0.7786015632651844	1.1670112044039609	3.2358067781824333	4.124117362840264	0.4443945111185776	0.3378910586167826	0.32075734999737276	0.336932363632663	0.8817415799680699	0.5047213580224427
539	12.01973935332976	-11466.020395664555	0.5246926834690651	0.7786015632651844	1.1670112044039609	3.2358067781824333	4.124117362840264	0.4443945111185776	0.3378910586167826	0.32075734999737276	0.336932363632663	0.8817415799680699	0.5047213580224427
540	12.01973935332976	-11466.020395664555	0.5246926834690651	0.7786015632651844	1.1670112044039609	3.2358067781824333	4.124117362840264	0.4443945111185776	0.3378910586167826	0.32075734999737276	0.336932363632663	0.8817415799680699	0.5047213580224427
541	12.01973935332976	-11466.020395664555	0.5246926834690651	0.7786015632651844	1.1670112044039609	3.2358067781824333	4.124117362840264	0.4443945111185776	0.3378910586167826	0.32075734999737276	0.336932363632663	0.8817415799680699	0.5047213580224427
542	12.01973935332976	-11466.020395664555	0.5246926834690651	0.7786015632651844	1.1670112044039609	3.2358067781824333	4.124117362840264	0.4443945111185776	0.3378910586167826	0.32075734999737276	0.336932363632663	0.8817415799680699	0.5047213580224427
543	12.01973935332976	-11466.020395664555	0.5246926834690651	0.7786015632651844	1.1670112044039609	3.2358067781824333	4.124117362840264	0.4443945111185776	0.3378910586167826	0.32075734999737276	0.336932363632663	0.8817415799680699	0.5047213580224427
544	12.01973935332976	-11466.020395664555	0.5246926834690651	0.7786015632651844	1.1670112044039609	3.2358067781824333	4.124117362840264	0.4443945111185776	0.3378910586167826	0.32075734999737276	0.336932363632663	0.8817415799680699	0.5047213580224427
545	12.01973935332976	-11465.121845286303	0.5246926834690651	0.7786015632651844	1.1670112044039609	3.2358067781824333	4.124117362840264	0.4443945111185776	0.3378910586167826	0.32075734999737276	0.336932363632663	0.8817415799680699	0.5047213580224427
546	11.738742895854626	-11372.37144033065	0.5246926834690651	0.7786015632651844	1.1670112044039609	3.2358067781824333	4.124117362840264	0.4443945111185776	0.3378910586167826	0.32075734999737276	0.336932363632663	0.8817415799680699	0.5047213580224427
547	11.738742895854626	-11372.37144033065	0.5246926834690651	0.7786015632651844	1.1670112044039609	3.2358067781824333	4.124117362840264	0.4443945111185776	0.3378910586167826	0.32075734999737276	0.336932363632663	0.8817415799680699	0.5047213580224427
548	11.738742895854626	-11372.37144033065	0.5246926834690651	0.7786015632651844	1.1670112044039609	3.2358067781824333	4.124117362840264	0.4443945111185776	0.3378910586167826	0.32075734999737276	0.336932363632663	0.8817415799680699	0.5047213580224427
549	11.738742895854626	-11372.37144033065	0.5246926834690651	0.7786015632651844	1.1670112044039609	3.2358067781824333	4.124117362840264	0.4443945111185776	0.3378910586167826	0.32075734999737276	0.336932363632663	0.8817415799680699	0.5047213580224427
550	11.710280272443766	-11369.266164539711	0.5246926834690651	0.7786015632651844	1.1670112044039609	3.2358067781824333	4.124117362840264	0.4443945111185776	0.3378910586167826	0.32075734999737276	0.336932363632663	0.8817415799680699	0.5047213580224427
551	11.710280272443766	-11369.266164539711	0.5246926834690651	0.7786015632651844	1.1670112044039609	3.2358067781824333	4.124117362840264	0.4443945111185776	0.3378910586167826	0.32075734999737276	0.336932363632663	0.8817415799680699	0.5047213580224427
552	11.710280272443766	-11352.696293850671	0.5246926834690651	0.7786015632651844	1.1670112044039609	3.2358067781824333	4.124117362840264	0.4443945111185776	0.3378910586167826	0.32075734999737276	0.336932363632663	0.8817415799680699	0.5047213580224427
553	11.710280272443766	-11352.696293850671	0.5246926834690651	0.7786015632651844	1.1670112044039609	3.2358067781824333	4.124117362840264	0.4443945111185776	0.3378910586167826	0.32075734999737276	0.336932363632663	0.8817415799680699	0.5047213580224427
554	11.710280272443766	-11352.696293850671	0.5246926834690651	0.7786015632651844	1.1670112044039609	3.2358067781824333	4.124117362840264	0.4443945111185776	0.3378910586167826	0.32075734999737276	0.336932363632663	0.8817415799680699	0.5047213580224427
555	11.710280272443766	-11341.396482518092	0.5246926834690651	0.7786015632651844	1.1670112044039609	3.2358067781824333	4.124117362840264	0.4443945111185776	0.3378910586167826	0.32075734999737276	0.336932363632663	0.8817415799680699	0.5047213580224427
556	11.699444761416272	-11340.335176614373	0.5246926834690651	0.7786015632651844	1.1670112044039609	3.2358067781824333	4.124117362840264	0.4443945111185776	0.3378910586167826	0.32075734999737276	0.336932363632663	0.8817415799680699	0.5047213580224427
557	11.699444761416272	-11340.335176614373	0.5246926834690651	0.7786015632651844	1.1670112044039609	3.2358067781824333	4.124117362840264	0.4443945111185776	0.3378910586167826	0.32075734999737276	0.336932363632663	0.8817415799680699	0.5047213580224427
558	11.699444761416272	-11339.953832991017	0.5246926834690651	0.7786015632651844	1.1670112044039609	3.2358067781824333	4.124117362840264	0.4443945111185776	0.3378910586167826	0.32075734999737276	0.336932363632663	0.8817415799680699	0.5047213580224427
559	11.699444761416272	-11339.953832991017	0.5246926834690651	0.7786015632651844	1.1670112044039609	3.2358067781824333	4.124117362840264	0.4443945111185776	0.3378910586167826	0.32075734999737276	0.336932363632663	0.8817415799680699	0.5047213580224427
560	11.699444761416272	-11339.953832991017	0.5246926834690651	0.7786015632651844	1.1670112044039609	3.2358067781824333	4.124117362840264	0.4443945111185776	0.3378910586167826	0.32075734999737276	0.336932363632663	0.8817415799680699	0.5047213580224427
561	11.703941271829548	-11327.633919395765	0.5246926834690651	0.7786015632651844	1.1670112044039609	3.2358067781824333	4.124117362840264	0.4443945111185776	0.3378910586167826	0.32075734999737276	0.336932363632663	0.8817415799680699	0.5047213580224427
562	11.703941271829548	-11329.927390152163	0.5246926834690651	0.7786015632651844	1.1670112044039609	3.2358067781824333	4.124117362840264	0.4443945111185776	0.3378910586167826	0.32075734999737276	0.336932363632663	0.8817415799680699	0.5047213580224427
563	11.703941271829548	-11329.927390152163	0.5246926834690651	0.7786015632651844	1.1670112044039609	3.2358067781824333	4.124117362840264	0.4443945111185776	0.3378910586167826	0.32075734999737276	0.336932363632663	0.8817415799680699	0.5047213580224427
564	11.703941271829548	-11329.927390152163	0.5246926834690651	0.7786015632651844	1.1670112044039609	3.2358067781824333	4.124117362840264	0.4443945111185776	0.3378910586167826	0.32075734999737276	0.336932363632663	0.8817415799680699	0.5047213580224427
565	11.703941271829548	-11329.927390152163	0.5246926834690651	0.7786015632651844	1.1670112044039609	3.2358067781824333	4.124117362840264	0.4443945111185776	0.3378910586167826	0.32075734999737276	0.336932363632663	0.8817415799680699	0.5047213580224427
566	11.703941271829548	-11329.927390152163	0.5246926834690651	0.7786015632651844	1.1670112044039609	3.2358067781824333	4.124117362840264	0.4443945111185776	0.3378910586167826	0.32075734999737276	0.336932363632663	0.8817415799680699	0.5047213580224427
567	12.105900695711512	-11329.927390152163	0.5246926834690651	0.7786015632651844	1.1670112044039609	3.2358067781824333	4.124117362840264	0.4629414029300228	0.38566521001961734	0.31061503926133366	0.44801411798726487	0.7755062266523073	0.5047213580224427
568	12.105900695711512	-11332.379867376354	0.5246926834690651	0.7786015632651844	1.1670112044039609	3.2358067781824333	4.124117362840264	0.4629414029300228	0.38566521001961734	0.31061503926133366	0.44801411798726487	0.7755062266523073	0.5047213580224427
569	12.105900695711512	-11332.379867376354	0.5246926834690651	0.7786015632651844	1.1670112044039609	3.2358067781824333	4.124117362840264	0.4629414029300228	0.38566521001961734	0.31061503926133366	0.44801411798726487	0.7755062266523073	0.5047213580224427
570	12.08548112380133	-11293.576287965738	0.5246926834690651	0.7786015632651844	1.1670112044039609	3.2358067781824333	4.124117362840264	0.4629414029300228	0.38566521001961734	0.31061503926133366	0.44801411798726487	0.7755062266523073	0.5047213580224427
571	12.08548112380133	-11293.576287965738	0.5246926834690651	0.7786015632651844	1.1670112044039609	3.2358067781824333	4.124117362840264	0.4629414029300228	0.38566521001961734	0.31061503926133366	0.44801411798726487	0.7755062266523073	0.5047213580224427
572	12.019812352999892	-11285.413016062754	0.5246926834690651	0.7786015632651844	1.1670112044039609	3.2358067781824333	4.124117362840264	0.4629414029300228	0.38566521001961734	0.31061503926133366	0.44801411798726487	0.7755062266523073	0.5047213580224427
573	12.019812352999892	-11285.413016062754	0.5246926834690651	0.7786015632651844	1.1670112044039609	3.2358067781824333	4.124117362840264	0.4629414029300228	0.38566521001961734	0.31061503926133366	0.44801411798726487	0.7755062266523073	0.5047213580224427
574	12.019812352999892	-11285.413016062754	0.5246926834690651	0.7786015632651844	1.1670112044039609	3.2358067781824333	4.124117362840264	0.4629414029300228	0.38566521001961734	0.31061503926133366	0.44801411798726487	0.7755062266523073	0.5047213580224427
575	12.019812352999892	-11278.219612908026	0.5246926834690651	0.7786015632651844	1.1670112044039609	3.2358067781824333	4.124117362840264	0.4629414029300228	0.38566521001961734	0.31061503926133366	0.44801411798726487	0.7755062266523073	0.5047213580224427
576	12.019812352999892	-11278.219612908026	0.5246926834690651	0.7786015632651844	1.1670112044039609	3.2358067781824333	4.124117362840264	0.4629414029300228	0.38566521001961734	0.31061503926133366	0.44801411798726487	0.7755062266523073	0.5047213580224427
577	12.019812352999892	-11278.219612908026	0.5246926834690651	0.7786015632651844	1.1670112044039609	3.2358067781824333	4.124117362840264	0.4629414029300228	0.38566521001961734	0.31061503926133366	0.44801411798726487	0.7755062266523073	0.5047213580224427
578	12.019812352999892	-11278.219612908026	0.5246926834690651	0.7786015632651844	1.1670112044039609	3.2358067781824333	4.124117362840264	0.4629414029300228	0.38566521001961734	0.31061503926133366	0.44801411798726487	0.7755062266523073	0.5047213580224427
579	12.019812352999892	-11278.219612908026	0.5246926834690651	0.7786015632651844	1.1670112044039609	3.2358067781824333	4.124117362840264	0.4629414029300228	0.38566521001961734	0.31061503926133366	0.44801411798726487	0.7755062266523073	0.5047213580224427
580	12.117078892816892	-11266.68578453236	0.5246926834690651	0.7786015632651844	1.1670112044039609	3.2358067781824333	4.124117362840264	0.4629414029300228	0.38566521001961734	0.31061503926133366	0.44801411798726487	0.7755062266523073	0.5047213580224427
581	12.260186637079073	-11265.741010823407	0.5246926834690651	0.7786015632651844	1.1670112044039609	3.2358067781824333	4.124117362840264	0.4629414029300228	0.38566521001961734	0.31061503926133366	0.44801411798726487	0.7755062266523073	0.5047213580224427
582	12.260186637079073	-11265.741010823407	0.5246926834690651	0.7786015632651844	1.1670112044039609	3.2358067781824333	4.124117362840264	0.4629414029300228	0.38566521001961734	0.31061503926133366	0.44801411798726487	0.7755062266523073	0.5047213580224427
583	12.260186637079073	-11265.741010823407	0.5246926834690651	0.7786015632651844	1.1670112044039609	3.2358067781824333	4.124117362840264	0.4629414029300228	0.38566521001961734	0.31061503926133366	0.44801411798726487	0.7755062266523073	0.5047213580224427
584	12.260186637079073	-11265.741010823407	0.5246926834690651	0.7786015632651844	1.1670112044039609	3.2358067781824333	4.124117362840264	0.4629414029300228	0.38566521001961734	0.31061503926133366	0.44801411798726487	0.7755062266523073	0.5047213580224427
585	12.260186637079073	-11265.741010823407	0.5246926834690651	0.7786015632651844	1.1670112044039609	3.2358067781824333	4.124117362840264	0.4629414029300228	0.38566521001961734	0.31061503926133366	0.44801411798726487	0.7755062266523073	0.5047213580224427
586	17.553481153552198	-11265.741010823407	0.6021270780655223	0.9405877813226114	0.9750961733636705	3.3545185416138152	4.435238261824487	0.4629414029300228	0.38566521001961734	0.31061503926133366	0.44801411798726487	0.7755062266523073	0.5047213580224427
587	17.553481153552198	-11265.741010823407	0.6021270780655223	0.9405877813226114	0.9750961733636705	3.3545185416138152	4.435238261824487	0.4629414029300228	0.38566521001961734	0.31061503926133366	0.44801411798726487	0.7755062266523073	0.5047213580224427
588	17.981341141119437	-11265.741010823407	0.6021270780655223	0.9405877813226114	0.9750961733636705	3.3545185416138152	4.435238261824487	0.4629414029300228	0.38566521001961734	0.31061503926133366	0.44801411798726487	0.7755062266523073	0.39736492705733867
589	17.981341141119437	-11265.741010823407	0.6021270780655223	0.9405877813226114	0.9750961733636705	3.3545185416138152	4.435238261824487	0.4629414029300228	0.38566521001961734	0.31061503926133366	0.44801411798726487	0.7755062266523073	0.39736492705733867
590	17.981341141119437	-11265.741010823407	0.6021270780655223	0.9405877813226114	0.9750961733636705	3.3545185416138152	4.435238261824487	0.4629414029300228	0.38566521001961734	0.31061503926133366	0.44801411798726487	0.7755062266523073	0.39736492705733867
591	17.890509684366997	-11265.741010823407	0.6021270780655223	0.9405877813226114	0.9750961733636705	3.3545185416138152	4.435238261824487	0.4629414029300228	0.38566521001961734	0.31061503926133366	0.44801411798726487	0.7755062266523073	0.4201781556919749
592	17.890509684366997	-11265.741010823407	0.6021270780655223	0.9405877813226114	0.9750961733636705	3.3545185416138152	4.435238261824487	0.4629414029300228	0.38566521001961734	0.31061503926133366	0.44801411798726487	0.7755062266523073	0.4201781556919749
593	17.890509684366997	-11265.741010823407	0.6021270780655223	0.9405877813226114	0.9750961733636705	3.3545185416138152	4.435238261824487	0.4629414029300228	0.38566521001961734	0.31061503926133366	0.44801411798726487	0.7755062266523073	0.4201781556919749
594	17.890509684366997	-11265.741010823407	0.6021270780655223	0.9405877813226114	0.9750961733636705	3.3545185416138152	4.435238261824487	0.4629414029300228	0.38566521001961734	0.31061503926133366	0.44801411798726487	0.7755062266523073	0.4201781556919749
595	17.890509684366997	-11265.741010823407	0.6021270780655223	0.9405877813226114	0.9750961733636705	3.3545185416138152	4.435238261824487	0.4629414029300228	0.38566521001961734	0.31061503926133366	0.44801411798726487	0.7755062266523073	0.4201781556919749
596	17.890509684366997	-11265.741010823407	0.6021270780655223	0.9405877813226114	0.9750961733636705	3.3545185416138152	4.435238261824487	0.4629414029300228	0.38566521001961734	0.31061503926133366	0.44801411798726487	0.7755062266523073	0.4201781556919749
597	18.005945651093974	-11256.909368332219	0.6021270780655223	0.9405877813226114	0.9750961733636705	3.3545185416138152	4.435238261824487	0.4629414029300228	0.38566521001961734	0.31061503926133366	0.44801411798726487	0.7755062266523073	0.4201781556919749
598	18.005945651093974	-11256.909368332219	0.6021270780655223	0.9405877813226114	0.9750961733636705	3.3545185416138152	4.435238261824487	0.4629414029300228	0.38566521001961734	0.31061503926133366	0.44801411798726487	0.7755062266523073	0.4201781556919749
599	18.005945651093974	-11256.909368332219	0.6021270780655223	0.9405877813226114	0.9750961733636705	3.3545185416138152	4.435238261824487	0.4629414029300228	0.38566521001961734	0.31061503926133366	0.44801411798726487	0.7755062266523073	0.4201781556919749
600	18.322974633519003	-11126.595063456016	0.6021270780655223	0.9405877813226114	0.9750961733636705	3.3545185416138152	4.435238261824487	0.4629414029300228	0.38566521001961734	0.31061503926133366	0.44801411798726487	0.7755062266523073	0.4201781556919749
601	18.322974633519003	-11126.595063456016	0.6021270780655223	0.9405877813226114	0.9750961733636705	3.3545185416138152	4.435238261824487	0.4629414029300228	0.38566521001961734	0.31061503926133366	0.44801411798726487	0.7755062266523073	0.4201781556919749
602	18.322974633519003	-11126.533991233868	0.6021270780655223	0.9405877813226114	0.9750961733636705	3.3545185416138152	4.435238261824487	0.4629414029300228	0.38566521001961734	0.31061503926133366	0.44801411798726487	0.7755062266523073	0.4201781556919749
603	18.116200500399195	-11107.100748756566	0.6021270780655223	0.9405877813226114	0.9750961733636705	3.3545185416138152	4.435238261824487	0.4629414029300228	0.38566521001961734	0.31061503926133366	0.44801411798726487	0.7755062266523073	0.4201781556919749
604	18.116200500399195	-11107.100748756566	0.6021270780655223	0.9405877813226114	0.9750961733636705	3.3545185416138152	4.435238261824487	0.4629414029300228	0.38566521001961734	0.31061503926133366	0.44801411798726487	0.7755062266523073	0.4201781556919749
605	18.116200500399195	-11107.100748756566	0.6021270780655223	0.9405877813226114	0.9750961733636705	3.3545185416138152	4.435238261824487	0.4629414029300228	0.38566521001961734	0.31061503926133366	0.44801411798726487	0.7755062266523073	0.4201781556919749
606	18.194229385636326	-11104.861579332279	0.6021270780655223	0.9405877813226114	0.9750961733636705	3.3545185416138152	4.435238261824487	0.4629414029300228	0.38566521001961734	0.31061503926133366	0.44801411798726487	0.7755062266523073	0.4201781556919749
607	18.194229385636326	-11104.861579332279	0.6021270780655223	0.9405877813226114	0.9750961733636705	3.3545185416138152	4.435238261824487	0.4629414029300228	0.38566521001961734	0.31061503926133366	0.44801411798726487	0.7755062266523073	0.4201781556919749
608	18.194229385636326	-11104.861579332279	0.6021270780655223	0.9405877813226114	0.9750961733636705	3.3545185416138152	4.435238261824487	0.4629414029300228	0.38566521001961734	0.31061503926133366	0.44801411798726487	0.7755062266523073	0.4201781556919749
609	18.194229385636326	-11104.861579332279	0.6021270780655223	0.9405877813226114	0.9750961733636705	3.3545185416138152	4.435238261824487	0.4629414029300228	0.38566521001961734	0.31061503926133366	0.44801411798726487	0.7755062266523073	0.4201781556919749
610	18.194229385636326	-11104.861579332279	0.6021270780655223	0.9405877813226114	0.9750961733636705	3.3545185416138152	4.435238261824487	0.4629414029300228	0.38566521001961734	0.31061503926133366	0.44801411798726487	0.7755062266523073	0.4201781556919749
611	18.194229385636326	-11104.854018179976	0.6021270780655223	0.9405877813226114	0.9750961733636705	3.3545185416138152	4.435238261824487	0.4629414029300228	0.38566521001961734	0.31061503926133366	0.44801411798726487	0.7755062266523073	0.4201781556919749
612	18.194229385636326	-11104.854018179976	0.6021270780655223	0.9405877813226114	0.9750961733636705	3.3545185416138152	4.435238261824487	0.4629414029300228	0.38566521001961734	0.31061503926133366	0.44801411798726487	0.7755062266523073	0.4201781556919749
613	18.194229385636326	-11104.854018179976	0.6021270780655223	0.9405877813226114	0.9750961733636705	3.3545185416138152	4.435238261824487	0.4629414029300228	0.38566521001961734	0.31061503926133366	0.44801411798726487	0.7755062266523073	0.4201781556919749
614	18.194229385636326	-11104.854018179976	0.6021270780655223	0.9405877813226114	0.9750961733636705	3.3545185416138152	4.435238261824487	0.4629414029300228	0.38566521001961734	0.31061503926133366	0.44801411798726487	0.7755062266523073	0.4201781556919749
615	18.656572693280815	-11083.432861316614	0.6021270780655223	0.9405877813226114	0.9750961733636705	3.3545185416138152	4.435238261824487	0.4629414029300228	0.38566521001961734	0.31061503926133366	0.44801411798726487	0.7755062266523073	0.4201781556919749
616	18.656572693280815	-11080.233809563806	0.6021270780655223	0.9405877813226114	0.9750961733636705	3.3545185416138152	4.435238261824487	0.4629414029300228	0.38566521001961734	0.31061503926133366	0.44801411798726487	0.7755062266523073	0.4201781556919749
617	18.656572693280815	-11080.233809563806	0.6021270780655223	0.9405877813226114	0.9750961733636705	3.3545185416138152	4.435238261824487	0.4629414029300228	0.38566521001961734	0.31061503926133366	0.44801411798726487	0.7755062266523073	0.4201781556919749
618	18.656572693280815	-11079.70536357152	0.6021270780655223	0.9405877813226114	0.9750961733636705	3.3545185416138152	4.435238261824487	0.4629414029300228	0.38566521001961734	0.31061503926133366	0.44801411798726487	0.7755062266523073	0.4201781556919749
619	18.656572693280815	-11079.70536357152	0.6021270780655223	0.9405877813226114	0.9750961733636705	3.3545185416138152	4.435238261824487	0.4629414029300228	0.38566521001961734	0.31061503926133366	0.44801411798726487	0.7755062266523073	0.4201781556919749
620	18.656572693280815	-11079.70536357152	0.6021270780655223	0.9405877813226114	0.9750961733636705	3.3545185416138152	4.435238261824487	0.4629414029300228	0.38566521001961734	0.31061503926133366	0.44801411798726487	0.7755062266523073	0.4201781556919749
621	18.65248067587074	-11079.376904292929	0.6021270780655223	0.9405877813226114	0.9750961733636705	3.3545185416138152	4.435238261824487	0.4629414029300228	0.38566521001961734	0.31061503926133366	0.44801411798726487	0.7755062266523073	0.4201781556919749
622	18.65248067587074	-11079.376904292929	0.6021270780655223	0.9405877813226114	0.9750961733636705	3.3545185416138152	4.435238261824487	0.4629414029300228	0.38566521001961734	0.31061503926133366	0.44801411798726487	0.7755062266523073	0.4201781556919749
623	18.65248067587074	-11079.376904292929	0.6021270780655223	0.9405877813226114	0.9750961733636705	3.3545185416138152	4.435238261824487	0.4629414029300228	0.38566521001961734	0.31061503926133366	0.44801411798726487	0.7755062266523073	0.4201781556919749
624	18.65248067587074	-11079.376904292929	0.6021270780655223	0.9405877813226114	0.9750961733636705	3.3545185416138152	4.435238261824487	0.4629414029300228	0.38566521001961734	0.31061503926133366	0.44801411798726487	0.7755062266523073	0.4201781556919749
625	18.65248067587074	-11079.376904292929	0.6021270780655223	0.9405877813226114	0.9750961733636705	3.3545185416138152	4.435238261824487	0.4629414029300228	0.38566521001961734	0.31061503926133366	0.44801411798726487	0.7755062266523073	0.4201781556919749
626	18.65248067587074	-11079.376904292929	0.6021270780655223	0.9405877813226114	0.9750961733636705	3.3545185416138152	4.435238261824487	0.4629414029300228	0.38566521001961734	0.31061503926133366	0.44801411798726487	0.7755062266523073	0.4201781556919749
627	18.65248067587074	-11079.376904292929	0.6021270780655223	0.9405877813226114	0.9750961733636705	3.3545185416138152	4.435238261824487	0.4629414029300228	0.38566521001961734	0.31061503926133366	0.44801411798726487	0.7755062266523073	0.4201781556919749
628	18.65248067587074	-11079.376904292929	0.6021270780655223	0.9405877813226114	0.9750961733636705	3.3545185416138152	4.435238261824487	0.4629414029300228	0.38566521001961734	0.31061503926133366	0.44801411798726487	0.7755062266523073	0.4201781556919749
629	18.65248067587074	-11068.223702775582	0.6021270780655223	0.9405877813226114	0.9750961733636705	3.3545185416138152	4.435238261824487	0.4629414029300228	0.38566521001961734	0.31061503926133366	0.44801411798726487	0.7755062266523073	0.4201781556919749
630	18.65248067587074	-11068.223702775582	0.6021270780655223	0.9405877813226114	0.9750961733636705	3.3545185416138152	4.435238261824487	0.4629414029300228	0.38566521001961734	0.31061503926133366	0.44801411798726487	0.7755062266523073	0.4201781556919749
631	18.65248067587074	-11068.229982884555	0.6021270780655223	0.9405877813226114	0.9750961733636705	3.3545185416138152	4.435238261824487	0.4629414029300228	0.38566521001961734	0.31061503926133366	0.44801411798726487	0.7755062266523073	0.4201781556919749
632	18.65248067587074	-11068.229982884555	0.6021270780655223	0.9405877813226114	0.9750961733636705	3.3545185416138152	4.435238261824487	0.4629414029300228	0.38566521001961734	0.31061503926133366	0.44801411798726487	0.7755062266523073	0.4201781556919749
633	18.57435331601259	-11068.229982884555	0.6021270780655223	0.9405877813226114	0.9750961733636705	3.3545185416138152	4.435238261824487	0.4629414029300228	0.38566521001961734	0.31061503926133366	0.44801411798726487	0.7755062266523073	0.43979018624082716
634	18.57435331601259	-11068.229982884555	0.6021270780655223	0.9405877813226114	0.9750961733636705	3.3545185416138152	4.435238261824487	0.4629414029300228	0.38566521001961734	0.31061503926133366	0.44801411798726487	0.7755062266523073	0.43979018624082716
635	18.57435331601259	-11068.229982884555	0.6021270780655223	0.9405877813226114	0.9750961733636705	3.3545185416138152	4.435238261824487	0.4629414029300228	0.38566521001961734	0.31061503926133366	0.44801411798726487	0.7755062266523073	0.43979018624082716
636	18.578641756221117	-11067.88346951748	0.6021270780655223	0.9405877813226114	0.9750961733636705	3.3545185416138152	4.435238261824487	0.4629414029300228	0.38566521001961734	0.31061503926133366	0.44801411798726487	0.7755062266523073	0.43979018624082716
637	18.56143584565524	-11068.219058127217	0.6021270780655223	0.9405877813226114	0.9750961733636705	3.3545185416138152	4.435238261824487	0.4629414029300228	0.38566521001961734	0.31061503926133366	0.44801411798726487	0.7755062266523073	0.43979018624082716
638	18.557833693614896	-11067.421957026096	0.6021270780655223	0.9405877813226114	0.9750961733636705	3.3545185416138152	4.435238261824487	0.4629414029300228	0.38566521001961734	0.31061503926133366	0.44801411798726487	0.7755062266523073	0.43979018624082716
639	17.610336517647553	-11051.760195563515	0.6021270780655223	0.9405877813226114	0.9750961733636705	3.3545185416138152	4.435238261824487	0.4629414029300228	0.38566521001961734	0.31061503926133366	0.44801411798726487	0.7755062266523073	0.43979018624082716
640	17.610336517647553	-11051.760195563515	0.6021270780655223	0.9405877813226114	0.9750961733636705	3.3545185416138152	4.435238261824487	0.4629414029300228	0.38566521001961734	0.31061503926133366	0.44801411798726487	0.7755062266523073	0.43979018624082716
641	17.610336517647553	-11051.760195563515	0.6021270780655223	0.9405877813226114	0.9750961733636705	3.3545185416138152	4.435238261824487	0.4629414029300228	0.38566521001961734	0.31061503926133366	0.44801411798726487	0.7755062266523073	0.43979018624082716
642	17.610336517647553	-11051.760195563515	0.6021270780655223	0.9405877813226114	0.9750961733636705	3.3545185416138152	4.435238261824487	0.4629414029300228	0.38566521001961734	0.31061503926133366	0.44801411798726487	0.7755062266523073	0.43979018624082716
643	17.610336517647553	-11051.760195563515	0.6021270780655223	0.9405877813226114	0.9750961733636705	3.3545185416138152	4.435238261824487	0.4629414029300228	0.38566521001961734	0.31061503926133366	0.44801411798726487	0.7755062266523073	0.43979018624082716
644	17.65941779483478	-11006.270794327236	0.6021270780655223	0.9405877813226114	0.9750961733636705	3.3545185416138152	4.435238261824487	0.4629414029300228	0.38566521001961734	0.31061503926133366	0.44801411798726487	0.7755062266523073	0.43979018624082716
645	17.65941779483478	-11006.291528002732	0.6021270780655223	0.9405877813226114	0.9750961733636705	3.3545185416138152	4.435238261824487	0.4629414029300228	0.38566521001961734	0.31061503926133366	0.44801411798726487	0.7755062266523073	0.43979018624082716
646	17.65941779483478	-11006.291528002732	0.6021270780655223	0.9405877813226114	0.9750961733636705	3.3545185416138152	4.435238261824487	0.4629414029300228	0.38566521001961734	0.31061503926133366	0.44801411798726487	0.7755062266523073	0.43979018624082716
647	17.65941779483478	-11006.291528002732	0.6021270780655223	0.9405877813226114	0.9750961733636705	3.3545185416138152	4.435238261824487	0.4629414029300228	0.38566521001961734	0.31061503926133366	0.44801411798726487	0.7755062266523073	0.43979018624082716
648	17.66252045334788	-11005.94240914147	0.6021270780655223	0.9405877813226114	0.9750961733636705	3.3545185416138152	4.435238261824487	0.4629414029300228	0.38566521001961734	0.31061503926133366	0.44801411798726487	0.7755062266523073	0.43979018624082716
649	17.66252045334788	-11005.94240914147	0.6021270780655223	0.9405877813226114	0.9750961733636705	3.3545185416138152	4.435238261824487	0.4629414029300228	0.38566521001961734	0.31061503926133366	0.44801411798726487	0.7755062266523073	0.43979018624082716
650	17.66252045334788	-11005.94240914147	0.6021270780655223	0.9405877813226114	0.9750961733636705	3.3545185416138152	4.435238261824487	0.4629414029300228	0.38566521001961734	0.31061503926133366	0.44801411798726487	0.7755062266523073	0.43979018624082716
651	17.66252045334788	-11005.94240914147	0.6021270780655223	0.9405877813226114	0.9750961733636705	3.3545185416138152	4.435238261824487	0.4629414029300228	0.38566521001961734	0.31061503926133366	0.44801411798726487	0.7755062266523073	0.43979018624082716
652	17.66252045334788	-11005.94240914147	0.6021270780655223	0.9405877813226114	0.9750961733636705	3.3545185416138152	4.435238261824487	0.4629414029300228	0.38566521001961734	0.31061503926133366	0.44801411798726487	0.7755062266523073	0.43979018624082716
653	17.66252045334788	-11005.94240914147	0.6021270780655223	0.9405877813226114	0.9750961733636705	3.3545185416138152	4.435238261824487	0.4629414029300228	0.38566521001961734	0.31061503926133366	0.44801411798726487	0.7755062266523073	0.43979018624082716
654	17.66252045334788	-11005.94240914147	0.6021270780655223	0.9405877813226114	0.9750961733636705	3.3545185416138152	4.435238261824487	0.4629414029300228	0.38566521001961734	0.31061503926133366	0.44801411798726487	0.7755062266523073	0.43979018624082716
655	17.35519963294029	-11005.94240914147	0.6021270780655223	0.9405877813226114	0.9750961733636705	3.3545185416138152	4.435238261824487	0.4629414029300228	0.38566521001961734	0.31061503926133366	0.44801411798726487	0.7755062266523073	0.5178905615506991
656	17.35519963294029	-11005.238975839407	0.6021270780655223	0.9405877813226114	0.9750961733636705	3.3545185416138152	4.435238261824487	0.4629414029300228	0.38566521001961734	0.31061503926133366	0.44801411798726487	0.7755062266523073	0.5178905615506991
657	17.35519963294029	-11005.238975839407	0.6021270780655223	0.9405877813226114	0.9750961733636705	3.3545185416138152	4.435238261824487	0.4629414029300228	0.38566521001961734	0.31061503926133366	0.44801411798726487	0.7755062266523073	0.5178905615506991
658	17.334473064211643	-11004.003237296067	0.6021270780655223	0.9405877813226114	0.9750961733636705	3.3545185416138152	4.435238261824487	0.4629414029300228	0.38566521001961734	0.31061503926133366	0.44801411798726487	0.7755062266523073	0.5178905615506991
659	17.340028157207705	-11000.363813093601	0.6021270780655223	0.9405877813226114	0.9750961733636705	3.3545185416138152	4.435238261824487	0.4629414029300228	0.38566521001961734	0.31061503926133366	0.44801411798726487	0.7755062266523073	0.5178905615506991
660	17.335663110170223	-11000.685962551986	0.6021270780655223	0.9405877813226114	0.9750961733636705	3.3545185416138152	4.435238261824487	0.4629414029300228	0.38566521001961734	0.31061503926133366	0.44801411798726487	0.7755062266523073	0.5178905615506991
661	17.335663110170223	-11000.685962551986	0.6021270780655223	0.9405877813226114	0.9750961733636705	3.3545185416138152	4.435238261824487	0.4629414029300228	0.38566521001961734	0.31061503926133366	0.44801411798726487	0.7755062266523073	0.5178905615506991
662	17.335663110170223	-11000.685962551986	0.6021270780655223	0.9405877813226114	0.9750961733636705	3.3545185416138152	4.435238261824487	0.4629414029300228	0.38566521001961734	0.31061503926133366	0.44801411798726487	0.7755062266523073	0.5178905615506991
663	18.1691834862279	-11011.297424808059	0.6021270780655223	0.9405877813226114	0.9750961733636705	3.3545185416138152	4.435238261824487	0.4629414029300228	0.38566521001961734	0.31061503926133366	0.44801411798726487	0.7755062266523073	0.5178905615506991
664	17.75669454925628	-11011.297424808059	0.6021270780655223	0.9405877813226114	0.9750961733636705	3.3545185416138152	4.435238261824487	0.46365741181273973	0.3695716250524113	0.2895900349859569	0.4729570831693111	0.8838035269766963	0.5178905615506991
665	17.75669454925628	-11011.297424808059	0.6021270780655223	0.9405877813226114	0.9750961733636705	3.3545185416138152	4.435238261824487	0.46365741181273973	0.3695716250524113	0.2895900349859569	0.4729570831693111	0.8838035269766963	0.5178905615506991
666	17.75669454925628	-11011.297424808059	0.6021270780655223	0.9405877813226114	0.9750961733636705	3.3545185416138152	4.435238261824487	0.46365741181273973	0.3695716250524113	0.2895900349859569	0.4729570831693111	0.8838035269766963	0.5178905615506991
667	17.75669454925628	-11011.297424808059	0.6021270780655223	0.9405877813226114	0.9750961733636705	3.3545185416138152	4.435238261824487	0.46365741181273973	0.3695716250524113	0.2895900349859569	0.4729570831693111	0.8838035269766963	0.5178905615506991
668	17.75669454925628	-11011.297424808059	0.6021270780655223	0.9405877813226114	0.9750961733636705	3.3545185416138152	4.435238261824487	0.46365741181273973	0.3695716250524113	0.2895900349859569	0.4729570831693111	0.8838035269766963	0.5178905615506991
669	17.94153840281561	-11011.297424808059	0.6021270780655223	0.9405877813226114	0.9750961733636705	3.3545185416138152	4.435238261824487	0.47913708973287955	0.35817132288507103	0.29104913804940286	0.6054523707019166	0.8354936274463097	0.5178905615506991
670	17.94153840281561	-11011.297424808059	0.6021270780655223	0.9405877813226114	0.9750961733636705	3.3545185416138152	4.435238261824487	0.47913708973287955	0.35817132288507103	0.29104913804940286	0.6054523707019166	0.8354936274463097	0.5178905615506991
671	17.94153840281561	-11011.297424808059	0.6021270780655223	0.9405877813226114	0.9750961733636705	3.3545185416138152	4.435238261824487	0.47913708973287955	0.35817132288507103	0.29104913804940286	0.6054523707019166	0.8354936274463097	0.5178905615506991
672	18.010132652317864	-11003.025437313381	0.6021270780655223	0.9405877813226114	0.9750961733636705	3.3545185416138152	4.435238261824487	0.47913708973287955	0.35817132288507103	0.29104913804940286	0.6054523707019166	0.8354936274463097	0.5178905615506991
673	18.010132652317864	-11003.025437313381	0.6021270780655223	0.9405877813226114	0.9750961733636705	3.3545185416138152	4.435238261824487	0.47913708973287955	0.35817132288507103	0.29104913804940286	0.6054523707019166	0.8354936274463097	0.5178905615506991
674	17.891008151122378	-11001.28783887558	0.6021270780655223	0.9405877813226114	0.9750961733636705	3.3545185416138152	4.435238261824487	0.47913708973287955	0.35817132288507103	0.29104913804940286	0.6054523707019166	0.8354936274463097	0.5178905615506991
675	17.891008151122378	-11001.28783887558	0.6021270780655223	0.9405877813226114	0.9750961733636705	3.3545185416138152	4.435238261824487	0.47913708973287955	0.35817132288507103	0.29104913804940286	0.6054523707019166	0.8354936274463097	0.5178905615506991
676	17.891008151122378	-11001.28783887558	0.6021270780655223	0.9405877813226114	0.9750961733636705	3.3545185416138152	4.435238261824487	0.47913708973287955	0.35817132288507103	0.29104913804940286	0.6054523707019166	0.8354936274463097	0.5178905615506991
677	17.891008151122378	-11001.28783887558	0.6021270780655223	0.9405877813226114	0.9750961733636705	3.3545185416138152	4.435238261824487	0.47913708973287955	0.35817132288507103	0.29104913804940286	0.6054523707019166	0.8354936274463097	0.5178905615506991
678	17.891008151122378	-11001.28783887558	0.6021270780655223	0.9405877813226114	0.9750961733636705	3.3545185416138152	4.435238261824487	0.47913708973287955	0.35817132288507103	0.29104913804940286	0.6054523707019166	0.8354936274463097	0.5178905615506991
679	17.984327326139436	-10953.901782069239	0.6021270780655223	0.9405877813226114	0.9750961733636705	3.3545185416138152	4.435238261824487	0.47913708973287955	0.35817132288507103	0.29104913804940286	0.6054523707019166	0.8354936274463097	0.5178905615506991
680	17.984327326139436	-10953.901782069239	0.6021270780655223	0.9405877813226114	0.9750961733636705	3.3545185416138152	4.435238261824487	0.47913708973287955	0.35817132288507103	0.29104913804940286	0.6054523707019166	0.8354936274463097	0.5178905615506991
681	17.984327326139436	-10953.901782069239	0.6021270780655223	0.9405877813226114	0.9750961733636705	3.3545185416138152	4.435238261824487	0.47913708973287955	0.35817132288507103	0.29104913804940286	0.6054523707019166	0.8354936274463097	0.5178905615506991
682	17.984327326139436	-10953.901782069239	0.6021270780655223	0.9405877813226114	0.9750961733636705	3.3545185416138152	4.435238261824487	0.47913708973287955	0.35817132288507103	0.29104913804940286	0.6054523707019166	0.8354936274463097	0.5178905615506991
683	17.984327326139436	-10953.901782069239	0.6021270780655223	0.9405877813226114	0.9750961733636705	3.3545185416138152	4.435238261824487	0.47913708973287955	0.35817132288507103	0.29104913804940286	0.6054523707019166	0.8354936274463097	0.5178905615506991
684	17.984327326139436	-10953.901782069239	0.6021270780655223	0.9405877813226114	0.9750961733636705	3.3545185416138152	4.435238261824487	0.47913708973287955	0.35817132288507103	0.29104913804940286	0.6054523707019166	0.8354936274463097	0.5178905615506991
685	17.677039800141713	-10933.590275022601	0.6021270780655223	0.9405877813226114	0.9750961733636705	3.3545185416138152	4.435238261824487	0.47913708973287955	0.35817132288507103	0.29104913804940286	0.6054523707019166	0.8354936274463097	0.5178905615506991
686	17.677039800141713	-10933.590275022601	0.6021270780655223	0.9405877813226114	0.9750961733636705	3.3545185416138152	4.435238261824487	0.47913708973287955	0.35817132288507103	0.29104913804940286	0.6054523707019166	0.8354936274463097	0.5178905615506991
687	17.677039800141713	-10933.590275022601	0.6021270780655223	0.9405877813226114	0.9750961733636705	3.3545185416138152	4.435238261824487	0.47913708973287955	0.35817132288507103	0.29104913804940286	0.6054523707019166	0.8354936274463097	0.5178905615506991
688	17.677039800141713	-10933.590275022601	0.6021270780655223	0.9405877813226114	0.9750961733636705	3.3545185416138152	4.435238261824487	0.47913708973287955	0.35817132288507103	0.29104913804940286	0.6054523707019166	0.8354936274463097	0.5178905615506991
689	17.677039800141713	-10933.590275022601	0.6021270780655223	0.9405877813226114	0.9750961733636705	3.3545185416138152	4.435238261824487	0.47913708973287955	0.35817132288507103	0.29104913804940286	0.6054523707019166	0.8354936274463097	0.5178905615506991
690	17.677039800141713	-10933.590275022601	0.6021270780655223	0.9405877813226114	0.9750961733636705	3.3545185416138152	4.435238261824487	0.47913708973287955	0.35817132288507103	0.29104913804940286	0.6054523707019166	0.8354936274463097	0.5178905615506991
691	17.677039800141713	-10931.420404513305	0.6021270780655223	0.9405877813226114	0.9750961733636705	3.3545185416138152	4.435238261824487	0.47913708973287955	0.35817132288507103	0.29104913804940286	0.6054523707019166	0.8354936274463097	0.5178905615506991
692	17.677039800141713	-10931.420404513305	0.6021270780655223	0.9405877813226114	0.9750961733636705	3.3545185416138152	4.435238261824487	0.47913708973287955	0.35817132288507103	0.29104913804940286	0.6054523707019166	0.8354936274463097	0.5178905615506991
693	17.677039800141713	-10931.420404513305	0.6021270780655223	0.9405877813226114	0.9750961733636705	3.3545185416138152	4.435238261824487	0.47913708973287955	0.35817132288507103	0.29104913804940286	0.6054523707019166	0.8354936274463097	0.5178905615506991
694	17.677039800141713	-10931.420404513305	0.6021270780655223	0.9405877813226114	0.9750961733636705	3.3545185416138152	4.435238261824487	0.47913708973287955	0.35817132288507103	0.29104913804940286	0.6054523707019166	0.8354936274463097	0.5178905615506991
695	17.677039800141713	-10931.420404513305	0.6021270780655223	0.9405877813226114	0.9750961733636705	3.3545185416138152	4.435238261824487	0.47913708973287955	0.35817132288507103	0.29104913804940286	0.6054523707019166	0.8354936274463097	0.5178905615506991
696	17.677039800141713	-10931.420404513305	0.6021270780655223	0.9405877813226114	0.9750961733636705	3.3545185416138152	4.435238261824487	0.47913708973287955	0.35817132288507103	0.29104913804940286	0.6054523707019166	0.8354936274463097	0.5178905615506991
697	17.677039800141713	-10931.420404513305	0.6021270780655223	0.9405877813226114	0.9750961733636705	3.3545185416138152	4.435238261824487	0.47913708973287955	0.35817132288507103	0.29104913804940286	0.6054523707019166	0.8354936274463097	0.5178905615506991
698	17.677039800141713	-10931.420404513305	0.6021270780655223	0.9405877813226114	0.9750961733636705	3.3545185416138152	4.435238261824487	0.47913708973287955	0.35817132288507103	0.29104913804940286	0.6054523707019166	0.8354936274463097	0.5178905615506991
699	17.677039800141713	-10931.420404513305	0.6021270780655223	0.9405877813226114	0.9750961733636705	3.3545185416138152	4.435238261824487	0.47913708973287955	0.35817132288507103	0.29104913804940286	0.6054523707019166	0.8354936274463097	0.5178905615506991
700	17.677039800141713	-10931.420404513305	0.6021270780655223	0.9405877813226114	0.9750961733636705	3.3545185416138152	4.435238261824487	0.47913708973287955	0.35817132288507103	0.29104913804940286	0.6054523707019166	0.8354936274463097	0.5178905615506991
701	17.66392789222691	-10931.18398105165	0.6021270780655223	0.9405877813226114	0.9750961733636705	3.3545185416138152	4.435238261824487	0.47913708973287955	0.35817132288507103	0.29104913804940286	0.6054523707019166	0.8354936274463097	0.5178905615506991
702	37.596948963479775	-10931.18398105165	0.598185617595036	0.838450792924881	0.936011598986946	3.8647018865398204	5.812074489220383	0.47913708973287955	0.35817132288507103	0.29104913804940286	0.6054523707019166	0.8354936274463097	0.5178905615506991
703	37.596948963479775	-10931.18398105165	0.598185617595036	0.838450792924881	0.936011598986946	3.8647018865398204	5.812074489220383	0.47913708973287955	0.35817132288507103	0.29104913804940286	0.6054523707019166	0.8354936274463097	0.5178905615506991
704	37.904460525071244	-10925.444633323119	0.598185617595036	0.838450792924881	0.936011598986946	3.8647018865398204	5.812074489220383	0.47913708973287955	0.35817132288507103	0.29104913804940286	0.6054523707019166	0.8354936274463097	0.5178905615506991
705	37.904460525071244	-10925.444633323119	0.598185617595036	0.838450792924881	0.936011598986946	3.8647018865398204	5.812074489220383	0.47913708973287955	0.35817132288507103	0.29104913804940286	0.6054523707019166	0.8354936274463097	0.5178905615506991
706	37.904460525071244	-10925.444633323119	0.598185617595036	0.838450792924881	0.936011598986946	3.8647018865398204	5.812074489220383	0.47913708973287955	0.35817132288507103	0.29104913804940286	0.6054523707019166	0.8354936274463097	0.5178905615506991
707	37.86857829021062	-10923.292888758264	0.598185617595036	0.838450792924881	0.936011598986946	3.8647018865398204	5.812074489220383	0.47913708973287955	0.35817132288507103	0.29104913804940286	0.6054523707019166	0.8354936274463097	0.5178905615506991
708	37.86857829021062	-10923.278737084278	0.598185617595036	0.838450792924881	0.936011598986946	3.8647018865398204	5.812074489220383	0.47913708973287955	0.35817132288507103	0.29104913804940286	0.6054523707019166	0.8354936274463097	0.5178905615506991
709	37.86857829021062	-10923.278737084278	0.598185617595036	0.838450792924881	0.936011598986946	3.8647018865398204	5.812074489220383	0.47913708973287955	0.35817132288507103	0.29104913804940286	0.6054523707019166	0.8354936274463097	0.5178905615506991
710	37.86857829021062	-10923.278737084278	0.598185617595036	0.838450792924881	0.936011598986946	3.8647018865398204	5.812074489220383	0.47913708973287955	0.35817132288507103	0.29104913804940286	0.6054523707019166	0.8354936274463097	0.5178905615506991
711	37.86857829021062	-10923.278737084278	0.598185617595036	0.838450792924881	0.936011598986946	3.8647018865398204	5.812074489220383	0.47913708973287955	0.35817132288507103	0.29104913804940286	0.6054523707019166	0.8354936274463097	0.5178905615506991
712	37.86857829021062	-10921.85914860323	0.598185617595036	0.838450792924881	0.936011598986946	3.8647018865398204	5.812074489220383	0.47913708973287955	0.35817132288507103	0.29104913804940286	0.6054523707019166	0.8354936274463097	0.5178905615506991
713	37.86857829021062	-10921.85914860323	0.598185617595036	0.838450792924881	0.936011598986946	3.8647018865398204	5.812074489220383	0.47913708973287955	0.35817132288507103	0.29104913804940286	0.6054523707019166	0.8354936274463097	0.5178905615506991
714	37.942779016192475	-10898.050252253957	0.598185617595036	0.838450792924881	0.936011598986946	3.8647018865398204	5.812074489220383	0.47913708973287955	0.35817132288507103	0.29104913804940286	0.6054523707019166	0.8354936274463097	0.5178905615506991
715	37.942779016192475	-10898.050252253957	0.598185617595036	0.838450792924881	0.936011598986946	3.8647018865398204	5.812074489220383	0.47913708973287955	0.35817132288507103	0.29104913804940286	0.6054523707019166	0.8354936274463097	0.5178905615506991
716	37.942779016192475	-10893.9803177101	0.598185617595036	0.838450792924881	0.936011598986946	3.8647018865398204	5.812074489220383	0.47913708973287955	0.35817132288507103	0.29104913804940286	0.6054523707019166	0.8354936274463097	0.5178905615506991
717	37.942779016192475	-10893.9803177101	0.598185617595036	0.838450792924881	0.936011598986946	3.8647018865398204	5.812074489220383	0.47913708973287955	0.35817132288507103	0.29104913804940286	0.6054523707019166	0.8354936274463097	0.5178905615506991
718	38.07261889461023	-10889.169179219254	0.598185617595036	0.838450792924881	0.936011598986946	3.8647018865398204	5.812074489220383	0.47913708973287955	0.35817132288507103	0.29104913804940286	0.6054523707019166	0.8354936274463097	0.5178905615506991
719	38.07261889461023	-10889.169179219254	0.598185617595036	0.838450792924881	0.936011598986946	3.8647018865398204	5.812074489220383	0.47913708973287955	0.35817132288507103	0.29104913804940286	0.6054523707019166	0.8354936274463097	0.5178905615506991
720	38.07261889461023	-10889.169179219254	0.598185617595036	0.838450792924881	0.936011598986946	3.8647018865398204	5.812074489220383	0.47913708973287955	0.35817132288507103	0.29104913804940286	0.6054523707019166	0.8354936274463097	0.5178905615506991
721	38.07261889461023	-10889.169179219254	0.598185617595036	0.838450792924881	0.936011598986946	3.8647018865398204	5.812074489220383	0.47913708973287955	0.35817132288507103	0.29104913804940286	0.6054523707019166	0.8354936274463097	0.5178905615506991
722	38.07261889461023	-10889.169179219254	0.598185617595036	0.838450792924881	0.936011598986946	3.8647018865398204	5.812074489220383	0.47913708973287955	0.35817132288507103	0.29104913804940286	0.6054523707019166	0.8354936274463097	0.5178905615506991
723	38.07261889461023	-10889.169179219254	0.598185617595036	0.838450792924881	0.936011598986946	3.8647018865398204	5.812074489220383	0.47913708973287955	0.35817132288507103	0.29104913804940286	0.6054523707019166	0.8354936274463097	0.5178905615506991
724	38.07261889461023	-10889.169179219254	0.598185617595036	0.838450792924881	0.936011598986946	3.8647018865398204	5.812074489220383	0.47913708973287955	0.35817132288507103	0.29104913804940286	0.6054523707019166	0.8354936274463097	0.5178905615506991
725	38.07261889461023	-10889.169179219254	0.598185617595036	0.838450792924881	0.936011598986946	3.8647018865398204	5.812074489220383	0.47913708973287955	0.35817132288507103	0.29104913804940286	0.6054523707019166	0.8354936274463097	0.5178905615506991
726	37.90554182982189	-10889.169179219254	0.598185617595036	0.838450792924881	0.936011598986946	3.8647018865398204	5.812074489220383	0.47913708973287955	0.35817132288507103	0.29104913804940286	0.6054523707019166	0.8354936274463097	0.5493973874051
727	37.90554182982189	-10885.307390027772	0.598185617595036	0.838450792924881	0.936011598986946	3.8647018865398204	5.812074489220383	0.47913708973287955	0.35817132288507103	0.29104913804940286	0.6054523707019166	0.8354936274463097	0.5493973874051
728	37.90554182982189	-10885.307390027772	0.598185617595036	0.838450792924881	0.936011598986946	3.8647018865398204	5.812074489220383	0.47913708973287955	0.35817132288507103	0.29104913804940286	0.6054523707019166	0.8354936274463097	0.5493973874051
729	37.90554182982189	-10885.307390027772	0.598185617595036	0.838450792924881	0.936011598986946	3.8647018865398204	5.812074489220383	0.47913708973287955	0.35817132288507103	0.29104913804940286	0.6054523707019166	0.8354936274463097	0.5493973874051
730	37.90554182982189	-10885.307390027772	0.598185617595036	0.838450792924881	0.936011598986946	3.8647018865398204	5.812074489220383	0.47913708973287955	0.35817132288507103	0.29104913804940286	0.6054523707019166	0.8354936274463097	0.5493973874051
731	37.86284006815803	-10884.655785083203	0.598185617595036	0.838450792924881	0.936011598986946	3.8647018865398204	5.812074489220383	0.47913708973287955	0.35817132288507103	0.29104913804940286	0.6054523707019166	0.8354936274463097	0.5493973874051
732	37.86284006815803	-10884.655785083203	0.598185617595036	0.838450792924881	0.936011598986946	3.8647018865398204	5.812074489220383	0.47913708973287955	0.35817132288507103	0.29104913804940286	0.6054523707019166	0.8354936274463097	0.5493973874051
733	37.86284006815803	-10884.655785083203	0.598185617595036	0.838450792924881	0.936011598986946	3.8647018865398204	5.812074489220383	0.47913708973287955	0.35817132288507103	0.29104913804940286	0.6054523707019166	0.8354936274463097	0.5493973874051
734	37.86284006815803	-10884.655785083203	0.598185617595036	0.838450792924881	0.936011598986946	3.8647018865398204	5.812074489220383	0.47913708973287955	0.35817132288507103	0.29104913804940286	0.6054523707019166	0.8354936274463097	0.5493973874051
735	37.86284006815803	-10884.655785083203	0.598185617595036	0.838450792924881	0.936011598986946	3.8647018865398204	5.812074489220383	0.47913708973287955	0.35817132288507103	0.29104913804940286	0.6054523707019166	0.8354936274463097	0.5493973874051
736	37.86284006815803	-10884.655785083203	0.598185617595036	0.838450792924881	0.936011598986946	3.8647018865398204	5.812074489220383	0.47913708973287955	0.35817132288507103	0.29104913804940286	0.6054523707019166	0.8354936274463097	0.5493973874051
737	37.86284006815803	-10884.655785083203	0.598185617595036	0.838450792924881	0.936011598986946	3.8647018865398204	5.812074489220383	0.47913708973287955	0.35817132288507103	0.29104913804940286	0.6054523707019166	0.8354936274463097	0.5493973874051
738	37.86284006815803	-10886.713272374507	0.598185617595036	0.838450792924881	0.936011598986946	3.8647018865398204	5.812074489220383	0.47913708973287955	0.35817132288507103	0.29104913804940286	0.6054523707019166	0.8354936274463097	0.5493973874051
739	37.86284006815803	-10886.713272374507	0.598185617595036	0.838450792924881	0.936011598986946	3.8647018865398204	5.812074489220383	0.47913708973287955	0.35817132288507103	0.29104913804940286	0.6054523707019166	0.8354936274463097	0.5493973874051
740	37.86284006815803	-10886.713272374507	0.598185617595036	0.838450792924881	0.936011598986946	3.8647018865398204	5.812074489220383	0.47913708973287955	0.35817132288507103	0.29104913804940286	0.6054523707019166	0.8354936274463097	0.5493973874051
741	37.86284006815803	-10886.713272374507	0.598185617595036	0.838450792924881	0.936011598986946	3.8647018865398204	5.812074489220383	0.47913708973287955	0.35817132288507103	0.29104913804940286	0.6054523707019166	0.8354936274463097	0.5493973874051
742	37.86284006815803	-10886.713272374507	0.598185617595036	0.838450792924881	0.936011598986946	3.8647018865398204	5.812074489220383	0.47913708973287955	0.35817132288507103	0.29104913804940286	0.6054523707019166	0.8354936274463097	0.5493973874051
743	37.86284006815803	-10886.713272374507	0.598185617595036	0.838450792924881	0.936011598986946	3.8647018865398204	5.812074489220383	0.47913708973287955	0.35817132288507103	0.29104913804940286	0.6054523707019166	0.8354936274463097	0.5493973874051
744	37.928588265673234	-10886.604422035618	0.598185617595036	0.838450792924881	0.936011598986946	3.8647018865398204	5.812074489220383	0.47913708973287955	0.35817132288507103	0.29104913804940286	0.6054523707019166	0.8354936274463097	0.5493973874051
745	37.928588265673234	-10886.604422035618	0.598185617595036	0.838450792924881	0.936011598986946	3.8647018865398204	5.812074489220383	0.47913708973287955	0.35817132288507103	0.29104913804940286	0.6054523707019166	0.8354936274463097	0.5493973874051
746	37.928588265673234	-10886.604422035618	0.598185617595036	0.838450792924881	0.936011598986946	3.8647018865398204	5.812074489220383	0.47913708973287955	0.35817132288507103	0.29104913804940286	0.6054523707019166	0.8354936274463097	0.5493973874051
747	38.365740787382855	-10886.604422035618	0.598185617595036	0.838450792924881	0.936011598986946	3.8647018865398204	5.812074489220383	0.47913708973287955	0.35817132288507103	0.29104913804940286	0.6054523707019166	0.8354936274463097	0.46695349057139746
748	38.365740787382855	-10886.604422035618	0.598185617595036	0.838450792924881	0.936011598986946	3.8647018865398204	5.812074489220383	0.47913708973287955	0.35817132288507103	0.29104913804940286	0.6054523707019166	0.8354936274463097	0.46695349057139746
749	38.365740787382855	-10886.604422035618	0.598185617595036	0.838450792924881	0.936011598986946	3.8647018865398204	5.812074489220383	0.47913708973287955	0.35817132288507103	0.29104913804940286	0.6054523707019166	0.8354936274463097	0.46695349057139746
750	38.365740787382855	-10886.604422035618	0.598185617595036	0.838450792924881	0.936011598986946	3.8647018865398204	5.812074489220383	0.47913708973287955	0.35817132288507103	0.29104913804940286	0.6054523707019166	0.8354936274463097	0.46695349057139746
751	38.365740787382855	-10886.604422035618	0.598185617595036	0.838450792924881	0.936011598986946	3.8647018865398204	5.812074489220383	0.47913708973287955	0.35817132288507103	0.29104913804940286	0.6054523707019166	0.8354936274463097	0.46695349057139746
752	38.413846625384956	-10886.693149079654	0.598185617595036	0.838450792924881	0.936011598986946	3.8647018865398204	5.812074489220383	0.47913708973287955	0.35817132288507103	0.29104913804940286	0.6054523707019166	0.8354936274463097	0.46695349057139746
753	38.413846625384956	-10878.934433175851	0.598185617595036	0.838450792924881	0.936011598986946	3.8647018865398204	5.812074489220383	0.47913708973287955	0.35817132288507103	0.29104913804940286	0.6054523707019166	0.8354936274463097	0.46695349057139746
754	38.413846625384956	-10878.934433175851	0.598185617595036	0.838450792924881	0.936011598986946	3.8647018865398204	5.812074489220383	0.47913708973287955	0.35817132288507103	0.29104913804940286	0.6054523707019166	0.8354936274463097	0.46695349057139746
755	38.413846625384956	-10878.934433175851	0.598185617595036	0.838450792924881	0.936011598986946	3.8647018865398204	5.812074489220383	0.47913708973287955	0.35817132288507103	0.29104913804940286	0.6054523707019166	0.8354936274463097	0.46695349057139746
756	38.413846625384956	-10878.934433175851	0.598185617595036	0.838450792924881	0.936011598986946	3.8647018865398204	5.812074489220383	0.47913708973287955	0.35817132288507103	0.29104913804940286	0.6054523707019166	0.8354936274463097	0.46695349057139746
757	38.413846625384956	-10878.934433175851	0.598185617595036	0.838450792924881	0.936011598986946	3.8647018865398204	5.812074489220383	0.47913708973287955	0.35817132288507103	0.29104913804940286	0.6054523707019166	0.8354936274463097	0.46695349057139746
758	38.408151211476756	-10877.95575432444	0.598185617595036	0.838450792924881	0.936011598986946	3.8647018865398204	5.812074489220383	0.47913708973287955	0.35817132288507103	0.29104913804940286	0.6054523707019166	0.8354936274463097	0.46695349057139746
759	38.408151211476756	-10876.145921974387	0.598185617595036	0.838450792924881	0.936011598986946	3.8647018865398204	5.812074489220383	0.47913708973287955	0.35817132288507103	0.29104913804940286	0.6054523707019166	0.8354936274463097	0.46695349057139746
760	38.38690612771139	-10874.664481588356	0.598185617595036	0.838450792924881	0.936011598986946	3.8647018865398204	5.812074489220383	0.47913708973287955	0.35817132288507103	0.29104913804940286	0.6054523707019166	0.8354936274463097	0.46695349057139746
761	38.38690612771139	-10874.664481588356	0.598185617595036	0.838450792924881	0.936011598986946	3.8647018865398204	5.812074489220383	0.47913708973287955	0.35817132288507103	0.29104913804940286	0.6054523707019166	0.8354936274463097	0.46695349057139746
762	38.38690612771139	-10874.664481588356	0.598185617595036	0.838450792924881	0.936011598986946	3.8647018865398204	5.812074489220383	0.47913708973287955	0.35817132288507103	0.29104913804940286	0.6054523707019166	0.8354936274463097	0.46695349057139746
763	38.38690612771139	-10874.846343695815	0.598185617595036	0.838450792924881	0.936011598986946	3.8647018865398204	5.812074489220383	0.47913708973287955	0.35817132288507103	0.29104913804940286	0.6054523707019166	0.8354936274463097	0.46695349057139746
764	38.38690612771139	-10874.846343695815	0.598185617595036	0.838450792924881	0.936011598986946	3.8647018865398204	5.812074489220383	0.47913708973287955	0.35817132288507103	0.29104913804940286	0.6054523707019166	0.8354936274463097	0.46695349057139746
765	38.38690612771139	-10872.776465006005	0.598185617595036	0.838450792924881	0.936011598986946	3.8647018865398204	5.812074489220383	0.47913708973287955	0.35817132288507103	0.29104913804940286	0.6054523707019166	0.8354936274463097	0.46695349057139746
766	38.38690612771139	-10863.269952534441	0.598185617595036	0.838450792924881	0.936011598986946	3.8647018865398204	5.812074489220383	0.47913708973287955	0.35817132288507103	0.29104913804940286	0.6054523707019166	0.8354936274463097	0.46695349057139746
767	38.38690612771139	-10863.269952534441	0.598185617595036	0.838450792924881	0.936011598986946	3.8647018865398204	5.812074489220383	0.47913708973287955	0.35817132288507103	0.29104913804940286	0.6054523707019166	0.8354936274463097	0.46695349057139746
768	38.38690612771139	-10863.269952534441	0.598185617595036	0.838450792924881	0.936011598986946	3.8647018865398204	5.812074489220383	0.47913708973287955	0.35817132288507103	0.29104913804940286	0.6054523707019166	0.8354936274463097	0.46695349057139746
769	38.473820605160334	-10851.259820262248	0.598185617595036	0.838450792924881	0.936011598986946	3.8647018865398204	5.812074489220383	0.47913708973287955	0.35817132288507103	0.29104913804940286	0.6054523707019166	0.8354936274463097	0.46695349057139746
770	38.473820605160334	-10851.259820262248	0.598185617595036	0.838450792924881	0.936011598986946	3.8647018865398204	5.812074489220383	0.47913708973287955	0.35817132288507103	0.29104913804940286	0.6054523707019166	0.8354936274463097	0.46695349057139746
771	38.473820605160334	-10850.158345589229	0.598185617595036	0.838450792924881	0.936011598986946	3.8647018865398204	5.812074489220383	0.47913708973287955	0.35817132288507103	0.29104913804940286	0.6054523707019166	0.8354936274463097	0.46695349057139746
772	38.473820605160334	-10850.158345589229	0.598185617595036	0.838450792924881	0.936011598986946	3.8647018865398204	5.812074489220383	0.47913708973287955	0.35817132288507103	0.29104913804940286	0.6054523707019166	0.8354936274463097	0.46695349057139746
773	38.473820605160334	-10850.158345589229	0.598185617595036	0.838450792924881	0.936011598986946	3.8647018865398204	5.812074489220383	0.47913708973287955	0.35817132288507103	0.29104913804940286	0.6054523707019166	0.8354936274463097	0.46695349057139746
774	38.51224473691493	-10848.16115167775	0.598185617595036	0.838450792924881	0.936011598986946	3.8647018865398204	5.812074489220383	0.47913708973287955	0.35817132288507103	0.29104913804940286	0.6054523707019166	0.8354936274463097	0.46695349057139746
775	38.51224473691493	-10848.16115167775	0.598185617595036	0.838450792924881	0.936011598986946	3.8647018865398204	5.812074489220383	0.47913708973287955	0.35817132288507103	0.29104913804940286	0.6054523707019166	0.8354936274463097	0.46695349057139746
776	38.51224473691493	-10848.16115167775	0.598185617595036	0.838450792924881	0.936011598986946	3.8647018865398204	5.812074489220383	0.47913708973287955	0.35817132288507103	0.29104913804940286	0.6054523707019166	0.8354936274463097	0.46695349057139746
777	38.51224473691493	-10848.16115167775	0.598185617595036	0.838450792924881	0.936011598986946	3.8647018865398204	5.812074489220383	0.47913708973287955	0.35817132288507103	0.29104913804940286	0.6054523707019166	0.8354936274463097	0.46695349057139746
778	38.5410792084188	-10846.16405835981	0.598185617595036	0.838450792924881	0.936011598986946	3.8647018865398204	5.812074489220383	0.47913708973287955	0.35817132288507103	0.29104913804940286	0.6054523707019166	0.8354936274463097	0.46695349057139746
779	37.9880573819837	-10824.001987929181	0.598185617595036	0.838450792924881	0.936011598986946	3.8647018865398204	5.812074489220383	0.47913708973287955	0.35817132288507103	0.29104913804940286	0.6054523707019166	0.8354936274463097	0.46695349057139746
780	37.9880573819837	-10823.778673526294	0.598185617595036	0.838450792924881	0.936011598986946	3.8647018865398204	5.812074489220383	0.47913708973287955	0.35817132288507103	0.29104913804940286	0.6054523707019166	0.8354936274463097	0.46695349057139746
781	55.97879063758382	-10823.778673526294	0.6966497880132507	0.676793815889322	1.1373451499454306	3.750847020127539	7.3874987592202155	0.47913708973287955	0.35817132288507103	0.29104913804940286	0.6054523707019166	0.8354936274463097	0.46695349057139746
782	56.007763449243306	-10817.0425441706	0.6966497880132507	0.676793815889322	1.1373451499454306	3.750847020127539	7.3874987592202155	0.47913708973287955	0.35817132288507103	0.29104913804940286	0.6054523707019166	0.8354936274463097	0.46695349057139746
783	56.007763449243306	-10817.0425441706	0.6966497880132507	0.676793815889322	1.1373451499454306	3.750847020127539	7.3874987592202155	0.47913708973287955	0.35817132288507103	0.29104913804940286	0.6054523707019166	0.8354936274463097	0.46695349057139746
784	56.010138100006806	-10814.21976452814	0.6966497880132507	0.676793815889322	1.1373451499454306	3.750847020127539	7.3874987592202155	0.47913708973287955	0.35817132288507103	0.29104913804940286	0.6054523707019166	0.8354936274463097	0.46695349057139746
785	56.89252728355967	-10797.704532260865	0.6966497880132507	0.676793815889322	1.1373451499454306	3.750847020127539	7.3874987592202155	0.47913708973287955	0.35817132288507103	0.29104913804940286	0.6054523707019166	0.8354936274463097	0.46695349057139746
786	56.89252728355967	-10797.704532260865	0.6966497880132507	0.676793815889322	1.1373451499454306	3.750847020127539	7.3874987592202155	0.47913708973287955	0.35817132288507103	0.29104913804940286	0.6054523707019166	0.8354936274463097	0.46695349057139746
787	56.89252728355967	-10797.704532260865	0.6966497880132507	0.676793815889322	1.1373451499454306	3.750847020127539	7.3874987592202155	0.47913708973287955	0.35817132288507103	0.29104913804940286	0.6054523707019166	0.8354936274463097	0.46695349057139746
788	56.89252728355967	-10795.094880614834	0.6966497880132507	0.676793815889322	1.1373451499454306	3.750847020127539	7.3874987592202155	0.47913708973287955	0.35817132288507103	0.29104913804940286	0.6054523707019166	0.8354936274463097	0.46695349057139746
789	56.89252728355967	-10795.094880614834	0.6966497880132507	0.676793815889322	1.1373451499454306	3.750847020127539	7.3874987592202155	0.47913708973287955	0.35817132288507103	0.29104913804940286	0.6054523707019166	0.8354936274463097	0.46695349057139746
790	56.89252728355967	-10795.094880614834	0.6966497880132507	0.676793815889322	1.1373451499454306	3.750847020127539	7.3874987592202155	0.47913708973287955	0.35817132288507103	0.29104913804940286	0.6054523707019166	0.8354936274463097	0.46695349057139746
791	56.89252728355967	-10795.094880614834	0.6966497880132507	0.676793815889322	1.1373451499454306	3.750847020127539	7.3874987592202155	0.47913708973287955	0.35817132288507103	0.29104913804940286	0.6054523707019166	0.8354936274463097	0.46695349057139746
792	56.89252728355967	-10783.287548975055	0.6966497880132507	0.676793815889322	1.1373451499454306	3.750847020127539	7.3874987592202155	0.47913708973287955	0.35817132288507103	0.29104913804940286	0.6054523707019166	0.8354936274463097	0.46695349057139746
793	56.89252728355967	-10783.287548975055	0.6966497880132507	0.676793815889322	1.1373451499454306	3.750847020127539	7.3874987592202155	0.47913708973287955	0.35817132288507103	0.29104913804940286	0.6054523707019166	0.8354936274463097	0.46695349057139746
794	56.89252728355967	-10783.287548975055	0.6966497880132507	0.676793815889322	1.1373451499454306	3.750847020127539	7.3874987592202155	0.47913708973287955	0.35817132288507103	0.29104913804940286	0.6054523707019166	0.8354936274463097	0.46695349057139746
795	56.801539026493714	-10781.492587548079	0.6966497880132507	0.676793815889322	1.1373451499454306	3.750847020127539	7.3874987592202155	0.47913708973287955	0.35817132288507103	0.29104913804940286	0.6054523707019166	0.8354936274463097	0.46695349057139746
796	56.801539026493714	-10781.492587548079	0.6966497880132507	0.676793815889322	1.1373451499454306	3.750847020127539	7.3874987592202155	0.47913708973287955	0.35817132288507103	0.29104913804940286	0.6054523707019166	0.8354936274463097	0.46695349057139746
797	56.801539026493714	-10781.492587548079	0.6966497880132507	0.676793815889322	1.1373451499454306	3.750847020127539	7.3874987592202155	0.47913708973287955	0.35817132288507103	0.29104913804940286	0.6054523707019166	0.8354936274463097	0.46695349057139746
798	56.801539026493714	-10781.492587548079	0.6966497880132507	0.676793815889322	1.1373451499454306	3.750847020127539	7.3874987592202155	0.47913708973287955	0.35817132288507103	0.29104913804940286	0.6054523707019166	0.8354936274463097	0.46695349057139746
799	56.810210633508206	-10781.101317298419	0.6966497880132507	0.676793815889322	1.1373451499454306	3.750847020127539	7.3874987592202155	0.47913708973287955	0.35817132288507103	0.29104913804940286	0.6054523707019166	0.8354936274463097	0.46695349057139746
800	56.810433701565586	-10781.129657612704	0.6966497880132507	0.676793815889322	1.1373451499454306	3.750847020127539	7.3874987592202155	0.47913708973287955	0.35817132288507103	0.29104913804940286	0.6054523707019166	0.8354936274463097	0.46695349057139746
801	56.810433701565586	-10781.129657612704	0.6966497880132507	0.676793815889322	1.1373451499454306	3.750847020127539	7.3874987592202155	0.47913708973287955	0.35817132288507103	0.29104913804940286	0.6054523707019166	0.8354936274463097	0.46695349057139746
802	56.810433701565586	-10781.129657612704	0.6966497880132507	0.676793815889322	1.1373451499454306	3.750847020127539	7.3874987592202155	0.47913708973287955	0.35817132288507103	0.29104913804940286	0.6054523707019166	0.8354936274463097	0.46695349057139746
803	56.86512308169404	-10778.650676809471	0.6966497880132507	0.676793815889322	1.1373451499454306	3.750847020127539	7.3874987592202155	0.47913708973287955	0.35817132288507103	0.29104913804940286	0.6054523707019166	0.8354936274463097	0.46695349057139746
804	56.86512308169404	-10778.650676809471	0.6966497880132507	0.676793815889322	1.1373451499454306	3.750847020127539	7.3874987592202155	0.47913708973287955	0.35817132288507103	0.29104913804940286	0.6054523707019166	0.8354936274463097	0.46695349057139746
805	56.86512308169404	-10778.650676809471	0.6966497880132507	0.676793815889322	1.1373451499454306	3.750847020127539	7.3874987592202155	0.47913708973287955	0.35817132288507103	0.29104913804940286	0.6054523707019166	0.8354936274463097	0.46695349057139746
806	56.86512308169404	-10778.650676809471	0.6966497880132507	0.676793815889322	1.1373451499454306	3.750847020127539	7.3874987592202155	0.47913708973287955	0.35817132288507103	0.29104913804940286	0.6054523707019166	0.8354936274463097	0.46695349057139746
807	56.86512308169404	-10774.879130996997	0.6966497880132507	0.676793815889322	1.1373451499454306	3.750847020127539	7.3874987592202155	0.47913708973287955	0.35817132288507103	0.29104913804940286	0.6054523707019166	0.8354936274463097	0.46695349057139746
808	56.81489464809388	-10769.262411326055	0.6966497880132507	0.676793815889322	1.1373451499454306	3.750847020127539	7.3874987592202155	0.47913708973287955	0.35817132288507103	0.29104913804940286	0.6054523707019166	0.8354936274463097	0.46695349057139746
809	56.81489464809388	-10769.262411326055	0.6966497880132507	0.676793815889322	1.1373451499454306	3.750847020127539	7.3874987592202155	0.47913708973287955	0.35817132288507103	0.29104913804940286	0.6054523707019166	0.8354936274463097	0.46695349057139746
810	72.27622367610763	-10769.262411326055	0.6525185196526558	0.6926664231632504	0.8854632423501438	3.0360629060442275	9.032947371768214	0.47913708973287955	0.35817132288507103	0.29104913804940286	0.6054523707019166	0.8354936274463097	0.46695349057139746
811	72.29312305865434	-10767.096487041616	0.6525185196526558	0.6926664231632504	0.8854632423501438	3.0360629060442275	9.032947371768214	0.47913708973287955	0.35817132288507103	0.29104913804940286	0.6054523707019166	0.8354936274463097	0.46695349057139746
812	72.29312305865434	-10767.096487041616	0.6525185196526558	0.6926664231632504	0.8854632423501438	3.0360629060442275	9.032947371768214	0.47913708973287955	0.35817132288507103	0.29104913804940286	0.6054523707019166	0.8354936274463097	0.46695349057139746
813	72.29312305865434	-10767.096487041616	0.6525185196526558	0.6926664231632504	0.8854632423501438	3.0360629060442275	9.032947371768214	0.47913708973287955	0.35817132288507103	0.29104913804940286	0.6054523707019166	0.8354936274463097	0.46695349057139746
814	72.29312305865434	-10762.989863463812	0.6525185196526558	0.6926664231632504	0.8854632423501438	3.0360629060442275	9.032947371768214	0.47913708973287955	0.35817132288507103	0.29104913804940286	0.6054523707019166	0.8354936274463097	0.46695349057139746
815	72.29312305865434	-10762.989863463812	0.6525185196526558	0.6926664231632504	0.8854632423501438	3.0360629060442275	9.032947371768214	0.47913708973287955	0.35817132288507103	0.29104913804940286	0.6054523707019166	0.8354936274463097	0.46695349057139746
816	72.29312305865434	-10763.026833847092	0.6525185196526558	0.6926664231632504	0.8854632423501438	3.0360629060442275	9.032947371768214	0.47913708973287955	0.35817132288507103	0.29104913804940286	0.6054523707019166	0.8354936274463097	0.46695349057139746
817	72.29312305865434	-10763.026833847092	0.6525185196526558	0.6926664231632504	0.8854632423501438	3.0360629060442275	9.032947371768214	0.47913708973287955	0.35817132288507103	0.29104913804940286	0.6054523707019166	0.8354936274463097	0.46695349057139746
818	72.29312305865434	-10741.335269135305	0.6525185196526558	0.6926664231632504	0.8854632423501438	3.0360629060442275	9.032947371768214	0.47913708973287955	0.35817132288507103	0.29104913804940286	0.6054523707019166	0.8354936274463097	0.46695349057139746
819	72.29312305865434	-10741.335269135305	0.6525185196526558	0.6926664231632504	0.8854632423501438	3.0360629060442275	9.032947371768214	0.47913708973287955	0.35817132288507103	0.29104913804940286	0.6054523707019166	0.8354936274463097	0.46695349057139746
820	72.29312305865434	-10741.335269135305	0.6525185196526558	0.6926664231632504	0.8854632423501438	3.0360629060442275	9.032947371768214	0.47913708973287955	0.35817132288507103	0.29104913804940286	0.6054523707019166	0.8354936274463097	0.46695349057139746
821	73.1554328395498	-10737.14307428778	0.6525185196526558	0.6926664231632504	0.8854632423501438	3.0360629060442275	9.032947371768214	0.47913708973287955	0.35817132288507103	0.29104913804940286	0.6054523707019166	0.8354936274463097	0.46695349057139746
822	73.25440429250082	-10707.091562101885	0.6525185196526558	0.6926664231632504	0.8854632423501438	3.0360629060442275	9.032947371768214	0.47913708973287955	0.35817132288507103	0.29104913804940286	0.6054523707019166	0.8354936274463097	0.46695349057139746
823	73.25440429250082	-10707.091562101885	0.6525185196526558	0.6926664231632504	0.8854632423501438	3.0360629060442275	9.032947371768214	0.47913708973287955	0.35817132288507103	0.29104913804940286	0.6054523707019166	0.8354936274463097	0.46695349057139746
824	73.25440429250082	-10707.091562101885	0.6525185196526558	0.6926664231632504	0.8854632423501438	3.0360629060442275	9.032947371768214	0.47913708973287955	0.35817132288507103	0.29104913804940286	0.6054523707019166	0.8354936274463097	0.46695349057139746
825	73.25440429250082	-10707.091562101885	0.6525185196526558	0.6926664231632504	0.8854632423501438	3.0360629060442275	9.032947371768214	0.47913708973287955	0.35817132288507103	0.29104913804940286	0.6054523707019166	0.8354936274463097	0.46695349057139746
826	73.25440429250082	-10707.091562101885	0.6525185196526558	0.6926664231632504	0.8854632423501438	3.0360629060442275	9.032947371768214	0.47913708973287955	0.35817132288507103	0.29104913804940286	0.6054523707019166	0.8354936274463097	0.46695349057139746
827	73.25440429250082	-10707.091562101885	0.6525185196526558	0.6926664231632504	0.8854632423501438	3.0360629060442275	9.032947371768214	0.47913708973287955	0.35817132288507103	0.29104913804940286	0.6054523707019166	0.8354936274463097	0.46695349057139746
828	73.25440429250082	-10707.091562101885	0.6525185196526558	0.6926664231632504	0.8854632423501438	3.0360629060442275	9.032947371768214	0.47913708973287955	0.35817132288507103	0.29104913804940286	0.6054523707019166	0.8354936274463097	0.46695349057139746
829	73.25440429250082	-10707.091562101885	0.6525185196526558	0.6926664231632504	0.8854632423501438	3.0360629060442275	9.032947371768214	0.47913708973287955	0.35817132288507103	0.29104913804940286	0.6054523707019166	0.8354936274463097	0.46695349057139746
830	73.25440429250082	-10707.091562101885	0.6525185196526558	0.6926664231632504	0.8854632423501438	3.0360629060442275	9.032947371768214	0.47913708973287955	0.35817132288507103	0.29104913804940286	0.6054523707019166	0.8354936274463097	0.46695349057139746
831	73.25440429250082	-10707.091562101885	0.6525185196526558	0.6926664231632504	0.8854632423501438	3.0360629060442275	9.032947371768214	0.47913708973287955	0.35817132288507103	0.29104913804940286	0.6054523707019166	0.8354936274463097	0.46695349057139746
832	73.25440429250082	-10707.091562101885	0.6525185196526558	0.6926664231632504	0.8854632423501438	3.0360629060442275	9.032947371768214	0.47913708973287955	0.35817132288507103	0.29104913804940286	0.6054523707019166	0.8354936274463097	0.46695349057139746
833	73.25440429250082	-10701.094781245405	0.6525185196526558	0.6926664231632504	0.8854632423501438	3.0360629060442275	9.032947371768214	0.47913708973287955	0.35817132288507103	0.29104913804940286	0.6054523707019166	0.8354936274463097	0.46695349057139746
834	73.25440429250082	-10701.094781245405	0.6525185196526558	0.6926664231632504	0.8854632423501438	3.0360629060442275	9.032947371768214	0.47913708973287955	0.35817132288507103	0.29104913804940286	0.6054523707019166	0.8354936274463097	0.46695349057139746
835	73.25440429250082	-10691.913965369808	0.6525185196526558	0.6926664231632504	0.8854632423501438	3.0360629060442275	9.032947371768214	0.47913708973287955	0.35817132288507103	0.29104913804940286	0.6054523707019166	0.8354936274463097	0.46695349057139746
836	73.25440429250082	-10691.913965369808	0.6525185196526558	0.6926664231632504	0.8854632423501438	3.0360629060442275	9.032947371768214	0.47913708973287955	0.35817132288507103	0.29104913804940286	0.6054523707019166	0.8354936274463097	0.46695349057139746
837	73.24183927053201	-10691.68804049583	0.6525185196526558	0.6926664231632504	0.8854632423501438	3.0360629060442275	9.032947371768214	0.47913708973287955	0.35817132288507103	0.29104913804940286	0.6054523707019166	0.8354936274463097	0.46695349057139746
838	73.24183927053201	-10691.68804049583	0.6525185196526558	0.6926664231632504	0.8854632423501438	3.0360629060442275	9.032947371768214	0.47913708973287955	0.35817132288507103	0.29104913804940286	0.6054523707019166	0.8354936274463097	0.46695349057139746
839	73.24183927053201	-10691.68804049583	0.6525185196526558	0.6926664231632504	0.8854632423501438	3.0360629060442275	9.032947371768214	0.47913708973287955	0.35817132288507103	0.29104913804940286	0.6054523707019166	0.8354936274463097	0.46695349057139746
840	73.24183927053201	-10689.6361589443	0.6525185196526558	0.6926664231632504	0.8854632423501438	3.0360629060442275	9.032947371768214	0.47913708973287955	0.35817132288507103	0.29104913804940286	0.6054523707019166	0.8354936274463097	0.46695349057139746
841	71.74743559246663	-10662.084384055219	0.6525185196526558	0.6926664231632504	0.8854632423501438	3.0360629060442275	9.032947371768214	0.47913708973287955	0.35817132288507103	0.29104913804940286	0.6054523707019166	0.8354936274463097	0.46695349057139746
842	71.74743559246663	-10662.084384055219	0.6525185196526558	0.6926664231632504	0.8854632423501438	3.0360629060442275	9.032947371768214	0.47913708973287955	0.35817132288507103	0.29104913804940286	0.6054523707019166	0.8354936274463097	0.46695349057139746
843	71.74743559246663	-10662.084384055219	0.6525185196526558	0.6926664231632504	0.8854632423501438	3.0360629060442275	9.032947371768214	0.47913708973287955	0.35817132288507103	0.29104913804940286	0.6054523707019166	0.8354936274463097	0.46695349057139746
844	71.74743559246663	-10662.084384055219	0.6525185196526558	0.6926664231632504	0.8854632423501438	3.0360629060442275	9.032947371768214	0.47913708973287955	0.35817132288507103	0.29104913804940286	0.6054523707019166	0.8354936274463097	0.46695349057139746
845	71.74340794368253	-10661.65536655931	0.6525185196526558	0.6926664231632504	0.8854632423501438	3.0360629060442275	9.032947371768214	0.47913708973287955	0.35817132288507103	0.29104913804940286	0.6054523707019166	0.8354936274463097	0.46695349057139746
846	71.74340794368253	-10652.460347228003	0.6525185196526558	0.6926664231632504	0.8854632423501438	3.0360629060442275	9.032947371768214	0.47913708973287955	0.35817132288507103	0.29104913804940286	0.6054523707019166	0.8354936274463097	0.46695349057139746
847	71.74340794368253	-10652.460347228003	0.6525185196526558	0.6926664231632504	0.8854632423501438	3.0360629060442275	9.032947371768214	0.47913708973287955	0.35817132288507103	0.29104913804940286	0.6054523707019166	0.8354936274463097	0.46695349057139746
848	71.74340794368253	-10652.460347228003	0.6525185196526558	0.6926664231632504	0.8854632423501438	3.0360629060442275	9.032947371768214	0.47913708973287955	0.35817132288507103	0.29104913804940286	0.6054523707019166	0.8354936274463097	0.46695349057139746
849	71.74823204944776	-10651.614126337798	0.6525185196526558	0.6926664231632504	0.8854632423501438	3.0360629060442275	9.032947371768214	0.47913708973287955	0.35817132288507103	0.29104913804940286	0.6054523707019166	0.8354936274463097	0.46695349057139746
850	71.74823204944776	-10651.614126337798	0.6525185196526558	0.6926664231632504	0.8854632423501438	3.0360629060442275	9.032947371768214	0.47913708973287955	0.35817132288507103	0.29104913804940286	0.6054523707019166	0.8354936274463097	0.46695349057139746
851	71.74823204944776	-10651.614126337798	0.6525185196526558	0.6926664231632504	0.8854632423501438	3.0360629060442275	9.032947371768214	0.47913708973287955	0.35817132288507103	0.29104913804940286	0.6054523707019166	0.8354936274463097	0.46695349057139746
852	71.74585191158688	-10651.665900340638	0.6525185196526558	0.6926664231632504	0.8854632423501438	3.0360629060442275	9.032947371768214	0.47913708973287955	0.35817132288507103	0.29104913804940286	0.6054523707019166	0.8354936274463097	0.46695349057139746
853	71.76901750260562	-10647.306885892214	0.6525185196526558	0.6926664231632504	0.8854632423501438	3.0360629060442275	9.032947371768214	0.47913708973287955	0.35817132288507103	0.29104913804940286	0.6054523707019166	0.8354936274463097	0.46695349057139746
854	71.76901750260562	-10647.306885892214	0.6525185196526558	0.6926664231632504	0.8854632423501438	3.0360629060442275	9.032947371768214	0.47913708973287955	0.35817132288507103	0.29104913804940286	0.6054523707019166	0.8354936274463097	0.46695349057139746
855	71.76901750260562	-10647.306885892214	0.6525185196526558	0.6926664231632504	0.8854632423501438	3.0360629060442275	9.032947371768214	0.47913708973287955	0.35817132288507103	0.29104913804940286	0.6054523707019166	0.8354936274463097	0.46695349057139746
856	71.76901750260562	-10647.306885892214	0.6525185196526558	0.6926664231632504	0.8854632423501438	3.0360629060442275	9.032947371768214	0.47913708973287955	0.35817132288507103	0.29104913804940286	0.6054523707019166	0.8354936274463097	0.46695349057139746
857	71.76901750260562	-10647.306885892214	0.6525185196526558	0.6926664231632504	0.8854632423501438	3.0360629060442275	9.032947371768214	0.47913708973287955	0.35817132288507103	0.29104913804940286	0.6054523707019166	0.8354936274463097	0.46695349057139746
858	71.6604719880788	-10647.306885892214	0.6525185196526558	0.6926664231632504	0.8854632423501438	3.0360629060442275	9.032947371768214	0.47913708973287955	0.35817132288507103	0.29104913804940286	0.6054523707019166	0.8354936274463097	0.47972872221857155
859	71.6604719880788	-10647.306885892214	0.6525185196526558	0.6926664231632504	0.8854632423501438	3.0360629060442275	9.032947371768214	0.47913708973287955	0.35817132288507103	0.29104913804940286	0.6054523707019166	0.8354936274463097	0.47972872221857155
860	71.6453763036431	-10646.521452868901	0.6525185196526558	0.6926664231632504	0.8854632423501438	3.0360629060442275	9.032947371768214	0.47913708973287955	0.35817132288507103	0.29104913804940286	0.6054523707019166	0.8354936274463097	0.47972872221857155
861	71.6453763036431	-10646.521452868901	0.6525185196526558	0.6926664231632504	0.8854632423501438	3.0360629060442275	9.032947371768214	0.47913708973287955	0.35817132288507103	0.29104913804940286	0.6054523707019166	0.8354936274463097	0.47972872221857155
862	71.6453763036431	-10646.521452868901	0.6525185196526558	0.6926664231632504	0.8854632423501438	3.0360629060442275	9.032947371768214	0.47913708973287955	0.35817132288507103	0.29104913804940286	0.6054523707019166	0.8354936274463097	0.47972872221857155
863	71.6453763036431	-10646.521452868901	0.6525185196526558	0.6926664231632504	0.8854632423501438	3.0360629060442275	9.032947371768214	0.47913708973287955	0.35817132288507103	0.29104913804940286	0.6054523707019166	0.8354936274463097	0.47972872221857155
864	71.6453763036431	-10619.329112684947	0.6525185196526558	0.6926664231632504	0.8854632423501438	3.0360629060442275	9.032947371768214	0.47913708973287955	0.35817132288507103	0.29104913804940286	0.6054523707019166	0.8354936274463097	0.47972872221857155
865	71.6453763036431	-10619.329112684947	0.6525185196526558	0.6926664231632504	0.8854632423501438	3.0360629060442275	9.032947371768214	0.47913708973287955	0.35817132288507103	0.29104913804940286	0.6054523707019166	0.8354936274463097	0.47972872221857155
866	71.6453763036431	-10619.329112684947	0.6525185196526558	0.6926664231632504	0.8854632423501438	3.0360629060442275	9.032947371768214	0.47913708973287955	0.35817132288507103	0.29104913804940286	0.6054523707019166	0.8354936274463097	0.47972872221857155
867	71.6453763036431	-10619.329112684947	0.6525185196526558	0.6926664231632504	0.8854632423501438	3.0360629060442275	9.032947371768214	0.47913708973287955	0.35817132288507103	0.29104913804940286	0.6054523707019166	0.8354936274463097	0.47972872221857155
868	71.6453763036431	-10619.329112684947	0.6525185196526558	0.6926664231632504	0.8854632423501438	3.0360629060442275	9.032947371768214	0.47913708973287955	0.35817132288507103	0.29104913804940286	0.6054523707019166	0.8354936274463097	0.47972872221857155
869	71.6453763036431	-10619.329112684947	0.6525185196526558	0.6926664231632504	0.8854632423501438	3.0360629060442275	9.032947371768214	0.47913708973287955	0.35817132288507103	0.29104913804940286	0.6054523707019166	0.8354936274463097	0.47972872221857155
870	71.6453763036431	-10619.329112684947	0.6525185196526558	0.6926664231632504	0.8854632423501438	3.0360629060442275	9.032947371768214	0.47913708973287955	0.35817132288507103	0.29104913804940286	0.6054523707019166	0.8354936274463097	0.47972872221857155
871	71.6453763036431	-10619.329112684947	0.6525185196526558	0.6926664231632504	0.8854632423501438	3.0360629060442275	9.032947371768214	0.47913708973287955	0.35817132288507103	0.29104913804940286	0.6054523707019166	0.8354936274463097	0.47972872221857155
872	71.6453763036431	-10619.329112684947	0.6525185196526558	0.6926664231632504	0.8854632423501438	3.0360629060442275	9.032947371768214	0.47913708973287955	0.35817132288507103	0.29104913804940286	0.6054523707019166	0.8354936274463097	0.47972872221857155
873	71.6453763036431	-10619.329112684947	0.6525185196526558	0.6926664231632504	0.8854632423501438	3.0360629060442275	9.032947371768214	0.47913708973287955	0.35817132288507103	0.29104913804940286	0.6054523707019166	0.8354936274463097	0.47972872221857155
874	71.6453763036431	-10619.329112684947	0.6525185196526558	0.6926664231632504	0.8854632423501438	3.0360629060442275	9.032947371768214	0.47913708973287955	0.35817132288507103	0.29104913804940286	0.6054523707019166	0.8354936274463097	0.47972872221857155
875	71.6453763036431	-10619.329112684947	0.6525185196526558	0.6926664231632504	0.8854632423501438	3.0360629060442275	9.032947371768214	0.47913708973287955	0.35817132288507103	0.29104913804940286	0.6054523707019166	0.8354936274463097	0.47972872221857155
876	71.6453763036431	-10619.329112684947	0.6525185196526558	0.6926664231632504	0.8854632423501438	3.0360629060442275	9.032947371768214	0.47913708973287955	0.35817132288507103	0.29104913804940286	0.6054523707019166	0.8354936274463097	0.47972872221857155
877	71.6453763036431	-10618.913484729572	0.6525185196526558	0.6926664231632504	0.8854632423501438	3.0360629060442275	9.032947371768214	0.47913708973287955	0.35817132288507103	0.29104913804940286	0.6054523707019166	0.8354936274463097	0.47972872221857155
878	71.6453763036431	-10618.913484729572	0.6525185196526558	0.6926664231632504	0.8854632423501438	3.0360629060442275	9.032947371768214	0.47913708973287955	0.35817132288507103	0.29104913804940286	0.6054523707019166	0.8354936274463097	0.47972872221857155
879	71.2236660976009	-10590.43949901339	0.6525185196526558	0.6926664231632504	0.8854632423501438	3.0360629060442275	9.032947371768214	0.47913708973287955	0.35817132288507103	0.29104913804940286	0.6054523707019166	0.8354936274463097	0.47972872221857155
880	71.2468694400088	-10589.33239283594	0.6525185196526558	0.6926664231632504	0.8854632423501438	3.0360629060442275	9.032947371768214	0.47913708973287955	0.35817132288507103	0.29104913804940286	0.6054523707019166	0.8354936274463097	0.47972872221857155
881	71.2468694400088	-10589.939595182781	0.6525185196526558	0.6926664231632504	0.8854632423501438	3.0360629060442275	9.032947371768214	0.47913708973287955	0.35817132288507103	0.29104913804940286	0.6054523707019166	0.8354936274463097	0.47972872221857155
882	71.2468694400088	-10577.966404792729	0.6525185196526558	0.6926664231632504	0.8854632423501438	3.0360629060442275	9.032947371768214	0.47913708973287955	0.35817132288507103	0.29104913804940286	0.6054523707019166	0.8354936274463097	0.47972872221857155
883	71.2468694400088	-10577.966404792729	0.6525185196526558	0.6926664231632504	0.8854632423501438	3.0360629060442275	9.032947371768214	0.47913708973287955	0.35817132288507103	0.29104913804940286	0.6054523707019166	0.8354936274463097	0.47972872221857155
884	71.2468694400088	-10577.966404792729	0.6525185196526558	0.6926664231632504	0.8854632423501438	3.0360629060442275	9.032947371768214	0.47913708973287955	0.35817132288507103	0.29104913804940286	0.6054523707019166	0.8354936274463097	0.47972872221857155
885	71.2468694400088	-10577.966404792729	0.6525185196526558	0.6926664231632504	0.8854632423501438	3.0360629060442275	9.032947371768214	0.47913708973287955	0.35817132288507103	0.29104913804940286	0.6054523707019166	0.8354936274463097	0.47972872221857155
886	71.2468694400088	-10568.149992893712	0.6525185196526558	0.6926664231632504	0.8854632423501438	3.0360629060442275	9.032947371768214	0.47913708973287955	0.35817132288507103	0.29104913804940286	0.6054523707019166	0.8354936274463097	0.47972872221857155
887	71.2468694400088	-10568.15488261	0.6525185196526558	0.6926664231632504	0.8854632423501438	3.0360629060442275	9.032947371768214	0.47913708973287955	0.35817132288507103	0.29104913804940286	0.6054523707019166	0.8354936274463097	0.47972872221857155
888	72.1023761943662	-10484.44728673685	0.6525185196526558	0.6926664231632504	0.8854632423501438	3.0360629060442275	9.032947371768214	0.47913708973287955	0.35817132288507103	0.29104913804940286	0.6054523707019166	0.8354936274463097	0.47972872221857155
889	72.17611631703153	-10483.926737604654	0.6525185196526558	0.6926664231632504	0.8854632423501438	3.0360629060442275	9.032947371768214	0.47913708973287955	0.35817132288507103	0.29104913804940286	0.6054523707019166	0.8354936274463097	0.47972872221857155
890	72.17611631703153	-10483.926737604654	0.6525185196526558	0.6926664231632504	0.8854632423501438	3.0360629060442275	9.032947371768214	0.47913708973287955	0.35817132288507103	0.29104913804940286	0.6054523707019166	0.8354936274463097	0.47972872221857155
891	72.28843607008434	-10471.119614212997	0.6525185196526558	0.6926664231632504	0.8854632423501438	3.0360629060442275	9.032947371768214	0.47913708973287955	0.35817132288507103	0.29104913804940286	0.6054523707019166	0.8354936274463097	0.47972872221857155
892	72.28843607008434	-10471.119614212997	0.6525185196526558	0.6926664231632504	0.8854632423501438	3.0360629060442275	9.032947371768214	0.47913708973287955	0.35817132288507103	0.29104913804940286	0.6054523707019166	0.8354936274463097	0.47972872221857155
893	72.96860467792226	-10350.647626387587	0.6525185196526558	0.6926664231632504	0.8854632423501438	3.0360629060442275	9.032947371768214	0.47913708973287955	0.35817132288507103	0.29104913804940286	0.6054523707019166	0.8354936274463097	0.47972872221857155
894	72.96860467792226	-10341.498203468873	0.6525185196526558	0.6926664231632504	0.8854632423501438	3.0360629060442275	9.032947371768214	0.47913708973287955	0.35817132288507103	0.29104913804940286	0.6054523707019166	0.8354936274463097	0.47972872221857155
895	72.96860467792226	-10341.498203468873	0.6525185196526558	0.6926664231632504	0.8854632423501438	3.0360629060442275	9.032947371768214	0.47913708973287955	0.35817132288507103	0.29104913804940286	0.6054523707019166	0.8354936274463097	0.47972872221857155
896	72.94429336780686	-10342.677257864978	0.6525185196526558	0.6926664231632504	0.8854632423501438	3.0360629060442275	9.032947371768214	0.47913708973287955	0.35817132288507103	0.29104913804940286	0.6054523707019166	0.8354936274463097	0.47972872221857155
897	72.96667748187977	-10342.677257864978	0.6525185196526558	0.6926664231632504	0.8854632423501438	3.0360629060442275	9.032947371768214	0.4316515156839841	0.4199134695473342	0.2812899609338199	0.5280312734570282	0.8266819803914506	0.47972872221857155
898	72.96667748187977	-10342.677257864978	0.6525185196526558	0.6926664231632504	0.8854632423501438	3.0360629060442275	9.032947371768214	0.4316515156839841	0.4199134695473342	0.2812899609338199	0.5280312734570282	0.8266819803914506	0.47972872221857155
899	72.96667748187977	-10342.677257864978	0.6525185196526558	0.6926664231632504	0.8854632423501438	3.0360629060442275	9.032947371768214	0.4316515156839841	0.4199134695473342	0.2812899609338199	0.5280312734570282	0.8266819803914506	0.47972872221857155
900	72.96667748187977	-10342.677257864978	0.6525185196526558	0.6926664231632504	0.8854632423501438	3.0360629060442275	9.032947371768214	0.4316515156839841	0.4199134695473342	0.2812899609338199	0.5280312734570282	0.8266819803914506	0.47972872221857155
901	72.96667748187977	-10342.677257864978	0.6525185196526558	0.6926664231632504	0.8854632423501438	3.0360629060442275	9.032947371768214	0.4316515156839841	0.4199134695473342	0.2812899609338199	0.5280312734570282	0.8266819803914506	0.47972872221857155
902	72.96667748187977	-10342.677257864978	0.6525185196526558	0.6926664231632504	0.8854632423501438	3.0360629060442275	9.032947371768214	0.4316515156839841	0.4199134695473342	0.2812899609338199	0.5280312734570282	0.8266819803914506	0.47972872221857155
903	72.96667748187977	-10342.677257864978	0.6525185196526558	0.6926664231632504	0.8854632423501438	3.0360629060442275	9.032947371768214	0.4316515156839841	0.4199134695473342	0.2812899609338199	0.5280312734570282	0.8266819803914506	0.47972872221857155
904	72.96667748187977	-10342.677257864978	0.6525185196526558	0.6926664231632504	0.8854632423501438	3.0360629060442275	9.032947371768214	0.4316515156839841	0.4199134695473342	0.2812899609338199	0.5280312734570282	0.8266819803914506	0.47972872221857155
905	72.96667748187977	-10343.237977941184	0.6525185196526558	0.6926664231632504	0.8854632423501438	3.0360629060442275	9.032947371768214	0.4316515156839841	0.4199134695473342	0.2812899609338199	0.5280312734570282	0.8266819803914506	0.47972872221857155
906	72.96667748187977	-10343.237977941184	0.6525185196526558	0.6926664231632504	0.8854632423501438	3.0360629060442275	9.032947371768214	0.4316515156839841	0.4199134695473342	0.2812899609338199	0.5280312734570282	0.8266819803914506	0.47972872221857155
907	72.96667748187977	-10343.237977941184	0.6525185196526558	0.6926664231632504	0.8854632423501438	3.0360629060442275	9.032947371768214	0.4316515156839841	0.4199134695473342	0.2812899609338199	0.5280312734570282	0.8266819803914506	0.47972872221857155
908	72.96667748187977	-10343.237977941184	0.6525185196526558	0.6926664231632504	0.8854632423501438	3.0360629060442275	9.032947371768214	0.4316515156839841	0.4199134695473342	0.2812899609338199	0.5280312734570282	0.8266819803914506	0.47972872221857155
909	72.96322166677342	-10343.299804997896	0.6525185196526558	0.6926664231632504	0.8854632423501438	3.0360629060442275	9.032947371768214	0.4316515156839841	0.4199134695473342	0.2812899609338199	0.5280312734570282	0.8266819803914506	0.47972872221857155
910	72.96322166677342	-10294.430918406488	0.6525185196526558	0.6926664231632504	0.8854632423501438	3.0360629060442275	9.032947371768214	0.4316515156839841	0.4199134695473342	0.2812899609338199	0.5280312734570282	0.8266819803914506	0.47972872221857155
911	72.98167767977199	-10295.71905233074	0.6525185196526558	0.6926664231632504	0.8854632423501438	3.0360629060442275	9.032947371768214	0.4316515156839841	0.4199134695473342	0.2812899609338199	0.5280312734570282	0.8266819803914506	0.47972872221857155
912	72.98167767977199	-10295.71905233074	0.6525185196526558	0.6926664231632504	0.8854632423501438	3.0360629060442275	9.032947371768214	0.4316515156839841	0.4199134695473342	0.2812899609338199	0.5280312734570282	0.8266819803914506	0.47972872221857155
913	72.96736964317316	-10296.32193393456	0.6525185196526558	0.6926664231632504	0.8854632423501438	3.0360629060442275	9.032947371768214	0.4316515156839841	0.4199134695473342	0.2812899609338199	0.5280312734570282	0.8266819803914506	0.47972872221857155
914	72.96736964317316	-10296.32193393456	0.6525185196526558	0.6926664231632504	0.8854632423501438	3.0360629060442275	9.032947371768214	0.4316515156839841	0.4199134695473342	0.2812899609338199	0.5280312734570282	0.8266819803914506	0.47972872221857155
915	72.96736964317316	-10292.280566720327	0.6525185196526558	0.6926664231632504	0.8854632423501438	3.0360629060442275	9.032947371768214	0.4316515156839841	0.4199134695473342	0.2812899609338199	0.5280312734570282	0.8266819803914506	0.47972872221857155
916	72.96736964317316	-10292.280566720327	0.6525185196526558	0.6926664231632504	0.8854632423501438	3.0360629060442275	9.032947371768214	0.4316515156839841	0.4199134695473342	0.2812899609338199	0.5280312734570282	0.8266819803914506	0.47972872221857155
917	72.96736964317316	-10292.280566720327	0.6525185196526558	0.6926664231632504	0.8854632423501438	3.0360629060442275	9.032947371768214	0.4316515156839841	0.4199134695473342	0.2812899609338199	0.5280312734570282	0.8266819803914506	0.47972872221857155
918	72.96736964317316	-10292.280566720327	0.6525185196526558	0.6926664231632504	0.8854632423501438	3.0360629060442275	9.032947371768214	0.4316515156839841	0.4199134695473342	0.2812899609338199	0.5280312734570282	0.8266819803914506	0.47972872221857155
919	72.96736964317316	-10292.280566720327	0.6525185196526558	0.6926664231632504	0.8854632423501438	3.0360629060442275	9.032947371768214	0.4316515156839841	0.4199134695473342	0.2812899609338199	0.5280312734570282	0.8266819803914506	0.47972872221857155
920	72.96736964317316	-10292.280566720327	0.6525185196526558	0.6926664231632504	0.8854632423501438	3.0360629060442275	9.032947371768214	0.4316515156839841	0.4199134695473342	0.2812899609338199	0.5280312734570282	0.8266819803914506	0.47972872221857155
921	73.36093796875386	-10232.408916901135	0.6525185196526558	0.6926664231632504	0.8854632423501438	3.0360629060442275	9.032947371768214	0.4316515156839841	0.4199134695473342	0.2812899609338199	0.5280312734570282	0.8266819803914506	0.47972872221857155
922	73.36093796875386	-10232.408916901135	0.6525185196526558	0.6926664231632504	0.8854632423501438	3.0360629060442275	9.032947371768214	0.4316515156839841	0.4199134695473342	0.2812899609338199	0.5280312734570282	0.8266819803914506	0.47972872221857155
923	73.36093796875386	-10232.408916901135	0.6525185196526558	0.6926664231632504	0.8854632423501438	3.0360629060442275	9.032947371768214	0.4316515156839841	0.4199134695473342	0.2812899609338199	0.5280312734570282	0.8266819803914506	0.47972872221857155
924	73.36093796875386	-10232.408916901135	0.6525185196526558	0.6926664231632504	0.8854632423501438	3.0360629060442275	9.032947371768214	0.4316515156839841	0.4199134695473342	0.2812899609338199	0.5280312734570282	0.8266819803914506	0.47972872221857155
925	73.36093796875386	-10232.408916901135	0.6525185196526558	0.6926664231632504	0.8854632423501438	3.0360629060442275	9.032947371768214	0.4316515156839841	0.4199134695473342	0.2812899609338199	0.5280312734570282	0.8266819803914506	0.47972872221857155
926	73.36093796875386	-10174.825934458431	0.6525185196526558	0.6926664231632504	0.8854632423501438	3.0360629060442275	9.032947371768214	0.4316515156839841	0.4199134695473342	0.2812899609338199	0.5280312734570282	0.8266819803914506	0.47972872221857155
927	73.36093796875386	-10174.255309349894	0.6525185196526558	0.6926664231632504	0.8854632423501438	3.0360629060442275	9.032947371768214	0.4316515156839841	0.4199134695473342	0.2812899609338199	0.5280312734570282	0.8266819803914506	0.47972872221857155
928	73.4425969902181	-10165.8394847241	0.6525185196526558	0.6926664231632504	0.8854632423501438	3.0360629060442275	9.032947371768214	0.4316515156839841	0.4199134695473342	0.2812899609338199	0.5280312734570282	0.8266819803914506	0.47972872221857155
929	73.4425969902181	-10165.8394847241	0.6525185196526558	0.6926664231632504	0.8854632423501438	3.0360629060442275	9.032947371768214	0.4316515156839841	0.4199134695473342	0.2812899609338199	0.5280312734570282	0.8266819803914506	0.47972872221857155
930	73.4425969902181	-10165.8394847241	0.6525185196526558	0.6926664231632504	0.8854632423501438	3.0360629060442275	9.032947371768214	0.4316515156839841	0.4199134695473342	0.2812899609338199	0.5280312734570282	0.8266819803914506	0.47972872221857155
931	73.4522932075005	-10165.35798823734	0.6525185196526558	0.6926664231632504	0.8854632423501438	3.0360629060442275	9.032947371768214	0.4316515156839841	0.4199134695473342	0.2812899609338199	0.5280312734570282	0.8266819803914506	0.47972872221857155
932	73.4522932075005	-10165.35798823734	0.6525185196526558	0.6926664231632504	0.8854632423501438	3.0360629060442275	9.032947371768214	0.4316515156839841	0.4199134695473342	0.2812899609338199	0.5280312734570282	0.8266819803914506	0.47972872221857155
933	73.4522932075005	-10165.35798823734	0.6525185196526558	0.6926664231632504	0.8854632423501438	3.0360629060442275	9.032947371768214	0.4316515156839841	0.4199134695473342	0.2812899609338199	0.5280312734570282	0.8266819803914506	0.47972872221857155
934	73.4522932075005	-10165.35798823734	0.6525185196526558	0.6926664231632504	0.8854632423501438	3.0360629060442275	9.032947371768214	0.4316515156839841	0.4199134695473342	0.2812899609338199	0.5280312734570282	0.8266819803914506	0.47972872221857155
935	73.4522932075005	-10165.35798823734	0.6525185196526558	0.6926664231632504	0.8854632423501438	3.0360629060442275	9.032947371768214	0.4316515156839841	0.4199134695473342	0.2812899609338199	0.5280312734570282	0.8266819803914506	0.47972872221857155
936	73.4522932075005	-10165.35798823734	0.6525185196526558	0.6926664231632504	0.8854632423501438	3.0360629060442275	9.032947371768214	0.4316515156839841	0.4199134695473342	0.2812899609338199	0.5280312734570282	0.8266819803914506	0.47972872221857155
937	73.4522932075005	-10165.35798823734	0.6525185196526558	0.6926664231632504	0.8854632423501438	3.0360629060442275	9.032947371768214	0.4316515156839841	0.4199134695473342	0.2812899609338199	0.5280312734570282	0.8266819803914506	0.47972872221857155
938	73.4522932075005	-10159.930519809881	0.6525185196526558	0.6926664231632504	0.8854632423501438	3.0360629060442275	9.032947371768214	0.4316515156839841	0.4199134695473342	0.2812899609338199	0.5280312734570282	0.8266819803914506	0.47972872221857155
939	73.4522932075005	-10159.930519809881	0.6525185196526558	0.6926664231632504	0.8854632423501438	3.0360629060442275	9.032947371768214	0.4316515156839841	0.4199134695473342	0.2812899609338199	0.5280312734570282	0.8266819803914506	0.47972872221857155
940	73.47789607077877	-10158.849252455022	0.6525185196526558	0.6926664231632504	0.8854632423501438	3.0360629060442275	9.032947371768214	0.4316515156839841	0.4199134695473342	0.2812899609338199	0.5280312734570282	0.8266819803914506	0.47972872221857155
941	73.47789607077877	-10158.849252455022	0.6525185196526558	0.6926664231632504	0.8854632423501438	3.0360629060442275	9.032947371768214	0.4316515156839841	0.4199134695473342	0.2812899609338199	0.5280312734570282	0.8266819803914506	0.47972872221857155
942	73.47789607077877	-10158.849252455022	0.6525185196526558	0.6926664231632504	0.8854632423501438	3.0360629060442275	9.032947371768214	0.4316515156839841	0.4199134695473342	0.2812899609338199	0.5280312734570282	0.8266819803914506	0.47972872221857155
943	73.47789607077877	-10158.849252455022	0.6525185196526558	0.6926664231632504	0.8854632423501438	3.0360629060442275	9.032947371768214	0.4316515156839841	0.4199134695473342	0.2812899609338199	0.5280312734570282	0.8266819803914506	0.47972872221857155
944	73.71075611744922	-10152.087684267995	0.6525185196526558	0.6926664231632504	0.8854632423501438	3.0360629060442275	9.032947371768214	0.4316515156839841	0.4199134695473342	0.2812899609338199	0.5280312734570282	0.8266819803914506	0.47972872221857155
945	73.71075611744922	-10152.087684267995	0.6525185196526558	0.6926664231632504	0.8854632423501438	3.0360629060442275	9.032947371768214	0.4316515156839841	0.4199134695473342	0.2812899609338199	0.5280312734570282	0.8266819803914506	0.47972872221857155
946	73.77758374130636	-10150.006520004907	0.6525185196526558	0.6926664231632504	0.8854632423501438	3.0360629060442275	9.032947371768214	0.4316515156839841	0.4199134695473342	0.2812899609338199	0.5280312734570282	0.8266819803914506	0.47972872221857155
947	73.8560921953999	-10148.055336219566	0.6525185196526558	0.6926664231632504	0.8854632423501438	3.0360629060442275	9.032947371768214	0.4316515156839841	0.4199134695473342	0.2812899609338199	0.5280312734570282	0.8266819803914506	0.47972872221857155
948	73.8560921953999	-10148.055336219566	0.6525185196526558	0.6926664231632504	0.8854632423501438	3.0360629060442275	9.032947371768214	0.4316515156839841	0.4199134695473342	0.2812899609338199	0.5280312734570282	0.8266819803914506	0.47972872221857155
949	73.8560921953999	-10148.055336219566	0.6525185196526558	0.6926664231632504	0.8854632423501438	3.0360629060442275	9.032947371768214	0.4316515156839841	0.4199134695473342	0.2812899609338199	0.5280312734570282	0.8266819803914506	0.47972872221857155
950	73.8560921953999	-10148.055336219566	0.6525185196526558	0.6926664231632504	0.8854632423501438	3.0360629060442275	9.032947371768214	0.4316515156839841	0.4199134695473342	0.2812899609338199	0.5280312734570282	0.8266819803914506	0.47972872221857155
951	73.8560921953999	-10148.055336219566	0.6525185196526558	0.6926664231632504	0.8854632423501438	3.0360629060442275	9.032947371768214	0.4316515156839841	0.4199134695473342	0.2812899609338199	0.5280312734570282	0.8266819803914506	0.47972872221857155
952	73.8560921953999	-10148.055336219566	0.6525185196526558	0.6926664231632504	0.8854632423501438	3.0360629060442275	9.032947371768214	0.4316515156839841	0.4199134695473342	0.2812899609338199	0.5280312734570282	0.8266819803914506	0.47972872221857155
953	73.8560921953999	-10148.055336219566	0.6525185196526558	0.6926664231632504	0.8854632423501438	3.0360629060442275	9.032947371768214	0.4316515156839841	0.4199134695473342	0.2812899609338199	0.5280312734570282	0.8266819803914506	0.47972872221857155
954	73.8560921953999	-10148.055336219566	0.6525185196526558	0.6926664231632504	0.8854632423501438	3.0360629060442275	9.032947371768214	0.4316515156839841	0.4199134695473342	0.2812899609338199	0.5280312734570282	0.8266819803914506	0.47972872221857155
955	73.8560921953999	-10148.055336219566	0.6525185196526558	0.6926664231632504	0.8854632423501438	3.0360629060442275	9.032947371768214	0.4316515156839841	0.4199134695473342	0.2812899609338199	0.5280312734570282	0.8266819803914506	0.47972872221857155
956	73.8560921953999	-10148.055336219566	0.6525185196526558	0.6926664231632504	0.8854632423501438	3.0360629060442275	9.032947371768214	0.4316515156839841	0.4199134695473342	0.2812899609338199	0.5280312734570282	0.8266819803914506	0.47972872221857155
957	74.67349384496025	-10141.796989072032	0.6525185196526558	0.6926664231632504	0.8854632423501438	3.0360629060442275	9.032947371768214	0.4316515156839841	0.4199134695473342	0.2812899609338199	0.5280312734570282	0.8266819803914506	0.47972872221857155
958	74.67349384496025	-10141.796989072032	0.6525185196526558	0.6926664231632504	0.8854632423501438	3.0360629060442275	9.032947371768214	0.4316515156839841	0.4199134695473342	0.2812899609338199	0.5280312734570282	0.8266819803914506	0.47972872221857155
959	74.67349384496025	-10141.796989072032	0.6525185196526558	0.6926664231632504	0.8854632423501438	3.0360629060442275	9.032947371768214	0.4316515156839841	0.4199134695473342	0.2812899609338199	0.5280312734570282	0.8266819803914506	0.47972872221857155
960	74.67349384496025	-10141.796989072032	0.6525185196526558	0.6926664231632504	0.8854632423501438	3.0360629060442275	9.032947371768214	0.4316515156839841	0.4199134695473342	0.2812899609338199	0.5280312734570282	0.8266819803914506	0.47972872221857155
961	74.67349384496025	-10141.796989072032	0.6525185196526558	0.6926664231632504	0.8854632423501438	3.0360629060442275	9.032947371768214	0.4316515156839841	0.4199134695473342	0.2812899609338199	0.5280312734570282	0.8266819803914506	0.47972872221857155
962	74.67349384496025	-10141.796989072032	0.6525185196526558	0.6926664231632504	0.8854632423501438	3.0360629060442275	9.032947371768214	0.4316515156839841	0.4199134695473342	0.2812899609338199	0.5280312734570282	0.8266819803914506	0.47972872221857155
963	74.67349384496025	-10141.796989072032	0.6525185196526558	0.6926664231632504	0.8854632423501438	3.0360629060442275	9.032947371768214	0.4316515156839841	0.4199134695473342	0.2812899609338199	0.5280312734570282	0.8266819803914506	0.47972872221857155
964	74.67349384496025	-10141.796989072032	0.6525185196526558	0.6926664231632504	0.8854632423501438	3.0360629060442275	9.032947371768214	0.4316515156839841	0.4199134695473342	0.2812899609338199	0.5280312734570282	0.8266819803914506	0.47972872221857155
965	74.67349384496025	-10141.796989072032	0.6525185196526558	0.6926664231632504	0.8854632423501438	3.0360629060442275	9.032947371768214	0.4316515156839841	0.4199134695473342	0.2812899609338199	0.5280312734570282	0.8266819803914506	0.47972872221857155
966	74.62442039830681	-10142.705537605458	0.6525185196526558	0.6926664231632504	0.8854632423501438	3.0360629060442275	9.032947371768214	0.4316515156839841	0.4199134695473342	0.2812899609338199	0.5280312734570282	0.8266819803914506	0.47972872221857155
967	74.63018615453625	-10142.438818318613	0.6525185196526558	0.6926664231632504	0.8854632423501438	3.0360629060442275	9.032947371768214	0.4316515156839841	0.4199134695473342	0.2812899609338199	0.5280312734570282	0.8266819803914506	0.47972872221857155
968	74.63018615453625	-10142.438818318613	0.6525185196526558	0.6926664231632504	0.8854632423501438	3.0360629060442275	9.032947371768214	0.4316515156839841	0.4199134695473342	0.2812899609338199	0.5280312734570282	0.8266819803914506	0.47972872221857155
969	74.63018615453625	-10142.438818318613	0.6525185196526558	0.6926664231632504	0.8854632423501438	3.0360629060442275	9.032947371768214	0.4316515156839841	0.4199134695473342	0.2812899609338199	0.5280312734570282	0.8266819803914506	0.47972872221857155
970	74.63018615453625	-10142.438818318613	0.6525185196526558	0.6926664231632504	0.8854632423501438	3.0360629060442275	9.032947371768214	0.4316515156839841	0.4199134695473342	0.2812899609338199	0.5280312734570282	0.8266819803914506	0.47972872221857155
971	74.63018615453625	-10142.438818318613	0.6525185196526558	0.6926664231632504	0.8854632423501438	3.0360629060442275	9.032947371768214	0.4316515156839841	0.4199134695473342	0.2812899609338199	0.5280312734570282	0.8266819803914506	0.47972872221857155
972	74.63018615453625	-10135.825194167677	0.6525185196526558	0.6926664231632504	0.8854632423501438	3.0360629060442275	9.032947371768214	0.4316515156839841	0.4199134695473342	0.2812899609338199	0.5280312734570282	0.8266819803914506	0.47972872221857155
973	74.65345809364605	-10135.92472068785	0.6525185196526558	0.6926664231632504	0.8854632423501438	3.0360629060442275	9.032947371768214	0.4316515156839841	0.4199134695473342	0.2812899609338199	0.5280312734570282	0.8266819803914506	0.47972872221857155
974	74.65345809364605	-10135.92472068785	0.6525185196526558	0.6926664231632504	0.8854632423501438	3.0360629060442275	9.032947371768214	0.4316515156839841	0.4199134695473342	0.2812899609338199	0.5280312734570282	0.8266819803914506	0.47972872221857155
975	74.65345809364605	-10135.92472068785	0.6525185196526558	0.6926664231632504	0.8854632423501438	3.0360629060442275	9.032947371768214	0.4316515156839841	0.4199134695473342	0.2812899609338199	0.5280312734570282	0.8266819803914506	0.47972872221857155
976	74.65345809364605	-10135.92472068785	0.6525185196526558	0.6926664231632504	0.8854632423501438	3.0360629060442275	9.032947371768214	0.4316515156839841	0.4199134695473342	0.2812899609338199	0.5280312734570282	0.8266819803914506	0.47972872221857155
977	74.63895912120118	-10132.993335037498	0.6525185196526558	0.6926664231632504	0.8854632423501438	3.0360629060442275	9.032947371768214	0.4316515156839841	0.4199134695473342	0.2812899609338199	0.5280312734570282	0.8266819803914506	0.47972872221857155
978	74.63895912120118	-10132.993335037498	0.6525185196526558	0.6926664231632504	0.8854632423501438	3.0360629060442275	9.032947371768214	0.4316515156839841	0.4199134695473342	0.2812899609338199	0.5280312734570282	0.8266819803914506	0.47972872221857155
979	74.63895912120118	-10136.287771706451	0.6525185196526558	0.6926664231632504	0.8854632423501438	3.0360629060442275	9.032947371768214	0.4316515156839841	0.4199134695473342	0.2812899609338199	0.5280312734570282	0.8266819803914506	0.47972872221857155
980	74.63895912120118	-10136.287771706451	0.6525185196526558	0.6926664231632504	0.8854632423501438	3.0360629060442275	9.032947371768214	0.4316515156839841	0.4199134695473342	0.2812899609338199	0.5280312734570282	0.8266819803914506	0.47972872221857155
981	74.58620380196031	-10134.473879356548	0.6525185196526558	0.6926664231632504	0.8854632423501438	3.0360629060442275	9.032947371768214	0.4316515156839841	0.4199134695473342	0.2812899609338199	0.5280312734570282	0.8266819803914506	0.47972872221857155
982	74.58620380196031	-10134.473879356548	0.6525185196526558	0.6926664231632504	0.8854632423501438	3.0360629060442275	9.032947371768214	0.4316515156839841	0.4199134695473342	0.2812899609338199	0.5280312734570282	0.8266819803914506	0.47972872221857155
983	74.58620380196031	-10134.615934852332	0.6525185196526558	0.6926664231632504	0.8854632423501438	3.0360629060442275	9.032947371768214	0.4316515156839841	0.4199134695473342	0.2812899609338199	0.5280312734570282	0.8266819803914506	0.47972872221857155
984	74.58620380196031	-10134.615934852332	0.6525185196526558	0.6926664231632504	0.8854632423501438	3.0360629060442275	9.032947371768214	0.4316515156839841	0.4199134695473342	0.2812899609338199	0.5280312734570282	0.8266819803914506	0.47972872221857155
985	74.58620380196031	-10134.615934852332	0.6525185196526558	0.6926664231632504	0.8854632423501438	3.0360629060442275	9.032947371768214	0.4316515156839841	0.4199134695473342	0.2812899609338199	0.5280312734570282	0.8266819803914506	0.47972872221857155
986	74.58620380196031	-10136.363760524571	0.6525185196526558	0.6926664231632504	0.8854632423501438	3.0360629060442275	9.032947371768214	0.4316515156839841	0.4199134695473342	0.2812899609338199	0.5280312734570282	0.8266819803914506	0.47972872221857155
987	74.58620380196031	-10136.363760524571	0.6525185196526558	0.6926664231632504	0.8854632423501438	3.0360629060442275	9.032947371768214	0.4316515156839841	0.4199134695473342	0.2812899609338199	0.5280312734570282	0.8266819803914506	0.47972872221857155
988	74.58620380196031	-10136.363760524571	0.6525185196526558	0.6926664231632504	0.8854632423501438	3.0360629060442275	9.032947371768214	0.4316515156839841	0.4199134695473342	0.2812899609338199	0.5280312734570282	0.8266819803914506	0.47972872221857155
989	74.58620380196031	-10136.363760524571	0.6525185196526558	0.6926664231632504	0.8854632423501438	3.0360629060442275	9.032947371768214	0.4316515156839841	0.4199134695473342	0.2812899609338199	0.5280312734570282	0.8266819803914506	0.47972872221857155
990	74.58620380196031	-10136.363760524571	0.6525185196526558	0.6926664231632504	0.8854632423501438	3.0360629060442275	9.032947371768214	0.4316515156839841	0.4199134695473342	0.2812899609338199	0.5280312734570282	0.8266819803914506	0.47972872221857155
991	74.58620380196031	-10136.363760524571	0.6525185196526558	0.6926664231632504	0.8854632423501438	3.0360629060442275	9.032947371768214	0.4316515156839841	0.4199134695473342	0.2812899609338199	0.5280312734570282	0.8266819803914506	0.47972872221857155
992	74.58620380196031	-10135.108904764465	0.6525185196526558	0.6926664231632504	0.8854632423501438	3.0360629060442275	9.032947371768214	0.4316515156839841	0.4199134695473342	0.2812899609338199	0.5280312734570282	0.8266819803914506	0.47972872221857155
993	74.58620380196031	-10134.431632841892	0.6525185196526558	0.6926664231632504	0.8854632423501438	3.0360629060442275	9.032947371768214	0.4316515156839841	0.4199134695473342	0.2812899609338199	0.5280312734570282	0.8266819803914506	0.47972872221857155
994	74.58620380196031	-10134.431632841892	0.6525185196526558	0.6926664231632504	0.8854632423501438	3.0360629060442275	9.032947371768214	0.4316515156839841	0.4199134695473342	0.2812899609338199	0.5280312734570282	0.8266819803914506	0.47972872221857155
995	74.58620380196031	-10134.431632841892	0.6525185196526558	0.6926664231632504	0.8854632423501438	3.0360629060442275	9.032947371768214	0.4316515156839841	0.4199134695473342	0.2812899609338199	0.5280312734570282	0.8266819803914506	0.47972872221857155
996	74.58620380196031	-10134.457307413046	0.6525185196526558	0.6926664231632504	0.8854632423501438	3.0360629060442275	9.032947371768214	0.4316515156839841	0.4199134695473342	0.2812899609338199	0.5280312734570282	0.8266819803914506	0.47972872221857155
997	74.58620380196031	-10134.457307413046	0.6525185196526558	0.6926664231632504	0.8854632423501438	3.0360629060442275	9.032947371768214	0.4316515156839841	0.4199134695473342	0.2812899609338199	0.5280312734570282	0.8266819803914506	0.47972872221857155
998	74.4558111109627	-10123.444613747883	0.6525185196526558	0.6926664231632504	0.8854632423501438	3.0360629060442275	9.032947371768214	0.4316515156839841	0.4199134695473342	0.2812899609338199	0.5280312734570282	0.8266819803914506	0.47972872221857155
999	74.88090191201492	-10123.444613747883	0.6525185196526558	0.6926664231632504	0.8854632423501438	3.0360629060442275	9.032947371768214	0.4316515156839841	0.4199134695473342	0.2812899609338199	0.5280312734570282	0.8266819803914506	0.429745373547672
