#
#model:
#
#<?xml version="1.0" encoding="UTF-8" standalone="no"?><input id="posterior" spec="beast.base.inference.CompoundDistribution">
#    <distribution id="prior" spec="beast.base.inference.CompoundDistribution">
#        <distribution id="birthDeath" originIsRootEdge="true" spec="bdsky.evolution.speciation.BirthDeathSkylineModel">
#            <parameter dimension="5" id="intervalTimes" name="intervalTimes" spec="beast.base.inference.parameter.RealParameter">0.0 0.01 0.02 0.03 0.04</parameter>
#            <reverseTimeArrays dimension="5" id="reverseTimeArrays" spec="beast.base.inference.parameter.BooleanParameter">true true true false false</reverseTimeArrays>
#            <parameter id="origin" lower="0.05" name="origin" spec="beast.base.inference.parameter.RealParameter">0.5</parameter>
#            <parameter dimension="5" id="birthRate" lower="0.0" name="birthRate" spec="beast.base.inference.parameter.RealParameter">1.0 1.2 0.9 1.4 1.1</parameter>
#            <parameter dimension="5" id="deathRate" lower="0.0" name="deathRate" spec="beast.base.inference.parameter.RealParameter">0.5 0.45 0.55 0.4 0.6</parameter>
#            <parameter dimension="5" id="samplingRate" lower="0.0" name="samplingRate" spec="beast.base.inference.parameter.RealParameter">0.25 0.25 0.25 0.25 0.25</parameter>
#            <tree IsLabelledNewick="true" adjustTipHeights="false" id="tree" newick="(((AF271852i_2685:0.13485022388767737,((AF271861i_3452:0.044938442268639876,(AF271885i_3289:0.009877310064721364,AF271838i_1803:0.009877310064721364):0.035061132203918516):0.04776379381323232,(((AF271874i_1359:0.0019230507078066622,AF271872i_4053:0.0019230507078066622):0.018078054544105073,((AF271873i_4055:0.010326640464516356,AF271835i_1767:0.010326640464516356):6.691823246665844E-4,(AF271884i_2659:7.271618491540825E-4,AF271854i_2856:7.271618491540825E-4):0.010268660940028857):0.009005282462728796):0.020364894203838493,((AF271882i_2153:0.003395986997383218,AF271866i_3465:0.003395986997383218):0.00658253443199398,AF271850i_2673:0.009978521429377198):0.03038747802637303):0.05233623662612197):0.04214798780580517):0.6375851514450108,((((((AF271836i_1796:0.05169983777759623,AF271843i_2147:0.05169983777759623):0.010272424497478873,((AF271887i_3405:0.04428061140044273,AF271839i_1997:0.04428061140044273):0.0046896880119626505,(AF271864i_3461:0.030147846840854635,(AF271831i_1164:0.02398309208276277,(AF271858i_3318:1.1512805904653285E-4,AF271862i_3458:1.1512805904653285E-4):0.023867964023716236):0.006164754758091865):0.018822452571550748):0.01300196286266972):0.12554138328517472,(((AF271880i_2115:0.019908338762199898,(AF271869i_4020:0.01573751002502666,AF271833i_1240:0.01573751002502666):0.004170828737173237):0.14266649854497382,(AF271829i_0923:0.0024642750872121456,AF271844i_2150:0.0024642750872121456):0.16011056221996156):0.016719352192174075,((AF271865i_3463:0.029262576178137382,AF271868i_3471:0.029262576178137382):0.07723382671065279,((AF271877i_1999:0.02514285819343654,AF271840i_2130:0.02514285819343654):0.014025532540322197,(AF271826i_0873:0.008795393863556829,(AF271846i_2429:0.00394942233304547,(AF271842i_2141:0.002140370181304716,AF271860i_3400:0.002140370181304716):0.0018090521517407539):0.004845971530511359):0.03037299687020191):0.06732801215503142):0.07279778661055761):0.008219456060902047):0.28533717561845773,(AF271878i_2000:0.3170022267994642,((((AF271875i_1380:0.0039599228619936295,AF271849i_2663:0.0039599228619936295):0.0021383652632776173,AF271876i_1797:0.006098288125271247):0.11194589205128644,((AF271886i_3319:0.03465192004670318,AF271855i_2862:0.03465192004670318):0.010552573079621111,(AF271834i_1339:0.010986413514016384,AF271828i_0922:0.010986413514016384):0.034218079612307904):0.07283968705023339):0.06864812465966152,((AF271837i_1801:0.04712983622462497,AF271857i_2957:0.04712983622462497):0.007189059218821459,AF271859i_3393:0.05431889544344643):0.13237340939277278):0.130309921963245):0.15584859437924337):0.022208720320151254,((AF271867i_3468:0.07566245220714256,(AF271827i_0883:0.025458135177596992,AF271847i_2438:0.025458135177596992):0.050204317029545566):0.29888329225148275,((AF271845i_2386:0.015002295400564077,AF271825i_0800:0.015002295400564077):0.34641892239624983,AF271848i_2446:0.3614212177968139):0.013124526661811409):0.12051379704023352):0.06682508054287822,(((((AF271863i_3460:0.019900613777813016,AF271871i_4036:0.019900613777813016):0.024365219137367815,(AF271856i_2926:6.312249097633727E-4,AF271841i_2134:6.312249097633727E-4):0.043634608005417456):0.003277450733616294,(AF271870i_4033:0.023509431187541514,AF271851i_2681:0.023509431187541514):0.02403385246125561):0.11390559951975099,((AF271881i_2116:0.023528010586812566,AF271830i_1150:0.023528010586812566):0.13306123321732607,AF271853i_2852:0.15658924380413863):0.004859639364409474):0.25181956742347134,AF271832i_1226:0.41326845059201944):0.14861617144971762):0.2105507532909512):0.8836734942709736,(AF271883i_2432:0.0793735467473457,AF271879i_2113:0.0793735467473457):1.5767353228563161);" spec="beast.base.evolution.tree.TreeParser">
#                <taxonset id="TaxonSet" spec="beast.base.evolution.alignment.TaxonSet">
#                    <taxon id="AF271852i_2685" spec="beast.base.evolution.alignment.Taxon"/>
#                    <taxon id="AF271861i_3452" spec="beast.base.evolution.alignment.Taxon"/>
#                    <taxon id="AF271885i_3289" spec="beast.base.evolution.alignment.Taxon"/>
#                    <taxon id="AF271838i_1803" spec="beast.base.evolution.alignment.Taxon"/>
#                    <taxon id="AF271874i_1359" spec="beast.base.evolution.alignment.Taxon"/>
#                    <taxon id="AF271872i_4053" spec="beast.base.evolution.alignment.Taxon"/>
#                    <taxon id="AF271873i_4055" spec="beast.base.evolution.alignment.Taxon"/>
#                    <taxon id="AF271835i_1767" spec="beast.base.evolution.alignment.Taxon"/>
#                    <taxon id="AF271884i_2659" spec="beast.base.evolution.alignment.Taxon"/>
#                    <taxon id="AF271854i_2856" spec="beast.base.evolution.alignment.Taxon"/>
#                    <taxon id="AF271882i_2153" spec="beast.base.evolution.alignment.Taxon"/>
#                    <taxon id="AF271866i_3465" spec="beast.base.evolution.alignment.Taxon"/>
#                    <taxon id="AF271850i_2673" spec="beast.base.evolution.alignment.Taxon"/>
#                    <taxon id="AF271836i_1796" spec="beast.base.evolution.alignment.Taxon"/>
#                    <taxon id="AF271843i_2147" spec="beast.base.evolution.alignment.Taxon"/>
#                    <taxon id="AF271887i_3405" spec="beast.base.evolution.alignment.Taxon"/>
#                    <taxon id="AF271839i_1997" spec="beast.base.evolution.alignment.Taxon"/>
#                    <taxon id="AF271864i_3461" spec="beast.base.evolution.alignment.Taxon"/>
#                    <taxon id="AF271831i_1164" spec="beast.base.evolution.alignment.Taxon"/>
#                    <taxon id="AF271858i_3318" spec="beast.base.evolution.alignment.Taxon"/>
#                    <taxon id="AF271862i_3458" spec="beast.base.evolution.alignment.Taxon"/>
#                    <taxon id="AF271880i_2115" spec="beast.base.evolution.alignment.Taxon"/>
#                    <taxon id="AF271869i_4020" spec="beast.base.evolution.alignment.Taxon"/>
#                    <taxon id="AF271833i_1240" spec="beast.base.evolution.alignment.Taxon"/>
#                    <taxon id="AF271829i_0923" spec="beast.base.evolution.alignment.Taxon"/>
#                    <taxon id="AF271844i_2150" spec="beast.base.evolution.alignment.Taxon"/>
#                    <taxon id="AF271865i_3463" spec="beast.base.evolution.alignment.Taxon"/>
#                    <taxon id="AF271868i_3471" spec="beast.base.evolution.alignment.Taxon"/>
#                    <taxon id="AF271877i_1999" spec="beast.base.evolution.alignment.Taxon"/>
#                    <taxon id="AF271840i_2130" spec="beast.base.evolution.alignment.Taxon"/>
#                    <taxon id="AF271826i_0873" spec="beast.base.evolution.alignment.Taxon"/>
#                    <taxon id="AF271846i_2429" spec="beast.base.evolution.alignment.Taxon"/>
#                    <taxon id="AF271842i_2141" spec="beast.base.evolution.alignment.Taxon"/>
#                    <taxon id="AF271860i_3400" spec="beast.base.evolution.alignment.Taxon"/>
#                    <taxon id="AF271878i_2000" spec="beast.base.evolution.alignment.Taxon"/>
#                    <taxon id="AF271875i_1380" spec="beast.base.evolution.alignment.Taxon"/>
#                    <taxon id="AF271849i_2663" spec="beast.base.evolution.alignment.Taxon"/>
#                    <taxon id="AF271876i_1797" spec="beast.base.evolution.alignment.Taxon"/>
#                    <taxon id="AF271886i_3319" spec="beast.base.evolution.alignment.Taxon"/>
#                    <taxon id="AF271855i_2862" spec="beast.base.evolution.alignment.Taxon"/>
#                    <taxon id="AF271834i_1339" spec="beast.base.evolution.alignment.Taxon"/>
#                    <taxon id="AF271828i_0922" spec="beast.base.evolution.alignment.Taxon"/>
#                    <taxon id="AF271837i_1801" spec="beast.base.evolution.alignment.Taxon"/>
#                    <taxon id="AF271857i_2957" spec="beast.base.evolution.alignment.Taxon"/>
#                    <taxon id="AF271859i_3393" spec="beast.base.evolution.alignment.Taxon"/>
#                    <taxon id="AF271867i_3468" spec="beast.base.evolution.alignment.Taxon"/>
#                    <taxon id="AF271827i_0883" spec="beast.base.evolution.alignment.Taxon"/>
#                    <taxon id="AF271847i_2438" spec="beast.base.evolution.alignment.Taxon"/>
#                    <taxon id="AF271845i_2386" spec="beast.base.evolution.alignment.Taxon"/>
#                    <taxon id="AF271825i_0800" spec="beast.base.evolution.alignment.Taxon"/>
#                    <taxon id="AF271848i_2446" spec="beast.base.evolution.alignment.Taxon"/>
#                    <taxon id="AF271863i_3460" spec="beast.base.evolution.alignment.Taxon"/>
#                    <taxon id="AF271871i_4036" spec="beast.base.evolution.alignment.Taxon"/>
#                    <taxon id="AF271856i_2926" spec="beast.base.evolution.alignment.Taxon"/>
#                    <taxon id="AF271841i_2134" spec="beast.base.evolution.alignment.Taxon"/>
#                    <taxon id="AF271870i_4033" spec="beast.base.evolution.alignment.Taxon"/>
#                    <taxon id="AF271851i_2681" spec="beast.base.evolution.alignment.Taxon"/>
#                    <taxon id="AF271881i_2116" spec="beast.base.evolution.alignment.Taxon"/>
#                    <taxon id="AF271830i_1150" spec="beast.base.evolution.alignment.Taxon"/>
#                    <taxon id="AF271853i_2852" spec="beast.base.evolution.alignment.Taxon"/>
#                    <taxon id="AF271832i_1226" spec="beast.base.evolution.alignment.Taxon"/>
#                    <taxon id="AF271883i_2432" spec="beast.base.evolution.alignment.Taxon"/>
#                    <taxon id="AF271879i_2113" spec="beast.base.evolution.alignment.Taxon"/>
#                </taxonset>
#            </tree>
#        </distribution>
#    </distribution>
#    <distribution id="likelihood" spec="beast.base.evolution.likelihood.TreeLikelihood" tree="@tree">
#        <siteModel id="siteModel" spec="beast.base.evolution.sitemodel.SiteModel">
#            <substModel id="jc" spec="beast.base.evolution.substitutionmodel.JukesCantor"/>
#        </siteModel>
#        <branchRateModel id="strictClock" spec="beast.base.evolution.branchratemodel.StrictClockModel">
#            <parameter id="clockRate" name="clock.rate" spec="beast.base.inference.parameter.RealParameter">1.0</parameter>
#        </branchRateModel>
#    </distribution>
#</input>
#
Sample	birthDeath	likelihood	birthRate0	birthRate1	birthRate2	birthRate3	birthRate4	deathRate0	deathRate1	deathRate2	deathRate3	deathRate4	origin
0	-82.8208649022115	-14842.600019654652	1.0	1.2	0.9	1.4	1.1	0.5	0.45	0.55	0.4	0.6	0.5
1	-82.8208649022115	-14842.600019654652	1.0	1.2	0.9	1.4	1.1	0.5	0.45	0.55	0.4	0.6	0.5
2	-82.80993179261363	-14842.600019654652	1.0	1.2	0.9	1.4	1.1	0.5	0.45	0.55	0.4	0.6	0.4890725928903427
3	-82.80993179261363	-14839.91815092951	1.0	1.2	0.9	1.4	1.1	0.5	0.45	0.55	0.4	0.6	0.4890725928903427
4	-82.81244438512121	-14834.911098200384	1.0	1.2	0.9	1.4	1.1	0.5	0.45	0.55	0.4	0.6	0.4890725928903427
5	-82.81244438512121	-14834.911098200384	1.0	1.2	0.9	1.4	1.1	0.5	0.45	0.55	0.4	0.6	0.4890725928903427
6	-82.81244438512121	-14809.934059755851	1.0	1.2	0.9	1.4	1.1	0.5	0.45	0.55	0.4	0.6	0.4890725928903427
7	-82.81244438512121	-14809.934059755851	1.0	1.2	0.9	1.4	1.1	0.5	0.45	0.55	0.4	0.6	0.4890725928903427
8	-82.81244438512121	-14809.715130005081	1.0	1.2	0.9	1.4	1.1	0.5	0.45	0.55	0.4	0.6	0.4890725928903427
9	-82.81207607975206	-14783.945695914368	1.0	1.2	0.9	1.4	1.1	0.5	0.45	0.55	0.4	0.6	0.4890725928903427
10	-82.81207607975206	-14783.945695914368	1.0	1.2	0.9	1.4	1.1	0.5	0.45	0.55	0.4	0.6	0.4890725928903427
11	-82.81207607975206	-14783.895572263626	1.0	1.2	0.9	1.4	1.1	0.5	0.45	0.55	0.4	0.6	0.4890725928903427
12	-82.81207607975206	-14783.945695914368	1.0	1.2	0.9	1.4	1.1	0.5	0.45	0.55	0.4	0.6	0.4890725928903427
13	-82.961493985348	-14737.375553937294	1.0	1.2	0.9	1.4	1.1	0.5	0.45	0.55	0.4	0.6	0.4890725928903427
14	-82.9606275475467	-14733.267639934851	1.0	1.2	0.9	1.4	1.1	0.5	0.45	0.55	0.4	0.6	0.4890725928903427
15	-82.9606275475467	-14733.267639934851	1.0	1.2	0.9	1.4	1.1	0.5	0.45	0.55	0.4	0.6	0.4890725928903427
16	-82.9606275475467	-14733.267639934851	1.0	1.2	0.9	1.4	1.1	0.5	0.45	0.55	0.4	0.6	0.4890725928903427
17	-83.15307307689584	-14717.72625788062	1.0	1.2	0.9	1.4	1.1	0.5	0.45	0.55	0.4	0.6	0.4890725928903427
18	-83.15186927032497	-14700.714620061784	1.0	1.2	0.9	1.4	1.1	0.5	0.45	0.55	0.4	0.6	0.4890725928903427
19	-83.15186927032497	-14680.993283553202	1.0	1.2	0.9	1.4	1.1	0.5	0.45	0.55	0.4	0.6	0.4890725928903427
20	-83.15186927032497	-14680.993283553202	1.0	1.2	0.9	1.4	1.1	0.5	0.45	0.55	0.4	0.6	0.4890725928903427
21	-83.15186927032497	-14650.929773939091	1.0	1.2	0.9	1.4	1.1	0.5	0.45	0.55	0.4	0.6	0.4890725928903427
22	-83.15224598123206	-14561.590758626007	1.0	1.2	0.9	1.4	1.1	0.5	0.45	0.55	0.4	0.6	0.4890725928903427
23	-83.15224598123206	-14561.33058485894	1.0	1.2	0.9	1.4	1.1	0.5	0.45	0.55	0.4	0.6	0.4890725928903427
24	-83.15224598123206	-14561.33058485894	1.0	1.2	0.9	1.4	1.1	0.5	0.45	0.55	0.4	0.6	0.4890725928903427
25	-83.15224598123206	-14561.33058485894	1.0	1.2	0.9	1.4	1.1	0.5	0.45	0.55	0.4	0.6	0.4890725928903427
26	-82.5493989641259	-14561.33058485894	1.0	1.2	0.9	1.4	1.1	0.41381937336402963	0.46754305885469133	0.42412092317667827	0.4948168922764727	0.5082930998509091	0.4890725928903427
27	-82.54913747798834	-14557.76750861305	1.0	1.2	0.9	1.4	1.1	0.41381937336402963	0.46754305885469133	0.42412092317667827	0.4948168922764727	0.5082930998509091	0.4890725928903427
28	-82.54913747798834	-14485.58018952728	1.0	1.2	0.9	1.4	1.1	0.41381937336402963	0.46754305885469133	0.42412092317667827	0.4948168922764727	0.5082930998509091	0.4890725928903427
29	-82.54913747798834	-14485.58018952728	1.0	1.2	0.9	1.4	1.1	0.41381937336402963	0.46754305885469133	0.42412092317667827	0.4948168922764727	0.5082930998509091	0.4890725928903427
30	-82.54913747798834	-14485.58018952728	1.0	1.2	0.9	1.4	1.1	0.41381937336402963	0.46754305885469133	0.42412092317667827	0.4948168922764727	0.5082930998509091	0.4890725928903427
31	-82.54913747798834	-14485.58018952728	1.0	1.2	0.9	1.4	1.1	0.41381937336402963	0.46754305885469133	0.42412092317667827	0.4948168922764727	0.5082930998509091	0.4890725928903427
32	-82.54913747798834	-14485.58018952728	1.0	1.2	0.9	1.4	1.1	0.41381937336402963	0.46754305885469133	0.42412092317667827	0.4948168922764727	0.5082930998509091	0.4890725928903427
33	-82.54913747798834	-14484.807376951097	1.0	1.2	0.9	1.4	1.1	0.41381937336402963	0.46754305885469133	0.42412092317667827	0.4948168922764727	0.5082930998509091	0.4890725928903427
34	-82.57613916816051	-14464.405518437181	1.0	1.2	0.9	1.4	1.1	0.41381937336402963	0.46754305885469133	0.42412092317667827	0.4948168922764727	0.5082930998509091	0.4890725928903427
35	-82.57613916816051	-14464.405518437181	1.0	1.2	0.9	1.4	1.1	0.41381937336402963	0.46754305885469133	0.42412092317667827	0.4948168922764727	0.5082930998509091	0.4890725928903427
36	-83.03577509183982	-14426.427124143487	1.0	1.2	0.9	1.4	1.1	0.41381937336402963	0.46754305885469133	0.42412092317667827	0.4948168922764727	0.5082930998509091	0.4890725928903427
37	-82.74663117815454	-14424.861880651082	1.0	1.2	0.9	1.4	1.1	0.41381937336402963	0.46754305885469133	0.42412092317667827	0.4948168922764727	0.5082930998509091	0.4890725928903427
38	-82.71996902915023	-14420.46051920213	1.0	1.2	0.9	1.4	1.1	0.41381937336402963	0.46754305885469133	0.42412092317667827	0.4948168922764727	0.5082930998509091	0.4890725928903427
39	-82.71996902915023	-14420.738184405738	1.0	1.2	0.9	1.4	1.1	0.41381937336402963	0.46754305885469133	0.42412092317667827	0.4948168922764727	0.5082930998509091	0.4890725928903427
40	-82.73590100100414	-14403.310481609318	1.0	1.2	0.9	1.4	1.1	0.41381937336402963	0.46754305885469133	0.42412092317667827	0.4948168922764727	0.5082930998509091	0.4890725928903427
41	-82.73590100100414	-14403.310481609318	1.0	1.2	0.9	1.4	1.1	0.41381937336402963	0.46754305885469133	0.42412092317667827	0.4948168922764727	0.5082930998509091	0.4890725928903427
42	-82.7399595030603	-14398.091066149249	1.0	1.2	0.9	1.4	1.1	0.41381937336402963	0.46754305885469133	0.42412092317667827	0.4948168922764727	0.5082930998509091	0.4890725928903427
43	-82.7399595030603	-14358.081579344573	1.0	1.2	0.9	1.4	1.1	0.41381937336402963	0.46754305885469133	0.42412092317667827	0.4948168922764727	0.5082930998509091	0.4890725928903427
44	-82.7399595030603	-14358.081579344573	1.0	1.2	0.9	1.4	1.1	0.41381937336402963	0.46754305885469133	0.42412092317667827	0.4948168922764727	0.5082930998509091	0.4890725928903427
45	-82.7399595030603	-14358.081579344573	1.0	1.2	0.9	1.4	1.1	0.41381937336402963	0.46754305885469133	0.42412092317667827	0.4948168922764727	0.5082930998509091	0.4890725928903427
46	-82.7399595030603	-14351.50611258818	1.0	1.2	0.9	1.4	1.1	0.41381937336402963	0.46754305885469133	0.42412092317667827	0.4948168922764727	0.5082930998509091	0.4890725928903427
47	-82.7399595030603	-14351.50611258818	1.0	1.2	0.9	1.4	1.1	0.41381937336402963	0.46754305885469133	0.42412092317667827	0.4948168922764727	0.5082930998509091	0.4890725928903427
48	-82.42831466801024	-14351.50611258818	1.0	1.2	0.9	1.4	1.1	0.36287949668112196	0.5300356867503359	0.3425842509097366	0.4445555569801841	0.5347562703971289	0.4890725928903427
49	-82.42831466801024	-14351.50611258818	1.0	1.2	0.9	1.4	1.1	0.36287949668112196	0.5300356867503359	0.3425842509097366	0.4445555569801841	0.5347562703971289	0.4890725928903427
50	-82.42831466801024	-14328.33042375523	1.0	1.2	0.9	1.4	1.1	0.36287949668112196	0.5300356867503359	0.3425842509097366	0.4445555569801841	0.5347562703971289	0.4890725928903427
51	-82.42831466801024	-14328.33042375523	1.0	1.2	0.9	1.4	1.1	0.36287949668112196	0.5300356867503359	0.3425842509097366	0.4445555569801841	0.5347562703971289	0.4890725928903427
52	-82.42831466801024	-14328.33042375523	1.0	1.2	0.9	1.4	1.1	0.36287949668112196	0.5300356867503359	0.3425842509097366	0.4445555569801841	0.5347562703971289	0.4890725928903427
53	-82.42831466801024	-14328.33042375523	1.0	1.2	0.9	1.4	1.1	0.36287949668112196	0.5300356867503359	0.3425842509097366	0.4445555569801841	0.5347562703971289	0.4890725928903427
54	-82.42831466801024	-14327.344124133915	1.0	1.2	0.9	1.4	1.1	0.36287949668112196	0.5300356867503359	0.3425842509097366	0.4445555569801841	0.5347562703971289	0.4890725928903427
55	-82.42831466801024	-14309.16728599312	1.0	1.2	0.9	1.4	1.1	0.36287949668112196	0.5300356867503359	0.3425842509097366	0.4445555569801841	0.5347562703971289	0.4890725928903427
56	-82.42831466801024	-14309.16728599312	1.0	1.2	0.9	1.4	1.1	0.36287949668112196	0.5300356867503359	0.3425842509097366	0.4445555569801841	0.5347562703971289	0.4890725928903427
57	-82.33037916615224	-14309.16728599312	1.0	1.2	0.9	1.4	1.1	0.36287949668112196	0.5300356867503359	0.3425842509097366	0.4445555569801841	0.5347562703971289	0.39114891736272184
58	-82.33037916615224	-14309.16728599312	1.0	1.2	0.9	1.4	1.1	0.36287949668112196	0.5300356867503359	0.3425842509097366	0.4445555569801841	0.5347562703971289	0.39114891736272184
59	-82.33037916615224	-14302.344072083055	1.0	1.2	0.9	1.4	1.1	0.36287949668112196	0.5300356867503359	0.3425842509097366	0.4445555569801841	0.5347562703971289	0.39114891736272184
60	-82.33037916615224	-14302.344072083055	1.0	1.2	0.9	1.4	1.1	0.36287949668112196	0.5300356867503359	0.3425842509097366	0.4445555569801841	0.5347562703971289	0.39114891736272184
61	-82.33037916615224	-14302.344072083055	1.0	1.2	0.9	1.4	1.1	0.36287949668112196	0.5300356867503359	0.3425842509097366	0.4445555569801841	0.5347562703971289	0.39114891736272184
62	-82.33037916615224	-14302.344072083055	1.0	1.2	0.9	1.4	1.1	0.36287949668112196	0.5300356867503359	0.3425842509097366	0.4445555569801841	0.5347562703971289	0.39114891736272184
63	-82.33037916615224	-14302.344072083055	1.0	1.2	0.9	1.4	1.1	0.36287949668112196	0.5300356867503359	0.3425842509097366	0.4445555569801841	0.5347562703971289	0.39114891736272184
64	-82.33037916615224	-14302.344072083055	1.0	1.2	0.9	1.4	1.1	0.36287949668112196	0.5300356867503359	0.3425842509097366	0.4445555569801841	0.5347562703971289	0.39114891736272184
65	-82.31016084020045	-14302.344072083055	1.0	1.2	0.9	1.4	1.1	0.36287949668112196	0.5300356867503359	0.3425842509097366	0.4445555569801841	0.5347562703971289	0.37093195248831207
66	-82.30981956201335	-14302.460431058398	1.0	1.2	0.9	1.4	1.1	0.36287949668112196	0.5300356867503359	0.3425842509097366	0.4445555569801841	0.5347562703971289	0.37093195248831207
67	-82.30981956201335	-14302.460431058398	1.0	1.2	0.9	1.4	1.1	0.36287949668112196	0.5300356867503359	0.3425842509097366	0.4445555569801841	0.5347562703971289	0.37093195248831207
68	-82.30981956201335	-14289.6036576762	1.0	1.2	0.9	1.4	1.1	0.36287949668112196	0.5300356867503359	0.3425842509097366	0.4445555569801841	0.5347562703971289	0.37093195248831207
69	-82.30981956201335	-14289.6036576762	1.0	1.2	0.9	1.4	1.1	0.36287949668112196	0.5300356867503359	0.3425842509097366	0.4445555569801841	0.5347562703971289	0.37093195248831207
70	-82.30981956201335	-14289.6036576762	1.0	1.2	0.9	1.4	1.1	0.36287949668112196	0.5300356867503359	0.3425842509097366	0.4445555569801841	0.5347562703971289	0.37093195248831207
71	-82.30901054320394	-14285.779118605105	1.0	1.2	0.9	1.4	1.1	0.36287949668112196	0.5300356867503359	0.3425842509097366	0.4445555569801841	0.5347562703971289	0.37093195248831207
72	-82.30901054320394	-14285.779118605105	1.0	1.2	0.9	1.4	1.1	0.36287949668112196	0.5300356867503359	0.3425842509097366	0.4445555569801841	0.5347562703971289	0.37093195248831207
73	-82.30901054320394	-14282.181997818117	1.0	1.2	0.9	1.4	1.1	0.36287949668112196	0.5300356867503359	0.3425842509097366	0.4445555569801841	0.5347562703971289	0.37093195248831207
74	-82.16402190288329	-14164.974974295037	1.0	1.2	0.9	1.4	1.1	0.36287949668112196	0.5300356867503359	0.3425842509097366	0.4445555569801841	0.5347562703971289	0.37093195248831207
75	-82.35483243195306	-14074.547835456384	1.0	1.2	0.9	1.4	1.1	0.36287949668112196	0.5300356867503359	0.3425842509097366	0.4445555569801841	0.5347562703971289	0.37093195248831207
76	-82.35483243195306	-14074.547835456384	1.0	1.2	0.9	1.4	1.1	0.36287949668112196	0.5300356867503359	0.3425842509097366	0.4445555569801841	0.5347562703971289	0.37093195248831207
77	-82.35483243195306	-14074.547835456384	1.0	1.2	0.9	1.4	1.1	0.36287949668112196	0.5300356867503359	0.3425842509097366	0.4445555569801841	0.5347562703971289	0.37093195248831207
78	-82.35483243195306	-14074.547835456384	1.0	1.2	0.9	1.4	1.1	0.36287949668112196	0.5300356867503359	0.3425842509097366	0.4445555569801841	0.5347562703971289	0.37093195248831207
79	-82.35483243195306	-14072.153024671543	1.0	1.2	0.9	1.4	1.1	0.36287949668112196	0.5300356867503359	0.3425842509097366	0.4445555569801841	0.5347562703971289	0.37093195248831207
80	-82.35483243195306	-14072.153024671543	1.0	1.2	0.9	1.4	1.1	0.36287949668112196	0.5300356867503359	0.3425842509097366	0.4445555569801841	0.5347562703971289	0.37093195248831207
81	-82.35483243195306	-14071.380550990973	1.0	1.2	0.9	1.4	1.1	0.36287949668112196	0.5300356867503359	0.3425842509097366	0.4445555569801841	0.5347562703971289	0.37093195248831207
82	-82.35483243195306	-14071.380550990973	1.0	1.2	0.9	1.4	1.1	0.36287949668112196	0.5300356867503359	0.3425842509097366	0.4445555569801841	0.5347562703971289	0.37093195248831207
83	-82.35483243195306	-14071.380550990973	1.0	1.2	0.9	1.4	1.1	0.36287949668112196	0.5300356867503359	0.3425842509097366	0.4445555569801841	0.5347562703971289	0.37093195248831207
84	-82.35483243195306	-14071.380550990973	1.0	1.2	0.9	1.4	1.1	0.36287949668112196	0.5300356867503359	0.3425842509097366	0.4445555569801841	0.5347562703971289	0.37093195248831207
85	-82.35430514467309	-14072.55212843375	1.0	1.2	0.9	1.4	1.1	0.36287949668112196	0.5300356867503359	0.3425842509097366	0.4445555569801841	0.5347562703971289	0.37093195248831207
86	-82.35430514467309	-14053.336711612268	1.0	1.2	0.9	1.4	1.1	0.36287949668112196	0.5300356867503359	0.3425842509097366	0.4445555569801841	0.5347562703971289	0.37093195248831207
87	-82.35430514467309	-14053.336711612268	1.0	1.2	0.9	1.4	1.1	0.36287949668112196	0.5300356867503359	0.3425842509097366	0.4445555569801841	0.5347562703971289	0.37093195248831207
88	-82.35430514467309	-14053.336711612268	1.0	1.2	0.9	1.4	1.1	0.36287949668112196	0.5300356867503359	0.3425842509097366	0.4445555569801841	0.5347562703971289	0.37093195248831207
89	-82.35430514467309	-14053.336711612268	1.0	1.2	0.9	1.4	1.1	0.36287949668112196	0.5300356867503359	0.3425842509097366	0.4445555569801841	0.5347562703971289	0.37093195248831207
90	-82.35430514467309	-14053.336711612268	1.0	1.2	0.9	1.4	1.1	0.36287949668112196	0.5300356867503359	0.3425842509097366	0.4445555569801841	0.5347562703971289	0.37093195248831207
91	-82.62456793039118	-14041.589786665429	1.0	1.2	0.9	1.4	1.1	0.36287949668112196	0.5300356867503359	0.3425842509097366	0.4445555569801841	0.5347562703971289	0.37093195248831207
92	-82.62456793039118	-14041.589786665429	1.0	1.2	0.9	1.4	1.1	0.36287949668112196	0.5300356867503359	0.3425842509097366	0.4445555569801841	0.5347562703971289	0.37093195248831207
93	-82.62456793039118	-14041.589786665429	1.0	1.2	0.9	1.4	1.1	0.36287949668112196	0.5300356867503359	0.3425842509097366	0.4445555569801841	0.5347562703971289	0.37093195248831207
94	-82.68737257232192	-14000.916506981173	1.0	1.2	0.9	1.4	1.1	0.36287949668112196	0.5300356867503359	0.3425842509097366	0.4445555569801841	0.5347562703971289	0.37093195248831207
95	-82.68737257232192	-14000.916506981173	1.0	1.2	0.9	1.4	1.1	0.36287949668112196	0.5300356867503359	0.3425842509097366	0.4445555569801841	0.5347562703971289	0.37093195248831207
96	-82.68737257232192	-14000.916506981173	1.0	1.2	0.9	1.4	1.1	0.36287949668112196	0.5300356867503359	0.3425842509097366	0.4445555569801841	0.5347562703971289	0.37093195248831207
97	-82.68737257232192	-14000.916506981173	1.0	1.2	0.9	1.4	1.1	0.36287949668112196	0.5300356867503359	0.3425842509097366	0.4445555569801841	0.5347562703971289	0.37093195248831207
98	-82.68737257232192	-14000.916506981173	1.0	1.2	0.9	1.4	1.1	0.36287949668112196	0.5300356867503359	0.3425842509097366	0.4445555569801841	0.5347562703971289	0.37093195248831207
99	-82.68737257232192	-14000.916506981173	1.0	1.2	0.9	1.4	1.1	0.36287949668112196	0.5300356867503359	0.3425842509097366	0.4445555569801841	0.5347562703971289	0.37093195248831207
100	-82.68737257232192	-13854.460788467279	1.0	1.2	0.9	1.4	1.1	0.36287949668112196	0.5300356867503359	0.3425842509097366	0.4445555569801841	0.5347562703971289	0.37093195248831207
101	-82.68737257232192	-13854.460788467279	1.0	1.2	0.9	1.4	1.1	0.36287949668112196	0.5300356867503359	0.3425842509097366	0.4445555569801841	0.5347562703971289	0.37093195248831207
102	-82.68737257232192	-13854.460788467279	1.0	1.2	0.9	1.4	1.1	0.36287949668112196	0.5300356867503359	0.3425842509097366	0.4445555569801841	0.5347562703971289	0.37093195248831207
103	-82.68737257232192	-13854.460788467279	1.0	1.2	0.9	1.4	1.1	0.36287949668112196	0.5300356867503359	0.3425842509097366	0.4445555569801841	0.5347562703971289	0.37093195248831207
104	-82.68737257232192	-13854.460788467279	1.0	1.2	0.9	1.4	1.1	0.36287949668112196	0.5300356867503359	0.3425842509097366	0.4445555569801841	0.5347562703971289	0.37093195248831207
105	-82.68737257232192	-13854.460788467279	1.0	1.2	0.9	1.4	1.1	0.36287949668112196	0.5300356867503359	0.3425842509097366	0.4445555569801841	0.5347562703971289	0.37093195248831207
106	-82.68737257232192	-13854.460788467279	1.0	1.2	0.9	1.4	1.1	0.36287949668112196	0.5300356867503359	0.3425842509097366	0.4445555569801841	0.5347562703971289	0.37093195248831207
107	-82.68737257232192	-13854.460788467279	1.0	1.2	0.9	1.4	1.1	0.36287949668112196	0.5300356867503359	0.3425842509097366	0.4445555569801841	0.5347562703971289	0.37093195248831207
108	-82.68737257232192	-13854.460788467279	1.0	1.2	0.9	1.4	1.1	0.36287949668112196	0.5300356867503359	0.3425842509097366	0.4445555569801841	0.5347562703971289	0.37093195248831207
109	-82.68737257232192	-13854.460788467279	1.0	1.2	0.9	1.4	1.1	0.36287949668112196	0.5300356867503359	0.3425842509097366	0.4445555569801841	0.5347562703971289	0.37093195248831207
110	-74.74085699841378	-13854.460788467279	1.1759501834860877	1.067698654334774	1.179971802212066	1.283546747429391	1.1301043778561728	0.36287949668112196	0.5300356867503359	0.3425842509097366	0.4445555569801841	0.5347562703971289	0.37093195248831207
111	-74.74085699841378	-13854.460788467279	1.1759501834860877	1.067698654334774	1.179971802212066	1.283546747429391	1.1301043778561728	0.36287949668112196	0.5300356867503359	0.3425842509097366	0.4445555569801841	0.5347562703971289	0.37093195248831207
112	-74.74085699841378	-13854.460788467279	1.1759501834860877	1.067698654334774	1.179971802212066	1.283546747429391	1.1301043778561728	0.36287949668112196	0.5300356867503359	0.3425842509097366	0.4445555569801841	0.5347562703971289	0.37093195248831207
113	-74.77050080687958	-13833.016993387386	1.1759501834860877	1.067698654334774	1.179971802212066	1.283546747429391	1.1301043778561728	0.36287949668112196	0.5300356867503359	0.3425842509097366	0.4445555569801841	0.5347562703971289	0.37093195248831207
114	-74.77050080687958	-13833.016993387386	1.1759501834860877	1.067698654334774	1.179971802212066	1.283546747429391	1.1301043778561728	0.36287949668112196	0.5300356867503359	0.3425842509097366	0.4445555569801841	0.5347562703971289	0.37093195248831207
115	-74.77050080687958	-13833.016993387386	1.1759501834860877	1.067698654334774	1.179971802212066	1.283546747429391	1.1301043778561728	0.36287949668112196	0.5300356867503359	0.3425842509097366	0.4445555569801841	0.5347562703971289	0.37093195248831207
116	-74.77050080687958	-13833.016993387386	1.1759501834860877	1.067698654334774	1.179971802212066	1.283546747429391	1.1301043778561728	0.36287949668112196	0.5300356867503359	0.3425842509097366	0.4445555569801841	0.5347562703971289	0.37093195248831207
117	-74.77050080687958	-13833.016993387386	1.1759501834860877	1.067698654334774	1.179971802212066	1.283546747429391	1.1301043778561728	0.36287949668112196	0.5300356867503359	0.3425842509097366	0.4445555569801841	0.5347562703971289	0.37093195248831207
118	-74.77050080687958	-13832.969925553873	1.1759501834860877	1.067698654334774	1.179971802212066	1.283546747429391	1.1301043778561728	0.36287949668112196	0.5300356867503359	0.3425842509097366	0.4445555569801841	0.5347562703971289	0.37093195248831207
119	-74.77206067285793	-13833.373255144537	1.1759501834860877	1.067698654334774	1.179971802212066	1.283546747429391	1.1301043778561728	0.36287949668112196	0.5300356867503359	0.3425842509097366	0.4445555569801841	0.5347562703971289	0.37093195248831207
120	-74.77206067285793	-13833.373255144537	1.1759501834860877	1.067698654334774	1.179971802212066	1.283546747429391	1.1301043778561728	0.36287949668112196	0.5300356867503359	0.3425842509097366	0.4445555569801841	0.5347562703971289	0.37093195248831207
121	-74.8113958376497	-13815.843566702844	1.1759501834860877	1.067698654334774	1.179971802212066	1.283546747429391	1.1301043778561728	0.36287949668112196	0.5300356867503359	0.3425842509097366	0.4445555569801841	0.5347562703971289	0.37093195248831207
122	-74.8113958376497	-13815.843566702844	1.1759501834860877	1.067698654334774	1.179971802212066	1.283546747429391	1.1301043778561728	0.36287949668112196	0.5300356867503359	0.3425842509097366	0.4445555569801841	0.5347562703971289	0.37093195248831207
123	-74.8113958376497	-13815.843566702844	1.1759501834860877	1.067698654334774	1.179971802212066	1.283546747429391	1.1301043778561728	0.36287949668112196	0.5300356867503359	0.3425842509097366	0.4445555569801841	0.5347562703971289	0.37093195248831207
124	-74.8113958376497	-13815.843566702844	1.1759501834860877	1.067698654334774	1.179971802212066	1.283546747429391	1.1301043778561728	0.36287949668112196	0.5300356867503359	0.3425842509097366	0.4445555569801841	0.5347562703971289	0.37093195248831207
125	-74.8113958376497	-13814.661278777527	1.1759501834860877	1.067698654334774	1.179971802212066	1.283546747429391	1.1301043778561728	0.36287949668112196	0.5300356867503359	0.3425842509097366	0.4445555569801841	0.5347562703971289	0.37093195248831207
126	-74.89236937144707	-13757.787256647705	1.1759501834860877	1.067698654334774	1.179971802212066	1.283546747429391	1.1301043778561728	0.36287949668112196	0.5300356867503359	0.3425842509097366	0.4445555569801841	0.5347562703971289	0.37093195248831207
127	-74.89236937144707	-13757.787256647705	1.1759501834860877	1.067698654334774	1.179971802212066	1.283546747429391	1.1301043778561728	0.36287949668112196	0.5300356867503359	0.3425842509097366	0.4445555569801841	0.5347562703971289	0.37093195248831207
128	-74.89236937144707	-13757.787256647705	1.1759501834860877	1.067698654334774	1.179971802212066	1.283546747429391	1.1301043778561728	0.36287949668112196	0.5300356867503359	0.3425842509097366	0.4445555569801841	0.5347562703971289	0.37093195248831207
129	-74.89236937144707	-13757.787256647705	1.1759501834860877	1.067698654334774	1.179971802212066	1.283546747429391	1.1301043778561728	0.36287949668112196	0.5300356867503359	0.3425842509097366	0.4445555569801841	0.5347562703971289	0.37093195248831207
130	-74.93678055803804	-13703.736205767129	1.1759501834860877	1.067698654334774	1.179971802212066	1.283546747429391	1.1301043778561728	0.36287949668112196	0.5300356867503359	0.3425842509097366	0.4445555569801841	0.5347562703971289	0.37093195248831207
131	-74.93678055803804	-13703.736205767129	1.1759501834860877	1.067698654334774	1.179971802212066	1.283546747429391	1.1301043778561728	0.36287949668112196	0.5300356867503359	0.3425842509097366	0.4445555569801841	0.5347562703971289	0.37093195248831207
132	-74.93678055803804	-13703.736205767129	1.1759501834860877	1.067698654334774	1.179971802212066	1.283546747429391	1.1301043778561728	0.36287949668112196	0.5300356867503359	0.3425842509097366	0.4445555569801841	0.5347562703971289	0.37093195248831207
133	-74.93678055803804	-13703.736205767129	1.1759501834860877	1.067698654334774	1.179971802212066	1.283546747429391	1.1301043778561728	0.36287949668112196	0.5300356867503359	0.3425842509097366	0.4445555569801841	0.5347562703971289	0.37093195248831207
134	-74.93678055803804	-13703.736205767129	1.1759501834860877	1.067698654334774	1.179971802212066	1.283546747429391	1.1301043778561728	0.36287949668112196	0.5300356867503359	0.3425842509097366	0.4445555569801841	0.5347562703971289	0.37093195248831207
135	-74.93678055803804	-13698.248344370892	1.1759501834860877	1.067698654334774	1.179971802212066	1.283546747429391	1.1301043778561728	0.36287949668112196	0.5300356867503359	0.3425842509097366	0.4445555569801841	0.5347562703971289	0.37093195248831207
136	-74.93678055803804	-13697.962121574075	1.1759501834860877	1.067698654334774	1.179971802212066	1.283546747429391	1.1301043778561728	0.36287949668112196	0.5300356867503359	0.3425842509097366	0.4445555569801841	0.5347562703971289	0.37093195248831207
137	-74.88492246683452	-13658.076675253547	1.1759501834860877	1.067698654334774	1.179971802212066	1.283546747429391	1.1301043778561728	0.36287949668112196	0.5300356867503359	0.3425842509097366	0.4445555569801841	0.5347562703971289	0.37093195248831207
138	-74.88492246683452	-13658.076675253547	1.1759501834860877	1.067698654334774	1.179971802212066	1.283546747429391	1.1301043778561728	0.36287949668112196	0.5300356867503359	0.3425842509097366	0.4445555569801841	0.5347562703971289	0.37093195248831207
139	-74.88492246683452	-13658.076675253547	1.1759501834860877	1.067698654334774	1.179971802212066	1.283546747429391	1.1301043778561728	0.36287949668112196	0.5300356867503359	0.3425842509097366	0.4445555569801841	0.5347562703971289	0.37093195248831207
140	-75.14762052456713	-13658.076675253547	1.1759501834860877	1.067698654334774	1.179971802212066	1.283546747429391	1.1301043778561728	0.41074615649266877	0.6075542439525599	0.388660758637878	0.543876703286857	0.46191944788510847	0.37093195248831207
141	-68.8963818686204	-13658.076675253547	1.3254801419910722	1.2117498718159547	1.3601638948858028	1.3401301466135822	1.1080196162556275	0.41074615649266877	0.6075542439525599	0.388660758637878	0.543876703286857	0.46191944788510847	0.37093195248831207
142	-68.8963818686204	-13641.890323025182	1.3254801419910722	1.2117498718159547	1.3601638948858028	1.3401301466135822	1.1080196162556275	0.41074615649266877	0.6075542439525599	0.388660758637878	0.543876703286857	0.46191944788510847	0.37093195248831207
143	-68.80293561788156	-13640.484256038282	1.3254801419910722	1.2117498718159547	1.3601638948858028	1.3401301466135822	1.1080196162556275	0.41074615649266877	0.6075542439525599	0.388660758637878	0.543876703286857	0.46191944788510847	0.37093195248831207
144	-68.80293561788156	-13584.000973260243	1.3254801419910722	1.2117498718159547	1.3601638948858028	1.3401301466135822	1.1080196162556275	0.41074615649266877	0.6075542439525599	0.388660758637878	0.543876703286857	0.46191944788510847	0.37093195248831207
145	-68.80293561788156	-13584.59778768185	1.3254801419910722	1.2117498718159547	1.3601638948858028	1.3401301466135822	1.1080196162556275	0.41074615649266877	0.6075542439525599	0.388660758637878	0.543876703286857	0.46191944788510847	0.37093195248831207
146	-68.80293561788156	-13584.59778768185	1.3254801419910722	1.2117498718159547	1.3601638948858028	1.3401301466135822	1.1080196162556275	0.41074615649266877	0.6075542439525599	0.388660758637878	0.543876703286857	0.46191944788510847	0.37093195248831207
147	-68.78472988297361	-13565.766604410224	1.3254801419910722	1.2117498718159547	1.3601638948858028	1.3401301466135822	1.1080196162556275	0.41074615649266877	0.6075542439525599	0.388660758637878	0.543876703286857	0.46191944788510847	0.37093195248831207
148	-68.79042429280769	-13565.174104190464	1.3254801419910722	1.2117498718159547	1.3601638948858028	1.3401301466135822	1.1080196162556275	0.41074615649266877	0.6075542439525599	0.388660758637878	0.543876703286857	0.46191944788510847	0.37093195248831207
149	-68.67982406107338	-13562.601144512308	1.3254801419910722	1.2117498718159547	1.3601638948858028	1.3401301466135822	1.1080196162556275	0.41074615649266877	0.6075542439525599	0.388660758637878	0.543876703286857	0.46191944788510847	0.37093195248831207
150	-68.67982406107338	-13562.601144512308	1.3254801419910722	1.2117498718159547	1.3601638948858028	1.3401301466135822	1.1080196162556275	0.41074615649266877	0.6075542439525599	0.388660758637878	0.543876703286857	0.46191944788510847	0.37093195248831207
151	-68.69973016919792	-13556.699332939243	1.3254801419910722	1.2117498718159547	1.3601638948858028	1.3401301466135822	1.1080196162556275	0.41074615649266877	0.6075542439525599	0.388660758637878	0.543876703286857	0.46191944788510847	0.37093195248831207
152	-68.69973016919792	-13556.699332939243	1.3254801419910722	1.2117498718159547	1.3601638948858028	1.3401301466135822	1.1080196162556275	0.41074615649266877	0.6075542439525599	0.388660758637878	0.543876703286857	0.46191944788510847	0.37093195248831207
153	-68.7927565191863	-13556.699332939243	1.3254801419910722	1.2117498718159547	1.3601638948858028	1.3401301466135822	1.1080196162556275	0.41074615649266877	0.6075542439525599	0.388660758637878	0.543876703286857	0.46191944788510847	0.4512752884085102
154	-68.7927565191863	-13556.699332939243	1.3254801419910722	1.2117498718159547	1.3601638948858028	1.3401301466135822	1.1080196162556275	0.41074615649266877	0.6075542439525599	0.388660758637878	0.543876703286857	0.46191944788510847	0.4512752884085102
155	-68.7927565191863	-13556.699332939243	1.3254801419910722	1.2117498718159547	1.3601638948858028	1.3401301466135822	1.1080196162556275	0.41074615649266877	0.6075542439525599	0.388660758637878	0.543876703286857	0.46191944788510847	0.4512752884085102
156	-68.7927565191863	-13556.699332939243	1.3254801419910722	1.2117498718159547	1.3601638948858028	1.3401301466135822	1.1080196162556275	0.41074615649266877	0.6075542439525599	0.388660758637878	0.543876703286857	0.46191944788510847	0.4512752884085102
157	-68.67513477091873	-13556.699332939243	1.3254801419910722	1.2117498718159547	1.3601638948858028	1.3401301466135822	1.1080196162556275	0.36789566744319646	0.6854449732203649	0.4429692082278271	0.6807607397090101	0.3797460388218911	0.4512752884085102
158	-68.67513477091873	-13556.699332939243	1.3254801419910722	1.2117498718159547	1.3601638948858028	1.3401301466135822	1.1080196162556275	0.36789566744319646	0.6854449732203649	0.4429692082278271	0.6807607397090101	0.3797460388218911	0.4512752884085102
159	-68.4631153194304	-13507.201575833815	1.3254801419910722	1.2117498718159547	1.3601638948858028	1.3401301466135822	1.1080196162556275	0.36789566744319646	0.6854449732203649	0.4429692082278271	0.6807607397090101	0.3797460388218911	0.4512752884085102
160	-68.4631153194304	-13507.201575833815	1.3254801419910722	1.2117498718159547	1.3601638948858028	1.3401301466135822	1.1080196162556275	0.36789566744319646	0.6854449732203649	0.4429692082278271	0.6807607397090101	0.3797460388218911	0.4512752884085102
161	-68.4631153194304	-13507.201575833815	1.3254801419910722	1.2117498718159547	1.3601638948858028	1.3401301466135822	1.1080196162556275	0.36789566744319646	0.6854449732203649	0.4429692082278271	0.6807607397090101	0.3797460388218911	0.4512752884085102
162	-68.4631153194304	-13507.201575833815	1.3254801419910722	1.2117498718159547	1.3601638948858028	1.3401301466135822	1.1080196162556275	0.36789566744319646	0.6854449732203649	0.4429692082278271	0.6807607397090101	0.3797460388218911	0.4512752884085102
163	-68.4631153194304	-13507.201575833815	1.3254801419910722	1.2117498718159547	1.3601638948858028	1.3401301466135822	1.1080196162556275	0.36789566744319646	0.6854449732203649	0.4429692082278271	0.6807607397090101	0.3797460388218911	0.4512752884085102
164	-68.47545723910868	-13463.181963959054	1.3254801419910722	1.2117498718159547	1.3601638948858028	1.3401301466135822	1.1080196162556275	0.36789566744319646	0.6854449732203649	0.4429692082278271	0.6807607397090101	0.3797460388218911	0.4512752884085102
165	-68.47545723910868	-13463.181963959054	1.3254801419910722	1.2117498718159547	1.3601638948858028	1.3401301466135822	1.1080196162556275	0.36789566744319646	0.6854449732203649	0.4429692082278271	0.6807607397090101	0.3797460388218911	0.4512752884085102
166	-68.47545723910868	-13463.181963959054	1.3254801419910722	1.2117498718159547	1.3601638948858028	1.3401301466135822	1.1080196162556275	0.36789566744319646	0.6854449732203649	0.4429692082278271	0.6807607397090101	0.3797460388218911	0.4512752884085102
167	-68.50459267774451	-13447.60417603796	1.3254801419910722	1.2117498718159547	1.3601638948858028	1.3401301466135822	1.1080196162556275	0.36789566744319646	0.6854449732203649	0.4429692082278271	0.6807607397090101	0.3797460388218911	0.4512752884085102
168	-68.50459267774451	-13447.353259540641	1.3254801419910722	1.2117498718159547	1.3601638948858028	1.3401301466135822	1.1080196162556275	0.36789566744319646	0.6854449732203649	0.4429692082278271	0.6807607397090101	0.3797460388218911	0.4512752884085102
169	-68.50459267774451	-13447.353259540641	1.3254801419910722	1.2117498718159547	1.3601638948858028	1.3401301466135822	1.1080196162556275	0.36789566744319646	0.6854449732203649	0.4429692082278271	0.6807607397090101	0.3797460388218911	0.4512752884085102
170	-68.50459267774451	-13447.353259540641	1.3254801419910722	1.2117498718159547	1.3601638948858028	1.3401301466135822	1.1080196162556275	0.36789566744319646	0.6854449732203649	0.4429692082278271	0.6807607397090101	0.3797460388218911	0.4512752884085102
171	-68.50458222679868	-13447.062450597714	1.3254801419910722	1.2117498718159547	1.3601638948858028	1.3401301466135822	1.1080196162556275	0.36789566744319646	0.6854449732203649	0.4429692082278271	0.6807607397090101	0.3797460388218911	0.4512752884085102
172	-68.50458222679868	-13447.062450597714	1.3254801419910722	1.2117498718159547	1.3601638948858028	1.3401301466135822	1.1080196162556275	0.36789566744319646	0.6854449732203649	0.4429692082278271	0.6807607397090101	0.3797460388218911	0.4512752884085102
173	-68.40062748850809	-13257.759884291441	1.3254801419910722	1.2117498718159547	1.3601638948858028	1.3401301466135822	1.1080196162556275	0.36789566744319646	0.6854449732203649	0.4429692082278271	0.6807607397090101	0.3797460388218911	0.4512752884085102
174	-68.40062748850809	-13257.759884291441	1.3254801419910722	1.2117498718159547	1.3601638948858028	1.3401301466135822	1.1080196162556275	0.36789566744319646	0.6854449732203649	0.4429692082278271	0.6807607397090101	0.3797460388218911	0.4512752884085102
175	-68.40062748850809	-13257.759884291441	1.3254801419910722	1.2117498718159547	1.3601638948858028	1.3401301466135822	1.1080196162556275	0.36789566744319646	0.6854449732203649	0.4429692082278271	0.6807607397090101	0.3797460388218911	0.4512752884085102
176	-68.40062748850809	-13255.764300108724	1.3254801419910722	1.2117498718159547	1.3601638948858028	1.3401301466135822	1.1080196162556275	0.36789566744319646	0.6854449732203649	0.4429692082278271	0.6807607397090101	0.3797460388218911	0.4512752884085102
177	-68.40062748850809	-13255.764300108724	1.3254801419910722	1.2117498718159547	1.3601638948858028	1.3401301466135822	1.1080196162556275	0.36789566744319646	0.6854449732203649	0.4429692082278271	0.6807607397090101	0.3797460388218911	0.4512752884085102
178	-68.40062748850809	-13255.764300108724	1.3254801419910722	1.2117498718159547	1.3601638948858028	1.3401301466135822	1.1080196162556275	0.36789566744319646	0.6854449732203649	0.4429692082278271	0.6807607397090101	0.3797460388218911	0.4512752884085102
179	-68.40062748850809	-13255.764300108724	1.3254801419910722	1.2117498718159547	1.3601638948858028	1.3401301466135822	1.1080196162556275	0.36789566744319646	0.6854449732203649	0.4429692082278271	0.6807607397090101	0.3797460388218911	0.4512752884085102
180	-68.39727603922914	-13259.127165457883	1.3254801419910722	1.2117498718159547	1.3601638948858028	1.3401301466135822	1.1080196162556275	0.36789566744319646	0.6854449732203649	0.4429692082278271	0.6807607397090101	0.3797460388218911	0.4512752884085102
181	-68.16410436412527	-13259.127165457883	1.3254801419910722	1.2117498718159547	1.3601638948858028	1.3401301466135822	1.1080196162556275	0.3107372498563465	0.5171522066480757	0.5694060375148577	0.7740592963666595	0.31316300304974676	0.4512752884085102
182	-68.16410436412527	-13259.127165457883	1.3254801419910722	1.2117498718159547	1.3601638948858028	1.3401301466135822	1.1080196162556275	0.3107372498563465	0.5171522066480757	0.5694060375148577	0.7740592963666595	0.31316300304974676	0.4512752884085102
183	-68.16410436412527	-13257.763590871798	1.3254801419910722	1.2117498718159547	1.3601638948858028	1.3401301466135822	1.1080196162556275	0.3107372498563465	0.5171522066480757	0.5694060375148577	0.7740592963666595	0.31316300304974676	0.4512752884085102
184	-68.16410436412527	-13257.763590871798	1.3254801419910722	1.2117498718159547	1.3601638948858028	1.3401301466135822	1.1080196162556275	0.3107372498563465	0.5171522066480757	0.5694060375148577	0.7740592963666595	0.31316300304974676	0.4512752884085102
185	-68.06224017250815	-13249.944050133607	1.3254801419910722	1.2117498718159547	1.3601638948858028	1.3401301466135822	1.1080196162556275	0.3107372498563465	0.5171522066480757	0.5694060375148577	0.7740592963666595	0.31316300304974676	0.4512752884085102
186	-57.38147258081803	-13249.944050133607	1.6615736395348826	1.5937448256567037	1.4460545356529522	1.5593840196813078	0.9754564256057553	0.3107372498563465	0.5171522066480757	0.5694060375148577	0.7740592963666595	0.31316300304974676	0.4512752884085102
187	-57.38147258081803	-13247.850759196308	1.6615736395348826	1.5937448256567037	1.4460545356529522	1.5593840196813078	0.9754564256057553	0.3107372498563465	0.5171522066480757	0.5694060375148577	0.7740592963666595	0.31316300304974676	0.4512752884085102
188	-57.38147258081803	-13247.850759196308	1.6615736395348826	1.5937448256567037	1.4460545356529522	1.5593840196813078	0.9754564256057553	0.3107372498563465	0.5171522066480757	0.5694060375148577	0.7740592963666595	0.31316300304974676	0.4512752884085102
189	-56.90769311799269	-13168.35366322425	1.6615736395348826	1.5937448256567037	1.4460545356529522	1.5593840196813078	0.9754564256057553	0.3107372498563465	0.5171522066480757	0.5694060375148577	0.7740592963666595	0.31316300304974676	0.4512752884085102
190	-57.21387424313632	-13168.35366322425	1.6615736395348826	1.5937448256567037	1.4460545356529522	1.5593840196813078	0.9754564256057553	0.39551427242115245	0.5680148269451808	0.6898899715376301	0.6723703959530993	0.2371084809762903	0.4512752884085102
191	-56.90831908738916	-13142.758433210727	1.6615736395348826	1.5937448256567037	1.4460545356529522	1.5593840196813078	0.9754564256057553	0.39551427242115245	0.5680148269451808	0.6898899715376301	0.6723703959530993	0.2371084809762903	0.4512752884085102
192	-56.90831908738916	-13142.758433210727	1.6615736395348826	1.5937448256567037	1.4460545356529522	1.5593840196813078	0.9754564256057553	0.39551427242115245	0.5680148269451808	0.6898899715376301	0.6723703959530993	0.2371084809762903	0.4512752884085102
193	-56.839093121296095	-13081.760222056551	1.6615736395348826	1.5937448256567037	1.4460545356529522	1.5593840196813078	0.9754564256057553	0.39551427242115245	0.5680148269451808	0.6898899715376301	0.6723703959530993	0.2371084809762903	0.4512752884085102
194	-56.839093121296095	-13081.760222056551	1.6615736395348826	1.5937448256567037	1.4460545356529522	1.5593840196813078	0.9754564256057553	0.39551427242115245	0.5680148269451808	0.6898899715376301	0.6723703959530993	0.2371084809762903	0.4512752884085102
195	-56.839093121296095	-13081.760222056551	1.6615736395348826	1.5937448256567037	1.4460545356529522	1.5593840196813078	0.9754564256057553	0.39551427242115245	0.5680148269451808	0.6898899715376301	0.6723703959530993	0.2371084809762903	0.4512752884085102
196	-56.89852141416153	-13066.102752430901	1.6615736395348826	1.5937448256567037	1.4460545356529522	1.5593840196813078	0.9754564256057553	0.39551427242115245	0.5680148269451808	0.6898899715376301	0.6723703959530993	0.2371084809762903	0.4512752884085102
197	-56.89852141416153	-13066.102752430901	1.6615736395348826	1.5937448256567037	1.4460545356529522	1.5593840196813078	0.9754564256057553	0.39551427242115245	0.5680148269451808	0.6898899715376301	0.6723703959530993	0.2371084809762903	0.4512752884085102
198	-56.89852141416153	-13065.836086425797	1.6615736395348826	1.5937448256567037	1.4460545356529522	1.5593840196813078	0.9754564256057553	0.39551427242115245	0.5680148269451808	0.6898899715376301	0.6723703959530993	0.2371084809762903	0.4512752884085102
199	-56.89852141416153	-13065.836086425797	1.6615736395348826	1.5937448256567037	1.4460545356529522	1.5593840196813078	0.9754564256057553	0.39551427242115245	0.5680148269451808	0.6898899715376301	0.6723703959530993	0.2371084809762903	0.4512752884085102
200	-56.89852141416153	-13065.836086425797	1.6615736395348826	1.5937448256567037	1.4460545356529522	1.5593840196813078	0.9754564256057553	0.39551427242115245	0.5680148269451808	0.6898899715376301	0.6723703959530993	0.2371084809762903	0.4512752884085102
201	-56.967524875180395	-13055.43030874466	1.6615736395348826	1.5937448256567037	1.4460545356529522	1.5593840196813078	0.9754564256057553	0.39551427242115245	0.5680148269451808	0.6898899715376301	0.6723703959530993	0.2371084809762903	0.4512752884085102
202	-54.398238378021176	-13055.43030874466	1.6870805114542748	1.2242767501276113	1.9035678073269282	1.8228420158237266	0.9542616598482728	0.39551427242115245	0.5680148269451808	0.6898899715376301	0.6723703959530993	0.2371084809762903	0.4512752884085102
203	-54.398238378021176	-13055.43030874466	1.6870805114542748	1.2242767501276113	1.9035678073269282	1.8228420158237266	0.9542616598482728	0.39551427242115245	0.5680148269451808	0.6898899715376301	0.6723703959530993	0.2371084809762903	0.4512752884085102
204	-54.398238378021176	-13055.43030874466	1.6870805114542748	1.2242767501276113	1.9035678073269282	1.8228420158237266	0.9542616598482728	0.39551427242115245	0.5680148269451808	0.6898899715376301	0.6723703959530993	0.2371084809762903	0.4512752884085102
205	-54.398238378021176	-13055.43030874466	1.6870805114542748	1.2242767501276113	1.9035678073269282	1.8228420158237266	0.9542616598482728	0.39551427242115245	0.5680148269451808	0.6898899715376301	0.6723703959530993	0.2371084809762903	0.4512752884085102
206	-54.40783048242385	-13050.670970158108	1.6870805114542748	1.2242767501276113	1.9035678073269282	1.8228420158237266	0.9542616598482728	0.39551427242115245	0.5680148269451808	0.6898899715376301	0.6723703959530993	0.2371084809762903	0.4512752884085102
207	-54.40783048242385	-13050.670970158108	1.6870805114542748	1.2242767501276113	1.9035678073269282	1.8228420158237266	0.9542616598482728	0.39551427242115245	0.5680148269451808	0.6898899715376301	0.6723703959530993	0.2371084809762903	0.4512752884085102
208	-54.51789611002893	-13042.53798070402	1.6870805114542748	1.2242767501276113	1.9035678073269282	1.8228420158237266	0.9542616598482728	0.39551427242115245	0.5680148269451808	0.6898899715376301	0.6723703959530993	0.2371084809762903	0.4512752884085102
209	-54.51789611002893	-13042.53798070402	1.6870805114542748	1.2242767501276113	1.9035678073269282	1.8228420158237266	0.9542616598482728	0.39551427242115245	0.5680148269451808	0.6898899715376301	0.6723703959530993	0.2371084809762903	0.4512752884085102
210	-54.51789611002893	-13042.905537825807	1.6870805114542748	1.2242767501276113	1.9035678073269282	1.8228420158237266	0.9542616598482728	0.39551427242115245	0.5680148269451808	0.6898899715376301	0.6723703959530993	0.2371084809762903	0.4512752884085102
211	-54.51789611002893	-13042.905537825807	1.6870805114542748	1.2242767501276113	1.9035678073269282	1.8228420158237266	0.9542616598482728	0.39551427242115245	0.5680148269451808	0.6898899715376301	0.6723703959530993	0.2371084809762903	0.4512752884085102
212	-54.51789611002893	-13042.905537825807	1.6870805114542748	1.2242767501276113	1.9035678073269282	1.8228420158237266	0.9542616598482728	0.39551427242115245	0.5680148269451808	0.6898899715376301	0.6723703959530993	0.2371084809762903	0.4512752884085102
213	-54.51789611002893	-13042.905537825807	1.6870805114542748	1.2242767501276113	1.9035678073269282	1.8228420158237266	0.9542616598482728	0.39551427242115245	0.5680148269451808	0.6898899715376301	0.6723703959530993	0.2371084809762903	0.4512752884085102
214	-54.51789611002893	-13042.905537825807	1.6870805114542748	1.2242767501276113	1.9035678073269282	1.8228420158237266	0.9542616598482728	0.39551427242115245	0.5680148269451808	0.6898899715376301	0.6723703959530993	0.2371084809762903	0.4512752884085102
215	-48.56307375489877	-13042.905537825807	1.883187727722906	1.3482196771552122	2.294968820071738	1.3876637767216304	1.14227687963044	0.39551427242115245	0.5680148269451808	0.6898899715376301	0.6723703959530993	0.2371084809762903	0.4512752884085102
216	-49.143875943005604	-13042.905537825807	1.883187727722906	1.3482196771552122	2.294968820071738	1.3876637767216304	1.14227687963044	0.5221992563729874	0.6705477125632903	0.6294697247885929	0.7925609005559425	0.21958895054219707	0.4512752884085102
217	-49.143875943005604	-13043.980302986945	1.883187727722906	1.3482196771552122	2.294968820071738	1.3876637767216304	1.14227687963044	0.5221992563729874	0.6705477125632903	0.6294697247885929	0.7925609005559425	0.21958895054219707	0.4512752884085102
218	-49.672462247351305	-13034.355619464654	1.883187727722906	1.3482196771552122	2.294968820071738	1.3876637767216304	1.14227687963044	0.5221992563729874	0.6705477125632903	0.6294697247885929	0.7925609005559425	0.21958895054219707	0.4512752884085102
219	-49.672462247351305	-13034.355619464654	1.883187727722906	1.3482196771552122	2.294968820071738	1.3876637767216304	1.14227687963044	0.5221992563729874	0.6705477125632903	0.6294697247885929	0.7925609005559425	0.21958895054219707	0.4512752884085102
220	-49.672462247351305	-13034.355619464654	1.883187727722906	1.3482196771552122	2.294968820071738	1.3876637767216304	1.14227687963044	0.5221992563729874	0.6705477125632903	0.6294697247885929	0.7925609005559425	0.21958895054219707	0.4512752884085102
221	-49.672462247351305	-13034.355619464654	1.883187727722906	1.3482196771552122	2.294968820071738	1.3876637767216304	1.14227687963044	0.5221992563729874	0.6705477125632903	0.6294697247885929	0.7925609005559425	0.21958895054219707	0.4512752884085102
222	-49.672462247351305	-13034.355619464654	1.883187727722906	1.3482196771552122	2.294968820071738	1.3876637767216304	1.14227687963044	0.5221992563729874	0.6705477125632903	0.6294697247885929	0.7925609005559425	0.21958895054219707	0.4512752884085102
223	-49.672462247351305	-13034.355619464654	1.883187727722906	1.3482196771552122	2.294968820071738	1.3876637767216304	1.14227687963044	0.5221992563729874	0.6705477125632903	0.6294697247885929	0.7925609005559425	0.21958895054219707	0.4512752884085102
224	-49.672462247351305	-13034.355619464654	1.883187727722906	1.3482196771552122	2.294968820071738	1.3876637767216304	1.14227687963044	0.5221992563729874	0.6705477125632903	0.6294697247885929	0.7925609005559425	0.21958895054219707	0.4512752884085102
225	-49.672462247351305	-13034.355619464654	1.883187727722906	1.3482196771552122	2.294968820071738	1.3876637767216304	1.14227687963044	0.5221992563729874	0.6705477125632903	0.6294697247885929	0.7925609005559425	0.21958895054219707	0.4512752884085102
226	-49.672462247351305	-13020.809147976937	1.883187727722906	1.3482196771552122	2.294968820071738	1.3876637767216304	1.14227687963044	0.5221992563729874	0.6705477125632903	0.6294697247885929	0.7925609005559425	0.21958895054219707	0.4512752884085102
227	-49.672462247351305	-13020.809147976937	1.883187727722906	1.3482196771552122	2.294968820071738	1.3876637767216304	1.14227687963044	0.5221992563729874	0.6705477125632903	0.6294697247885929	0.7925609005559425	0.21958895054219707	0.4512752884085102
228	-49.672462247351305	-13020.809147976937	1.883187727722906	1.3482196771552122	2.294968820071738	1.3876637767216304	1.14227687963044	0.5221992563729874	0.6705477125632903	0.6294697247885929	0.7925609005559425	0.21958895054219707	0.4512752884085102
229	-49.672462247351305	-13020.809147976937	1.883187727722906	1.3482196771552122	2.294968820071738	1.3876637767216304	1.14227687963044	0.5221992563729874	0.6705477125632903	0.6294697247885929	0.7925609005559425	0.21958895054219707	0.4512752884085102
230	-49.672462247351305	-13020.673367137824	1.883187727722906	1.3482196771552122	2.294968820071738	1.3876637767216304	1.14227687963044	0.5221992563729874	0.6705477125632903	0.6294697247885929	0.7925609005559425	0.21958895054219707	0.4512752884085102
231	-49.165162584562815	-12998.94936633598	1.883187727722906	1.3482196771552122	2.294968820071738	1.3876637767216304	1.14227687963044	0.5221992563729874	0.6705477125632903	0.6294697247885929	0.7925609005559425	0.21958895054219707	0.4512752884085102
232	-49.165162584562815	-12998.94936633598	1.883187727722906	1.3482196771552122	2.294968820071738	1.3876637767216304	1.14227687963044	0.5221992563729874	0.6705477125632903	0.6294697247885929	0.7925609005559425	0.21958895054219707	0.4512752884085102
233	-48.961204675888105	-12713.411143772917	1.883187727722906	1.3482196771552122	2.294968820071738	1.3876637767216304	1.14227687963044	0.5221992563729874	0.6705477125632903	0.6294697247885929	0.7925609005559425	0.21958895054219707	0.4512752884085102
234	-48.961204675888105	-12713.550464478243	1.883187727722906	1.3482196771552122	2.294968820071738	1.3876637767216304	1.14227687963044	0.5221992563729874	0.6705477125632903	0.6294697247885929	0.7925609005559425	0.21958895054219707	0.4512752884085102
235	-49.63701518688609	-12713.550464478243	1.883187727722906	1.3482196771552122	2.294968820071738	1.3876637767216304	1.14227687963044	0.6666568152118543	0.5890549226887898	0.7750278671742247	0.9140270840062829	0.1739336839683133	0.4512752884085102
236	-49.63740297198774	-12685.64851997072	1.883187727722906	1.3482196771552122	2.294968820071738	1.3876637767216304	1.14227687963044	0.6666568152118543	0.5890549226887898	0.7750278671742247	0.9140270840062829	0.1739336839683133	0.4512752884085102
237	-49.794011361705884	-12626.774188080932	1.883187727722906	1.3482196771552122	2.294968820071738	1.3876637767216304	1.14227687963044	0.6666568152118543	0.5890549226887898	0.7750278671742247	0.9140270840062829	0.1739336839683133	0.4512752884085102
238	-49.794011361705884	-12626.774188080932	1.883187727722906	1.3482196771552122	2.294968820071738	1.3876637767216304	1.14227687963044	0.6666568152118543	0.5890549226887898	0.7750278671742247	0.9140270840062829	0.1739336839683133	0.4512752884085102
239	-49.794011361705884	-12626.847307138869	1.883187727722906	1.3482196771552122	2.294968820071738	1.3876637767216304	1.14227687963044	0.6666568152118543	0.5890549226887898	0.7750278671742247	0.9140270840062829	0.1739336839683133	0.4512752884085102
240	-49.794011361705884	-12626.186300338706	1.883187727722906	1.3482196771552122	2.294968820071738	1.3876637767216304	1.14227687963044	0.6666568152118543	0.5890549226887898	0.7750278671742247	0.9140270840062829	0.1739336839683133	0.4512752884085102
241	-49.794011361705884	-12626.186300338706	1.883187727722906	1.3482196771552122	2.294968820071738	1.3876637767216304	1.14227687963044	0.6666568152118543	0.5890549226887898	0.7750278671742247	0.9140270840062829	0.1739336839683133	0.4512752884085102
242	-49.264738510573814	-12599.1268723739	1.883187727722906	1.3482196771552122	2.294968820071738	1.3876637767216304	1.14227687963044	0.6666568152118543	0.5890549226887898	0.7750278671742247	0.9140270840062829	0.1739336839683133	0.4512752884085102
243	-49.264738510573814	-12599.1268723739	1.883187727722906	1.3482196771552122	2.294968820071738	1.3876637767216304	1.14227687963044	0.6666568152118543	0.5890549226887898	0.7750278671742247	0.9140270840062829	0.1739336839683133	0.4512752884085102
244	-49.264738510573814	-12599.1268723739	1.883187727722906	1.3482196771552122	2.294968820071738	1.3876637767216304	1.14227687963044	0.6666568152118543	0.5890549226887898	0.7750278671742247	0.9140270840062829	0.1739336839683133	0.4512752884085102
245	-49.264738510573814	-12599.1268723739	1.883187727722906	1.3482196771552122	2.294968820071738	1.3876637767216304	1.14227687963044	0.6666568152118543	0.5890549226887898	0.7750278671742247	0.9140270840062829	0.1739336839683133	0.4512752884085102
246	-49.3218984052986	-12599.1268723739	1.883187727722906	1.3482196771552122	2.294968820071738	1.3876637767216304	1.14227687963044	0.6666568152118543	0.5890549226887898	0.7750278671742247	0.9140270840062829	0.1739336839683133	0.4901243148268761
247	-49.3218984052986	-12599.1268723739	1.883187727722906	1.3482196771552122	2.294968820071738	1.3876637767216304	1.14227687963044	0.6666568152118543	0.5890549226887898	0.7750278671742247	0.9140270840062829	0.1739336839683133	0.4901243148268761
248	-49.32166991229259	-12597.819788768933	1.883187727722906	1.3482196771552122	2.294968820071738	1.3876637767216304	1.14227687963044	0.6666568152118543	0.5890549226887898	0.7750278671742247	0.9140270840062829	0.1739336839683133	0.4901243148268761
249	-49.32166991229259	-12597.819788768933	1.883187727722906	1.3482196771552122	2.294968820071738	1.3876637767216304	1.14227687963044	0.6666568152118543	0.5890549226887898	0.7750278671742247	0.9140270840062829	0.1739336839683133	0.4901243148268761
250	-49.32166991229259	-12597.819788768933	1.883187727722906	1.3482196771552122	2.294968820071738	1.3876637767216304	1.14227687963044	0.6666568152118543	0.5890549226887898	0.7750278671742247	0.9140270840062829	0.1739336839683133	0.4901243148268761
251	-49.32166991229259	-12597.398586953947	1.883187727722906	1.3482196771552122	2.294968820071738	1.3876637767216304	1.14227687963044	0.6666568152118543	0.5890549226887898	0.7750278671742247	0.9140270840062829	0.1739336839683133	0.4901243148268761
252	-49.333404547472824	-12596.421531513979	1.883187727722906	1.3482196771552122	2.294968820071738	1.3876637767216304	1.14227687963044	0.6666568152118543	0.5890549226887898	0.7750278671742247	0.9140270840062829	0.1739336839683133	0.4901243148268761
253	-49.333404547472824	-12596.421531513979	1.883187727722906	1.3482196771552122	2.294968820071738	1.3876637767216304	1.14227687963044	0.6666568152118543	0.5890549226887898	0.7750278671742247	0.9140270840062829	0.1739336839683133	0.4901243148268761
254	-49.333404547472824	-12596.421531513979	1.883187727722906	1.3482196771552122	2.294968820071738	1.3876637767216304	1.14227687963044	0.6666568152118543	0.5890549226887898	0.7750278671742247	0.9140270840062829	0.1739336839683133	0.4901243148268761
255	-49.333404547472824	-12584.904862506519	1.883187727722906	1.3482196771552122	2.294968820071738	1.3876637767216304	1.14227687963044	0.6666568152118543	0.5890549226887898	0.7750278671742247	0.9140270840062829	0.1739336839683133	0.4901243148268761
256	-49.333404547472824	-12582.854249485112	1.883187727722906	1.3482196771552122	2.294968820071738	1.3876637767216304	1.14227687963044	0.6666568152118543	0.5890549226887898	0.7750278671742247	0.9140270840062829	0.1739336839683133	0.4901243148268761
257	-49.333404547472824	-12582.738825661712	1.883187727722906	1.3482196771552122	2.294968820071738	1.3876637767216304	1.14227687963044	0.6666568152118543	0.5890549226887898	0.7750278671742247	0.9140270840062829	0.1739336839683133	0.4901243148268761
258	-49.333404547472824	-12582.738825661712	1.883187727722906	1.3482196771552122	2.294968820071738	1.3876637767216304	1.14227687963044	0.6666568152118543	0.5890549226887898	0.7750278671742247	0.9140270840062829	0.1739336839683133	0.4901243148268761
259	-49.333404547472824	-12582.738825661712	1.883187727722906	1.3482196771552122	2.294968820071738	1.3876637767216304	1.14227687963044	0.6666568152118543	0.5890549226887898	0.7750278671742247	0.9140270840062829	0.1739336839683133	0.4901243148268761
260	-50.35225052439688	-12572.308818158554	1.883187727722906	1.3482196771552122	2.294968820071738	1.3876637767216304	1.14227687963044	0.6666568152118543	0.5890549226887898	0.7750278671742247	0.9140270840062829	0.1739336839683133	0.4901243148268761
261	-50.35225052439688	-12572.308818158554	1.883187727722906	1.3482196771552122	2.294968820071738	1.3876637767216304	1.14227687963044	0.6666568152118543	0.5890549226887898	0.7750278671742247	0.9140270840062829	0.1739336839683133	0.4901243148268761
262	-50.35225052439688	-12572.308818158554	1.883187727722906	1.3482196771552122	2.294968820071738	1.3876637767216304	1.14227687963044	0.6666568152118543	0.5890549226887898	0.7750278671742247	0.9140270840062829	0.1739336839683133	0.4901243148268761
263	-50.35068024290183	-12568.487546459237	1.883187727722906	1.3482196771552122	2.294968820071738	1.3876637767216304	1.14227687963044	0.6666568152118543	0.5890549226887898	0.7750278671742247	0.9140270840062829	0.1739336839683133	0.4901243148268761
264	-50.35068024290183	-12568.487546459237	1.883187727722906	1.3482196771552122	2.294968820071738	1.3876637767216304	1.14227687963044	0.6666568152118543	0.5890549226887898	0.7750278671742247	0.9140270840062829	0.1739336839683133	0.4901243148268761
265	-50.35068024290183	-12568.487546459237	1.883187727722906	1.3482196771552122	2.294968820071738	1.3876637767216304	1.14227687963044	0.6666568152118543	0.5890549226887898	0.7750278671742247	0.9140270840062829	0.1739336839683133	0.4901243148268761
266	-50.35068024290183	-12568.487546459237	1.883187727722906	1.3482196771552122	2.294968820071738	1.3876637767216304	1.14227687963044	0.6666568152118543	0.5890549226887898	0.7750278671742247	0.9140270840062829	0.1739336839683133	0.4901243148268761
267	-50.35068024290183	-12568.487546459237	1.883187727722906	1.3482196771552122	2.294968820071738	1.3876637767216304	1.14227687963044	0.6666568152118543	0.5890549226887898	0.7750278671742247	0.9140270840062829	0.1739336839683133	0.4901243148268761
268	-50.35068024290183	-12568.427598040122	1.883187727722906	1.3482196771552122	2.294968820071738	1.3876637767216304	1.14227687963044	0.6666568152118543	0.5890549226887898	0.7750278671742247	0.9140270840062829	0.1739336839683133	0.4901243148268761
269	-50.014028434163606	-12568.721972311127	1.883187727722906	1.3482196771552122	2.294968820071738	1.3876637767216304	1.14227687963044	0.6666568152118543	0.5890549226887898	0.7750278671742247	0.9140270840062829	0.1739336839683133	0.4901243148268761
270	-50.044117280636215	-12552.668936249765	1.883187727722906	1.3482196771552122	2.294968820071738	1.3876637767216304	1.14227687963044	0.6666568152118543	0.5890549226887898	0.7750278671742247	0.9140270840062829	0.1739336839683133	0.4901243148268761
271	-50.044117280636215	-12552.668936249765	1.883187727722906	1.3482196771552122	2.294968820071738	1.3876637767216304	1.14227687963044	0.6666568152118543	0.5890549226887898	0.7750278671742247	0.9140270840062829	0.1739336839683133	0.4901243148268761
272	-50.044117280636215	-12552.668936249765	1.883187727722906	1.3482196771552122	2.294968820071738	1.3876637767216304	1.14227687963044	0.6666568152118543	0.5890549226887898	0.7750278671742247	0.9140270840062829	0.1739336839683133	0.4901243148268761
273	-50.16677202136892	-12552.668936249765	1.883187727722906	1.3482196771552122	2.294968820071738	1.3876637767216304	1.14227687963044	0.6666568152118543	0.5890549226887898	0.7750278671742247	0.9140270840062829	0.1739336839683133	0.5738762468783283
274	-50.16677202136892	-12552.668936249765	1.883187727722906	1.3482196771552122	2.294968820071738	1.3876637767216304	1.14227687963044	0.6666568152118543	0.5890549226887898	0.7750278671742247	0.9140270840062829	0.1739336839683133	0.5738762468783283
275	-50.16677202136892	-12547.253684671168	1.883187727722906	1.3482196771552122	2.294968820071738	1.3876637767216304	1.14227687963044	0.6666568152118543	0.5890549226887898	0.7750278671742247	0.9140270840062829	0.1739336839683133	0.5738762468783283
276	-50.16677202136892	-12546.464567900011	1.883187727722906	1.3482196771552122	2.294968820071738	1.3876637767216304	1.14227687963044	0.6666568152118543	0.5890549226887898	0.7750278671742247	0.9140270840062829	0.1739336839683133	0.5738762468783283
277	-50.16677202136892	-12546.464567900011	1.883187727722906	1.3482196771552122	2.294968820071738	1.3876637767216304	1.14227687963044	0.6666568152118543	0.5890549226887898	0.7750278671742247	0.9140270840062829	0.1739336839683133	0.5738762468783283
278	-50.16677202136892	-12546.464567900011	1.883187727722906	1.3482196771552122	2.294968820071738	1.3876637767216304	1.14227687963044	0.6666568152118543	0.5890549226887898	0.7750278671742247	0.9140270840062829	0.1739336839683133	0.5738762468783283
279	-50.16677202136892	-12546.464567900011	1.883187727722906	1.3482196771552122	2.294968820071738	1.3876637767216304	1.14227687963044	0.6666568152118543	0.5890549226887898	0.7750278671742247	0.9140270840062829	0.1739336839683133	0.5738762468783283
280	-50.16677202136892	-12546.464567900011	1.883187727722906	1.3482196771552122	2.294968820071738	1.3876637767216304	1.14227687963044	0.6666568152118543	0.5890549226887898	0.7750278671742247	0.9140270840062829	0.1739336839683133	0.5738762468783283
281	-50.16677202136892	-12546.464567900011	1.883187727722906	1.3482196771552122	2.294968820071738	1.3876637767216304	1.14227687963044	0.6666568152118543	0.5890549226887898	0.7750278671742247	0.9140270840062829	0.1739336839683133	0.5738762468783283
282	-50.16677202136892	-12546.464567900011	1.883187727722906	1.3482196771552122	2.294968820071738	1.3876637767216304	1.14227687963044	0.6666568152118543	0.5890549226887898	0.7750278671742247	0.9140270840062829	0.1739336839683133	0.5738762468783283
283	-50.16677202136892	-12546.464567900011	1.883187727722906	1.3482196771552122	2.294968820071738	1.3876637767216304	1.14227687963044	0.6666568152118543	0.5890549226887898	0.7750278671742247	0.9140270840062829	0.1739336839683133	0.5738762468783283
284	-50.16591875524548	-12542.598999522466	1.883187727722906	1.3482196771552122	2.294968820071738	1.3876637767216304	1.14227687963044	0.6666568152118543	0.5890549226887898	0.7750278671742247	0.9140270840062829	0.1739336839683133	0.5738762468783283
285	-50.35476745798419	-12539.445970670515	1.883187727722906	1.3482196771552122	2.294968820071738	1.3876637767216304	1.14227687963044	0.6666568152118543	0.5890549226887898	0.7750278671742247	0.9140270840062829	0.1739336839683133	0.5738762468783283
286	-50.35476745798419	-12539.445970670515	1.883187727722906	1.3482196771552122	2.294968820071738	1.3876637767216304	1.14227687963044	0.6666568152118543	0.5890549226887898	0.7750278671742247	0.9140270840062829	0.1739336839683133	0.5738762468783283
287	-50.35476745798419	-12539.445970670515	1.883187727722906	1.3482196771552122	2.294968820071738	1.3876637767216304	1.14227687963044	0.6666568152118543	0.5890549226887898	0.7750278671742247	0.9140270840062829	0.1739336839683133	0.5738762468783283
288	-50.35476745798419	-12539.445970670515	1.883187727722906	1.3482196771552122	2.294968820071738	1.3876637767216304	1.14227687963044	0.6666568152118543	0.5890549226887898	0.7750278671742247	0.9140270840062829	0.1739336839683133	0.5738762468783283
289	-50.35476745798419	-12539.445970670515	1.883187727722906	1.3482196771552122	2.294968820071738	1.3876637767216304	1.14227687963044	0.6666568152118543	0.5890549226887898	0.7750278671742247	0.9140270840062829	0.1739336839683133	0.5738762468783283
290	-50.016618530919764	-12538.882801953698	1.883187727722906	1.3482196771552122	2.294968820071738	1.3876637767216304	1.14227687963044	0.6666568152118543	0.5890549226887898	0.7750278671742247	0.9140270840062829	0.1739336839683133	0.5738762468783283
291	-50.016618530919764	-12538.882801953698	1.883187727722906	1.3482196771552122	2.294968820071738	1.3876637767216304	1.14227687963044	0.6666568152118543	0.5890549226887898	0.7750278671742247	0.9140270840062829	0.1739336839683133	0.5738762468783283
292	-50.016618530919764	-12538.882801953698	1.883187727722906	1.3482196771552122	2.294968820071738	1.3876637767216304	1.14227687963044	0.6666568152118543	0.5890549226887898	0.7750278671742247	0.9140270840062829	0.1739336839683133	0.5738762468783283
293	-50.016618530919764	-12479.86093709129	1.883187727722906	1.3482196771552122	2.294968820071738	1.3876637767216304	1.14227687963044	0.6666568152118543	0.5890549226887898	0.7750278671742247	0.9140270840062829	0.1739336839683133	0.5738762468783283
294	-50.016618530919764	-12480.311553629013	1.883187727722906	1.3482196771552122	2.294968820071738	1.3876637767216304	1.14227687963044	0.6666568152118543	0.5890549226887898	0.7750278671742247	0.9140270840062829	0.1739336839683133	0.5738762468783283
295	-50.016618530919764	-12480.311553629013	1.883187727722906	1.3482196771552122	2.294968820071738	1.3876637767216304	1.14227687963044	0.6666568152118543	0.5890549226887898	0.7750278671742247	0.9140270840062829	0.1739336839683133	0.5738762468783283
296	-50.00225591753438	-12477.274975756283	1.883187727722906	1.3482196771552122	2.294968820071738	1.3876637767216304	1.14227687963044	0.6666568152118543	0.5890549226887898	0.7750278671742247	0.9140270840062829	0.1739336839683133	0.5738762468783283
297	-50.00225591753438	-12477.274975756283	1.883187727722906	1.3482196771552122	2.294968820071738	1.3876637767216304	1.14227687963044	0.6666568152118543	0.5890549226887898	0.7750278671742247	0.9140270840062829	0.1739336839683133	0.5738762468783283
298	-50.00225591753438	-12477.274975756283	1.883187727722906	1.3482196771552122	2.294968820071738	1.3876637767216304	1.14227687963044	0.6666568152118543	0.5890549226887898	0.7750278671742247	0.9140270840062829	0.1739336839683133	0.5738762468783283
299	-50.015048450389365	-12470.045096471526	1.883187727722906	1.3482196771552122	2.294968820071738	1.3876637767216304	1.14227687963044	0.6666568152118543	0.5890549226887898	0.7750278671742247	0.9140270840062829	0.1739336839683133	0.5738762468783283
300	-50.015048450389365	-12462.537045248298	1.883187727722906	1.3482196771552122	2.294968820071738	1.3876637767216304	1.14227687963044	0.6666568152118543	0.5890549226887898	0.7750278671742247	0.9140270840062829	0.1739336839683133	0.5738762468783283
301	-50.015048450389365	-12458.878854361994	1.883187727722906	1.3482196771552122	2.294968820071738	1.3876637767216304	1.14227687963044	0.6666568152118543	0.5890549226887898	0.7750278671742247	0.9140270840062829	0.1739336839683133	0.5738762468783283
302	-50.015048450389365	-12454.189359751257	1.883187727722906	1.3482196771552122	2.294968820071738	1.3876637767216304	1.14227687963044	0.6666568152118543	0.5890549226887898	0.7750278671742247	0.9140270840062829	0.1739336839683133	0.5738762468783283
303	-50.015048450389365	-12454.189359751257	1.883187727722906	1.3482196771552122	2.294968820071738	1.3876637767216304	1.14227687963044	0.6666568152118543	0.5890549226887898	0.7750278671742247	0.9140270840062829	0.1739336839683133	0.5738762468783283
304	-49.490867505083436	-12453.530567729678	1.883187727722906	1.3482196771552122	2.294968820071738	1.3876637767216304	1.14227687963044	0.6666568152118543	0.5890549226887898	0.7750278671742247	0.9140270840062829	0.1739336839683133	0.5738762468783283
305	-49.490867505083436	-12453.530567729678	1.883187727722906	1.3482196771552122	2.294968820071738	1.3876637767216304	1.14227687963044	0.6666568152118543	0.5890549226887898	0.7750278671742247	0.9140270840062829	0.1739336839683133	0.5738762468783283
306	-49.490867505083436	-12453.530567729678	1.883187727722906	1.3482196771552122	2.294968820071738	1.3876637767216304	1.14227687963044	0.6666568152118543	0.5890549226887898	0.7750278671742247	0.9140270840062829	0.1739336839683133	0.5738762468783283
307	-49.490867505083436	-12453.530567729678	1.883187727722906	1.3482196771552122	2.294968820071738	1.3876637767216304	1.14227687963044	0.6666568152118543	0.5890549226887898	0.7750278671742247	0.9140270840062829	0.1739336839683133	0.5738762468783283
308	-49.490867505083436	-12453.530567729678	1.883187727722906	1.3482196771552122	2.294968820071738	1.3876637767216304	1.14227687963044	0.6666568152118543	0.5890549226887898	0.7750278671742247	0.9140270840062829	0.1739336839683133	0.5738762468783283
309	-49.490867505083436	-12453.530567729678	1.883187727722906	1.3482196771552122	2.294968820071738	1.3876637767216304	1.14227687963044	0.6666568152118543	0.5890549226887898	0.7750278671742247	0.9140270840062829	0.1739336839683133	0.5738762468783283
310	-49.490867505083436	-12453.530567729678	1.883187727722906	1.3482196771552122	2.294968820071738	1.3876637767216304	1.14227687963044	0.6666568152118543	0.5890549226887898	0.7750278671742247	0.9140270840062829	0.1739336839683133	0.5738762468783283
311	-49.490867505083436	-12453.530567729678	1.883187727722906	1.3482196771552122	2.294968820071738	1.3876637767216304	1.14227687963044	0.6666568152118543	0.5890549226887898	0.7750278671742247	0.9140270840062829	0.1739336839683133	0.5738762468783283
312	-49.490867505083436	-12437.749897589212	1.883187727722906	1.3482196771552122	2.294968820071738	1.3876637767216304	1.14227687963044	0.6666568152118543	0.5890549226887898	0.7750278671742247	0.9140270840062829	0.1739336839683133	0.5738762468783283
313	-49.490867505083436	-12387.006626028771	1.883187727722906	1.3482196771552122	2.294968820071738	1.3876637767216304	1.14227687963044	0.6666568152118543	0.5890549226887898	0.7750278671742247	0.9140270840062829	0.1739336839683133	0.5738762468783283
314	-49.316396156573234	-12387.006626028771	1.883187727722906	1.3482196771552122	2.294968820071738	1.3876637767216304	1.14227687963044	0.6666568152118543	0.5890549226887898	0.7750278671742247	0.9140270840062829	0.1739336839683133	0.4544028456311492
315	-49.316396156573234	-12387.006626028771	1.883187727722906	1.3482196771552122	2.294968820071738	1.3876637767216304	1.14227687963044	0.6666568152118543	0.5890549226887898	0.7750278671742247	0.9140270840062829	0.1739336839683133	0.4544028456311492
316	-49.48980442103463	-12383.280793874039	1.883187727722906	1.3482196771552122	2.294968820071738	1.3876637767216304	1.14227687963044	0.6666568152118543	0.5890549226887898	0.7750278671742247	0.9140270840062829	0.1739336839683133	0.4544028456311492
317	-49.48980442103463	-12383.280793874039	1.883187727722906	1.3482196771552122	2.294968820071738	1.3876637767216304	1.14227687963044	0.6666568152118543	0.5890549226887898	0.7750278671742247	0.9140270840062829	0.1739336839683133	0.4544028456311492
318	-48.45586189864785	-12384.83962781917	1.883187727722906	1.3482196771552122	2.294968820071738	1.3876637767216304	1.14227687963044	0.6666568152118543	0.5890549226887898	0.7750278671742247	0.9140270840062829	0.1739336839683133	0.4544028456311492
319	-48.45586189864785	-12384.83962781917	1.883187727722906	1.3482196771552122	2.294968820071738	1.3876637767216304	1.14227687963044	0.6666568152118543	0.5890549226887898	0.7750278671742247	0.9140270840062829	0.1739336839683133	0.4544028456311492
320	-48.43880149530645	-12383.027502171495	1.883187727722906	1.3482196771552122	2.294968820071738	1.3876637767216304	1.14227687963044	0.6666568152118543	0.5890549226887898	0.7750278671742247	0.9140270840062829	0.1739336839683133	0.4544028456311492
321	-48.43880149530645	-12383.027502171495	1.883187727722906	1.3482196771552122	2.294968820071738	1.3876637767216304	1.14227687963044	0.6666568152118543	0.5890549226887898	0.7750278671742247	0.9140270840062829	0.1739336839683133	0.4544028456311492
322	-48.43880149530645	-12383.027502171495	1.883187727722906	1.3482196771552122	2.294968820071738	1.3876637767216304	1.14227687963044	0.6666568152118543	0.5890549226887898	0.7750278671742247	0.9140270840062829	0.1739336839683133	0.4544028456311492
323	-48.4367878665815	-12377.857449546864	1.883187727722906	1.3482196771552122	2.294968820071738	1.3876637767216304	1.14227687963044	0.6666568152118543	0.5890549226887898	0.7750278671742247	0.9140270840062829	0.1739336839683133	0.4544028456311492
324	-48.08528166254031	-12341.094439080549	1.883187727722906	1.3482196771552122	2.294968820071738	1.3876637767216304	1.14227687963044	0.6666568152118543	0.5890549226887898	0.7750278671742247	0.9140270840062829	0.1739336839683133	0.4544028456311492
325	-48.08528166254031	-12341.094439080549	1.883187727722906	1.3482196771552122	2.294968820071738	1.3876637767216304	1.14227687963044	0.6666568152118543	0.5890549226887898	0.7750278671742247	0.9140270840062829	0.1739336839683133	0.4544028456311492
326	-48.08528166254031	-12341.094439080549	1.883187727722906	1.3482196771552122	2.294968820071738	1.3876637767216304	1.14227687963044	0.6666568152118543	0.5890549226887898	0.7750278671742247	0.9140270840062829	0.1739336839683133	0.4544028456311492
327	-48.08528166254031	-12341.094439080549	1.883187727722906	1.3482196771552122	2.294968820071738	1.3876637767216304	1.14227687963044	0.6666568152118543	0.5890549226887898	0.7750278671742247	0.9140270840062829	0.1739336839683133	0.4544028456311492
328	-47.882930433529545	-12221.813082659779	1.883187727722906	1.3482196771552122	2.294968820071738	1.3876637767216304	1.14227687963044	0.6666568152118543	0.5890549226887898	0.7750278671742247	0.9140270840062829	0.1739336839683133	0.4544028456311492
329	-47.882930433529545	-12221.813082659779	1.883187727722906	1.3482196771552122	2.294968820071738	1.3876637767216304	1.14227687963044	0.6666568152118543	0.5890549226887898	0.7750278671742247	0.9140270840062829	0.1739336839683133	0.4544028456311492
330	-47.882930433529545	-12221.431142797492	1.883187727722906	1.3482196771552122	2.294968820071738	1.3876637767216304	1.14227687963044	0.6666568152118543	0.5890549226887898	0.7750278671742247	0.9140270840062829	0.1739336839683133	0.4544028456311492
331	-47.882930433529545	-12221.431142797492	1.883187727722906	1.3482196771552122	2.294968820071738	1.3876637767216304	1.14227687963044	0.6666568152118543	0.5890549226887898	0.7750278671742247	0.9140270840062829	0.1739336839683133	0.4544028456311492
332	-47.882930433529545	-12221.431142797492	1.883187727722906	1.3482196771552122	2.294968820071738	1.3876637767216304	1.14227687963044	0.6666568152118543	0.5890549226887898	0.7750278671742247	0.9140270840062829	0.1739336839683133	0.4544028456311492
333	-47.37596591195769	-12210.467653957894	1.883187727722906	1.3482196771552122	2.294968820071738	1.3876637767216304	1.14227687963044	0.6666568152118543	0.5890549226887898	0.7750278671742247	0.9140270840062829	0.1739336839683133	0.4544028456311492
334	-47.37596591195769	-12210.467653957894	1.883187727722906	1.3482196771552122	2.294968820071738	1.3876637767216304	1.14227687963044	0.6666568152118543	0.5890549226887898	0.7750278671742247	0.9140270840062829	0.1739336839683133	0.4544028456311492
335	-47.37596591195769	-12210.17970933183	1.883187727722906	1.3482196771552122	2.294968820071738	1.3876637767216304	1.14227687963044	0.6666568152118543	0.5890549226887898	0.7750278671742247	0.9140270840062829	0.1739336839683133	0.4544028456311492
336	-47.37596591195769	-12210.17970933183	1.883187727722906	1.3482196771552122	2.294968820071738	1.3876637767216304	1.14227687963044	0.6666568152118543	0.5890549226887898	0.7750278671742247	0.9140270840062829	0.1739336839683133	0.4544028456311492
337	-47.37596591195769	-12210.17970933183	1.883187727722906	1.3482196771552122	2.294968820071738	1.3876637767216304	1.14227687963044	0.6666568152118543	0.5890549226887898	0.7750278671742247	0.9140270840062829	0.1739336839683133	0.4544028456311492
338	-46.66877570342707	-12131.722348267896	1.883187727722906	1.3482196771552122	2.294968820071738	1.3876637767216304	1.14227687963044	0.6666568152118543	0.5890549226887898	0.7750278671742247	0.9140270840062829	0.1739336839683133	0.4544028456311492
339	-46.66877570342707	-12134.282917483355	1.883187727722906	1.3482196771552122	2.294968820071738	1.3876637767216304	1.14227687963044	0.6666568152118543	0.5890549226887898	0.7750278671742247	0.9140270840062829	0.1739336839683133	0.4544028456311492
340	-46.66877570342707	-12134.282917483355	1.883187727722906	1.3482196771552122	2.294968820071738	1.3876637767216304	1.14227687963044	0.6666568152118543	0.5890549226887898	0.7750278671742247	0.9140270840062829	0.1739336839683133	0.4544028456311492
341	-46.66877570342707	-12134.282917483355	1.883187727722906	1.3482196771552122	2.294968820071738	1.3876637767216304	1.14227687963044	0.6666568152118543	0.5890549226887898	0.7750278671742247	0.9140270840062829	0.1739336839683133	0.4544028456311492
342	-46.66877570342707	-12134.282917483355	1.883187727722906	1.3482196771552122	2.294968820071738	1.3876637767216304	1.14227687963044	0.6666568152118543	0.5890549226887898	0.7750278671742247	0.9140270840062829	0.1739336839683133	0.4544028456311492
343	-46.6741886387974	-12134.282917483355	1.883187727722906	1.3482196771552122	2.294968820071738	1.3876637767216304	1.14227687963044	0.6666568152118543	0.5890549226887898	0.7750278671742247	0.9140270840062829	0.1739336839683133	0.4581363750005112
344	-46.47202875196894	-11990.541527740368	1.883187727722906	1.3482196771552122	2.294968820071738	1.3876637767216304	1.14227687963044	0.6666568152118543	0.5890549226887898	0.7750278671742247	0.9140270840062829	0.1739336839683133	0.4581363750005112
345	-46.47070242902313	-11979.496383779848	1.883187727722906	1.3482196771552122	2.294968820071738	1.3876637767216304	1.14227687963044	0.6666568152118543	0.5890549226887898	0.7750278671742247	0.9140270840062829	0.1739336839683133	0.4581363750005112
346	-46.48331610814551	-11976.62213040951	1.883187727722906	1.3482196771552122	2.294968820071738	1.3876637767216304	1.14227687963044	0.6666568152118543	0.5890549226887898	0.7750278671742247	0.9140270840062829	0.1739336839683133	0.4581363750005112
347	-46.48331610814551	-11976.62213040951	1.883187727722906	1.3482196771552122	2.294968820071738	1.3876637767216304	1.14227687963044	0.6666568152118543	0.5890549226887898	0.7750278671742247	0.9140270840062829	0.1739336839683133	0.4581363750005112
348	-46.57400028879137	-11976.62213040951	1.883187727722906	1.3482196771552122	2.294968820071738	1.3876637767216304	1.14227687963044	0.6828608359071968	0.614935471416696	0.6472833178006805	1.013788715609165	0.19590291370257745	0.4581363750005112
349	-45.09990205091835	-11976.62213040951	2.1824078433433325	1.2674331011317337	1.8343620541062386	1.2977444550646582	0.9362883269633113	0.6828608359071968	0.614935471416696	0.6472833178006805	1.013788715609165	0.19590291370257745	0.4581363750005112
350	-45.09990205091835	-11976.62213040951	2.1824078433433325	1.2674331011317337	1.8343620541062386	1.2977444550646582	0.9362883269633113	0.6828608359071968	0.614935471416696	0.6472833178006805	1.013788715609165	0.19590291370257745	0.4581363750005112
351	-30.64431527546384	-11976.62213040951	2.789113027164528	1.2708608022992798	2.3451736508028147	1.4911204366215416	0.9589380104267043	0.6828608359071968	0.614935471416696	0.6472833178006805	1.013788715609165	0.19590291370257745	0.4581363750005112
352	-30.64431527546384	-11957.29475812876	2.789113027164528	1.2708608022992798	2.3451736508028147	1.4911204366215416	0.9589380104267043	0.6828608359071968	0.614935471416696	0.6472833178006805	1.013788715609165	0.19590291370257745	0.4581363750005112
353	-30.64431527546384	-11957.29475812876	2.789113027164528	1.2708608022992798	2.3451736508028147	1.4911204366215416	0.9589380104267043	0.6828608359071968	0.614935471416696	0.6472833178006805	1.013788715609165	0.19590291370257745	0.4581363750005112
354	-30.64431527546384	-11957.816154114289	2.789113027164528	1.2708608022992798	2.3451736508028147	1.4911204366215416	0.9589380104267043	0.6828608359071968	0.614935471416696	0.6472833178006805	1.013788715609165	0.19590291370257745	0.4581363750005112
355	-30.64431527546384	-11957.816154114289	2.789113027164528	1.2708608022992798	2.3451736508028147	1.4911204366215416	0.9589380104267043	0.6828608359071968	0.614935471416696	0.6472833178006805	1.013788715609165	0.19590291370257745	0.4581363750005112
356	-30.64431527546384	-11958.016586233087	2.789113027164528	1.2708608022992798	2.3451736508028147	1.4911204366215416	0.9589380104267043	0.6828608359071968	0.614935471416696	0.6472833178006805	1.013788715609165	0.19590291370257745	0.4581363750005112
357	-30.64431527546384	-11950.77582292785	2.789113027164528	1.2708608022992798	2.3451736508028147	1.4911204366215416	0.9589380104267043	0.6828608359071968	0.614935471416696	0.6472833178006805	1.013788715609165	0.19590291370257745	0.4581363750005112
358	-30.64431527546384	-11950.77582292785	2.789113027164528	1.2708608022992798	2.3451736508028147	1.4911204366215416	0.9589380104267043	0.6828608359071968	0.614935471416696	0.6472833178006805	1.013788715609165	0.19590291370257745	0.4581363750005112
359	-30.64431527546384	-11950.77582292785	2.789113027164528	1.2708608022992798	2.3451736508028147	1.4911204366215416	0.9589380104267043	0.6828608359071968	0.614935471416696	0.6472833178006805	1.013788715609165	0.19590291370257745	0.4581363750005112
360	-30.669619721847255	-11949.347405614397	2.789113027164528	1.2708608022992798	2.3451736508028147	1.4911204366215416	0.9589380104267043	0.6828608359071968	0.614935471416696	0.6472833178006805	1.013788715609165	0.19590291370257745	0.4581363750005112
361	-30.668227365799126	-11949.519450851594	2.789113027164528	1.2708608022992798	2.3451736508028147	1.4911204366215416	0.9589380104267043	0.6828608359071968	0.614935471416696	0.6472833178006805	1.013788715609165	0.19590291370257745	0.4581363750005112
362	-31.593079377822903	-11948.842305027727	2.789113027164528	1.2708608022992798	2.3451736508028147	1.4911204366215416	0.9589380104267043	0.6828608359071968	0.614935471416696	0.6472833178006805	1.013788715609165	0.19590291370257745	0.4581363750005112
363	-31.593079377822903	-11948.842305027727	2.789113027164528	1.2708608022992798	2.3451736508028147	1.4911204366215416	0.9589380104267043	0.6828608359071968	0.614935471416696	0.6472833178006805	1.013788715609165	0.19590291370257745	0.4581363750005112
364	-31.593079377822903	-11948.842305027727	2.789113027164528	1.2708608022992798	2.3451736508028147	1.4911204366215416	0.9589380104267043	0.6828608359071968	0.614935471416696	0.6472833178006805	1.013788715609165	0.19590291370257745	0.4581363750005112
365	-31.593536146695072	-11948.63698275288	2.789113027164528	1.2708608022992798	2.3451736508028147	1.4911204366215416	0.9589380104267043	0.6828608359071968	0.614935471416696	0.6472833178006805	1.013788715609165	0.19590291370257745	0.4581363750005112
366	-31.593536146695072	-11948.157501838303	2.789113027164528	1.2708608022992798	2.3451736508028147	1.4911204366215416	0.9589380104267043	0.6828608359071968	0.614935471416696	0.6472833178006805	1.013788715609165	0.19590291370257745	0.4581363750005112
367	-31.609393556431257	-11943.993869814018	2.789113027164528	1.2708608022992798	2.3451736508028147	1.4911204366215416	0.9589380104267043	0.6828608359071968	0.614935471416696	0.6472833178006805	1.013788715609165	0.19590291370257745	0.4581363750005112
368	-31.609393556431257	-11943.993869814018	2.789113027164528	1.2708608022992798	2.3451736508028147	1.4911204366215416	0.9589380104267043	0.6828608359071968	0.614935471416696	0.6472833178006805	1.013788715609165	0.19590291370257745	0.4581363750005112
369	-31.609393556431257	-11943.993869814018	2.789113027164528	1.2708608022992798	2.3451736508028147	1.4911204366215416	0.9589380104267043	0.6828608359071968	0.614935471416696	0.6472833178006805	1.013788715609165	0.19590291370257745	0.4581363750005112
370	-31.087471693083288	-11890.809404791107	2.789113027164528	1.2708608022992798	2.3451736508028147	1.4911204366215416	0.9589380104267043	0.6828608359071968	0.614935471416696	0.6472833178006805	1.013788715609165	0.19590291370257745	0.4581363750005112
371	-31.087471693083288	-11890.809404791107	2.789113027164528	1.2708608022992798	2.3451736508028147	1.4911204366215416	0.9589380104267043	0.6828608359071968	0.614935471416696	0.6472833178006805	1.013788715609165	0.19590291370257745	0.4581363750005112
372	-31.121309964875692	-11890.387700434349	2.789113027164528	1.2708608022992798	2.3451736508028147	1.4911204366215416	0.9589380104267043	0.6828608359071968	0.614935471416696	0.6472833178006805	1.013788715609165	0.19590291370257745	0.4581363750005112
373	-31.121309964875692	-11890.387700434349	2.789113027164528	1.2708608022992798	2.3451736508028147	1.4911204366215416	0.9589380104267043	0.6828608359071968	0.614935471416696	0.6472833178006805	1.013788715609165	0.19590291370257745	0.4581363750005112
374	-31.121309964875692	-11890.38091342915	2.789113027164528	1.2708608022992798	2.3451736508028147	1.4911204366215416	0.9589380104267043	0.6828608359071968	0.614935471416696	0.6472833178006805	1.013788715609165	0.19590291370257745	0.4581363750005112
375	-31.121309964875692	-11890.38091342915	2.789113027164528	1.2708608022992798	2.3451736508028147	1.4911204366215416	0.9589380104267043	0.6828608359071968	0.614935471416696	0.6472833178006805	1.013788715609165	0.19590291370257745	0.4581363750005112
376	-31.121309964875692	-11890.38091342915	2.789113027164528	1.2708608022992798	2.3451736508028147	1.4911204366215416	0.9589380104267043	0.6828608359071968	0.614935471416696	0.6472833178006805	1.013788715609165	0.19590291370257745	0.4581363750005112
377	-31.121309964875692	-11890.38091342915	2.789113027164528	1.2708608022992798	2.3451736508028147	1.4911204366215416	0.9589380104267043	0.6828608359071968	0.614935471416696	0.6472833178006805	1.013788715609165	0.19590291370257745	0.4581363750005112
378	-31.306910673311805	-11884.476125732896	2.789113027164528	1.2708608022992798	2.3451736508028147	1.4911204366215416	0.9589380104267043	0.6828608359071968	0.614935471416696	0.6472833178006805	1.013788715609165	0.19590291370257745	0.4581363750005112
379	-31.300713150934143	-11882.076607757304	2.789113027164528	1.2708608022992798	2.3451736508028147	1.4911204366215416	0.9589380104267043	0.6828608359071968	0.614935471416696	0.6472833178006805	1.013788715609165	0.19590291370257745	0.4581363750005112
380	-31.300713150934143	-11882.076607757304	2.789113027164528	1.2708608022992798	2.3451736508028147	1.4911204366215416	0.9589380104267043	0.6828608359071968	0.614935471416696	0.6472833178006805	1.013788715609165	0.19590291370257745	0.4581363750005112
381	-31.300713150934143	-11882.076607757304	2.789113027164528	1.2708608022992798	2.3451736508028147	1.4911204366215416	0.9589380104267043	0.6828608359071968	0.614935471416696	0.6472833178006805	1.013788715609165	0.19590291370257745	0.4581363750005112
382	-31.300713150934143	-11881.762299194588	2.789113027164528	1.2708608022992798	2.3451736508028147	1.4911204366215416	0.9589380104267043	0.6828608359071968	0.614935471416696	0.6472833178006805	1.013788715609165	0.19590291370257745	0.4581363750005112
383	-31.300713150934143	-11881.762299194588	2.789113027164528	1.2708608022992798	2.3451736508028147	1.4911204366215416	0.9589380104267043	0.6828608359071968	0.614935471416696	0.6472833178006805	1.013788715609165	0.19590291370257745	0.4581363750005112
384	-31.300713150934143	-11881.762299194588	2.789113027164528	1.2708608022992798	2.3451736508028147	1.4911204366215416	0.9589380104267043	0.6828608359071968	0.614935471416696	0.6472833178006805	1.013788715609165	0.19590291370257745	0.4581363750005112
385	-31.300713150934143	-11881.762299194588	2.789113027164528	1.2708608022992798	2.3451736508028147	1.4911204366215416	0.9589380104267043	0.6828608359071968	0.614935471416696	0.6472833178006805	1.013788715609165	0.19590291370257745	0.4581363750005112
386	-31.300713150934143	-11881.762299194588	2.789113027164528	1.2708608022992798	2.3451736508028147	1.4911204366215416	0.9589380104267043	0.6828608359071968	0.614935471416696	0.6472833178006805	1.013788715609165	0.19590291370257745	0.4581363750005112
387	-31.300713150934143	-11881.762299194588	2.789113027164528	1.2708608022992798	2.3451736508028147	1.4911204366215416	0.9589380104267043	0.6828608359071968	0.614935471416696	0.6472833178006805	1.013788715609165	0.19590291370257745	0.4581363750005112
388	-31.300713150934143	-11881.762299194588	2.789113027164528	1.2708608022992798	2.3451736508028147	1.4911204366215416	0.9589380104267043	0.6828608359071968	0.614935471416696	0.6472833178006805	1.013788715609165	0.19590291370257745	0.4581363750005112
389	-31.346266741501907	-11876.852686705646	2.789113027164528	1.2708608022992798	2.3451736508028147	1.4911204366215416	0.9589380104267043	0.6828608359071968	0.614935471416696	0.6472833178006805	1.013788715609165	0.19590291370257745	0.4581363750005112
390	-31.346266741501907	-11876.852686705646	2.789113027164528	1.2708608022992798	2.3451736508028147	1.4911204366215416	0.9589380104267043	0.6828608359071968	0.614935471416696	0.6472833178006805	1.013788715609165	0.19590291370257745	0.4581363750005112
391	-31.346266741501907	-11878.624453111039	2.789113027164528	1.2708608022992798	2.3451736508028147	1.4911204366215416	0.9589380104267043	0.6828608359071968	0.614935471416696	0.6472833178006805	1.013788715609165	0.19590291370257745	0.4581363750005112
392	-31.346266741501907	-11878.624453111039	2.789113027164528	1.2708608022992798	2.3451736508028147	1.4911204366215416	0.9589380104267043	0.6828608359071968	0.614935471416696	0.6472833178006805	1.013788715609165	0.19590291370257745	0.4581363750005112
393	-31.345839202098233	-11878.707751005637	2.789113027164528	1.2708608022992798	2.3451736508028147	1.4911204366215416	0.9589380104267043	0.6828608359071968	0.614935471416696	0.6472833178006805	1.013788715609165	0.19590291370257745	0.4581363750005112
394	-30.693214954753614	-11861.361020214657	2.789113027164528	1.2708608022992798	2.3451736508028147	1.4911204366215416	0.9589380104267043	0.6828608359071968	0.614935471416696	0.6472833178006805	1.013788715609165	0.19590291370257745	0.4581363750005112
395	-30.693214954753614	-11859.812671708603	2.789113027164528	1.2708608022992798	2.3451736508028147	1.4911204366215416	0.9589380104267043	0.6828608359071968	0.614935471416696	0.6472833178006805	1.013788715609165	0.19590291370257745	0.4581363750005112
396	-31.31083879115624	-11859.812671708603	2.789113027164528	1.2708608022992798	2.3451736508028147	1.4911204366215416	0.9589380104267043	0.8734486874495638	0.499020599101365	0.5659522623441092	1.0674154559050064	0.1529006434642004	0.4581363750005112
397	-31.31083879115624	-11859.812671708603	2.789113027164528	1.2708608022992798	2.3451736508028147	1.4911204366215416	0.9589380104267043	0.8734486874495638	0.499020599101365	0.5659522623441092	1.0674154559050064	0.1529006434642004	0.4581363750005112
398	-31.31083879115624	-11856.502361156705	2.789113027164528	1.2708608022992798	2.3451736508028147	1.4911204366215416	0.9589380104267043	0.8734486874495638	0.499020599101365	0.5659522623441092	1.0674154559050064	0.1529006434642004	0.4581363750005112
399	-31.31083879115624	-11856.502361156705	2.789113027164528	1.2708608022992798	2.3451736508028147	1.4911204366215416	0.9589380104267043	0.8734486874495638	0.499020599101365	0.5659522623441092	1.0674154559050064	0.1529006434642004	0.4581363750005112
400	-31.30974683293044	-11855.601218659112	2.789113027164528	1.2708608022992798	2.3451736508028147	1.4911204366215416	0.9589380104267043	0.8734486874495638	0.499020599101365	0.5659522623441092	1.0674154559050064	0.1529006434642004	0.4581363750005112
401	-31.30974683293044	-11855.601218659112	2.789113027164528	1.2708608022992798	2.3451736508028147	1.4911204366215416	0.9589380104267043	0.8734486874495638	0.499020599101365	0.5659522623441092	1.0674154559050064	0.1529006434642004	0.4581363750005112
402	-31.55014557043962	-11845.198010265498	2.789113027164528	1.2708608022992798	2.3451736508028147	1.4911204366215416	0.9589380104267043	0.8734486874495638	0.499020599101365	0.5659522623441092	1.0674154559050064	0.1529006434642004	0.4581363750005112
403	-31.55014557043962	-11781.40806417123	2.789113027164528	1.2708608022992798	2.3451736508028147	1.4911204366215416	0.9589380104267043	0.8734486874495638	0.499020599101365	0.5659522623441092	1.0674154559050064	0.1529006434642004	0.4581363750005112
404	-31.55014557043962	-11781.40806417123	2.789113027164528	1.2708608022992798	2.3451736508028147	1.4911204366215416	0.9589380104267043	0.8734486874495638	0.499020599101365	0.5659522623441092	1.0674154559050064	0.1529006434642004	0.4581363750005112
405	-31.55014557043962	-11781.40806417123	2.789113027164528	1.2708608022992798	2.3451736508028147	1.4911204366215416	0.9589380104267043	0.8734486874495638	0.499020599101365	0.5659522623441092	1.0674154559050064	0.1529006434642004	0.4581363750005112
406	-31.55253666972605	-11780.74808579559	2.789113027164528	1.2708608022992798	2.3451736508028147	1.4911204366215416	0.9589380104267043	0.8734486874495638	0.499020599101365	0.5659522623441092	1.0674154559050064	0.1529006434642004	0.4581363750005112
407	-31.55253666972605	-11780.74808579559	2.789113027164528	1.2708608022992798	2.3451736508028147	1.4911204366215416	0.9589380104267043	0.8734486874495638	0.499020599101365	0.5659522623441092	1.0674154559050064	0.1529006434642004	0.4581363750005112
408	-30.839150122664147	-11771.35381162857	2.789113027164528	1.2708608022992798	2.3451736508028147	1.4911204366215416	0.9589380104267043	0.8734486874495638	0.499020599101365	0.5659522623441092	1.0674154559050064	0.1529006434642004	0.4581363750005112
409	-30.695960588554204	-11771.35381162857	2.789113027164528	1.2708608022992798	2.3451736508028147	1.4911204366215416	0.9589380104267043	0.8734486874495638	0.499020599101365	0.5659522623441092	1.0674154559050064	0.1529006434642004	0.38971184954507754
410	-30.695960588554204	-11771.35381162857	2.789113027164528	1.2708608022992798	2.3451736508028147	1.4911204366215416	0.9589380104267043	0.8734486874495638	0.499020599101365	0.5659522623441092	1.0674154559050064	0.1529006434642004	0.38971184954507754
411	-30.235859962541085	-11767.805783081483	2.789113027164528	1.2708608022992798	2.3451736508028147	1.4911204366215416	0.9589380104267043	0.8734486874495638	0.499020599101365	0.5659522623441092	1.0674154559050064	0.1529006434642004	0.38971184954507754
412	-30.235859962541085	-11767.805783081483	2.789113027164528	1.2708608022992798	2.3451736508028147	1.4911204366215416	0.9589380104267043	0.8734486874495638	0.499020599101365	0.5659522623441092	1.0674154559050064	0.1529006434642004	0.38971184954507754
413	-30.24697556472836	-11768.122331944161	2.789113027164528	1.2708608022992798	2.3451736508028147	1.4911204366215416	0.9589380104267043	0.8734486874495638	0.499020599101365	0.5659522623441092	1.0674154559050064	0.1529006434642004	0.38971184954507754
414	-30.24697556472836	-11768.122331944161	2.789113027164528	1.2708608022992798	2.3451736508028147	1.4911204366215416	0.9589380104267043	0.8734486874495638	0.499020599101365	0.5659522623441092	1.0674154559050064	0.1529006434642004	0.38971184954507754
415	-30.24697556472836	-11768.122331944161	2.789113027164528	1.2708608022992798	2.3451736508028147	1.4911204366215416	0.9589380104267043	0.8734486874495638	0.499020599101365	0.5659522623441092	1.0674154559050064	0.1529006434642004	0.38971184954507754
416	-30.24697556472836	-11768.122331944161	2.789113027164528	1.2708608022992798	2.3451736508028147	1.4911204366215416	0.9589380104267043	0.8734486874495638	0.499020599101365	0.5659522623441092	1.0674154559050064	0.1529006434642004	0.38971184954507754
417	-30.273326377588305	-11756.271955003112	2.789113027164528	1.2708608022992798	2.3451736508028147	1.4911204366215416	0.9589380104267043	0.8734486874495638	0.499020599101365	0.5659522623441092	1.0674154559050064	0.1529006434642004	0.38971184954507754
418	-30.273326377588305	-11756.271955003112	2.789113027164528	1.2708608022992798	2.3451736508028147	1.4911204366215416	0.9589380104267043	0.8734486874495638	0.499020599101365	0.5659522623441092	1.0674154559050064	0.1529006434642004	0.38971184954507754
419	-30.273326377588305	-11756.271955003112	2.789113027164528	1.2708608022992798	2.3451736508028147	1.4911204366215416	0.9589380104267043	0.8734486874495638	0.499020599101365	0.5659522623441092	1.0674154559050064	0.1529006434642004	0.38971184954507754
420	-30.273326377588305	-11756.271955003112	2.789113027164528	1.2708608022992798	2.3451736508028147	1.4911204366215416	0.9589380104267043	0.8734486874495638	0.499020599101365	0.5659522623441092	1.0674154559050064	0.1529006434642004	0.38971184954507754
421	-30.21377609051495	-11756.271955003112	2.789113027164528	1.2708608022992798	2.3451736508028147	1.4911204366215416	0.9589380104267043	0.8734486874495638	0.499020599101365	0.5659522623441092	1.0674154559050064	0.1529006434642004	0.36090363563987626
422	-30.21377609051495	-11753.580027149783	2.789113027164528	1.2708608022992798	2.3451736508028147	1.4911204366215416	0.9589380104267043	0.8734486874495638	0.499020599101365	0.5659522623441092	1.0674154559050064	0.1529006434642004	0.36090363563987626
423	-30.21377609051495	-11753.580027149783	2.789113027164528	1.2708608022992798	2.3451736508028147	1.4911204366215416	0.9589380104267043	0.8734486874495638	0.499020599101365	0.5659522623441092	1.0674154559050064	0.1529006434642004	0.36090363563987626
424	-30.21377609051495	-11752.017550990879	2.789113027164528	1.2708608022992798	2.3451736508028147	1.4911204366215416	0.9589380104267043	0.8734486874495638	0.499020599101365	0.5659522623441092	1.0674154559050064	0.1529006434642004	0.36090363563987626
425	-30.21377609051495	-11744.359978905097	2.789113027164528	1.2708608022992798	2.3451736508028147	1.4911204366215416	0.9589380104267043	0.8734486874495638	0.499020599101365	0.5659522623441092	1.0674154559050064	0.1529006434642004	0.36090363563987626
426	-30.21377609051495	-11744.359978905097	2.789113027164528	1.2708608022992798	2.3451736508028147	1.4911204366215416	0.9589380104267043	0.8734486874495638	0.499020599101365	0.5659522623441092	1.0674154559050064	0.1529006434642004	0.36090363563987626
427	-30.21377609051495	-11744.359978905097	2.789113027164528	1.2708608022992798	2.3451736508028147	1.4911204366215416	0.9589380104267043	0.8734486874495638	0.499020599101365	0.5659522623441092	1.0674154559050064	0.1529006434642004	0.36090363563987626
428	-30.21377609051495	-11744.359978905097	2.789113027164528	1.2708608022992798	2.3451736508028147	1.4911204366215416	0.9589380104267043	0.8734486874495638	0.499020599101365	0.5659522623441092	1.0674154559050064	0.1529006434642004	0.36090363563987626
429	-30.404172303980925	-11682.302762685877	2.789113027164528	1.2708608022992798	2.3451736508028147	1.4911204366215416	0.9589380104267043	0.8734486874495638	0.499020599101365	0.5659522623441092	1.0674154559050064	0.1529006434642004	0.36090363563987626
430	-30.404172303980925	-11682.302762685877	2.789113027164528	1.2708608022992798	2.3451736508028147	1.4911204366215416	0.9589380104267043	0.8734486874495638	0.499020599101365	0.5659522623441092	1.0674154559050064	0.1529006434642004	0.36090363563987626
431	-30.404172303980925	-11673.159592856944	2.789113027164528	1.2708608022992798	2.3451736508028147	1.4911204366215416	0.9589380104267043	0.8734486874495638	0.499020599101365	0.5659522623441092	1.0674154559050064	0.1529006434642004	0.36090363563987626
432	-30.404172303980925	-11602.92688606665	2.789113027164528	1.2708608022992798	2.3451736508028147	1.4911204366215416	0.9589380104267043	0.8734486874495638	0.499020599101365	0.5659522623441092	1.0674154559050064	0.1529006434642004	0.36090363563987626
433	-30.404172303980925	-11602.92688606665	2.789113027164528	1.2708608022992798	2.3451736508028147	1.4911204366215416	0.9589380104267043	0.8734486874495638	0.499020599101365	0.5659522623441092	1.0674154559050064	0.1529006434642004	0.36090363563987626
434	-30.404172303980925	-11602.92688606665	2.789113027164528	1.2708608022992798	2.3451736508028147	1.4911204366215416	0.9589380104267043	0.8734486874495638	0.499020599101365	0.5659522623441092	1.0674154559050064	0.1529006434642004	0.36090363563987626
435	-30.404172303980925	-11602.92688606665	2.789113027164528	1.2708608022992798	2.3451736508028147	1.4911204366215416	0.9589380104267043	0.8734486874495638	0.499020599101365	0.5659522623441092	1.0674154559050064	0.1529006434642004	0.36090363563987626
436	-30.404172303980925	-11602.92688606665	2.789113027164528	1.2708608022992798	2.3451736508028147	1.4911204366215416	0.9589380104267043	0.8734486874495638	0.499020599101365	0.5659522623441092	1.0674154559050064	0.1529006434642004	0.36090363563987626
437	-30.404172303980925	-11602.92688606665	2.789113027164528	1.2708608022992798	2.3451736508028147	1.4911204366215416	0.9589380104267043	0.8734486874495638	0.499020599101365	0.5659522623441092	1.0674154559050064	0.1529006434642004	0.36090363563987626
438	-30.221382811064778	-11598.298386625176	2.789113027164528	1.2708608022992798	2.3451736508028147	1.4911204366215416	0.9589380104267043	0.8734486874495638	0.499020599101365	0.5659522623441092	1.0674154559050064	0.1529006434642004	0.36090363563987626
439	-30.221382811064778	-11598.298386625176	2.789113027164528	1.2708608022992798	2.3451736508028147	1.4911204366215416	0.9589380104267043	0.8734486874495638	0.499020599101365	0.5659522623441092	1.0674154559050064	0.1529006434642004	0.36090363563987626
440	-30.221382811064778	-11598.298386625176	2.789113027164528	1.2708608022992798	2.3451736508028147	1.4911204366215416	0.9589380104267043	0.8734486874495638	0.499020599101365	0.5659522623441092	1.0674154559050064	0.1529006434642004	0.36090363563987626
441	-18.38639321488488	-11598.298386625176	3.435267770671777	1.1984274006952267	3.032173316915076	1.4474844930332151	1.1026224116506065	0.8734486874495638	0.499020599101365	0.5659522623441092	1.0674154559050064	0.1529006434642004	0.36090363563987626
442	-18.38639321488488	-11598.298386625176	3.435267770671777	1.1984274006952267	3.032173316915076	1.4474844930332151	1.1026224116506065	0.8734486874495638	0.499020599101365	0.5659522623441092	1.0674154559050064	0.1529006434642004	0.36090363563987626
443	-18.383238210928475	-11598.298386625176	3.435267770671777	1.1984274006952267	3.032173316915076	1.4474844930332151	1.1026224116506065	0.8734486874495638	0.499020599101365	0.5659522623441092	1.0674154559050064	0.1529006434642004	0.3597375697206152
444	-18.383238210928475	-11598.298386625176	3.435267770671777	1.1984274006952267	3.032173316915076	1.4474844930332151	1.1026224116506065	0.8734486874495638	0.499020599101365	0.5659522623441092	1.0674154559050064	0.1529006434642004	0.3597375697206152
445	-18.383238210928475	-11598.298386625176	3.435267770671777	1.1984274006952267	3.032173316915076	1.4474844930332151	1.1026224116506065	0.8734486874495638	0.499020599101365	0.5659522623441092	1.0674154559050064	0.1529006434642004	0.3597375697206152
446	-18.383238210928475	-11597.961668994754	3.435267770671777	1.1984274006952267	3.032173316915076	1.4474844930332151	1.1026224116506065	0.8734486874495638	0.499020599101365	0.5659522623441092	1.0674154559050064	0.1529006434642004	0.3597375697206152
447	-18.384978104982032	-11598.810137833658	3.435267770671777	1.1984274006952267	3.032173316915076	1.4474844930332151	1.1026224116506065	0.8734486874495638	0.499020599101365	0.5659522623441092	1.0674154559050064	0.1529006434642004	0.3597375697206152
448	-18.384978104982032	-11599.264234521357	3.435267770671777	1.1984274006952267	3.032173316915076	1.4474844930332151	1.1026224116506065	0.8734486874495638	0.499020599101365	0.5659522623441092	1.0674154559050064	0.1529006434642004	0.3597375697206152
449	-18.384978104982032	-11599.264234521357	3.435267770671777	1.1984274006952267	3.032173316915076	1.4474844930332151	1.1026224116506065	0.8734486874495638	0.499020599101365	0.5659522623441092	1.0674154559050064	0.1529006434642004	0.3597375697206152
450	-18.382230302814015	-11597.366569411668	3.435267770671777	1.1984274006952267	3.032173316915076	1.4474844930332151	1.1026224116506065	0.8734486874495638	0.499020599101365	0.5659522623441092	1.0674154559050064	0.1529006434642004	0.3597375697206152
451	-18.161000380724776	-11603.710658032574	3.435267770671777	1.1984274006952267	3.032173316915076	1.4474844930332151	1.1026224116506065	0.8734486874495638	0.499020599101365	0.5659522623441092	1.0674154559050064	0.1529006434642004	0.3597375697206152
452	-18.161000380724776	-11603.710658032574	3.435267770671777	1.1984274006952267	3.032173316915076	1.4474844930332151	1.1026224116506065	0.8734486874495638	0.499020599101365	0.5659522623441092	1.0674154559050064	0.1529006434642004	0.3597375697206152
453	-18.161000380724776	-11603.710658032574	3.435267770671777	1.1984274006952267	3.032173316915076	1.4474844930332151	1.1026224116506065	0.8734486874495638	0.499020599101365	0.5659522623441092	1.0674154559050064	0.1529006434642004	0.3597375697206152
454	-18.161000380724776	-11603.710658032574	3.435267770671777	1.1984274006952267	3.032173316915076	1.4474844930332151	1.1026224116506065	0.8734486874495638	0.499020599101365	0.5659522623441092	1.0674154559050064	0.1529006434642004	0.3597375697206152
455	-18.161000380724776	-11603.710658032574	3.435267770671777	1.1984274006952267	3.032173316915076	1.4474844930332151	1.1026224116506065	0.8734486874495638	0.499020599101365	0.5659522623441092	1.0674154559050064	0.1529006434642004	0.3597375697206152
456	-18.161000380724776	-11603.710658032574	3.435267770671777	1.1984274006952267	3.032173316915076	1.4474844930332151	1.1026224116506065	0.8734486874495638	0.499020599101365	0.5659522623441092	1.0674154559050064	0.1529006434642004	0.3597375697206152
457	-18.846144593678126	-11603.710658032574	3.435267770671777	1.1984274006952267	3.032173316915076	1.4474844930332151	1.1026224116506065	1.0541071201408918	0.5246436514093218	0.4398945402806952	1.3550765043683903	0.16963302396076804	0.3597375697206152
458	-18.846144593678126	-11603.710658032574	3.435267770671777	1.1984274006952267	3.032173316915076	1.4474844930332151	1.1026224116506065	1.0541071201408918	0.5246436514093218	0.4398945402806952	1.3550765043683903	0.16963302396076804	0.3597375697206152
459	-18.846144593678126	-11603.710658032574	3.435267770671777	1.1984274006952267	3.032173316915076	1.4474844930332151	1.1026224116506065	1.0541071201408918	0.5246436514093218	0.4398945402806952	1.3550765043683903	0.16963302396076804	0.3597375697206152
460	-18.846144593678126	-11603.710658032574	3.435267770671777	1.1984274006952267	3.032173316915076	1.4474844930332151	1.1026224116506065	1.0541071201408918	0.5246436514093218	0.4398945402806952	1.3550765043683903	0.16963302396076804	0.3597375697206152
461	-18.958988342214475	-11579.580909418763	3.435267770671777	1.1984274006952267	3.032173316915076	1.4474844930332151	1.1026224116506065	1.0541071201408918	0.5246436514093218	0.4398945402806952	1.3550765043683903	0.16963302396076804	0.3597375697206152
462	-18.958988342214475	-11579.580909418763	3.435267770671777	1.1984274006952267	3.032173316915076	1.4474844930332151	1.1026224116506065	1.0541071201408918	0.5246436514093218	0.4398945402806952	1.3550765043683903	0.16963302396076804	0.3597375697206152
463	-18.958988342214475	-11579.580909418763	3.435267770671777	1.1984274006952267	3.032173316915076	1.4474844930332151	1.1026224116506065	1.0541071201408918	0.5246436514093218	0.4398945402806952	1.3550765043683903	0.16963302396076804	0.3597375697206152
464	-18.958988342214475	-11572.564879571933	3.435267770671777	1.1984274006952267	3.032173316915076	1.4474844930332151	1.1026224116506065	1.0541071201408918	0.5246436514093218	0.4398945402806952	1.3550765043683903	0.16963302396076804	0.3597375697206152
465	-18.958988342214475	-11572.564879571933	3.435267770671777	1.1984274006952267	3.032173316915076	1.4474844930332151	1.1026224116506065	1.0541071201408918	0.5246436514093218	0.4398945402806952	1.3550765043683903	0.16963302396076804	0.3597375697206152
466	-18.958988342214475	-11568.20083009417	3.435267770671777	1.1984274006952267	3.032173316915076	1.4474844930332151	1.1026224116506065	1.0541071201408918	0.5246436514093218	0.4398945402806952	1.3550765043683903	0.16963302396076804	0.3597375697206152
467	-18.958988342214475	-11565.03725224946	3.435267770671777	1.1984274006952267	3.032173316915076	1.4474844930332151	1.1026224116506065	1.0541071201408918	0.5246436514093218	0.4398945402806952	1.3550765043683903	0.16963302396076804	0.3597375697206152
468	-8.752340238583193	-11565.03725224946	4.091889028358859	1.0052762819886765	3.5898754319061736	1.650342702716302	1.2679362297087535	1.0541071201408918	0.5246436514093218	0.4398945402806952	1.3550765043683903	0.16963302396076804	0.3597375697206152
469	-8.752340238583193	-11565.03725224946	4.091889028358859	1.0052762819886765	3.5898754319061736	1.650342702716302	1.2679362297087535	1.0541071201408918	0.5246436514093218	0.4398945402806952	1.3550765043683903	0.16963302396076804	0.3597375697206152
470	-8.752340238583193	-11565.03725224946	4.091889028358859	1.0052762819886765	3.5898754319061736	1.650342702716302	1.2679362297087535	1.0541071201408918	0.5246436514093218	0.4398945402806952	1.3550765043683903	0.16963302396076804	0.3597375697206152
471	-8.752340238583193	-11565.03725224946	4.091889028358859	1.0052762819886765	3.5898754319061736	1.650342702716302	1.2679362297087535	1.0541071201408918	0.5246436514093218	0.4398945402806952	1.3550765043683903	0.16963302396076804	0.3597375697206152
472	-8.752340238583193	-11565.03725224946	4.091889028358859	1.0052762819886765	3.5898754319061736	1.650342702716302	1.2679362297087535	1.0541071201408918	0.5246436514093218	0.4398945402806952	1.3550765043683903	0.16963302396076804	0.3597375697206152
473	-8.752340238583193	-11547.162909904293	4.091889028358859	1.0052762819886765	3.5898754319061736	1.650342702716302	1.2679362297087535	1.0541071201408918	0.5246436514093218	0.4398945402806952	1.3550765043683903	0.16963302396076804	0.3597375697206152
474	-8.752340238583193	-11547.162909904293	4.091889028358859	1.0052762819886765	3.5898754319061736	1.650342702716302	1.2679362297087535	1.0541071201408918	0.5246436514093218	0.4398945402806952	1.3550765043683903	0.16963302396076804	0.3597375697206152
475	-8.752340238583193	-11547.440888559138	4.091889028358859	1.0052762819886765	3.5898754319061736	1.650342702716302	1.2679362297087535	1.0541071201408918	0.5246436514093218	0.4398945402806952	1.3550765043683903	0.16963302396076804	0.3597375697206152
476	-7.952055800466075	-11515.540521634144	4.091889028358859	1.0052762819886765	3.5898754319061736	1.650342702716302	1.2679362297087535	1.0541071201408918	0.5246436514093218	0.4398945402806952	1.3550765043683903	0.16963302396076804	0.3597375697206152
477	-7.952055800466075	-11515.540521634144	4.091889028358859	1.0052762819886765	3.5898754319061736	1.650342702716302	1.2679362297087535	1.0541071201408918	0.5246436514093218	0.4398945402806952	1.3550765043683903	0.16963302396076804	0.3597375697206152
478	-7.952055800466075	-11515.540521634144	4.091889028358859	1.0052762819886765	3.5898754319061736	1.650342702716302	1.2679362297087535	1.0541071201408918	0.5246436514093218	0.4398945402806952	1.3550765043683903	0.16963302396076804	0.3597375697206152
479	-9.01670509099699	-11447.674640033885	4.091889028358859	1.0052762819886765	3.5898754319061736	1.650342702716302	1.2679362297087535	1.0541071201408918	0.5246436514093218	0.4398945402806952	1.3550765043683903	0.16963302396076804	0.3597375697206152
480	-9.01670509099699	-11447.674640033885	4.091889028358859	1.0052762819886765	3.5898754319061736	1.650342702716302	1.2679362297087535	1.0541071201408918	0.5246436514093218	0.4398945402806952	1.3550765043683903	0.16963302396076804	0.3597375697206152
481	-9.252567482094562	-11447.674640033885	4.091889028358859	1.0052762819886765	3.5898754319061736	1.650342702716302	1.2679362297087535	1.1941964289823903	0.3985025775734088	0.3425274664010194	1.2354469695942056	0.2131347316006437	0.3597375697206152
482	-9.252567482094562	-11447.674640033885	4.091889028358859	1.0052762819886765	3.5898754319061736	1.650342702716302	1.2679362297087535	1.1941964289823903	0.3985025775734088	0.3425274664010194	1.2354469695942056	0.2131347316006437	0.3597375697206152
483	-9.399303236745244	-11436.207588778138	4.091889028358859	1.0052762819886765	3.5898754319061736	1.650342702716302	1.2679362297087535	1.1941964289823903	0.3985025775734088	0.3425274664010194	1.2354469695942056	0.2131347316006437	0.3597375697206152
484	-9.399303236745244	-11436.207588778138	4.091889028358859	1.0052762819886765	3.5898754319061736	1.650342702716302	1.2679362297087535	1.1941964289823903	0.3985025775734088	0.3425274664010194	1.2354469695942056	0.2131347316006437	0.3597375697206152
485	-9.399303236745244	-11436.207588778138	4.091889028358859	1.0052762819886765	3.5898754319061736	1.650342702716302	1.2679362297087535	1.1941964289823903	0.3985025775734088	0.3425274664010194	1.2354469695942056	0.2131347316006437	0.3597375697206152
486	-9.399303236745244	-11436.207588778138	4.091889028358859	1.0052762819886765	3.5898754319061736	1.650342702716302	1.2679362297087535	1.1941964289823903	0.3985025775734088	0.3425274664010194	1.2354469695942056	0.2131347316006437	0.3597375697206152
487	-9.399303236745244	-11436.207588778138	4.091889028358859	1.0052762819886765	3.5898754319061736	1.650342702716302	1.2679362297087535	1.1941964289823903	0.3985025775734088	0.3425274664010194	1.2354469695942056	0.2131347316006437	0.3597375697206152
488	-9.399303236745244	-11436.207588778138	4.091889028358859	1.0052762819886765	3.5898754319061736	1.650342702716302	1.2679362297087535	1.1941964289823903	0.3985025775734088	0.3425274664010194	1.2354469695942056	0.2131347316006437	0.3597375697206152
489	-9.34164527399803	-11433.392258469861	4.091889028358859	1.0052762819886765	3.5898754319061736	1.650342702716302	1.2679362297087535	1.1941964289823903	0.3985025775734088	0.3425274664010194	1.2354469695942056	0.2131347316006437	0.3597375697206152
490	-9.34164527399803	-11433.392258469861	4.091889028358859	1.0052762819886765	3.5898754319061736	1.650342702716302	1.2679362297087535	1.1941964289823903	0.3985025775734088	0.3425274664010194	1.2354469695942056	0.2131347316006437	0.3597375697206152
491	-9.34164527399803	-11433.392258469861	4.091889028358859	1.0052762819886765	3.5898754319061736	1.650342702716302	1.2679362297087535	1.1941964289823903	0.3985025775734088	0.3425274664010194	1.2354469695942056	0.2131347316006437	0.3597375697206152
492	-9.34164527399803	-11431.607381366783	4.091889028358859	1.0052762819886765	3.5898754319061736	1.650342702716302	1.2679362297087535	1.1941964289823903	0.3985025775734088	0.3425274664010194	1.2354469695942056	0.2131347316006437	0.3597375697206152
493	-9.34164527399803	-11431.607381366783	4.091889028358859	1.0052762819886765	3.5898754319061736	1.650342702716302	1.2679362297087535	1.1941964289823903	0.3985025775734088	0.3425274664010194	1.2354469695942056	0.2131347316006437	0.3597375697206152
494	-9.34164527399803	-11431.607381366783	4.091889028358859	1.0052762819886765	3.5898754319061736	1.650342702716302	1.2679362297087535	1.1941964289823903	0.3985025775734088	0.3425274664010194	1.2354469695942056	0.2131347316006437	0.3597375697206152
495	-9.990132485727251	-11431.607381366783	4.091889028358859	1.0052762819886765	3.5898754319061736	1.650342702716302	1.2679362297087535	1.3989686520261295	0.505862071348944	0.41599567689049544	1.1777711812770262	0.28114344888390014	0.3597375697206152
496	-9.270345088582497	-11431.607381366783	4.091889028358859	1.0052762819886765	3.5898754319061736	1.650342702716302	1.2679362297087535	1.1686317436667033	0.4517453673202788	0.33343555817525555	1.1471225987581208	0.2661676399838622	0.3597375697206152
497	-9.400940858167353	-11431.607381366783	4.091889028358859	1.0052762819886765	3.5898754319061736	1.650342702716302	1.2679362297087535	1.1577886854067976	0.45074414397997675	0.3340928065922637	1.3308922752808396	0.35455509422573234	0.3597375697206152
498	-9.463422488463088	-11423.794708019946	4.091889028358859	1.0052762819886765	3.5898754319061736	1.650342702716302	1.2679362297087535	1.1577886854067976	0.45074414397997675	0.3340928065922637	1.3308922752808396	0.35455509422573234	0.3597375697206152
499	-9.463422488463088	-11423.794708019946	4.091889028358859	1.0052762819886765	3.5898754319061736	1.650342702716302	1.2679362297087535	1.1577886854067976	0.45074414397997675	0.3340928065922637	1.3308922752808396	0.35455509422573234	0.3597375697206152
500	-9.569767905679534	-11423.794708019946	4.091889028358859	1.0052762819886765	3.5898754319061736	1.650342702716302	1.2679362297087535	1.1577886854067976	0.45074414397997675	0.3340928065922637	1.3308922752808396	0.35455509422573234	0.3932026237728552
501	-9.569767905679534	-11423.794708019946	4.091889028358859	1.0052762819886765	3.5898754319061736	1.650342702716302	1.2679362297087535	1.1577886854067976	0.45074414397997675	0.3340928065922637	1.3308922752808396	0.35455509422573234	0.3932026237728552
502	-9.569767905679534	-11423.794708019946	4.091889028358859	1.0052762819886765	3.5898754319061736	1.650342702716302	1.2679362297087535	1.1577886854067976	0.45074414397997675	0.3340928065922637	1.3308922752808396	0.35455509422573234	0.3932026237728552
503	-8.039116235916943	-11335.704995881626	4.091889028358859	1.0052762819886765	3.5898754319061736	1.650342702716302	1.2679362297087535	1.1577886854067976	0.45074414397997675	0.3340928065922637	1.3308922752808396	0.35455509422573234	0.3932026237728552
504	-8.039116235916943	-11335.704995881626	4.091889028358859	1.0052762819886765	3.5898754319061736	1.650342702716302	1.2679362297087535	1.1577886854067976	0.45074414397997675	0.3340928065922637	1.3308922752808396	0.35455509422573234	0.3932026237728552
505	-8.039116235916943	-11335.704995881626	4.091889028358859	1.0052762819886765	3.5898754319061736	1.650342702716302	1.2679362297087535	1.1577886854067976	0.45074414397997675	0.3340928065922637	1.3308922752808396	0.35455509422573234	0.3932026237728552
506	-8.039116235916943	-11335.704995881626	4.091889028358859	1.0052762819886765	3.5898754319061736	1.650342702716302	1.2679362297087535	1.1577886854067976	0.45074414397997675	0.3340928065922637	1.3308922752808396	0.35455509422573234	0.3932026237728552
507	-8.039116235916943	-11335.704995881626	4.091889028358859	1.0052762819886765	3.5898754319061736	1.650342702716302	1.2679362297087535	1.1577886854067976	0.45074414397997675	0.3340928065922637	1.3308922752808396	0.35455509422573234	0.3932026237728552
508	-7.774619000085	-11313.091378969206	4.091889028358859	1.0052762819886765	3.5898754319061736	1.650342702716302	1.2679362297087535	1.1577886854067976	0.45074414397997675	0.3340928065922637	1.3308922752808396	0.35455509422573234	0.3932026237728552
509	-9.189535240956818	-11312.682414211658	4.091889028358859	1.0052762819886765	3.5898754319061736	1.650342702716302	1.2679362297087535	1.1577886854067976	0.45074414397997675	0.3340928065922637	1.3308922752808396	0.35455509422573234	0.3932026237728552
510	-9.189535240956818	-11312.682414211658	4.091889028358859	1.0052762819886765	3.5898754319061736	1.650342702716302	1.2679362297087535	1.1577886854067976	0.45074414397997675	0.3340928065922637	1.3308922752808396	0.35455509422573234	0.3932026237728552
511	-8.999642487344492	-11218.942869643144	4.091889028358859	1.0052762819886765	3.5898754319061736	1.650342702716302	1.2679362297087535	1.1577886854067976	0.45074414397997675	0.3340928065922637	1.3308922752808396	0.35455509422573234	0.3932026237728552
512	-8.215681729605599	-11210.038608026185	4.091889028358859	1.0052762819886765	3.5898754319061736	1.650342702716302	1.2679362297087535	1.1577886854067976	0.45074414397997675	0.3340928065922637	1.3308922752808396	0.35455509422573234	0.3932026237728552
513	-8.590246104298426	-11180.157853943763	4.091889028358859	1.0052762819886765	3.5898754319061736	1.650342702716302	1.2679362297087535	1.1577886854067976	0.45074414397997675	0.3340928065922637	1.3308922752808396	0.35455509422573234	0.3932026237728552
514	-8.590246104298426	-11180.157853943763	4.091889028358859	1.0052762819886765	3.5898754319061736	1.650342702716302	1.2679362297087535	1.1577886854067976	0.45074414397997675	0.3340928065922637	1.3308922752808396	0.35455509422573234	0.3932026237728552
515	-8.590246104298426	-11180.157853943763	4.091889028358859	1.0052762819886765	3.5898754319061736	1.650342702716302	1.2679362297087535	1.1577886854067976	0.45074414397997675	0.3340928065922637	1.3308922752808396	0.35455509422573234	0.3932026237728552
516	-8.590246104298426	-11177.484854434186	4.091889028358859	1.0052762819886765	3.5898754319061736	1.650342702716302	1.2679362297087535	1.1577886854067976	0.45074414397997675	0.3340928065922637	1.3308922752808396	0.35455509422573234	0.3932026237728552
517	-9.857141187607246	-11172.938338243048	4.091889028358859	1.0052762819886765	3.5898754319061736	1.650342702716302	1.2679362297087535	1.1577886854067976	0.45074414397997675	0.3340928065922637	1.3308922752808396	0.35455509422573234	0.3932026237728552
518	-9.857141187607246	-11172.227095573156	4.091889028358859	1.0052762819886765	3.5898754319061736	1.650342702716302	1.2679362297087535	1.1577886854067976	0.45074414397997675	0.3340928065922637	1.3308922752808396	0.35455509422573234	0.3932026237728552
519	-9.857141187607246	-11172.227095573156	4.091889028358859	1.0052762819886765	3.5898754319061736	1.650342702716302	1.2679362297087535	1.1577886854067976	0.45074414397997675	0.3340928065922637	1.3308922752808396	0.35455509422573234	0.3932026237728552
520	-9.857141187607246	-11172.227095573156	4.091889028358859	1.0052762819886765	3.5898754319061736	1.650342702716302	1.2679362297087535	1.1577886854067976	0.45074414397997675	0.3340928065922637	1.3308922752808396	0.35455509422573234	0.3932026237728552
521	-9.857141187607246	-11172.227095573156	4.091889028358859	1.0052762819886765	3.5898754319061736	1.650342702716302	1.2679362297087535	1.1577886854067976	0.45074414397997675	0.3340928065922637	1.3308922752808396	0.35455509422573234	0.3932026237728552
522	-9.857141187607246	-11172.227095573156	4.091889028358859	1.0052762819886765	3.5898754319061736	1.650342702716302	1.2679362297087535	1.1577886854067976	0.45074414397997675	0.3340928065922637	1.3308922752808396	0.35455509422573234	0.3932026237728552
523	-9.857141187607246	-11171.481583415492	4.091889028358859	1.0052762819886765	3.5898754319061736	1.650342702716302	1.2679362297087535	1.1577886854067976	0.45074414397997675	0.3340928065922637	1.3308922752808396	0.35455509422573234	0.3932026237728552
524	-9.857141187607246	-11171.481583415492	4.091889028358859	1.0052762819886765	3.5898754319061736	1.650342702716302	1.2679362297087535	1.1577886854067976	0.45074414397997675	0.3340928065922637	1.3308922752808396	0.35455509422573234	0.3932026237728552
525	-9.857141187607246	-11171.481583415492	4.091889028358859	1.0052762819886765	3.5898754319061736	1.650342702716302	1.2679362297087535	1.1577886854067976	0.45074414397997675	0.3340928065922637	1.3308922752808396	0.35455509422573234	0.3932026237728552
526	-9.857141187607246	-11167.108200973682	4.091889028358859	1.0052762819886765	3.5898754319061736	1.650342702716302	1.2679362297087535	1.1577886854067976	0.45074414397997675	0.3340928065922637	1.3308922752808396	0.35455509422573234	0.3932026237728552
527	-9.857141187607246	-11167.108200973682	4.091889028358859	1.0052762819886765	3.5898754319061736	1.650342702716302	1.2679362297087535	1.1577886854067976	0.45074414397997675	0.3340928065922637	1.3308922752808396	0.35455509422573234	0.3932026237728552
528	-9.857141187607246	-11167.108200973682	4.091889028358859	1.0052762819886765	3.5898754319061736	1.650342702716302	1.2679362297087535	1.1577886854067976	0.45074414397997675	0.3340928065922637	1.3308922752808396	0.35455509422573234	0.3932026237728552
529	-9.857141187607246	-11167.108200973682	4.091889028358859	1.0052762819886765	3.5898754319061736	1.650342702716302	1.2679362297087535	1.1577886854067976	0.45074414397997675	0.3340928065922637	1.3308922752808396	0.35455509422573234	0.3932026237728552
530	-9.759406765722352	-11133.800486216129	4.091889028358859	1.0052762819886765	3.5898754319061736	1.650342702716302	1.2679362297087535	1.1577886854067976	0.45074414397997675	0.3340928065922637	1.3308922752808396	0.35455509422573234	0.3932026237728552
531	-9.759406765722352	-11133.800486216129	4.091889028358859	1.0052762819886765	3.5898754319061736	1.650342702716302	1.2679362297087535	1.1577886854067976	0.45074414397997675	0.3340928065922637	1.3308922752808396	0.35455509422573234	0.3932026237728552
532	-9.759406765722352	-11133.800486216129	4.091889028358859	1.0052762819886765	3.5898754319061736	1.650342702716302	1.2679362297087535	1.1577886854067976	0.45074414397997675	0.3340928065922637	1.3308922752808396	0.35455509422573234	0.3932026237728552
533	-9.759406765722352	-11133.800486216129	4.091889028358859	1.0052762819886765	3.5898754319061736	1.650342702716302	1.2679362297087535	1.1577886854067976	0.45074414397997675	0.3340928065922637	1.3308922752808396	0.35455509422573234	0.3932026237728552
534	-9.759406765722352	-11133.800486216129	4.091889028358859	1.0052762819886765	3.5898754319061736	1.650342702716302	1.2679362297087535	1.1577886854067976	0.45074414397997675	0.3340928065922637	1.3308922752808396	0.35455509422573234	0.3932026237728552
535	-9.759406765722352	-11133.800486216129	4.091889028358859	1.0052762819886765	3.5898754319061736	1.650342702716302	1.2679362297087535	1.1577886854067976	0.45074414397997675	0.3340928065922637	1.3308922752808396	0.35455509422573234	0.3932026237728552
536	-9.759406765722352	-11130.884202811578	4.091889028358859	1.0052762819886765	3.5898754319061736	1.650342702716302	1.2679362297087535	1.1577886854067976	0.45074414397997675	0.3340928065922637	1.3308922752808396	0.35455509422573234	0.3932026237728552
537	-9.759406765722352	-11130.884202811578	4.091889028358859	1.0052762819886765	3.5898754319061736	1.650342702716302	1.2679362297087535	1.1577886854067976	0.45074414397997675	0.3340928065922637	1.3308922752808396	0.35455509422573234	0.3932026237728552
538	-10.170347187304365	-11130.884202811578	4.091889028358859	1.0052762819886765	3.5898754319061736	1.650342702716302	1.2679362297087535	1.3557843111542793	0.5434545681551751	0.349891665430877	1.1270423669137328	0.2835630289715379	0.3932026237728552
539	-10.170347187304365	-11130.884202811578	4.091889028358859	1.0052762819886765	3.5898754319061736	1.650342702716302	1.2679362297087535	1.3557843111542793	0.5434545681551751	0.349891665430877	1.1270423669137328	0.2835630289715379	0.3932026237728552
540	-10.170347187304365	-11129.727704591985	4.091889028358859	1.0052762819886765	3.5898754319061736	1.650342702716302	1.2679362297087535	1.3557843111542793	0.5434545681551751	0.349891665430877	1.1270423669137328	0.2835630289715379	0.3932026237728552
541	-10.170347187304365	-11129.727704591985	4.091889028358859	1.0052762819886765	3.5898754319061736	1.650342702716302	1.2679362297087535	1.3557843111542793	0.5434545681551751	0.349891665430877	1.1270423669137328	0.2835630289715379	0.3932026237728552
542	-11.41880769484343	-11121.885451996723	4.091889028358859	1.0052762819886765	3.5898754319061736	1.650342702716302	1.2679362297087535	1.3557843111542793	0.5434545681551751	0.349891665430877	1.1270423669137328	0.2835630289715379	0.3932026237728552
543	-11.41880769484343	-11121.885451996723	4.091889028358859	1.0052762819886765	3.5898754319061736	1.650342702716302	1.2679362297087535	1.3557843111542793	0.5434545681551751	0.349891665430877	1.1270423669137328	0.2835630289715379	0.3932026237728552
544	-11.41880769484343	-11119.7277795376	4.091889028358859	1.0052762819886765	3.5898754319061736	1.650342702716302	1.2679362297087535	1.3557843111542793	0.5434545681551751	0.349891665430877	1.1270423669137328	0.2835630289715379	0.3932026237728552
545	-11.41880769484343	-11119.7277795376	4.091889028358859	1.0052762819886765	3.5898754319061736	1.650342702716302	1.2679362297087535	1.3557843111542793	0.5434545681551751	0.349891665430877	1.1270423669137328	0.2835630289715379	0.3932026237728552
546	-11.243570899245466	-11119.7277795376	4.091889028358859	1.0052762819886765	3.5898754319061736	1.650342702716302	1.2679362297087535	1.3557843111542793	0.5434545681551751	0.349891665430877	1.1270423669137328	0.2835630289715379	0.33495716738587655
547	-11.243570899245466	-11119.7277795376	4.091889028358859	1.0052762819886765	3.5898754319061736	1.650342702716302	1.2679362297087535	1.3557843111542793	0.5434545681551751	0.349891665430877	1.1270423669137328	0.2835630289715379	0.33495716738587655
548	-11.243570899245466	-11119.7277795376	4.091889028358859	1.0052762819886765	3.5898754319061736	1.650342702716302	1.2679362297087535	1.3557843111542793	0.5434545681551751	0.349891665430877	1.1270423669137328	0.2835630289715379	0.33495716738587655
549	-11.243570899245466	-11119.7277795376	4.091889028358859	1.0052762819886765	3.5898754319061736	1.650342702716302	1.2679362297087535	1.3557843111542793	0.5434545681551751	0.349891665430877	1.1270423669137328	0.2835630289715379	0.33495716738587655
550	-11.243570899245466	-11119.7277795376	4.091889028358859	1.0052762819886765	3.5898754319061736	1.650342702716302	1.2679362297087535	1.3557843111542793	0.5434545681551751	0.349891665430877	1.1270423669137328	0.2835630289715379	0.33495716738587655
551	-11.243570899245466	-11119.7277795376	4.091889028358859	1.0052762819886765	3.5898754319061736	1.650342702716302	1.2679362297087535	1.3557843111542793	0.5434545681551751	0.349891665430877	1.1270423669137328	0.2835630289715379	0.33495716738587655
552	-11.246008823592458	-11120.510444066507	4.091889028358859	1.0052762819886765	3.5898754319061736	1.650342702716302	1.2679362297087535	1.3557843111542793	0.5434545681551751	0.349891665430877	1.1270423669137328	0.2835630289715379	0.33495716738587655
553	-11.246008823592458	-11120.510444066507	4.091889028358859	1.0052762819886765	3.5898754319061736	1.650342702716302	1.2679362297087535	1.3557843111542793	0.5434545681551751	0.349891665430877	1.1270423669137328	0.2835630289715379	0.33495716738587655
554	-11.246008823592458	-11120.510444066507	4.091889028358859	1.0052762819886765	3.5898754319061736	1.650342702716302	1.2679362297087535	1.3557843111542793	0.5434545681551751	0.349891665430877	1.1270423669137328	0.2835630289715379	0.33495716738587655
555	-11.246008823592458	-11120.510444066507	4.091889028358859	1.0052762819886765	3.5898754319061736	1.650342702716302	1.2679362297087535	1.3557843111542793	0.5434545681551751	0.349891665430877	1.1270423669137328	0.2835630289715379	0.33495716738587655
556	-3.9193507459942003	-11120.510444066507	4.9507959458781245	1.0067808219223147	3.439524292314285	1.4985846044944549	1.4454426277202532	1.3557843111542793	0.5434545681551751	0.349891665430877	1.1270423669137328	0.2835630289715379	0.33495716738587655
557	-3.9193507459942003	-11120.60106828821	4.9507959458781245	1.0067808219223147	3.439524292314285	1.4985846044944549	1.4454426277202532	1.3557843111542793	0.5434545681551751	0.349891665430877	1.1270423669137328	0.2835630289715379	0.33495716738587655
558	-3.9193507459942003	-11120.60106828821	4.9507959458781245	1.0067808219223147	3.439524292314285	1.4985846044944549	1.4454426277202532	1.3557843111542793	0.5434545681551751	0.349891665430877	1.1270423669137328	0.2835630289715379	0.33495716738587655
559	-3.9193507459942003	-11120.60106828821	4.9507959458781245	1.0067808219223147	3.439524292314285	1.4985846044944549	1.4454426277202532	1.3557843111542793	0.5434545681551751	0.349891665430877	1.1270423669137328	0.2835630289715379	0.33495716738587655
560	-4.042136549877987	-11110.493023586676	4.9507959458781245	1.0067808219223147	3.439524292314285	1.4985846044944549	1.4454426277202532	1.3557843111542793	0.5434545681551751	0.349891665430877	1.1270423669137328	0.2835630289715379	0.33495716738587655
561	-4.042136549877987	-11110.493023586676	4.9507959458781245	1.0067808219223147	3.439524292314285	1.4985846044944549	1.4454426277202532	1.3557843111542793	0.5434545681551751	0.349891665430877	1.1270423669137328	0.2835630289715379	0.33495716738587655
562	-4.042136549877987	-11107.379291904703	4.9507959458781245	1.0067808219223147	3.439524292314285	1.4985846044944549	1.4454426277202532	1.3557843111542793	0.5434545681551751	0.349891665430877	1.1270423669137328	0.2835630289715379	0.33495716738587655
563	-4.041930589071902	-11104.028348985905	4.9507959458781245	1.0067808219223147	3.439524292314285	1.4985846044944549	1.4454426277202532	1.3557843111542793	0.5434545681551751	0.349891665430877	1.1270423669137328	0.2835630289715379	0.33495716738587655
564	-4.041930589071902	-11104.028348985905	4.9507959458781245	1.0067808219223147	3.439524292314285	1.4985846044944549	1.4454426277202532	1.3557843111542793	0.5434545681551751	0.349891665430877	1.1270423669137328	0.2835630289715379	0.33495716738587655
565	-4.041930589071902	-11104.028348985905	4.9507959458781245	1.0067808219223147	3.439524292314285	1.4985846044944549	1.4454426277202532	1.3557843111542793	0.5434545681551751	0.349891665430877	1.1270423669137328	0.2835630289715379	0.33495716738587655
566	-4.041930589071902	-11101.22676886137	4.9507959458781245	1.0067808219223147	3.439524292314285	1.4985846044944549	1.4454426277202532	1.3557843111542793	0.5434545681551751	0.349891665430877	1.1270423669137328	0.2835630289715379	0.33495716738587655
567	-4.041930589071902	-11101.061582974793	4.9507959458781245	1.0067808219223147	3.439524292314285	1.4985846044944549	1.4454426277202532	1.3557843111542793	0.5434545681551751	0.349891665430877	1.1270423669137328	0.2835630289715379	0.33495716738587655
568	-4.041930589071902	-11101.061582974793	4.9507959458781245	1.0067808219223147	3.439524292314285	1.4985846044944549	1.4454426277202532	1.3557843111542793	0.5434545681551751	0.349891665430877	1.1270423669137328	0.2835630289715379	0.33495716738587655
569	-4.041930589071902	-11101.061582974793	4.9507959458781245	1.0067808219223147	3.439524292314285	1.4985846044944549	1.4454426277202532	1.3557843111542793	0.5434545681551751	0.349891665430877	1.1270423669137328	0.2835630289715379	0.33495716738587655
570	-4.041930589071902	-11101.061582974793	4.9507959458781245	1.0067808219223147	3.439524292314285	1.4985846044944549	1.4454426277202532	1.3557843111542793	0.5434545681551751	0.349891665430877	1.1270423669137328	0.2835630289715379	0.33495716738587655
571	-4.041930589071902	-11101.061582974793	4.9507959458781245	1.0067808219223147	3.439524292314285	1.4985846044944549	1.4454426277202532	1.3557843111542793	0.5434545681551751	0.349891665430877	1.1270423669137328	0.2835630289715379	0.33495716738587655
572	-4.041930589071902	-11101.061582974793	4.9507959458781245	1.0067808219223147	3.439524292314285	1.4985846044944549	1.4454426277202532	1.3557843111542793	0.5434545681551751	0.349891665430877	1.1270423669137328	0.2835630289715379	0.33495716738587655
573	-4.041930589071902	-11101.061582974793	4.9507959458781245	1.0067808219223147	3.439524292314285	1.4985846044944549	1.4454426277202532	1.3557843111542793	0.5434545681551751	0.349891665430877	1.1270423669137328	0.2835630289715379	0.33495716738587655
574	-4.041930589071902	-11101.061582974793	4.9507959458781245	1.0067808219223147	3.439524292314285	1.4985846044944549	1.4454426277202532	1.3557843111542793	0.5434545681551751	0.349891665430877	1.1270423669137328	0.2835630289715379	0.33495716738587655
575	-4.041930589071902	-11101.061582974793	4.9507959458781245	1.0067808219223147	3.439524292314285	1.4985846044944549	1.4454426277202532	1.3557843111542793	0.5434545681551751	0.349891665430877	1.1270423669137328	0.2835630289715379	0.33495716738587655
576	-4.041930589071902	-11101.061582974793	4.9507959458781245	1.0067808219223147	3.439524292314285	1.4985846044944549	1.4454426277202532	1.3557843111542793	0.5434545681551751	0.349891665430877	1.1270423669137328	0.2835630289715379	0.33495716738587655
577	-4.041930589071902	-11101.061582974793	4.9507959458781245	1.0067808219223147	3.439524292314285	1.4985846044944549	1.4454426277202532	1.3557843111542793	0.5434545681551751	0.349891665430877	1.1270423669137328	0.2835630289715379	0.33495716738587655
578	-4.041930589071902	-11101.061582974793	4.9507959458781245	1.0067808219223147	3.439524292314285	1.4985846044944549	1.4454426277202532	1.3557843111542793	0.5434545681551751	0.349891665430877	1.1270423669137328	0.2835630289715379	0.33495716738587655
579	-4.041930589071902	-11101.061582974793	4.9507959458781245	1.0067808219223147	3.439524292314285	1.4985846044944549	1.4454426277202532	1.3557843111542793	0.5434545681551751	0.349891665430877	1.1270423669137328	0.2835630289715379	0.33495716738587655
580	-4.041930589071902	-11101.061582974793	4.9507959458781245	1.0067808219223147	3.439524292314285	1.4985846044944549	1.4454426277202532	1.3557843111542793	0.5434545681551751	0.349891665430877	1.1270423669137328	0.2835630289715379	0.33495716738587655
581	-4.043546526537106	-11101.113699535828	4.9507959458781245	1.0067808219223147	3.439524292314285	1.4985846044944549	1.4454426277202532	1.3557843111542793	0.5434545681551751	0.349891665430877	1.1270423669137328	0.2835630289715379	0.33495716738587655
582	-4.043546526537106	-11101.113699535828	4.9507959458781245	1.0067808219223147	3.439524292314285	1.4985846044944549	1.4454426277202532	1.3557843111542793	0.5434545681551751	0.349891665430877	1.1270423669137328	0.2835630289715379	0.33495716738587655
583	-4.043546526537106	-11093.222805811421	4.9507959458781245	1.0067808219223147	3.439524292314285	1.4985846044944549	1.4454426277202532	1.3557843111542793	0.5434545681551751	0.349891665430877	1.1270423669137328	0.2835630289715379	0.33495716738587655
584	-4.043546526537106	-11093.222805811421	4.9507959458781245	1.0067808219223147	3.439524292314285	1.4985846044944549	1.4454426277202532	1.3557843111542793	0.5434545681551751	0.349891665430877	1.1270423669137328	0.2835630289715379	0.33495716738587655
585	-11.87336506883773	-11075.197816626804	4.9507959458781245	1.0067808219223147	3.439524292314285	1.4985846044944549	1.4454426277202532	1.3557843111542793	0.5434545681551751	0.349891665430877	1.1270423669137328	0.2835630289715379	0.33495716738587655
586	-11.869384227661188	-11074.883370921541	4.9507959458781245	1.0067808219223147	3.439524292314285	1.4985846044944549	1.4454426277202532	1.3557843111542793	0.5434545681551751	0.349891665430877	1.1270423669137328	0.2835630289715379	0.33495716738587655
587	-11.869384227661188	-11072.999234137833	4.9507959458781245	1.0067808219223147	3.439524292314285	1.4985846044944549	1.4454426277202532	1.3557843111542793	0.5434545681551751	0.349891665430877	1.1270423669137328	0.2835630289715379	0.33495716738587655
588	-11.869384227661188	-11072.999234137833	4.9507959458781245	1.0067808219223147	3.439524292314285	1.4985846044944549	1.4454426277202532	1.3557843111542793	0.5434545681551751	0.349891665430877	1.1270423669137328	0.2835630289715379	0.33495716738587655
589	-11.869384227661188	-11072.999234137833	4.9507959458781245	1.0067808219223147	3.439524292314285	1.4985846044944549	1.4454426277202532	1.3557843111542793	0.5434545681551751	0.349891665430877	1.1270423669137328	0.2835630289715379	0.33495716738587655
590	-11.869408880217394	-11073.001697828962	4.9507959458781245	1.0067808219223147	3.439524292314285	1.4985846044944549	1.4454426277202532	1.3557843111542793	0.5434545681551751	0.349891665430877	1.1270423669137328	0.2835630289715379	0.33495716738587655
591	-11.869408880217394	-11073.001697828962	4.9507959458781245	1.0067808219223147	3.439524292314285	1.4985846044944549	1.4454426277202532	1.3557843111542793	0.5434545681551751	0.349891665430877	1.1270423669137328	0.2835630289715379	0.33495716738587655
592	-11.869017029997808	-11072.916807915082	4.9507959458781245	1.0067808219223147	3.439524292314285	1.4985846044944549	1.4454426277202532	1.3557843111542793	0.5434545681551751	0.349891665430877	1.1270423669137328	0.2835630289715379	0.33495716738587655
593	-11.869017029997808	-11072.916807915082	4.9507959458781245	1.0067808219223147	3.439524292314285	1.4985846044944549	1.4454426277202532	1.3557843111542793	0.5434545681551751	0.349891665430877	1.1270423669137328	0.2835630289715379	0.33495716738587655
594	1.2999926421488872	-11072.916807915082	6.158018003438726	1.063055933673496	3.6582075611285743	1.931982941382113	1.6013199390109245	1.3557843111542793	0.5434545681551751	0.349891665430877	1.1270423669137328	0.2835630289715379	0.33495716738587655
595	1.2999926421488872	-11072.916807915082	6.158018003438726	1.063055933673496	3.6582075611285743	1.931982941382113	1.6013199390109245	1.3557843111542793	0.5434545681551751	0.349891665430877	1.1270423669137328	0.2835630289715379	0.33495716738587655
596	1.342964427184766	-11072.916807915082	6.158018003438726	1.063055933673496	3.6582075611285743	1.931982941382113	1.6013199390109245	1.3409427824571996	0.5311513176259293	0.37542921642358984	1.0035833823639224	0.35223515840649466	0.33495716738587655
597	1.342964427184766	-11072.916807915082	6.158018003438726	1.063055933673496	3.6582075611285743	1.931982941382113	1.6013199390109245	1.3409427824571996	0.5311513176259293	0.37542921642358984	1.0035833823639224	0.35223515840649466	0.33495716738587655
598	1.342964427184766	-11072.916807915082	6.158018003438726	1.063055933673496	3.6582075611285743	1.931982941382113	1.6013199390109245	1.3409427824571996	0.5311513176259293	0.37542921642358984	1.0035833823639224	0.35223515840649466	0.33495716738587655
599	1.342964427184766	-11072.916807915082	6.158018003438726	1.063055933673496	3.6582075611285743	1.931982941382113	1.6013199390109245	1.3409427824571996	0.5311513176259293	0.37542921642358984	1.0035833823639224	0.35223515840649466	0.33495716738587655
600	1.34299095016061	-11072.908046900377	6.158018003438726	1.063055933673496	3.6582075611285743	1.931982941382113	1.6013199390109245	1.3409427824571996	0.5311513176259293	0.37542921642358984	1.0035833823639224	0.35223515840649466	0.33495716738587655
601	1.34299095016061	-11072.908046900377	6.158018003438726	1.063055933673496	3.6582075611285743	1.931982941382113	1.6013199390109245	1.3409427824571996	0.5311513176259293	0.37542921642358984	1.0035833823639224	0.35223515840649466	0.33495716738587655
602	1.34299095016061	-11072.741214595837	6.158018003438726	1.063055933673496	3.6582075611285743	1.931982941382113	1.6013199390109245	1.3409427824571996	0.5311513176259293	0.37542921642358984	1.0035833823639224	0.35223515840649466	0.33495716738587655
603	1.34299095016061	-11072.741214595837	6.158018003438726	1.063055933673496	3.6582075611285743	1.931982941382113	1.6013199390109245	1.3409427824571996	0.5311513176259293	0.37542921642358984	1.0035833823639224	0.35223515840649466	0.33495716738587655
604	1.34299095016061	-11072.741214595837	6.158018003438726	1.063055933673496	3.6582075611285743	1.931982941382113	1.6013199390109245	1.3409427824571996	0.5311513176259293	0.37542921642358984	1.0035833823639224	0.35223515840649466	0.33495716738587655
605	1.34299095016061	-11072.741214595837	6.158018003438726	1.063055933673496	3.6582075611285743	1.931982941382113	1.6013199390109245	1.3409427824571996	0.5311513176259293	0.37542921642358984	1.0035833823639224	0.35223515840649466	0.33495716738587655
606	0.13567435111501358	-11069.531639642284	6.158018003438726	1.063055933673496	3.6582075611285743	1.931982941382113	1.6013199390109245	1.3409427824571996	0.5311513176259293	0.37542921642358984	1.0035833823639224	0.35223515840649466	0.33495716738587655
607	0.13567435111501358	-11069.531639642284	6.158018003438726	1.063055933673496	3.6582075611285743	1.931982941382113	1.6013199390109245	1.3409427824571996	0.5311513176259293	0.37542921642358984	1.0035833823639224	0.35223515840649466	0.33495716738587655
608	0.13567435111501358	-11069.531639642284	6.158018003438726	1.063055933673496	3.6582075611285743	1.931982941382113	1.6013199390109245	1.3409427824571996	0.5311513176259293	0.37542921642358984	1.0035833823639224	0.35223515840649466	0.33495716738587655
609	0.13567435111501358	-11069.531639642284	6.158018003438726	1.063055933673496	3.6582075611285743	1.931982941382113	1.6013199390109245	1.3409427824571996	0.5311513176259293	0.37542921642358984	1.0035833823639224	0.35223515840649466	0.33495716738587655
610	0.13567435111501358	-11069.531639642284	6.158018003438726	1.063055933673496	3.6582075611285743	1.931982941382113	1.6013199390109245	1.3409427824571996	0.5311513176259293	0.37542921642358984	1.0035833823639224	0.35223515840649466	0.33495716738587655
611	0.13567435111501358	-11067.41248130619	6.158018003438726	1.063055933673496	3.6582075611285743	1.931982941382113	1.6013199390109245	1.3409427824571996	0.5311513176259293	0.37542921642358984	1.0035833823639224	0.35223515840649466	0.33495716738587655
612	1.0394460311644032	-11059.58155074684	6.158018003438726	1.063055933673496	3.6582075611285743	1.931982941382113	1.6013199390109245	1.3409427824571996	0.5311513176259293	0.37542921642358984	1.0035833823639224	0.35223515840649466	0.33495716738587655
613	1.0605061356918248	-11060.706817454193	6.158018003438726	1.063055933673496	3.6582075611285743	1.931982941382113	1.6013199390109245	1.3409427824571996	0.5311513176259293	0.37542921642358984	1.0035833823639224	0.35223515840649466	0.33495716738587655
614	1.0605061356918248	-11060.706817454193	6.158018003438726	1.063055933673496	3.6582075611285743	1.931982941382113	1.6013199390109245	1.3409427824571996	0.5311513176259293	0.37542921642358984	1.0035833823639224	0.35223515840649466	0.33495716738587655
615	1.0605061356918248	-11060.706817454193	6.158018003438726	1.063055933673496	3.6582075611285743	1.931982941382113	1.6013199390109245	1.3409427824571996	0.5311513176259293	0.37542921642358984	1.0035833823639224	0.35223515840649466	0.33495716738587655
616	1.0605061356918248	-11060.706817454193	6.158018003438726	1.063055933673496	3.6582075611285743	1.931982941382113	1.6013199390109245	1.3409427824571996	0.5311513176259293	0.37542921642358984	1.0035833823639224	0.35223515840649466	0.33495716738587655
617	1.0605061356918248	-11060.706817454193	6.158018003438726	1.063055933673496	3.6582075611285743	1.931982941382113	1.6013199390109245	1.3409427824571996	0.5311513176259293	0.37542921642358984	1.0035833823639224	0.35223515840649466	0.33495716738587655
618	1.0605061356918248	-11060.706817454193	6.158018003438726	1.063055933673496	3.6582075611285743	1.931982941382113	1.6013199390109245	1.3409427824571996	0.5311513176259293	0.37542921642358984	1.0035833823639224	0.35223515840649466	0.33495716738587655
619	1.0690306965816638	-11060.65399623928	6.158018003438726	1.063055933673496	3.6582075611285743	1.931982941382113	1.6013199390109245	1.3409427824571996	0.5311513176259293	0.37542921642358984	1.0035833823639224	0.35223515840649466	0.33495716738587655
620	1.0690306965816638	-11056.276593190145	6.158018003438726	1.063055933673496	3.6582075611285743	1.931982941382113	1.6013199390109245	1.3409427824571996	0.5311513176259293	0.37542921642358984	1.0035833823639224	0.35223515840649466	0.33495716738587655
621	1.0690306965816638	-11056.276593190145	6.158018003438726	1.063055933673496	3.6582075611285743	1.931982941382113	1.6013199390109245	1.3409427824571996	0.5311513176259293	0.37542921642358984	1.0035833823639224	0.35223515840649466	0.33495716738587655
622	1.0657991371148945	-11056.097004603575	6.158018003438726	1.063055933673496	3.6582075611285743	1.931982941382113	1.6013199390109245	1.3409427824571996	0.5311513176259293	0.37542921642358984	1.0035833823639224	0.35223515840649466	0.33495716738587655
623	2.3631005724724643	-11041.629529177035	6.158018003438726	1.063055933673496	3.6582075611285743	1.931982941382113	1.6013199390109245	1.3409427824571996	0.5311513176259293	0.37542921642358984	1.0035833823639224	0.35223515840649466	0.33495716738587655
624	2.3631005724724643	-11041.629529177035	6.158018003438726	1.063055933673496	3.6582075611285743	1.931982941382113	1.6013199390109245	1.3409427824571996	0.5311513176259293	0.37542921642358984	1.0035833823639224	0.35223515840649466	0.33495716738587655
625	2.3631005724724643	-11041.629529177035	6.158018003438726	1.063055933673496	3.6582075611285743	1.931982941382113	1.6013199390109245	1.3409427824571996	0.5311513176259293	0.37542921642358984	1.0035833823639224	0.35223515840649466	0.33495716738587655
626	2.3631005724724643	-11041.629529177035	6.158018003438726	1.063055933673496	3.6582075611285743	1.931982941382113	1.6013199390109245	1.3409427824571996	0.5311513176259293	0.37542921642358984	1.0035833823639224	0.35223515840649466	0.33495716738587655
627	2.3631005724724643	-11041.629529177035	6.158018003438726	1.063055933673496	3.6582075611285743	1.931982941382113	1.6013199390109245	1.3409427824571996	0.5311513176259293	0.37542921642358984	1.0035833823639224	0.35223515840649466	0.33495716738587655
628	2.3631005724724643	-11041.629529177035	6.158018003438726	1.063055933673496	3.6582075611285743	1.931982941382113	1.6013199390109245	1.3409427824571996	0.5311513176259293	0.37542921642358984	1.0035833823639224	0.35223515840649466	0.33495716738587655
629	13.539189379134747	-11041.629529177035	7.387801323181187	1.318843312343874	3.001846328368885	2.359347067461977	2.0938866687914985	1.3409427824571996	0.5311513176259293	0.37542921642358984	1.0035833823639224	0.35223515840649466	0.33495716738587655
630	13.539189379134747	-11041.629529177035	7.387801323181187	1.318843312343874	3.001846328368885	2.359347067461977	2.0938866687914985	1.3409427824571996	0.5311513176259293	0.37542921642358984	1.0035833823639224	0.35223515840649466	0.33495716738587655
631	13.540247070629682	-11041.527011859382	7.387801323181187	1.318843312343874	3.001846328368885	2.359347067461977	2.0938866687914985	1.3409427824571996	0.5311513176259293	0.37542921642358984	1.0035833823639224	0.35223515840649466	0.33495716738587655
632	13.540247070629682	-10989.037110771147	7.387801323181187	1.318843312343874	3.001846328368885	2.359347067461977	2.0938866687914985	1.3409427824571996	0.5311513176259293	0.37542921642358984	1.0035833823639224	0.35223515840649466	0.33495716738587655
633	13.681966568264913	-10989.037110771147	7.387801323181187	1.318843312343874	3.001846328368885	2.359347067461977	2.0938866687914985	1.0621478701556313	0.6767553065081138	0.38534900868633976	1.240344775000148	0.3343946549071608	0.33495716738587655
634	13.619871300313351	-10981.861696469126	7.387801323181187	1.318843312343874	3.001846328368885	2.359347067461977	2.0938866687914985	1.0621478701556313	0.6767553065081138	0.38534900868633976	1.240344775000148	0.3343946549071608	0.33495716738587655
635	13.619871300313351	-10981.861696469126	7.387801323181187	1.318843312343874	3.001846328368885	2.359347067461977	2.0938866687914985	1.0621478701556313	0.6767553065081138	0.38534900868633976	1.240344775000148	0.3343946549071608	0.33495716738587655
636	13.619871300313351	-10981.861696469126	7.387801323181187	1.318843312343874	3.001846328368885	2.359347067461977	2.0938866687914985	1.0621478701556313	0.6767553065081138	0.38534900868633976	1.240344775000148	0.3343946549071608	0.33495716738587655
637	13.619871300313351	-10981.861696469126	7.387801323181187	1.318843312343874	3.001846328368885	2.359347067461977	2.0938866687914985	1.0621478701556313	0.6767553065081138	0.38534900868633976	1.240344775000148	0.3343946549071608	0.33495716738587655
638	13.619871300313351	-10981.861696469126	7.387801323181187	1.318843312343874	3.001846328368885	2.359347067461977	2.0938866687914985	1.0621478701556313	0.6767553065081138	0.38534900868633976	1.240344775000148	0.3343946549071608	0.33495716738587655
639	13.619871300313351	-10981.861696469126	7.387801323181187	1.318843312343874	3.001846328368885	2.359347067461977	2.0938866687914985	1.0621478701556313	0.6767553065081138	0.38534900868633976	1.240344775000148	0.3343946549071608	0.33495716738587655
640	13.619871300313351	-10981.861696469126	7.387801323181187	1.318843312343874	3.001846328368885	2.359347067461977	2.0938866687914985	1.0621478701556313	0.6767553065081138	0.38534900868633976	1.240344775000148	0.3343946549071608	0.33495716738587655
641	13.619871300313351	-10981.861696469126	7.387801323181187	1.318843312343874	3.001846328368885	2.359347067461977	2.0938866687914985	1.0621478701556313	0.6767553065081138	0.38534900868633976	1.240344775000148	0.3343946549071608	0.33495716738587655
642	13.619871300313351	-10981.861696469126	7.387801323181187	1.318843312343874	3.001846328368885	2.359347067461977	2.0938866687914985	1.0621478701556313	0.6767553065081138	0.38534900868633976	1.240344775000148	0.3343946549071608	0.33495716738587655
643	13.619871300313351	-10981.861696469126	7.387801323181187	1.318843312343874	3.001846328368885	2.359347067461977	2.0938866687914985	1.0621478701556313	0.6767553065081138	0.38534900868633976	1.240344775000148	0.3343946549071608	0.33495716738587655
644	13.619871300313351	-10981.861696469126	7.387801323181187	1.318843312343874	3.001846328368885	2.359347067461977	2.0938866687914985	1.0621478701556313	0.6767553065081138	0.38534900868633976	1.240344775000148	0.3343946549071608	0.33495716738587655
645	13.619871300313351	-10981.861696469126	7.387801323181187	1.318843312343874	3.001846328368885	2.359347067461977	2.0938866687914985	1.0621478701556313	0.6767553065081138	0.38534900868633976	1.240344775000148	0.3343946549071608	0.33495716738587655
646	13.619871300313351	-10982.345963706333	7.387801323181187	1.318843312343874	3.001846328368885	2.359347067461977	2.0938866687914985	1.0621478701556313	0.6767553065081138	0.38534900868633976	1.240344775000148	0.3343946549071608	0.33495716738587655
647	13.619871300313351	-10982.345963706333	7.387801323181187	1.318843312343874	3.001846328368885	2.359347067461977	2.0938866687914985	1.0621478701556313	0.6767553065081138	0.38534900868633976	1.240344775000148	0.3343946549071608	0.33495716738587655
648	13.624292149974169	-10974.981979760854	7.387801323181187	1.318843312343874	3.001846328368885	2.359347067461977	2.0938866687914985	1.0621478701556313	0.6767553065081138	0.38534900868633976	1.240344775000148	0.3343946549071608	0.33495716738587655
649	13.624292149974169	-10974.981979760854	7.387801323181187	1.318843312343874	3.001846328368885	2.359347067461977	2.0938866687914985	1.0621478701556313	0.6767553065081138	0.38534900868633976	1.240344775000148	0.3343946549071608	0.33495716738587655
650	13.646729180624279	-10974.735024035173	7.387801323181187	1.318843312343874	3.001846328368885	2.359347067461977	2.0938866687914985	1.0621478701556313	0.6767553065081138	0.38534900868633976	1.240344775000148	0.3343946549071608	0.33495716738587655
651	12.829398961391888	-10968.04664306003	7.387801323181187	1.318843312343874	3.001846328368885	2.359347067461977	2.0938866687914985	1.0621478701556313	0.6767553065081138	0.38534900868633976	1.240344775000148	0.3343946549071608	0.33495716738587655
652	12.829398961391888	-10968.04664306003	7.387801323181187	1.318843312343874	3.001846328368885	2.359347067461977	2.0938866687914985	1.0621478701556313	0.6767553065081138	0.38534900868633976	1.240344775000148	0.3343946549071608	0.33495716738587655
653	12.829398961391888	-10968.04664306003	7.387801323181187	1.318843312343874	3.001846328368885	2.359347067461977	2.0938866687914985	1.0621478701556313	0.6767553065081138	0.38534900868633976	1.240344775000148	0.3343946549071608	0.33495716738587655
654	14.23193033871751	-10952.509365539658	7.387801323181187	1.318843312343874	3.001846328368885	2.359347067461977	2.0938866687914985	1.0621478701556313	0.6767553065081138	0.38534900868633976	1.240344775000148	0.3343946549071608	0.33495716738587655
655	14.23193033871751	-10952.509365539658	7.387801323181187	1.318843312343874	3.001846328368885	2.359347067461977	2.0938866687914985	1.0621478701556313	0.6767553065081138	0.38534900868633976	1.240344775000148	0.3343946549071608	0.33495716738587655
656	14.23193033871751	-10952.25362333634	7.387801323181187	1.318843312343874	3.001846328368885	2.359347067461977	2.0938866687914985	1.0621478701556313	0.6767553065081138	0.38534900868633976	1.240344775000148	0.3343946549071608	0.33495716738587655
657	14.23193033871751	-10952.25362333634	7.387801323181187	1.318843312343874	3.001846328368885	2.359347067461977	2.0938866687914985	1.0621478701556313	0.6767553065081138	0.38534900868633976	1.240344775000148	0.3343946549071608	0.33495716738587655
658	14.23193033871751	-10952.25362333634	7.387801323181187	1.318843312343874	3.001846328368885	2.359347067461977	2.0938866687914985	1.0621478701556313	0.6767553065081138	0.38534900868633976	1.240344775000148	0.3343946549071608	0.33495716738587655
659	14.23193033871751	-10952.25362333634	7.387801323181187	1.318843312343874	3.001846328368885	2.359347067461977	2.0938866687914985	1.0621478701556313	0.6767553065081138	0.38534900868633976	1.240344775000148	0.3343946549071608	0.33495716738587655
660	14.23193033871751	-10952.123155445495	7.387801323181187	1.318843312343874	3.001846328368885	2.359347067461977	2.0938866687914985	1.0621478701556313	0.6767553065081138	0.38534900868633976	1.240344775000148	0.3343946549071608	0.33495716738587655
661	14.23193033871751	-10952.123155445495	7.387801323181187	1.318843312343874	3.001846328368885	2.359347067461977	2.0938866687914985	1.0621478701556313	0.6767553065081138	0.38534900868633976	1.240344775000148	0.3343946549071608	0.33495716738587655
662	14.23193033871751	-10952.123155445495	7.387801323181187	1.318843312343874	3.001846328368885	2.359347067461977	2.0938866687914985	1.0621478701556313	0.6767553065081138	0.38534900868633976	1.240344775000148	0.3343946549071608	0.33495716738587655
663	14.23193033871751	-10952.123155445495	7.387801323181187	1.318843312343874	3.001846328368885	2.359347067461977	2.0938866687914985	1.0621478701556313	0.6767553065081138	0.38534900868633976	1.240344775000148	0.3343946549071608	0.33495716738587655
664	14.23193033871751	-10952.123155445495	7.387801323181187	1.318843312343874	3.001846328368885	2.359347067461977	2.0938866687914985	1.0621478701556313	0.6767553065081138	0.38534900868633976	1.240344775000148	0.3343946549071608	0.33495716738587655
665	14.23193033871751	-10952.123155445495	7.387801323181187	1.318843312343874	3.001846328368885	2.359347067461977	2.0938866687914985	1.0621478701556313	0.6767553065081138	0.38534900868633976	1.240344775000148	0.3343946549071608	0.33495716738587655
666	14.23193033871751	-10952.123155445495	7.387801323181187	1.318843312343874	3.001846328368885	2.359347067461977	2.0938866687914985	1.0621478701556313	0.6767553065081138	0.38534900868633976	1.240344775000148	0.3343946549071608	0.33495716738587655
667	14.23193033871751	-10952.123155445495	7.387801323181187	1.318843312343874	3.001846328368885	2.359347067461977	2.0938866687914985	1.0621478701556313	0.6767553065081138	0.38534900868633976	1.240344775000148	0.3343946549071608	0.33495716738587655
668	12.863463740287472	-10824.703783297866	7.387801323181187	1.318843312343874	3.001846328368885	2.359347067461977	2.0938866687914985	1.0621478701556313	0.6767553065081138	0.38534900868633976	1.240344775000148	0.3343946549071608	0.33495716738587655
669	12.863463740287472	-10824.703783297866	7.387801323181187	1.318843312343874	3.001846328368885	2.359347067461977	2.0938866687914985	1.0621478701556313	0.6767553065081138	0.38534900868633976	1.240344775000148	0.3343946549071608	0.33495716738587655
670	12.863463740287472	-10824.703783297866	7.387801323181187	1.318843312343874	3.001846328368885	2.359347067461977	2.0938866687914985	1.0621478701556313	0.6767553065081138	0.38534900868633976	1.240344775000148	0.3343946549071608	0.33495716738587655
671	12.863463740287472	-10824.836589250865	7.387801323181187	1.318843312343874	3.001846328368885	2.359347067461977	2.0938866687914985	1.0621478701556313	0.6767553065081138	0.38534900868633976	1.240344775000148	0.3343946549071608	0.33495716738587655
672	12.863463740287472	-10824.836589250865	7.387801323181187	1.318843312343874	3.001846328368885	2.359347067461977	2.0938866687914985	1.0621478701556313	0.6767553065081138	0.38534900868633976	1.240344775000148	0.3343946549071608	0.33495716738587655
673	12.21914493913837	-10824.836589250865	7.387801323181187	1.318843312343874	3.001846328368885	2.359347067461977	2.0938866687914985	1.0621478701556313	0.6767553065081138	0.38534900868633976	1.240344775000148	0.3343946549071608	0.4320672706606862
674	12.270679000145805	-10824.836589250865	7.387801323181187	1.318843312343874	3.001846328368885	2.359347067461977	2.0938866687914985	1.0621478701556313	0.6767553065081138	0.38534900868633976	1.240344775000148	0.3343946549071608	0.42430679666970783
675	12.270679000145805	-10824.836589250865	7.387801323181187	1.318843312343874	3.001846328368885	2.359347067461977	2.0938866687914985	1.0621478701556313	0.6767553065081138	0.38534900868633976	1.240344775000148	0.3343946549071608	0.42430679666970783
676	14.00673401933323	-10823.683695443775	7.387801323181187	1.318843312343874	3.001846328368885	2.359347067461977	2.0938866687914985	1.0621478701556313	0.6767553065081138	0.38534900868633976	1.240344775000148	0.3343946549071608	0.42430679666970783
677	14.00673401933323	-10823.683695443775	7.387801323181187	1.318843312343874	3.001846328368885	2.359347067461977	2.0938866687914985	1.0621478701556313	0.6767553065081138	0.38534900868633976	1.240344775000148	0.3343946549071608	0.42430679666970783
678	14.00673401933323	-10824.389619676618	7.387801323181187	1.318843312343874	3.001846328368885	2.359347067461977	2.0938866687914985	1.0621478701556313	0.6767553065081138	0.38534900868633976	1.240344775000148	0.3343946549071608	0.42430679666970783
679	13.625735189226077	-10824.389619676618	7.387801323181187	1.318843312343874	3.001846328368885	2.359347067461977	2.0938866687914985	1.0621478701556313	0.6767553065081138	0.38534900868633976	1.240344775000148	0.3343946549071608	0.48166165767101327
680	13.625735189226077	-10824.389619676618	7.387801323181187	1.318843312343874	3.001846328368885	2.359347067461977	2.0938866687914985	1.0621478701556313	0.6767553065081138	0.38534900868633976	1.240344775000148	0.3343946549071608	0.48166165767101327
681	13.625735189226077	-10824.848497774057	7.387801323181187	1.318843312343874	3.001846328368885	2.359347067461977	2.0938866687914985	1.0621478701556313	0.6767553065081138	0.38534900868633976	1.240344775000148	0.3343946549071608	0.48166165767101327
682	13.601236848019667	-10825.361806131974	7.387801323181187	1.318843312343874	3.001846328368885	2.359347067461977	2.0938866687914985	1.0621478701556313	0.6767553065081138	0.38534900868633976	1.240344775000148	0.3343946549071608	0.48166165767101327
683	14.902745599571396	-10819.793847310437	7.387801323181187	1.318843312343874	3.001846328368885	2.359347067461977	2.0938866687914985	1.0621478701556313	0.6767553065081138	0.38534900868633976	1.240344775000148	0.3343946549071608	0.48166165767101327
684	14.902745599571396	-10819.715593709654	7.387801323181187	1.318843312343874	3.001846328368885	2.359347067461977	2.0938866687914985	1.0621478701556313	0.6767553065081138	0.38534900868633976	1.240344775000148	0.3343946549071608	0.48166165767101327
685	14.902745599571396	-10819.715593709654	7.387801323181187	1.318843312343874	3.001846328368885	2.359347067461977	2.0938866687914985	1.0621478701556313	0.6767553065081138	0.38534900868633976	1.240344775000148	0.3343946549071608	0.48166165767101327
686	14.902745599571396	-10819.715593709654	7.387801323181187	1.318843312343874	3.001846328368885	2.359347067461977	2.0938866687914985	1.0621478701556313	0.6767553065081138	0.38534900868633976	1.240344775000148	0.3343946549071608	0.48166165767101327
687	14.902745599571396	-10819.715593709654	7.387801323181187	1.318843312343874	3.001846328368885	2.359347067461977	2.0938866687914985	1.0621478701556313	0.6767553065081138	0.38534900868633976	1.240344775000148	0.3343946549071608	0.48166165767101327
688	14.902745599571396	-10819.715593709654	7.387801323181187	1.318843312343874	3.001846328368885	2.359347067461977	2.0938866687914985	1.0621478701556313	0.6767553065081138	0.38534900868633976	1.240344775000148	0.3343946549071608	0.48166165767101327
689	14.803376786904657	-10815.883476277491	7.387801323181187	1.318843312343874	3.001846328368885	2.359347067461977	2.0938866687914985	1.0621478701556313	0.6767553065081138	0.38534900868633976	1.240344775000148	0.3343946549071608	0.48166165767101327
690	14.803376786904657	-10815.883476277491	7.387801323181187	1.318843312343874	3.001846328368885	2.359347067461977	2.0938866687914985	1.0621478701556313	0.6767553065081138	0.38534900868633976	1.240344775000148	0.3343946549071608	0.48166165767101327
691	14.807847251061396	-10815.865549804445	7.387801323181187	1.318843312343874	3.001846328368885	2.359347067461977	2.0938866687914985	1.0621478701556313	0.6767553065081138	0.38534900868633976	1.240344775000148	0.3343946549071608	0.48166165767101327
692	14.807847251061396	-10815.865549804445	7.387801323181187	1.318843312343874	3.001846328368885	2.359347067461977	2.0938866687914985	1.0621478701556313	0.6767553065081138	0.38534900868633976	1.240344775000148	0.3343946549071608	0.48166165767101327
693	14.807847251061396	-10815.899479849464	7.387801323181187	1.318843312343874	3.001846328368885	2.359347067461977	2.0938866687914985	1.0621478701556313	0.6767553065081138	0.38534900868633976	1.240344775000148	0.3343946549071608	0.48166165767101327
694	14.807847251061396	-10815.899479849464	7.387801323181187	1.318843312343874	3.001846328368885	2.359347067461977	2.0938866687914985	1.0621478701556313	0.6767553065081138	0.38534900868633976	1.240344775000148	0.3343946549071608	0.48166165767101327
695	14.807847251061396	-10809.913428932668	7.387801323181187	1.318843312343874	3.001846328368885	2.359347067461977	2.0938866687914985	1.0621478701556313	0.6767553065081138	0.38534900868633976	1.240344775000148	0.3343946549071608	0.48166165767101327
696	14.81567571358547	-10808.956634621218	7.387801323181187	1.318843312343874	3.001846328368885	2.359347067461977	2.0938866687914985	1.0621478701556313	0.6767553065081138	0.38534900868633976	1.240344775000148	0.3343946549071608	0.48166165767101327
697	14.81567571358547	-10805.169642850658	7.387801323181187	1.318843312343874	3.001846328368885	2.359347067461977	2.0938866687914985	1.0621478701556313	0.6767553065081138	0.38534900868633976	1.240344775000148	0.3343946549071608	0.48166165767101327
698	14.81567571358547	-10805.169642850658	7.387801323181187	1.318843312343874	3.001846328368885	2.359347067461977	2.0938866687914985	1.0621478701556313	0.6767553065081138	0.38534900868633976	1.240344775000148	0.3343946549071608	0.48166165767101327
699	14.81567571358547	-10801.287741337686	7.387801323181187	1.318843312343874	3.001846328368885	2.359347067461977	2.0938866687914985	1.0621478701556313	0.6767553065081138	0.38534900868633976	1.240344775000148	0.3343946549071608	0.48166165767101327
700	14.81567571358547	-10801.287741337686	7.387801323181187	1.318843312343874	3.001846328368885	2.359347067461977	2.0938866687914985	1.0621478701556313	0.6767553065081138	0.38534900868633976	1.240344775000148	0.3343946549071608	0.48166165767101327
701	14.81567571358547	-10798.822199766591	7.387801323181187	1.318843312343874	3.001846328368885	2.359347067461977	2.0938866687914985	1.0621478701556313	0.6767553065081138	0.38534900868633976	1.240344775000148	0.3343946549071608	0.48166165767101327
702	14.81567571358547	-10798.822199766591	7.387801323181187	1.318843312343874	3.001846328368885	2.359347067461977	2.0938866687914985	1.0621478701556313	0.6767553065081138	0.38534900868633976	1.240344775000148	0.3343946549071608	0.48166165767101327
703	14.81567571358547	-10798.822199766591	7.387801323181187	1.318843312343874	3.001846328368885	2.359347067461977	2.0938866687914985	1.0621478701556313	0.6767553065081138	0.38534900868633976	1.240344775000148	0.3343946549071608	0.48166165767101327
704	14.81567571358547	-10798.822199766591	7.387801323181187	1.318843312343874	3.001846328368885	2.359347067461977	2.0938866687914985	1.0621478701556313	0.6767553065081138	0.38534900868633976	1.240344775000148	0.3343946549071608	0.48166165767101327
705	15.123731623072878	-10792.692063414328	7.387801323181187	1.318843312343874	3.001846328368885	2.359347067461977	2.0938866687914985	1.0621478701556313	0.6767553065081138	0.38534900868633976	1.240344775000148	0.3343946549071608	0.48166165767101327
706	15.123731623072878	-10792.692063414328	7.387801323181187	1.318843312343874	3.001846328368885	2.359347067461977	2.0938866687914985	1.0621478701556313	0.6767553065081138	0.38534900868633976	1.240344775000148	0.3343946549071608	0.48166165767101327
707	15.123201301621869	-10793.070428379031	7.387801323181187	1.318843312343874	3.001846328368885	2.359347067461977	2.0938866687914985	1.0621478701556313	0.6767553065081138	0.38534900868633976	1.240344775000148	0.3343946549071608	0.48166165767101327
708	15.123201301621869	-10793.070428379031	7.387801323181187	1.318843312343874	3.001846328368885	2.359347067461977	2.0938866687914985	1.0621478701556313	0.6767553065081138	0.38534900868633976	1.240344775000148	0.3343946549071608	0.48166165767101327
709	15.123201301621869	-10793.070428379031	7.387801323181187	1.318843312343874	3.001846328368885	2.359347067461977	2.0938866687914985	1.0621478701556313	0.6767553065081138	0.38534900868633976	1.240344775000148	0.3343946549071608	0.48166165767101327
710	15.123201301621869	-10786.265116430593	7.387801323181187	1.318843312343874	3.001846328368885	2.359347067461977	2.0938866687914985	1.0621478701556313	0.6767553065081138	0.38534900868633976	1.240344775000148	0.3343946549071608	0.48166165767101327
711	15.123201301621869	-10786.265116430593	7.387801323181187	1.318843312343874	3.001846328368885	2.359347067461977	2.0938866687914985	1.0621478701556313	0.6767553065081138	0.38534900868633976	1.240344775000148	0.3343946549071608	0.48166165767101327
712	15.47175309043022	-10786.265116430593	7.387801323181187	1.318843312343874	3.001846328368885	2.359347067461977	2.0938866687914985	1.0621478701556313	0.6767553065081138	0.38534900868633976	1.240344775000148	0.3343946549071608	0.4291753334116112
713	15.47175309043022	-10786.265116430593	7.387801323181187	1.318843312343874	3.001846328368885	2.359347067461977	2.0938866687914985	1.0621478701556313	0.6767553065081138	0.38534900868633976	1.240344775000148	0.3343946549071608	0.4291753334116112
714	15.47175309043022	-10786.265116430593	7.387801323181187	1.318843312343874	3.001846328368885	2.359347067461977	2.0938866687914985	1.0621478701556313	0.6767553065081138	0.38534900868633976	1.240344775000148	0.3343946549071608	0.4291753334116112
715	15.47175309043022	-10786.265116430593	7.387801323181187	1.318843312343874	3.001846328368885	2.359347067461977	2.0938866687914985	1.0621478701556313	0.6767553065081138	0.38534900868633976	1.240344775000148	0.3343946549071608	0.4291753334116112
716	15.47175309043022	-10786.265116430593	7.387801323181187	1.318843312343874	3.001846328368885	2.359347067461977	2.0938866687914985	1.0621478701556313	0.6767553065081138	0.38534900868633976	1.240344775000148	0.3343946549071608	0.4291753334116112
717	15.47175309043022	-10786.265116430593	7.387801323181187	1.318843312343874	3.001846328368885	2.359347067461977	2.0938866687914985	1.0621478701556313	0.6767553065081138	0.38534900868633976	1.240344775000148	0.3343946549071608	0.4291753334116112
718	15.47175309043022	-10786.265116430593	7.387801323181187	1.318843312343874	3.001846328368885	2.359347067461977	2.0938866687914985	1.0621478701556313	0.6767553065081138	0.38534900868633976	1.240344775000148	0.3343946549071608	0.4291753334116112
719	20.073755322667214	-10786.265116430593	8.581028507246105	1.2332035507088237	3.4752790801194835	2.1928710540982075	1.917414647448931	1.0621478701556313	0.6767553065081138	0.38534900868633976	1.240344775000148	0.3343946549071608	0.4291753334116112
720	19.735296359465355	-10786.083273813865	8.581028507246105	1.2332035507088237	3.4752790801194835	2.1928710540982075	1.917414647448931	1.0621478701556313	0.6767553065081138	0.38534900868633976	1.240344775000148	0.3343946549071608	0.4291753334116112
721	19.735296359465355	-10786.083273813865	8.581028507246105	1.2332035507088237	3.4752790801194835	2.1928710540982075	1.917414647448931	1.0621478701556313	0.6767553065081138	0.38534900868633976	1.240344775000148	0.3343946549071608	0.4291753334116112
722	19.735296359465355	-10786.083273813865	8.581028507246105	1.2332035507088237	3.4752790801194835	2.1928710540982075	1.917414647448931	1.0621478701556313	0.6767553065081138	0.38534900868633976	1.240344775000148	0.3343946549071608	0.4291753334116112
723	19.735296359465355	-10772.920544363782	8.581028507246105	1.2332035507088237	3.4752790801194835	2.1928710540982075	1.917414647448931	1.0621478701556313	0.6767553065081138	0.38534900868633976	1.240344775000148	0.3343946549071608	0.4291753334116112
724	19.88266187565784	-10744.956815971402	8.581028507246105	1.2332035507088237	3.4752790801194835	2.1928710540982075	1.917414647448931	1.0621478701556313	0.6767553065081138	0.38534900868633976	1.240344775000148	0.3343946549071608	0.4291753334116112
725	19.88266187565784	-10744.956815971402	8.581028507246105	1.2332035507088237	3.4752790801194835	2.1928710540982075	1.917414647448931	1.0621478701556313	0.6767553065081138	0.38534900868633976	1.240344775000148	0.3343946549071608	0.4291753334116112
726	20.686430538318955	-10744.956815971402	8.581028507246105	1.2332035507088237	3.4752790801194835	2.1928710540982075	1.917414647448931	1.0621478701556313	0.6767553065081138	0.38534900868633976	1.240344775000148	0.3343946549071608	0.32650729045362453
727	20.686430538318955	-10744.956815971402	8.581028507246105	1.2332035507088237	3.4752790801194835	2.1928710540982075	1.917414647448931	1.0621478701556313	0.6767553065081138	0.38534900868633976	1.240344775000148	0.3343946549071608	0.32650729045362453
728	20.677589563757873	-10746.890119305448	8.581028507246105	1.2332035507088237	3.4752790801194835	2.1928710540982075	1.917414647448931	1.0621478701556313	0.6767553065081138	0.38534900868633976	1.240344775000148	0.3343946549071608	0.32650729045362453
729	20.677589563757873	-10746.890119305448	8.581028507246105	1.2332035507088237	3.4752790801194835	2.1928710540982075	1.917414647448931	1.0621478701556313	0.6767553065081138	0.38534900868633976	1.240344775000148	0.3343946549071608	0.32650729045362453
730	22.098881544413906	-10647.031554429295	8.581028507246105	1.2332035507088237	3.4752790801194835	2.1928710540982075	1.917414647448931	1.0621478701556313	0.6767553065081138	0.38534900868633976	1.240344775000148	0.3343946549071608	0.32650729045362453
731	22.098881544413906	-10647.031554429295	8.581028507246105	1.2332035507088237	3.4752790801194835	2.1928710540982075	1.917414647448931	1.0621478701556313	0.6767553065081138	0.38534900868633976	1.240344775000148	0.3343946549071608	0.32650729045362453
732	22.098881544413906	-10647.031554429295	8.581028507246105	1.2332035507088237	3.4752790801194835	2.1928710540982075	1.917414647448931	1.0621478701556313	0.6767553065081138	0.38534900868633976	1.240344775000148	0.3343946549071608	0.32650729045362453
733	22.098881544413906	-10647.031554429295	8.581028507246105	1.2332035507088237	3.4752790801194835	2.1928710540982075	1.917414647448931	1.0621478701556313	0.6767553065081138	0.38534900868633976	1.240344775000148	0.3343946549071608	0.32650729045362453
734	22.098881544413906	-10647.031554429295	8.581028507246105	1.2332035507088237	3.4752790801194835	2.1928710540982075	1.917414647448931	1.0621478701556313	0.6767553065081138	0.38534900868633976	1.240344775000148	0.3343946549071608	0.32650729045362453
735	22.098881544413906	-10647.031554429295	8.581028507246105	1.2332035507088237	3.4752790801194835	2.1928710540982075	1.917414647448931	1.0621478701556313	0.6767553065081138	0.38534900868633976	1.240344775000148	0.3343946549071608	0.32650729045362453
736	22.098881544413906	-10647.031554429295	8.581028507246105	1.2332035507088237	3.4752790801194835	2.1928710540982075	1.917414647448931	1.0621478701556313	0.6767553065081138	0.38534900868633976	1.240344775000148	0.3343946549071608	0.32650729045362453
737	22.098881544413906	-10647.031554429295	8.581028507246105	1.2332035507088237	3.4752790801194835	2.1928710540982075	1.917414647448931	1.0621478701556313	0.6767553065081138	0.38534900868633976	1.240344775000148	0.3343946549071608	0.32650729045362453
738	22.098881544413906	-10647.031554429295	8.581028507246105	1.2332035507088237	3.4752790801194835	2.1928710540982075	1.917414647448931	1.0621478701556313	0.6767553065081138	0.38534900868633976	1.240344775000148	0.3343946549071608	0.32650729045362453
739	20.000676883522008	-10642.409854518275	8.581028507246105	1.2332035507088237	3.4752790801194835	2.1928710540982075	1.917414647448931	1.0621478701556313	0.6767553065081138	0.38534900868633976	1.240344775000148	0.3343946549071608	0.32650729045362453
740	20.000676883522008	-10642.409854518275	8.581028507246105	1.2332035507088237	3.4752790801194835	2.1928710540982075	1.917414647448931	1.0621478701556313	0.6767553065081138	0.38534900868633976	1.240344775000148	0.3343946549071608	0.32650729045362453
741	19.923293514065197	-10638.618699839428	8.581028507246105	1.2332035507088237	3.4752790801194835	2.1928710540982075	1.917414647448931	1.0621478701556313	0.6767553065081138	0.38534900868633976	1.240344775000148	0.3343946549071608	0.32650729045362453
742	19.923293514065197	-10638.618699839428	8.581028507246105	1.2332035507088237	3.4752790801194835	2.1928710540982075	1.917414647448931	1.0621478701556313	0.6767553065081138	0.38534900868633976	1.240344775000148	0.3343946549071608	0.32650729045362453
743	19.923293514065197	-10638.618699839428	8.581028507246105	1.2332035507088237	3.4752790801194835	2.1928710540982075	1.917414647448931	1.0621478701556313	0.6767553065081138	0.38534900868633976	1.240344775000148	0.3343946549071608	0.32650729045362453
744	19.923293514065197	-10638.618699839428	8.581028507246105	1.2332035507088237	3.4752790801194835	2.1928710540982075	1.917414647448931	1.0621478701556313	0.6767553065081138	0.38534900868633976	1.240344775000148	0.3343946549071608	0.32650729045362453
745	19.923296357463816	-10638.616888938086	8.581028507246105	1.2332035507088237	3.4752790801194835	2.1928710540982075	1.917414647448931	1.0621478701556313	0.6767553065081138	0.38534900868633976	1.240344775000148	0.3343946549071608	0.32650729045362453
746	19.923296357463816	-10638.616888938086	8.581028507246105	1.2332035507088237	3.4752790801194835	2.1928710540982075	1.917414647448931	1.0621478701556313	0.6767553065081138	0.38534900868633976	1.240344775000148	0.3343946549071608	0.32650729045362453
747	19.866894238474945	-10638.616888938086	8.581028507246105	1.2332035507088237	3.4752790801194835	2.1928710540982075	1.917414647448931	1.1318300937453463	0.8117879095629326	0.3550821144272761	1.245500373656884	0.2618599199328193	0.32650729045362453
748	19.95322240232341	-10634.55079452696	8.581028507246105	1.2332035507088237	3.4752790801194835	2.1928710540982075	1.917414647448931	1.1318300937453463	0.8117879095629326	0.3550821144272761	1.245500373656884	0.2618599199328193	0.32650729045362453
749	19.95322240232341	-10632.367803058969	8.581028507246105	1.2332035507088237	3.4752790801194835	2.1928710540982075	1.917414647448931	1.1318300937453463	0.8117879095629326	0.3550821144272761	1.245500373656884	0.2618599199328193	0.32650729045362453
750	19.95322240232341	-10632.367803058969	8.581028507246105	1.2332035507088237	3.4752790801194835	2.1928710540982075	1.917414647448931	1.1318300937453463	0.8117879095629326	0.3550821144272761	1.245500373656884	0.2618599199328193	0.32650729045362453
751	19.953362328969735	-10632.450276448251	8.581028507246105	1.2332035507088237	3.4752790801194835	2.1928710540982075	1.917414647448931	1.1318300937453463	0.8117879095629326	0.3550821144272761	1.245500373656884	0.2618599199328193	0.32650729045362453
752	19.93974111533089	-10632.450276448251	8.581028507246105	1.2332035507088237	3.4752790801194835	2.1928710540982075	1.917414647448931	0.9062832451889647	0.8221240111182417	0.4113699671703765	1.4589272058266007	0.33113003453207057	0.32650729045362453
753	19.93974111533089	-10632.450276448251	8.581028507246105	1.2332035507088237	3.4752790801194835	2.1928710540982075	1.917414647448931	0.9062832451889647	0.8221240111182417	0.4113699671703765	1.4589272058266007	0.33113003453207057	0.32650729045362453
754	19.93974111533089	-10632.450276448251	8.581028507246105	1.2332035507088237	3.4752790801194835	2.1928710540982075	1.917414647448931	0.9062832451889647	0.8221240111182417	0.4113699671703765	1.4589272058266007	0.33113003453207057	0.32650729045362453
755	19.947109751613567	-10632.324321624377	8.581028507246105	1.2332035507088237	3.4752790801194835	2.1928710540982075	1.917414647448931	0.9062832451889647	0.8221240111182417	0.4113699671703765	1.4589272058266007	0.33113003453207057	0.32650729045362453
756	20.417360278364068	-10625.028386777405	8.581028507246105	1.2332035507088237	3.4752790801194835	2.1928710540982075	1.917414647448931	0.9062832451889647	0.8221240111182417	0.4113699671703765	1.4589272058266007	0.33113003453207057	0.32650729045362453
757	20.417360278364068	-10625.028386777405	8.581028507246105	1.2332035507088237	3.4752790801194835	2.1928710540982075	1.917414647448931	0.9062832451889647	0.8221240111182417	0.4113699671703765	1.4589272058266007	0.33113003453207057	0.32650729045362453
758	20.417360278364068	-10625.028386777405	8.581028507246105	1.2332035507088237	3.4752790801194835	2.1928710540982075	1.917414647448931	0.9062832451889647	0.8221240111182417	0.4113699671703765	1.4589272058266007	0.33113003453207057	0.32650729045362453
759	20.417360278364068	-10625.028386777405	8.581028507246105	1.2332035507088237	3.4752790801194835	2.1928710540982075	1.917414647448931	0.9062832451889647	0.8221240111182417	0.4113699671703765	1.4589272058266007	0.33113003453207057	0.32650729045362453
760	20.417360278364068	-10625.028386777405	8.581028507246105	1.2332035507088237	3.4752790801194835	2.1928710540982075	1.917414647448931	0.9062832451889647	0.8221240111182417	0.4113699671703765	1.4589272058266007	0.33113003453207057	0.32650729045362453
761	20.41610366662479	-10626.128874317004	8.581028507246105	1.2332035507088237	3.4752790801194835	2.1928710540982075	1.917414647448931	0.9062832451889647	0.8221240111182417	0.4113699671703765	1.4589272058266007	0.33113003453207057	0.32650729045362453
762	20.41610366662479	-10626.128874317004	8.581028507246105	1.2332035507088237	3.4752790801194835	2.1928710540982075	1.917414647448931	0.9062832451889647	0.8221240111182417	0.4113699671703765	1.4589272058266007	0.33113003453207057	0.32650729045362453
763	20.42233706961468	-10623.326782047465	8.581028507246105	1.2332035507088237	3.4752790801194835	2.1928710540982075	1.917414647448931	0.9062832451889647	0.8221240111182417	0.4113699671703765	1.4589272058266007	0.33113003453207057	0.32650729045362453
764	21.882664193618172	-10609.777577887826	8.581028507246105	1.2332035507088237	3.4752790801194835	2.1928710540982075	1.917414647448931	0.9062832451889647	0.8221240111182417	0.4113699671703765	1.4589272058266007	0.33113003453207057	0.32650729045362453
765	21.882664193618172	-10609.777577887826	8.581028507246105	1.2332035507088237	3.4752790801194835	2.1928710540982075	1.917414647448931	0.9062832451889647	0.8221240111182417	0.4113699671703765	1.4589272058266007	0.33113003453207057	0.32650729045362453
766	20.8545508161767	-10611.011417393393	8.581028507246105	1.2332035507088237	3.4752790801194835	2.1928710540982075	1.917414647448931	0.9062832451889647	0.8221240111182417	0.4113699671703765	1.4589272058266007	0.33113003453207057	0.32650729045362453
767	20.8545508161767	-10613.395755365456	8.581028507246105	1.2332035507088237	3.4752790801194835	2.1928710540982075	1.917414647448931	0.9062832451889647	0.8221240111182417	0.4113699671703765	1.4589272058266007	0.33113003453207057	0.32650729045362453
768	20.8545508161767	-10613.219905701526	8.581028507246105	1.2332035507088237	3.4752790801194835	2.1928710540982075	1.917414647448931	0.9062832451889647	0.8221240111182417	0.4113699671703765	1.4589272058266007	0.33113003453207057	0.32650729045362453
769	20.8545508161767	-10613.219905701526	8.581028507246105	1.2332035507088237	3.4752790801194835	2.1928710540982075	1.917414647448931	0.9062832451889647	0.8221240111182417	0.4113699671703765	1.4589272058266007	0.33113003453207057	0.32650729045362453
770	20.8545508161767	-10613.219905701526	8.581028507246105	1.2332035507088237	3.4752790801194835	2.1928710540982075	1.917414647448931	0.9062832451889647	0.8221240111182417	0.4113699671703765	1.4589272058266007	0.33113003453207057	0.32650729045362453
771	20.8545508161767	-10613.219905701526	8.581028507246105	1.2332035507088237	3.4752790801194835	2.1928710540982075	1.917414647448931	0.9062832451889647	0.8221240111182417	0.4113699671703765	1.4589272058266007	0.33113003453207057	0.32650729045362453
772	20.8545508161767	-10613.219905701526	8.581028507246105	1.2332035507088237	3.4752790801194835	2.1928710540982075	1.917414647448931	0.9062832451889647	0.8221240111182417	0.4113699671703765	1.4589272058266007	0.33113003453207057	0.32650729045362453
773	20.8545508161767	-10611.743533260405	8.581028507246105	1.2332035507088237	3.4752790801194835	2.1928710540982075	1.917414647448931	0.9062832451889647	0.8221240111182417	0.4113699671703765	1.4589272058266007	0.33113003453207057	0.32650729045362453
774	20.8545508161767	-10611.743533260405	8.581028507246105	1.2332035507088237	3.4752790801194835	2.1928710540982075	1.917414647448931	0.9062832451889647	0.8221240111182417	0.4113699671703765	1.4589272058266007	0.33113003453207057	0.32650729045362453
775	20.8545508161767	-10611.743533260405	8.581028507246105	1.2332035507088237	3.4752790801194835	2.1928710540982075	1.917414647448931	0.9062832451889647	0.8221240111182417	0.4113699671703765	1.4589272058266007	0.33113003453207057	0.32650729045362453
776	20.8545508161767	-10611.743533260405	8.581028507246105	1.2332035507088237	3.4752790801194835	2.1928710540982075	1.917414647448931	0.9062832451889647	0.8221240111182417	0.4113699671703765	1.4589272058266007	0.33113003453207057	0.32650729045362453
777	20.8545508161767	-10611.743533260405	8.581028507246105	1.2332035507088237	3.4752790801194835	2.1928710540982075	1.917414647448931	0.9062832451889647	0.8221240111182417	0.4113699671703765	1.4589272058266007	0.33113003453207057	0.32650729045362453
778	20.8545508161767	-10611.743533260405	8.581028507246105	1.2332035507088237	3.4752790801194835	2.1928710540982075	1.917414647448931	0.9062832451889647	0.8221240111182417	0.4113699671703765	1.4589272058266007	0.33113003453207057	0.32650729045362453
779	20.8545508161767	-10611.743533260405	8.581028507246105	1.2332035507088237	3.4752790801194835	2.1928710540982075	1.917414647448931	0.9062832451889647	0.8221240111182417	0.4113699671703765	1.4589272058266007	0.33113003453207057	0.32650729045362453
780	20.8545508161767	-10611.743533260405	8.581028507246105	1.2332035507088237	3.4752790801194835	2.1928710540982075	1.917414647448931	0.9062832451889647	0.8221240111182417	0.4113699671703765	1.4589272058266007	0.33113003453207057	0.32650729045362453
781	20.8545508161767	-10611.743533260405	8.581028507246105	1.2332035507088237	3.4752790801194835	2.1928710540982075	1.917414647448931	0.9062832451889647	0.8221240111182417	0.4113699671703765	1.4589272058266007	0.33113003453207057	0.32650729045362453
782	20.8545508161767	-10606.17293792304	8.581028507246105	1.2332035507088237	3.4752790801194835	2.1928710540982075	1.917414647448931	0.9062832451889647	0.8221240111182417	0.4113699671703765	1.4589272058266007	0.33113003453207057	0.32650729045362453
783	20.8545508161767	-10606.17293792304	8.581028507246105	1.2332035507088237	3.4752790801194835	2.1928710540982075	1.917414647448931	0.9062832451889647	0.8221240111182417	0.4113699671703765	1.4589272058266007	0.33113003453207057	0.32650729045362453
784	20.8545508161767	-10606.17293792304	8.581028507246105	1.2332035507088237	3.4752790801194835	2.1928710540982075	1.917414647448931	0.9062832451889647	0.8221240111182417	0.4113699671703765	1.4589272058266007	0.33113003453207057	0.32650729045362453
785	20.8545508161767	-10603.27849298498	8.581028507246105	1.2332035507088237	3.4752790801194835	2.1928710540982075	1.917414647448931	0.9062832451889647	0.8221240111182417	0.4113699671703765	1.4589272058266007	0.33113003453207057	0.32650729045362453
786	20.853600865785086	-10602.897078354845	8.581028507246105	1.2332035507088237	3.4752790801194835	2.1928710540982075	1.917414647448931	0.9062832451889647	0.8221240111182417	0.4113699671703765	1.4589272058266007	0.33113003453207057	0.32650729045362453
787	20.853600865785086	-10601.87183945846	8.581028507246105	1.2332035507088237	3.4752790801194835	2.1928710540982075	1.917414647448931	0.9062832451889647	0.8221240111182417	0.4113699671703765	1.4589272058266007	0.33113003453207057	0.32650729045362453
788	21.88835180667363	-10601.421978965178	8.581028507246105	1.2332035507088237	3.4752790801194835	2.1928710540982075	1.917414647448931	0.9062832451889647	0.8221240111182417	0.4113699671703765	1.4589272058266007	0.33113003453207057	0.32650729045362453
789	21.888034778026256	-10601.881003984196	8.581028507246105	1.2332035507088237	3.4752790801194835	2.1928710540982075	1.917414647448931	0.9062832451889647	0.8221240111182417	0.4113699671703765	1.4589272058266007	0.33113003453207057	0.32650729045362453
790	21.888034778026256	-10601.881003984196	8.581028507246105	1.2332035507088237	3.4752790801194835	2.1928710540982075	1.917414647448931	0.9062832451889647	0.8221240111182417	0.4113699671703765	1.4589272058266007	0.33113003453207057	0.32650729045362453
791	17.653358811820848	-10588.218438389202	8.581028507246105	1.2332035507088237	3.4752790801194835	2.1928710540982075	1.917414647448931	0.9062832451889647	0.8221240111182417	0.4113699671703765	1.4589272058266007	0.33113003453207057	0.32650729045362453
792	17.653358811820848	-10588.218438389202	8.581028507246105	1.2332035507088237	3.4752790801194835	2.1928710540982075	1.917414647448931	0.9062832451889647	0.8221240111182417	0.4113699671703765	1.4589272058266007	0.33113003453207057	0.32650729045362453
793	17.41203309577013	-10588.218438389202	8.581028507246105	1.2332035507088237	3.4752790801194835	2.1928710540982075	1.917414647448931	0.9062832451889647	0.8221240111182417	0.4113699671703765	1.4589272058266007	0.33113003453207057	0.3568042026917468
794	17.41203309577013	-10588.218438389202	8.581028507246105	1.2332035507088237	3.4752790801194835	2.1928710540982075	1.917414647448931	0.9062832451889647	0.8221240111182417	0.4113699671703765	1.4589272058266007	0.33113003453207057	0.3568042026917468
795	17.41203309577013	-10588.092669717596	8.581028507246105	1.2332035507088237	3.4752790801194835	2.1928710540982075	1.917414647448931	0.9062832451889647	0.8221240111182417	0.4113699671703765	1.4589272058266007	0.33113003453207057	0.3568042026917468
796	27.48827885769932	-10588.092669717596	10.576547068844022	1.575237074124154	2.638471808815232	2.721472316806418	2.3339040205111763	0.9062832451889647	0.8221240111182417	0.4113699671703765	1.4589272058266007	0.33113003453207057	0.3568042026917468
797	27.489759658520136	-10586.934977561488	10.576547068844022	1.575237074124154	2.638471808815232	2.721472316806418	2.3339040205111763	0.9062832451889647	0.8221240111182417	0.4113699671703765	1.4589272058266007	0.33113003453207057	0.3568042026917468
798	28.909522382258167	-10585.717725668525	10.576547068844022	1.575237074124154	2.638471808815232	2.721472316806418	2.3339040205111763	0.9062832451889647	0.8221240111182417	0.4113699671703765	1.4589272058266007	0.33113003453207057	0.3568042026917468
799	28.920114040922876	-10542.76406396079	10.576547068844022	1.575237074124154	2.638471808815232	2.721472316806418	2.3339040205111763	0.9062832451889647	0.8221240111182417	0.4113699671703765	1.4589272058266007	0.33113003453207057	0.3568042026917468
800	28.920114040922876	-10542.76406396079	10.576547068844022	1.575237074124154	2.638471808815232	2.721472316806418	2.3339040205111763	0.9062832451889647	0.8221240111182417	0.4113699671703765	1.4589272058266007	0.33113003453207057	0.3568042026917468
801	28.919851090909397	-10542.986676768485	10.576547068844022	1.575237074124154	2.638471808815232	2.721472316806418	2.3339040205111763	0.9062832451889647	0.8221240111182417	0.4113699671703765	1.4589272058266007	0.33113003453207057	0.3568042026917468
802	26.830181505369172	-10536.085028176753	10.576547068844022	1.575237074124154	2.638471808815232	2.721472316806418	2.3339040205111763	0.9062832451889647	0.8221240111182417	0.4113699671703765	1.4589272058266007	0.33113003453207057	0.3568042026917468
803	26.830181505369172	-10536.085028176753	10.576547068844022	1.575237074124154	2.638471808815232	2.721472316806418	2.3339040205111763	0.9062832451889647	0.8221240111182417	0.4113699671703765	1.4589272058266007	0.33113003453207057	0.3568042026917468
804	26.830181505369172	-10536.085028176753	10.576547068844022	1.575237074124154	2.638471808815232	2.721472316806418	2.3339040205111763	0.9062832451889647	0.8221240111182417	0.4113699671703765	1.4589272058266007	0.33113003453207057	0.3568042026917468
805	26.9293685224293	-10532.669808525092	10.576547068844022	1.575237074124154	2.638471808815232	2.721472316806418	2.3339040205111763	0.9062832451889647	0.8221240111182417	0.4113699671703765	1.4589272058266007	0.33113003453207057	0.3568042026917468
806	26.9293685224293	-10526.882757844965	10.576547068844022	1.575237074124154	2.638471808815232	2.721472316806418	2.3339040205111763	0.9062832451889647	0.8221240111182417	0.4113699671703765	1.4589272058266007	0.33113003453207057	0.3568042026917468
807	26.9293685224293	-10516.398574237284	10.576547068844022	1.575237074124154	2.638471808815232	2.721472316806418	2.3339040205111763	0.9062832451889647	0.8221240111182417	0.4113699671703765	1.4589272058266007	0.33113003453207057	0.3568042026917468
808	26.9293685224293	-10516.398574237284	10.576547068844022	1.575237074124154	2.638471808815232	2.721472316806418	2.3339040205111763	0.9062832451889647	0.8221240111182417	0.4113699671703765	1.4589272058266007	0.33113003453207057	0.3568042026917468
809	26.9293685224293	-10516.398574237284	10.576547068844022	1.575237074124154	2.638471808815232	2.721472316806418	2.3339040205111763	0.9062832451889647	0.8221240111182417	0.4113699671703765	1.4589272058266007	0.33113003453207057	0.3568042026917468
810	26.9293685224293	-10516.398574237284	10.576547068844022	1.575237074124154	2.638471808815232	2.721472316806418	2.3339040205111763	0.9062832451889647	0.8221240111182417	0.4113699671703765	1.4589272058266007	0.33113003453207057	0.3568042026917468
811	26.409469836415965	-10509.230712804809	10.576547068844022	1.575237074124154	2.638471808815232	2.721472316806418	2.3339040205111763	0.9062832451889647	0.8221240111182417	0.4113699671703765	1.4589272058266007	0.33113003453207057	0.3568042026917468
812	26.409469836415965	-10510.082298821795	10.576547068844022	1.575237074124154	2.638471808815232	2.721472316806418	2.3339040205111763	0.9062832451889647	0.8221240111182417	0.4113699671703765	1.4589272058266007	0.33113003453207057	0.3568042026917468
813	26.41156829471761	-10496.633761631829	10.576547068844022	1.575237074124154	2.638471808815232	2.721472316806418	2.3339040205111763	0.9062832451889647	0.8221240111182417	0.4113699671703765	1.4589272058266007	0.33113003453207057	0.3568042026917468
814	26.41156829471761	-10496.887082560988	10.576547068844022	1.575237074124154	2.638471808815232	2.721472316806418	2.3339040205111763	0.9062832451889647	0.8221240111182417	0.4113699671703765	1.4589272058266007	0.33113003453207057	0.3568042026917468
815	26.41156829471761	-10496.887082560988	10.576547068844022	1.575237074124154	2.638471808815232	2.721472316806418	2.3339040205111763	0.9062832451889647	0.8221240111182417	0.4113699671703765	1.4589272058266007	0.33113003453207057	0.3568042026917468
816	26.41156829471761	-10496.887082560988	10.576547068844022	1.575237074124154	2.638471808815232	2.721472316806418	2.3339040205111763	0.9062832451889647	0.8221240111182417	0.4113699671703765	1.4589272058266007	0.33113003453207057	0.3568042026917468
817	26.41156829471761	-10496.99513671867	10.576547068844022	1.575237074124154	2.638471808815232	2.721472316806418	2.3339040205111763	0.9062832451889647	0.8221240111182417	0.4113699671703765	1.4589272058266007	0.33113003453207057	0.3568042026917468
818	26.41156829471761	-10496.99513671867	10.576547068844022	1.575237074124154	2.638471808815232	2.721472316806418	2.3339040205111763	0.9062832451889647	0.8221240111182417	0.4113699671703765	1.4589272058266007	0.33113003453207057	0.3568042026917468
819	26.41156829471761	-10496.99513671867	10.576547068844022	1.575237074124154	2.638471808815232	2.721472316806418	2.3339040205111763	0.9062832451889647	0.8221240111182417	0.4113699671703765	1.4589272058266007	0.33113003453207057	0.3568042026917468
820	26.41156829471761	-10496.99513671867	10.576547068844022	1.575237074124154	2.638471808815232	2.721472316806418	2.3339040205111763	0.9062832451889647	0.8221240111182417	0.4113699671703765	1.4589272058266007	0.33113003453207057	0.3568042026917468
821	26.41156829471761	-10496.99513671867	10.576547068844022	1.575237074124154	2.638471808815232	2.721472316806418	2.3339040205111763	0.9062832451889647	0.8221240111182417	0.4113699671703765	1.4589272058266007	0.33113003453207057	0.3568042026917468
822	26.41156829471761	-10496.99513671867	10.576547068844022	1.575237074124154	2.638471808815232	2.721472316806418	2.3339040205111763	0.9062832451889647	0.8221240111182417	0.4113699671703765	1.4589272058266007	0.33113003453207057	0.3568042026917468
823	28.502179607894195	-10487.85717781144	10.576547068844022	1.575237074124154	2.638471808815232	2.721472316806418	2.3339040205111763	0.9062832451889647	0.8221240111182417	0.4113699671703765	1.4589272058266007	0.33113003453207057	0.3568042026917468
824	28.502179607894195	-10487.85717781144	10.576547068844022	1.575237074124154	2.638471808815232	2.721472316806418	2.3339040205111763	0.9062832451889647	0.8221240111182417	0.4113699671703765	1.4589272058266007	0.33113003453207057	0.3568042026917468
825	28.502179607894195	-10487.85717781144	10.576547068844022	1.575237074124154	2.638471808815232	2.721472316806418	2.3339040205111763	0.9062832451889647	0.8221240111182417	0.4113699671703765	1.4589272058266007	0.33113003453207057	0.3568042026917468
826	28.502179607894195	-10487.85717781144	10.576547068844022	1.575237074124154	2.638471808815232	2.721472316806418	2.3339040205111763	0.9062832451889647	0.8221240111182417	0.4113699671703765	1.4589272058266007	0.33113003453207057	0.3568042026917468
827	28.502179607894195	-10487.85717781144	10.576547068844022	1.575237074124154	2.638471808815232	2.721472316806418	2.3339040205111763	0.9062832451889647	0.8221240111182417	0.4113699671703765	1.4589272058266007	0.33113003453207057	0.3568042026917468
828	31.020883317072933	-10487.85717781144	12.55570873942216	1.6242158171916232	2.233146573939891	2.296494200829228	2.223072927629864	0.9062832451889647	0.8221240111182417	0.4113699671703765	1.4589272058266007	0.33113003453207057	0.3568042026917468
829	32.477778356738725	-10487.85717781144	12.59862774402379	1.9660145488049443	1.8955402995464914	2.225006300858247	2.8062374468218154	0.9062832451889647	0.8221240111182417	0.4113699671703765	1.4589272058266007	0.33113003453207057	0.3568042026917468
830	32.505709876843895	-10488.301520659943	12.59862774402379	1.9660145488049443	1.8955402995464914	2.225006300858247	2.8062374468218154	0.9062832451889647	0.8221240111182417	0.4113699671703765	1.4589272058266007	0.33113003453207057	0.3568042026917468
831	32.505709876843895	-10488.301520659943	12.59862774402379	1.9660145488049443	1.8955402995464914	2.225006300858247	2.8062374468218154	0.9062832451889647	0.8221240111182417	0.4113699671703765	1.4589272058266007	0.33113003453207057	0.3568042026917468
832	32.505709876843895	-10488.301520659943	12.59862774402379	1.9660145488049443	1.8955402995464914	2.225006300858247	2.8062374468218154	0.9062832451889647	0.8221240111182417	0.4113699671703765	1.4589272058266007	0.33113003453207057	0.3568042026917468
833	32.505709876843895	-10488.301520659943	12.59862774402379	1.9660145488049443	1.8955402995464914	2.225006300858247	2.8062374468218154	0.9062832451889647	0.8221240111182417	0.4113699671703765	1.4589272058266007	0.33113003453207057	0.3568042026917468
834	32.505709876843895	-10488.301520659943	12.59862774402379	1.9660145488049443	1.8955402995464914	2.225006300858247	2.8062374468218154	0.9062832451889647	0.8221240111182417	0.4113699671703765	1.4589272058266007	0.33113003453207057	0.3568042026917468
835	32.505709876843895	-10488.885223404142	12.59862774402379	1.9660145488049443	1.8955402995464914	2.225006300858247	2.8062374468218154	0.9062832451889647	0.8221240111182417	0.4113699671703765	1.4589272058266007	0.33113003453207057	0.3568042026917468
836	32.505709876843895	-10488.885223404142	12.59862774402379	1.9660145488049443	1.8955402995464914	2.225006300858247	2.8062374468218154	0.9062832451889647	0.8221240111182417	0.4113699671703765	1.4589272058266007	0.33113003453207057	0.3568042026917468
837	32.505709876843895	-10488.885223404142	12.59862774402379	1.9660145488049443	1.8955402995464914	2.225006300858247	2.8062374468218154	0.9062832451889647	0.8221240111182417	0.4113699671703765	1.4589272058266007	0.33113003453207057	0.3568042026917468
838	33.07498444635932	-10479.046285981785	12.59862774402379	1.9660145488049443	1.8955402995464914	2.225006300858247	2.8062374468218154	0.9062832451889647	0.8221240111182417	0.4113699671703765	1.4589272058266007	0.33113003453207057	0.3568042026917468
839	33.07498444635932	-10479.046285981785	12.59862774402379	1.9660145488049443	1.8955402995464914	2.225006300858247	2.8062374468218154	0.9062832451889647	0.8221240111182417	0.4113699671703765	1.4589272058266007	0.33113003453207057	0.3568042026917468
840	33.2643364068273	-10478.620066474241	12.59862774402379	1.9660145488049443	1.8955402995464914	2.225006300858247	2.8062374468218154	0.9062832451889647	0.8221240111182417	0.4113699671703765	1.4589272058266007	0.33113003453207057	0.3568042026917468
841	33.2643364068273	-10478.620066474241	12.59862774402379	1.9660145488049443	1.8955402995464914	2.225006300858247	2.8062374468218154	0.9062832451889647	0.8221240111182417	0.4113699671703765	1.4589272058266007	0.33113003453207057	0.3568042026917468
842	33.2643364068273	-10478.983918622953	12.59862774402379	1.9660145488049443	1.8955402995464914	2.225006300858247	2.8062374468218154	0.9062832451889647	0.8221240111182417	0.4113699671703765	1.4589272058266007	0.33113003453207057	0.3568042026917468
843	33.285702132875585	-10478.717962743012	12.59862774402379	1.9660145488049443	1.8955402995464914	2.225006300858247	2.8062374468218154	0.9062832451889647	0.8221240111182417	0.4113699671703765	1.4589272058266007	0.33113003453207057	0.3568042026917468
844	33.29325937365917	-10479.020519914571	12.59862774402379	1.9660145488049443	1.8955402995464914	2.225006300858247	2.8062374468218154	0.9062832451889647	0.8221240111182417	0.4113699671703765	1.4589272058266007	0.33113003453207057	0.3568042026917468
845	33.29325937365917	-10479.020519914571	12.59862774402379	1.9660145488049443	1.8955402995464914	2.225006300858247	2.8062374468218154	0.9062832451889647	0.8221240111182417	0.4113699671703765	1.4589272058266007	0.33113003453207057	0.3568042026917468
846	33.29325937365917	-10479.020519914571	12.59862774402379	1.9660145488049443	1.8955402995464914	2.225006300858247	2.8062374468218154	0.9062832451889647	0.8221240111182417	0.4113699671703765	1.4589272058266007	0.33113003453207057	0.3568042026917468
847	33.29325937365917	-10476.948434685019	12.59862774402379	1.9660145488049443	1.8955402995464914	2.225006300858247	2.8062374468218154	0.9062832451889647	0.8221240111182417	0.4113699671703765	1.4589272058266007	0.33113003453207057	0.3568042026917468
848	33.29563225484809	-10475.981323877826	12.59862774402379	1.9660145488049443	1.8955402995464914	2.225006300858247	2.8062374468218154	0.9062832451889647	0.8221240111182417	0.4113699671703765	1.4589272058266007	0.33113003453207057	0.3568042026917468
849	33.29563225484809	-10475.920710074202	12.59862774402379	1.9660145488049443	1.8955402995464914	2.225006300858247	2.8062374468218154	0.9062832451889647	0.8221240111182417	0.4113699671703765	1.4589272058266007	0.33113003453207057	0.3568042026917468
850	33.29563225484809	-10475.920710074202	12.59862774402379	1.9660145488049443	1.8955402995464914	2.225006300858247	2.8062374468218154	0.9062832451889647	0.8221240111182417	0.4113699671703765	1.4589272058266007	0.33113003453207057	0.3568042026917468
851	33.29563225484809	-10475.920710074202	12.59862774402379	1.9660145488049443	1.8955402995464914	2.225006300858247	2.8062374468218154	0.9062832451889647	0.8221240111182417	0.4113699671703765	1.4589272058266007	0.33113003453207057	0.3568042026917468
852	33.29563225484809	-10475.920710074202	12.59862774402379	1.9660145488049443	1.8955402995464914	2.225006300858247	2.8062374468218154	0.9062832451889647	0.8221240111182417	0.4113699671703765	1.4589272058266007	0.33113003453207057	0.3568042026917468
853	33.29563225484809	-10475.920710074202	12.59862774402379	1.9660145488049443	1.8955402995464914	2.225006300858247	2.8062374468218154	0.9062832451889647	0.8221240111182417	0.4113699671703765	1.4589272058266007	0.33113003453207057	0.3568042026917468
854	33.29563225484809	-10475.920710074202	12.59862774402379	1.9660145488049443	1.8955402995464914	2.225006300858247	2.8062374468218154	0.9062832451889647	0.8221240111182417	0.4113699671703765	1.4589272058266007	0.33113003453207057	0.3568042026917468
855	33.29563225484809	-10475.920710074202	12.59862774402379	1.9660145488049443	1.8955402995464914	2.225006300858247	2.8062374468218154	0.9062832451889647	0.8221240111182417	0.4113699671703765	1.4589272058266007	0.33113003453207057	0.3568042026917468
856	33.29563225484809	-10475.920710074202	12.59862774402379	1.9660145488049443	1.8955402995464914	2.225006300858247	2.8062374468218154	0.9062832451889647	0.8221240111182417	0.4113699671703765	1.4589272058266007	0.33113003453207057	0.3568042026917468
857	33.22577371873881	-10461.201802104977	12.59862774402379	1.9660145488049443	1.8955402995464914	2.225006300858247	2.8062374468218154	0.9062832451889647	0.8221240111182417	0.4113699671703765	1.4589272058266007	0.33113003453207057	0.3568042026917468
858	33.22577371873881	-10461.201802104977	12.59862774402379	1.9660145488049443	1.8955402995464914	2.225006300858247	2.8062374468218154	0.9062832451889647	0.8221240111182417	0.4113699671703765	1.4589272058266007	0.33113003453207057	0.3568042026917468
859	33.22490835198697	-10461.062887604256	12.59862774402379	1.9660145488049443	1.8955402995464914	2.225006300858247	2.8062374468218154	0.9062832451889647	0.8221240111182417	0.4113699671703765	1.4589272058266007	0.33113003453207057	0.3568042026917468
860	33.22490835198697	-10461.062887604256	12.59862774402379	1.9660145488049443	1.8955402995464914	2.225006300858247	2.8062374468218154	0.9062832451889647	0.8221240111182417	0.4113699671703765	1.4589272058266007	0.33113003453207057	0.3568042026917468
861	33.22490835198697	-10462.704501470591	12.59862774402379	1.9660145488049443	1.8955402995464914	2.225006300858247	2.8062374468218154	0.9062832451889647	0.8221240111182417	0.4113699671703765	1.4589272058266007	0.33113003453207057	0.3568042026917468
862	33.22490835198697	-10462.437679422916	12.59862774402379	1.9660145488049443	1.8955402995464914	2.225006300858247	2.8062374468218154	0.9062832451889647	0.8221240111182417	0.4113699671703765	1.4589272058266007	0.33113003453207057	0.3568042026917468
863	33.22490835198697	-10460.530241519496	12.59862774402379	1.9660145488049443	1.8955402995464914	2.225006300858247	2.8062374468218154	0.9062832451889647	0.8221240111182417	0.4113699671703765	1.4589272058266007	0.33113003453207057	0.3568042026917468
864	33.22490835198697	-10458.583789757904	12.59862774402379	1.9660145488049443	1.8955402995464914	2.225006300858247	2.8062374468218154	0.9062832451889647	0.8221240111182417	0.4113699671703765	1.4589272058266007	0.33113003453207057	0.3568042026917468
865	33.22490835198697	-10458.583789757904	12.59862774402379	1.9660145488049443	1.8955402995464914	2.225006300858247	2.8062374468218154	0.9062832451889647	0.8221240111182417	0.4113699671703765	1.4589272058266007	0.33113003453207057	0.3568042026917468
866	33.22490835198697	-10458.583789757904	12.59862774402379	1.9660145488049443	1.8955402995464914	2.225006300858247	2.8062374468218154	0.9062832451889647	0.8221240111182417	0.4113699671703765	1.4589272058266007	0.33113003453207057	0.3568042026917468
867	33.22490835198697	-10457.982798434983	12.59862774402379	1.9660145488049443	1.8955402995464914	2.225006300858247	2.8062374468218154	0.9062832451889647	0.8221240111182417	0.4113699671703765	1.4589272058266007	0.33113003453207057	0.3568042026917468
868	33.22490835198697	-10457.982798434983	12.59862774402379	1.9660145488049443	1.8955402995464914	2.225006300858247	2.8062374468218154	0.9062832451889647	0.8221240111182417	0.4113699671703765	1.4589272058266007	0.33113003453207057	0.3568042026917468
869	33.22490835198697	-10455.479882256042	12.59862774402379	1.9660145488049443	1.8955402995464914	2.225006300858247	2.8062374468218154	0.9062832451889647	0.8221240111182417	0.4113699671703765	1.4589272058266007	0.33113003453207057	0.3568042026917468
870	33.22490835198697	-10455.479882256042	12.59862774402379	1.9660145488049443	1.8955402995464914	2.225006300858247	2.8062374468218154	0.9062832451889647	0.8221240111182417	0.4113699671703765	1.4589272058266007	0.33113003453207057	0.3568042026917468
871	33.22490835198697	-10455.479882256042	12.59862774402379	1.9660145488049443	1.8955402995464914	2.225006300858247	2.8062374468218154	0.9062832451889647	0.8221240111182417	0.4113699671703765	1.4589272058266007	0.33113003453207057	0.3568042026917468
872	33.22490835198697	-10455.479882256042	12.59862774402379	1.9660145488049443	1.8955402995464914	2.225006300858247	2.8062374468218154	0.9062832451889647	0.8221240111182417	0.4113699671703765	1.4589272058266007	0.33113003453207057	0.3568042026917468
873	35.310800647882026	-10435.171954560163	12.59862774402379	1.9660145488049443	1.8955402995464914	2.225006300858247	2.8062374468218154	0.9062832451889647	0.8221240111182417	0.4113699671703765	1.4589272058266007	0.33113003453207057	0.3568042026917468
874	35.417961933059985	-10435.171954560163	12.59862774402379	1.9660145488049443	1.8955402995464914	2.225006300858247	2.8062374468218154	0.9409362037264883	0.9533707285791979	0.3541922657509815	1.1685748532852318	0.3767042023926783	0.3568042026917468
875	35.40337493328374	-10434.903916076775	12.59862774402379	1.9660145488049443	1.8955402995464914	2.225006300858247	2.8062374468218154	0.9409362037264883	0.9533707285791979	0.3541922657509815	1.1685748532852318	0.3767042023926783	0.3568042026917468
876	35.40337493328374	-10434.903916076775	12.59862774402379	1.9660145488049443	1.8955402995464914	2.225006300858247	2.8062374468218154	0.9409362037264883	0.9533707285791979	0.3541922657509815	1.1685748532852318	0.3767042023926783	0.3568042026917468
877	35.40337493328374	-10434.903916076775	12.59862774402379	1.9660145488049443	1.8955402995464914	2.225006300858247	2.8062374468218154	0.9409362037264883	0.9533707285791979	0.3541922657509815	1.1685748532852318	0.3767042023926783	0.3568042026917468
878	35.40337493328374	-10435.029684745805	12.59862774402379	1.9660145488049443	1.8955402995464914	2.225006300858247	2.8062374468218154	0.9409362037264883	0.9533707285791979	0.3541922657509815	1.1685748532852318	0.3767042023926783	0.3568042026917468
879	35.40337493328374	-10425.15914990181	12.59862774402379	1.9660145488049443	1.8955402995464914	2.225006300858247	2.8062374468218154	0.9409362037264883	0.9533707285791979	0.3541922657509815	1.1685748532852318	0.3767042023926783	0.3568042026917468
880	35.40337493328374	-10425.15914990181	12.59862774402379	1.9660145488049443	1.8955402995464914	2.225006300858247	2.8062374468218154	0.9409362037264883	0.9533707285791979	0.3541922657509815	1.1685748532852318	0.3767042023926783	0.3568042026917468
881	35.40534661895008	-10423.197405949806	12.59862774402379	1.9660145488049443	1.8955402995464914	2.225006300858247	2.8062374468218154	0.9409362037264883	0.9533707285791979	0.3541922657509815	1.1685748532852318	0.3767042023926783	0.3568042026917468
882	35.40534661895008	-10423.197405949806	12.59862774402379	1.9660145488049443	1.8955402995464914	2.225006300858247	2.8062374468218154	0.9409362037264883	0.9533707285791979	0.3541922657509815	1.1685748532852318	0.3767042023926783	0.3568042026917468
883	35.40534661895008	-10423.197405949806	12.59862774402379	1.9660145488049443	1.8955402995464914	2.225006300858247	2.8062374468218154	0.9409362037264883	0.9533707285791979	0.3541922657509815	1.1685748532852318	0.3767042023926783	0.3568042026917468
884	35.40534661895008	-10423.197405949806	12.59862774402379	1.9660145488049443	1.8955402995464914	2.225006300858247	2.8062374468218154	0.9409362037264883	0.9533707285791979	0.3541922657509815	1.1685748532852318	0.3767042023926783	0.3568042026917468
885	35.40534661895008	-10423.197405949806	12.59862774402379	1.9660145488049443	1.8955402995464914	2.225006300858247	2.8062374468218154	0.9409362037264883	0.9533707285791979	0.3541922657509815	1.1685748532852318	0.3767042023926783	0.3568042026917468
886	35.40534661895008	-10423.197405949806	12.59862774402379	1.9660145488049443	1.8955402995464914	2.225006300858247	2.8062374468218154	0.9409362037264883	0.9533707285791979	0.3541922657509815	1.1685748532852318	0.3767042023926783	0.3568042026917468
887	35.40534661895008	-10423.197405949806	12.59862774402379	1.9660145488049443	1.8955402995464914	2.225006300858247	2.8062374468218154	0.9409362037264883	0.9533707285791979	0.3541922657509815	1.1685748532852318	0.3767042023926783	0.3568042026917468
888	35.40534661895008	-10423.197405949806	12.59862774402379	1.9660145488049443	1.8955402995464914	2.225006300858247	2.8062374468218154	0.9409362037264883	0.9533707285791979	0.3541922657509815	1.1685748532852318	0.3767042023926783	0.3568042026917468
889	35.40534661895008	-10423.197405949806	12.59862774402379	1.9660145488049443	1.8955402995464914	2.225006300858247	2.8062374468218154	0.9409362037264883	0.9533707285791979	0.3541922657509815	1.1685748532852318	0.3767042023926783	0.3568042026917468
890	35.40534661895008	-10423.071637280776	12.59862774402379	1.9660145488049443	1.8955402995464914	2.225006300858247	2.8062374468218154	0.9409362037264883	0.9533707285791979	0.3541922657509815	1.1685748532852318	0.3767042023926783	0.3568042026917468
891	35.40438084948347	-10422.822557940819	12.59862774402379	1.9660145488049443	1.8955402995464914	2.225006300858247	2.8062374468218154	0.9409362037264883	0.9533707285791979	0.3541922657509815	1.1685748532852318	0.3767042023926783	0.3568042026917468
892	35.40438084948347	-10422.822557940819	12.59862774402379	1.9660145488049443	1.8955402995464914	2.225006300858247	2.8062374468218154	0.9409362037264883	0.9533707285791979	0.3541922657509815	1.1685748532852318	0.3767042023926783	0.3568042026917468
893	35.40438084948347	-10422.822557940819	12.59862774402379	1.9660145488049443	1.8955402995464914	2.225006300858247	2.8062374468218154	0.9409362037264883	0.9533707285791979	0.3541922657509815	1.1685748532852318	0.3767042023926783	0.3568042026917468
894	35.40438084948347	-10422.822557940819	12.59862774402379	1.9660145488049443	1.8955402995464914	2.225006300858247	2.8062374468218154	0.9409362037264883	0.9533707285791979	0.3541922657509815	1.1685748532852318	0.3767042023926783	0.3568042026917468
895	35.40438084948347	-10422.644156986375	12.59862774402379	1.9660145488049443	1.8955402995464914	2.225006300858247	2.8062374468218154	0.9409362037264883	0.9533707285791979	0.3541922657509815	1.1685748532852318	0.3767042023926783	0.3568042026917468
896	35.40613565529823	-10422.714617343252	12.59862774402379	1.9660145488049443	1.8955402995464914	2.225006300858247	2.8062374468218154	0.9409362037264883	0.9533707285791979	0.3541922657509815	1.1685748532852318	0.3767042023926783	0.3568042026917468
897	35.40613565529823	-10422.714617343252	12.59862774402379	1.9660145488049443	1.8955402995464914	2.225006300858247	2.8062374468218154	0.9409362037264883	0.9533707285791979	0.3541922657509815	1.1685748532852318	0.3767042023926783	0.3568042026917468
898	35.235788669673596	-10416.899728288954	12.59862774402379	1.9660145488049443	1.8955402995464914	2.225006300858247	2.8062374468218154	0.9409362037264883	0.9533707285791979	0.3541922657509815	1.1685748532852318	0.3767042023926783	0.3568042026917468
899	35.235788669673596	-10416.899728288954	12.59862774402379	1.9660145488049443	1.8955402995464914	2.225006300858247	2.8062374468218154	0.9409362037264883	0.9533707285791979	0.3541922657509815	1.1685748532852318	0.3767042023926783	0.3568042026917468
900	34.911459157794624	-10416.899728288954	12.59862774402379	1.9660145488049443	1.8955402995464914	2.225006300858247	2.8062374468218154	0.9409362037264883	0.9533707285791979	0.3541922657509815	1.1685748532852318	0.3767042023926783	0.3839518379014396
901	34.911459157794624	-10416.127041929156	12.59862774402379	1.9660145488049443	1.8955402995464914	2.225006300858247	2.8062374468218154	0.9409362037264883	0.9533707285791979	0.3541922657509815	1.1685748532852318	0.3767042023926783	0.3839518379014396
902	34.911459157794624	-10416.127041929156	12.59862774402379	1.9660145488049443	1.8955402995464914	2.225006300858247	2.8062374468218154	0.9409362037264883	0.9533707285791979	0.3541922657509815	1.1685748532852318	0.3767042023926783	0.3839518379014396
903	34.911459157794624	-10416.127041929156	12.59862774402379	1.9660145488049443	1.8955402995464914	2.225006300858247	2.8062374468218154	0.9409362037264883	0.9533707285791979	0.3541922657509815	1.1685748532852318	0.3767042023926783	0.3839518379014396
904	34.911459157794624	-10416.127041929156	12.59862774402379	1.9660145488049443	1.8955402995464914	2.225006300858247	2.8062374468218154	0.9409362037264883	0.9533707285791979	0.3541922657509815	1.1685748532852318	0.3767042023926783	0.3839518379014396
905	34.911459157794624	-10416.127041929156	12.59862774402379	1.9660145488049443	1.8955402995464914	2.225006300858247	2.8062374468218154	0.9409362037264883	0.9533707285791979	0.3541922657509815	1.1685748532852318	0.3767042023926783	0.3839518379014396
906	34.911459157794624	-10416.127041929156	12.59862774402379	1.9660145488049443	1.8955402995464914	2.225006300858247	2.8062374468218154	0.9409362037264883	0.9533707285791979	0.3541922657509815	1.1685748532852318	0.3767042023926783	0.3839518379014396
907	35.05410633366826	-10416.127041929156	12.59862774402379	1.9660145488049443	1.8955402995464914	2.225006300858247	2.8062374468218154	1.13577897561524	0.9719165284355396	0.33505302952706195	0.8870200145526274	0.3495979897085111	0.3839518379014396
908	35.05410633366826	-10416.127041929156	12.59862774402379	1.9660145488049443	1.8955402995464914	2.225006300858247	2.8062374468218154	1.13577897561524	0.9719165284355396	0.33505302952706195	0.8870200145526274	0.3495979897085111	0.3839518379014396
909	35.05410633366826	-10416.127041929156	12.59862774402379	1.9660145488049443	1.8955402995464914	2.225006300858247	2.8062374468218154	1.13577897561524	0.9719165284355396	0.33505302952706195	0.8870200145526274	0.3495979897085111	0.3839518379014396
910	35.05410633366826	-10416.127041929156	12.59862774402379	1.9660145488049443	1.8955402995464914	2.225006300858247	2.8062374468218154	1.13577897561524	0.9719165284355396	0.33505302952706195	0.8870200145526274	0.3495979897085111	0.3839518379014396
911	35.05410633366826	-10416.127041929156	12.59862774402379	1.9660145488049443	1.8955402995464914	2.225006300858247	2.8062374468218154	1.13577897561524	0.9719165284355396	0.33505302952706195	0.8870200145526274	0.3495979897085111	0.3839518379014396
912	35.05410633366826	-10416.127041929156	12.59862774402379	1.9660145488049443	1.8955402995464914	2.225006300858247	2.8062374468218154	1.13577897561524	0.9719165284355396	0.33505302952706195	0.8870200145526274	0.3495979897085111	0.3839518379014396
913	35.05410633366826	-10416.127041929156	12.59862774402379	1.9660145488049443	1.8955402995464914	2.225006300858247	2.8062374468218154	1.13577897561524	0.9719165284355396	0.33505302952706195	0.8870200145526274	0.3495979897085111	0.3839518379014396
914	35.04244767535944	-10415.88502628059	12.59862774402379	1.9660145488049443	1.8955402995464914	2.225006300858247	2.8062374468218154	1.13577897561524	0.9719165284355396	0.33505302952706195	0.8870200145526274	0.3495979897085111	0.3839518379014396
915	35.04244767535944	-10415.88502628059	12.59862774402379	1.9660145488049443	1.8955402995464914	2.225006300858247	2.8062374468218154	1.13577897561524	0.9719165284355396	0.33505302952706195	0.8870200145526274	0.3495979897085111	0.3839518379014396
916	36.93118694277304	-10414.031170464199	12.59862774402379	1.9660145488049443	1.8955402995464914	2.225006300858247	2.8062374468218154	1.13577897561524	0.9719165284355396	0.33505302952706195	0.8870200145526274	0.3495979897085111	0.3839518379014396
917	36.93118694277304	-10414.031170464199	12.59862774402379	1.9660145488049443	1.8955402995464914	2.225006300858247	2.8062374468218154	1.13577897561524	0.9719165284355396	0.33505302952706195	0.8870200145526274	0.3495979897085111	0.3839518379014396
918	36.93118694277304	-10414.031170464199	12.59862774402379	1.9660145488049443	1.8955402995464914	2.225006300858247	2.8062374468218154	1.13577897561524	0.9719165284355396	0.33505302952706195	0.8870200145526274	0.3495979897085111	0.3839518379014396
919	36.933050240696915	-10415.148477880724	12.59862774402379	1.9660145488049443	1.8955402995464914	2.225006300858247	2.8062374468218154	1.13577897561524	0.9719165284355396	0.33505302952706195	0.8870200145526274	0.3495979897085111	0.3839518379014396
920	36.933050240696915	-10415.148477880724	12.59862774402379	1.9660145488049443	1.8955402995464914	2.225006300858247	2.8062374468218154	1.13577897561524	0.9719165284355396	0.33505302952706195	0.8870200145526274	0.3495979897085111	0.3839518379014396
921	36.933050240696915	-10415.148477880724	12.59862774402379	1.9660145488049443	1.8955402995464914	2.225006300858247	2.8062374468218154	1.13577897561524	0.9719165284355396	0.33505302952706195	0.8870200145526274	0.3495979897085111	0.3839518379014396
922	36.933050240696915	-10415.719264586583	12.59862774402379	1.9660145488049443	1.8955402995464914	2.225006300858247	2.8062374468218154	1.13577897561524	0.9719165284355396	0.33505302952706195	0.8870200145526274	0.3495979897085111	0.3839518379014396
923	36.933050240696915	-10415.719264586583	12.59862774402379	1.9660145488049443	1.8955402995464914	2.225006300858247	2.8062374468218154	1.13577897561524	0.9719165284355396	0.33505302952706195	0.8870200145526274	0.3495979897085111	0.3839518379014396
924	36.933050240696915	-10415.719264586583	12.59862774402379	1.9660145488049443	1.8955402995464914	2.225006300858247	2.8062374468218154	1.13577897561524	0.9719165284355396	0.33505302952706195	0.8870200145526274	0.3495979897085111	0.3839518379014396
925	36.933050240696915	-10415.719264586583	12.59862774402379	1.9660145488049443	1.8955402995464914	2.225006300858247	2.8062374468218154	1.13577897561524	0.9719165284355396	0.33505302952706195	0.8870200145526274	0.3495979897085111	0.3839518379014396
926	36.933050240696915	-10411.5511867032	12.59862774402379	1.9660145488049443	1.8955402995464914	2.225006300858247	2.8062374468218154	1.13577897561524	0.9719165284355396	0.33505302952706195	0.8870200145526274	0.3495979897085111	0.3839518379014396
927	41.49282613338703	-10411.5511867032	13.435832154879149	2.179331531890435	2.106537733652058	2.4436525040448944	2.5893748675358363	1.13577897561524	0.9719165284355396	0.33505302952706195	0.8870200145526274	0.3495979897085111	0.3839518379014396
928	41.49282613338703	-10411.5511867032	13.435832154879149	2.179331531890435	2.106537733652058	2.4436525040448944	2.5893748675358363	1.13577897561524	0.9719165284355396	0.33505302952706195	0.8870200145526274	0.3495979897085111	0.3839518379014396
929	41.49282613338703	-10411.5511867032	13.435832154879149	2.179331531890435	2.106537733652058	2.4436525040448944	2.5893748675358363	1.13577897561524	0.9719165284355396	0.33505302952706195	0.8870200145526274	0.3495979897085111	0.3839518379014396
930	41.49282613338703	-10405.444433070285	13.435832154879149	2.179331531890435	2.106537733652058	2.4436525040448944	2.5893748675358363	1.13577897561524	0.9719165284355396	0.33505302952706195	0.8870200145526274	0.3495979897085111	0.3839518379014396
931	41.49282613338703	-10405.444433070285	13.435832154879149	2.179331531890435	2.106537733652058	2.4436525040448944	2.5893748675358363	1.13577897561524	0.9719165284355396	0.33505302952706195	0.8870200145526274	0.3495979897085111	0.3839518379014396
932	41.49282613338703	-10405.444433070285	13.435832154879149	2.179331531890435	2.106537733652058	2.4436525040448944	2.5893748675358363	1.13577897561524	0.9719165284355396	0.33505302952706195	0.8870200145526274	0.3495979897085111	0.3839518379014396
933	41.49282613338703	-10405.444433070285	13.435832154879149	2.179331531890435	2.106537733652058	2.4436525040448944	2.5893748675358363	1.13577897561524	0.9719165284355396	0.33505302952706195	0.8870200145526274	0.3495979897085111	0.3839518379014396
934	41.49282613338703	-10405.444433070285	13.435832154879149	2.179331531890435	2.106537733652058	2.4436525040448944	2.5893748675358363	1.13577897561524	0.9719165284355396	0.33505302952706195	0.8870200145526274	0.3495979897085111	0.3839518379014396
935	41.3426076567556	-10405.444433070285	13.435832154879149	2.179331531890435	2.106537733652058	2.4436525040448944	2.5893748675358363	1.4523093262319036	0.9184876654143204	0.4080328513242086	1.0547662705994874	0.3460108971792131	0.3839518379014396
936	41.3426076567556	-10403.18430612682	13.435832154879149	2.179331531890435	2.106537733652058	2.4436525040448944	2.5893748675358363	1.4523093262319036	0.9184876654143204	0.4080328513242086	1.0547662705994874	0.3460108971792131	0.3839518379014396
937	41.3426076567556	-10403.18430612682	13.435832154879149	2.179331531890435	2.106537733652058	2.4436525040448944	2.5893748675358363	1.4523093262319036	0.9184876654143204	0.4080328513242086	1.0547662705994874	0.3460108971792131	0.3839518379014396
938	41.3426076567556	-10403.18430612682	13.435832154879149	2.179331531890435	2.106537733652058	2.4436525040448944	2.5893748675358363	1.4523093262319036	0.9184876654143204	0.4080328513242086	1.0547662705994874	0.3460108971792131	0.3839518379014396
939	41.3426076567556	-10403.18430612682	13.435832154879149	2.179331531890435	2.106537733652058	2.4436525040448944	2.5893748675358363	1.4523093262319036	0.9184876654143204	0.4080328513242086	1.0547662705994874	0.3460108971792131	0.3839518379014396
940	41.34776475737677	-10403.12271463627	13.435832154879149	2.179331531890435	2.106537733652058	2.4436525040448944	2.5893748675358363	1.4523093262319036	0.9184876654143204	0.4080328513242086	1.0547662705994874	0.3460108971792131	0.3839518379014396
941	41.34776475737677	-10403.12271463627	13.435832154879149	2.179331531890435	2.106537733652058	2.4436525040448944	2.5893748675358363	1.4523093262319036	0.9184876654143204	0.4080328513242086	1.0547662705994874	0.3460108971792131	0.3839518379014396
942	41.34776475737677	-10403.12271463627	13.435832154879149	2.179331531890435	2.106537733652058	2.4436525040448944	2.5893748675358363	1.4523093262319036	0.9184876654143204	0.4080328513242086	1.0547662705994874	0.3460108971792131	0.3839518379014396
943	41.34776475737677	-10403.12271463627	13.435832154879149	2.179331531890435	2.106537733652058	2.4436525040448944	2.5893748675358363	1.4523093262319036	0.9184876654143204	0.4080328513242086	1.0547662705994874	0.3460108971792131	0.3839518379014396
944	43.430911087993316	-10394.049820909724	13.435832154879149	2.179331531890435	2.106537733652058	2.4436525040448944	2.5893748675358363	1.4523093262319036	0.9184876654143204	0.4080328513242086	1.0547662705994874	0.3460108971792131	0.3839518379014396
945	43.430911087993316	-10395.125744223516	13.435832154879149	2.179331531890435	2.106537733652058	2.4436525040448944	2.5893748675358363	1.4523093262319036	0.9184876654143204	0.4080328513242086	1.0547662705994874	0.3460108971792131	0.3839518379014396
946	43.547234672710466	-10355.456949694551	13.435832154879149	2.179331531890435	2.106537733652058	2.4436525040448944	2.5893748675358363	1.4523093262319036	0.9184876654143204	0.4080328513242086	1.0547662705994874	0.3460108971792131	0.3839518379014396
947	43.548073784817525	-10354.340352726429	13.435832154879149	2.179331531890435	2.106537733652058	2.4436525040448944	2.5893748675358363	1.4523093262319036	0.9184876654143204	0.4080328513242086	1.0547662705994874	0.3460108971792131	0.3839518379014396
948	43.548073784817525	-10354.340352726429	13.435832154879149	2.179331531890435	2.106537733652058	2.4436525040448944	2.5893748675358363	1.4523093262319036	0.9184876654143204	0.4080328513242086	1.0547662705994874	0.3460108971792131	0.3839518379014396
949	43.548073784817525	-10308.319947782811	13.435832154879149	2.179331531890435	2.106537733652058	2.4436525040448944	2.5893748675358363	1.4523093262319036	0.9184876654143204	0.4080328513242086	1.0547662705994874	0.3460108971792131	0.3839518379014396
950	43.548073784817525	-10308.319947782811	13.435832154879149	2.179331531890435	2.106537733652058	2.4436525040448944	2.5893748675358363	1.4523093262319036	0.9184876654143204	0.4080328513242086	1.0547662705994874	0.3460108971792131	0.3839518379014396
951	43.605940557575664	-10308.319947782811	13.435832154879149	2.179331531890435	2.106537733652058	2.4436525040448944	2.5893748675358363	1.3340851305237205	1.0103087560647932	0.4379875011409297	0.9652600879747862	0.28255324728384024	0.3839518379014396
952	43.605940557575664	-10308.319947782811	13.435832154879149	2.179331531890435	2.106537733652058	2.4436525040448944	2.5893748675358363	1.3340851305237205	1.0103087560647932	0.4379875011409297	0.9652600879747862	0.28255324728384024	0.3839518379014396
953	43.605940557575664	-10308.319947782811	13.435832154879149	2.179331531890435	2.106537733652058	2.4436525040448944	2.5893748675358363	1.3340851305237205	1.0103087560647932	0.4379875011409297	0.9652600879747862	0.28255324728384024	0.3839518379014396
954	43.605940557575664	-10308.319947782811	13.435832154879149	2.179331531890435	2.106537733652058	2.4436525040448944	2.5893748675358363	1.3340851305237205	1.0103087560647932	0.4379875011409297	0.9652600879747862	0.28255324728384024	0.3839518379014396
955	43.605940557575664	-10308.319947782811	13.435832154879149	2.179331531890435	2.106537733652058	2.4436525040448944	2.5893748675358363	1.3340851305237205	1.0103087560647932	0.4379875011409297	0.9652600879747862	0.28255324728384024	0.3839518379014396
956	41.69351647534813	-10305.494807022596	13.435832154879149	2.179331531890435	2.106537733652058	2.4436525040448944	2.5893748675358363	1.3340851305237205	1.0103087560647932	0.4379875011409297	0.9652600879747862	0.28255324728384024	0.3839518379014396
957	41.5601956787613	-10294.954937046745	13.435832154879149	2.179331531890435	2.106537733652058	2.4436525040448944	2.5893748675358363	1.3340851305237205	1.0103087560647932	0.4379875011409297	0.9652600879747862	0.28255324728384024	0.3839518379014396
958	41.5601956787613	-10287.742072891124	13.435832154879149	2.179331531890435	2.106537733652058	2.4436525040448944	2.5893748675358363	1.3340851305237205	1.0103087560647932	0.4379875011409297	0.9652600879747862	0.28255324728384024	0.3839518379014396
959	41.5601956787613	-10287.742072891124	13.435832154879149	2.179331531890435	2.106537733652058	2.4436525040448944	2.5893748675358363	1.3340851305237205	1.0103087560647932	0.4379875011409297	0.9652600879747862	0.28255324728384024	0.3839518379014396
960	41.5601956787613	-10287.742072891124	13.435832154879149	2.179331531890435	2.106537733652058	2.4436525040448944	2.5893748675358363	1.3340851305237205	1.0103087560647932	0.4379875011409297	0.9652600879747862	0.28255324728384024	0.3839518379014396
961	41.5601956787613	-10289.707212344794	13.435832154879149	2.179331531890435	2.106537733652058	2.4436525040448944	2.5893748675358363	1.3340851305237205	1.0103087560647932	0.4379875011409297	0.9652600879747862	0.28255324728384024	0.3839518379014396
962	42.187455305470436	-10289.707212344794	13.435832154879149	2.179331531890435	2.106537733652058	2.4436525040448944	2.5893748675358363	1.3340851305237205	1.0103087560647932	0.4379875011409297	0.9652600879747862	0.28255324728384024	0.3333886159196912
963	42.187455305470436	-10289.707212344794	13.435832154879149	2.179331531890435	2.106537733652058	2.4436525040448944	2.5893748675358363	1.3340851305237205	1.0103087560647932	0.4379875011409297	0.9652600879747862	0.28255324728384024	0.3333886159196912
964	42.187455305470436	-10289.707212344794	13.435832154879149	2.179331531890435	2.106537733652058	2.4436525040448944	2.5893748675358363	1.3340851305237205	1.0103087560647932	0.4379875011409297	0.9652600879747862	0.28255324728384024	0.3333886159196912
965	42.187455305470436	-10289.707212344794	13.435832154879149	2.179331531890435	2.106537733652058	2.4436525040448944	2.5893748675358363	1.3340851305237205	1.0103087560647932	0.4379875011409297	0.9652600879747862	0.28255324728384024	0.3333886159196912
966	42.187455305470436	-10289.7837477848	13.435832154879149	2.179331531890435	2.106537733652058	2.4436525040448944	2.5893748675358363	1.3340851305237205	1.0103087560647932	0.4379875011409297	0.9652600879747862	0.28255324728384024	0.3333886159196912
967	42.187455305470436	-10289.7837477848	13.435832154879149	2.179331531890435	2.106537733652058	2.4436525040448944	2.5893748675358363	1.3340851305237205	1.0103087560647932	0.4379875011409297	0.9652600879747862	0.28255324728384024	0.3333886159196912
968	42.187455305470436	-10289.7837477848	13.435832154879149	2.179331531890435	2.106537733652058	2.4436525040448944	2.5893748675358363	1.3340851305237205	1.0103087560647932	0.4379875011409297	0.9652600879747862	0.28255324728384024	0.3333886159196912
969	42.187455305470436	-10289.7837477848	13.435832154879149	2.179331531890435	2.106537733652058	2.4436525040448944	2.5893748675358363	1.3340851305237205	1.0103087560647932	0.4379875011409297	0.9652600879747862	0.28255324728384024	0.3333886159196912
970	42.187455305470436	-10289.7837477848	13.435832154879149	2.179331531890435	2.106537733652058	2.4436525040448944	2.5893748675358363	1.3340851305237205	1.0103087560647932	0.4379875011409297	0.9652600879747862	0.28255324728384024	0.3333886159196912
971	42.187455305470436	-10289.7837477848	13.435832154879149	2.179331531890435	2.106537733652058	2.4436525040448944	2.5893748675358363	1.3340851305237205	1.0103087560647932	0.4379875011409297	0.9652600879747862	0.28255324728384024	0.3333886159196912
972	42.187455305470436	-10290.893987333026	13.435832154879149	2.179331531890435	2.106537733652058	2.4436525040448944	2.5893748675358363	1.3340851305237205	1.0103087560647932	0.4379875011409297	0.9652600879747862	0.28255324728384024	0.3333886159196912
973	42.187455305470436	-10290.893987333026	13.435832154879149	2.179331531890435	2.106537733652058	2.4436525040448944	2.5893748675358363	1.3340851305237205	1.0103087560647932	0.4379875011409297	0.9652600879747862	0.28255324728384024	0.3333886159196912
974	42.187455305470436	-10290.893987333026	13.435832154879149	2.179331531890435	2.106537733652058	2.4436525040448944	2.5893748675358363	1.3340851305237205	1.0103087560647932	0.4379875011409297	0.9652600879747862	0.28255324728384024	0.3333886159196912
975	42.187455305470436	-10290.893987333026	13.435832154879149	2.179331531890435	2.106537733652058	2.4436525040448944	2.5893748675358363	1.3340851305237205	1.0103087560647932	0.4379875011409297	0.9652600879747862	0.28255324728384024	0.3333886159196912
976	42.187455305470436	-10290.893987333026	13.435832154879149	2.179331531890435	2.106537733652058	2.4436525040448944	2.5893748675358363	1.3340851305237205	1.0103087560647932	0.4379875011409297	0.9652600879747862	0.28255324728384024	0.3333886159196912
977	42.187455305470436	-10289.712431949098	13.435832154879149	2.179331531890435	2.106537733652058	2.4436525040448944	2.5893748675358363	1.3340851305237205	1.0103087560647932	0.4379875011409297	0.9652600879747862	0.28255324728384024	0.3333886159196912
978	42.187455305470436	-10289.712431949098	13.435832154879149	2.179331531890435	2.106537733652058	2.4436525040448944	2.5893748675358363	1.3340851305237205	1.0103087560647932	0.4379875011409297	0.9652600879747862	0.28255324728384024	0.3333886159196912
979	42.187455305470436	-10288.960716041847	13.435832154879149	2.179331531890435	2.106537733652058	2.4436525040448944	2.5893748675358363	1.3340851305237205	1.0103087560647932	0.4379875011409297	0.9652600879747862	0.28255324728384024	0.3333886159196912
980	42.187455305470436	-10287.953174935283	13.435832154879149	2.179331531890435	2.106537733652058	2.4436525040448944	2.5893748675358363	1.3340851305237205	1.0103087560647932	0.4379875011409297	0.9652600879747862	0.28255324728384024	0.3333886159196912
981	42.187455305470436	-10287.953174935283	13.435832154879149	2.179331531890435	2.106537733652058	2.4436525040448944	2.5893748675358363	1.3340851305237205	1.0103087560647932	0.4379875011409297	0.9652600879747862	0.28255324728384024	0.3333886159196912
982	42.187455305470436	-10287.953174935283	13.435832154879149	2.179331531890435	2.106537733652058	2.4436525040448944	2.5893748675358363	1.3340851305237205	1.0103087560647932	0.4379875011409297	0.9652600879747862	0.28255324728384024	0.3333886159196912
983	42.187455305470436	-10287.953174935283	13.435832154879149	2.179331531890435	2.106537733652058	2.4436525040448944	2.5893748675358363	1.3340851305237205	1.0103087560647932	0.4379875011409297	0.9652600879747862	0.28255324728384024	0.3333886159196912
984	42.187455305470436	-10287.953174935283	13.435832154879149	2.179331531890435	2.106537733652058	2.4436525040448944	2.5893748675358363	1.3340851305237205	1.0103087560647932	0.4379875011409297	0.9652600879747862	0.28255324728384024	0.3333886159196912
985	42.187455305470436	-10287.953174935283	13.435832154879149	2.179331531890435	2.106537733652058	2.4436525040448944	2.5893748675358363	1.3340851305237205	1.0103087560647932	0.4379875011409297	0.9652600879747862	0.28255324728384024	0.3333886159196912
986	42.187455305470436	-10271.18193915641	13.435832154879149	2.179331531890435	2.106537733652058	2.4436525040448944	2.5893748675358363	1.3340851305237205	1.0103087560647932	0.4379875011409297	0.9652600879747862	0.28255324728384024	0.3333886159196912
987	42.187455305470436	-10271.18193915641	13.435832154879149	2.179331531890435	2.106537733652058	2.4436525040448944	2.5893748675358363	1.3340851305237205	1.0103087560647932	0.4379875011409297	0.9652600879747862	0.28255324728384024	0.3333886159196912
988	42.187455305470436	-10271.18193915641	13.435832154879149	2.179331531890435	2.106537733652058	2.4436525040448944	2.5893748675358363	1.3340851305237205	1.0103087560647932	0.4379875011409297	0.9652600879747862	0.28255324728384024	0.3333886159196912
989	42.187455305470436	-10271.297977272834	13.435832154879149	2.179331531890435	2.106537733652058	2.4436525040448944	2.5893748675358363	1.3340851305237205	1.0103087560647932	0.4379875011409297	0.9652600879747862	0.28255324728384024	0.3333886159196912
990	42.187455305470436	-10271.297977272834	13.435832154879149	2.179331531890435	2.106537733652058	2.4436525040448944	2.5893748675358363	1.3340851305237205	1.0103087560647932	0.4379875011409297	0.9652600879747862	0.28255324728384024	0.3333886159196912
991	42.187455305470436	-10271.297977272834	13.435832154879149	2.179331531890435	2.106537733652058	2.4436525040448944	2.5893748675358363	1.3340851305237205	1.0103087560647932	0.4379875011409297	0.9652600879747862	0.28255324728384024	0.3333886159196912
992	42.187455305470436	-10271.297977272834	13.435832154879149	2.179331531890435	2.106537733652058	2.4436525040448944	2.5893748675358363	1.3340851305237205	1.0103087560647932	0.4379875011409297	0.9652600879747862	0.28255324728384024	0.3333886159196912
993	42.02889412069395	-10262.061691867268	13.435832154879149	2.179331531890435	2.106537733652058	2.4436525040448944	2.5893748675358363	1.3340851305237205	1.0103087560647932	0.4379875011409297	0.9652600879747862	0.28255324728384024	0.3333886159196912
994	42.02889412069395	-10262.061691867268	13.435832154879149	2.179331531890435	2.106537733652058	2.4436525040448944	2.5893748675358363	1.3340851305237205	1.0103087560647932	0.4379875011409297	0.9652600879747862	0.28255324728384024	0.3333886159196912
995	42.02889412069395	-10262.061691867268	13.435832154879149	2.179331531890435	2.106537733652058	2.4436525040448944	2.5893748675358363	1.3340851305237205	1.0103087560647932	0.4379875011409297	0.9652600879747862	0.28255324728384024	0.3333886159196912
996	42.02889412069395	-10262.061691867268	13.435832154879149	2.179331531890435	2.106537733652058	2.4436525040448944	2.5893748675358363	1.3340851305237205	1.0103087560647932	0.4379875011409297	0.9652600879747862	0.28255324728384024	0.3333886159196912
997	41.80080089178351	-10246.94023037001	13.435832154879149	2.179331531890435	2.106537733652058	2.4436525040448944	2.5893748675358363	1.3340851305237205	1.0103087560647932	0.4379875011409297	0.9652600879747862	0.28255324728384024	0.3333886159196912
998	41.80080089178351	-10246.54956895635	13.435832154879149	2.179331531890435	2.106537733652058	2.4436525040448944	2.5893748675358363	1.3340851305237205	1.0103087560647932	0.4379875011409297	0.9652600879747862	0.28255324728384024	0.3333886159196912
999	41.80080089178351	-10246.54956895635	13.435832154879149	2.179331531890435	2.106537733652058	2.4436525040448944	2.5893748675358363	1.3340851305237205	1.0103087560647932	0.4379875011409297	0.9652600879747862	0.28255324728384024	0.3333886159196912
